"v18_839","0","LawFirm Organisation Company"
"v18_665","0","Canal BodyOfWater Stream Place Location NaturalPlace"
"v18_665","1","Person"
"v15_715","0","Canal BodyOfWater Stream Place Location NaturalPlace"
"v15_715","1","Person"
"v16_557","0","Artist Person ClassicalMusicArtist MusicalArtist"
"v16_557","1","Work TelevisionShow"
"v18_281","0","MotorsportRacer Person Athlete RacingDriver FormulaOneRacer"
"v18_39","0","Colour"
"v18_84","0","Person Cricketer Athlete"
"v18_84","1","PopulatedPlace Place Country Location"
"v18_283","0","MotorsportRacer Person Athlete RacingDriver FormulaOneRacer"
"v16_1","0","Person Cleric"
"v16_1","1","Person"
"v15_42","0","Colour"
"v18_824","0","Judge Person"
"v18_824","1","Person"
"v18_824","2","OfficeHolder Person"
"v16_64","0","Colour"
"v17_558","0","Device AutomobileEngine Engine"
"v17_62","0","Colour"
"v17_64","0","Colour"
"v15_95","0","DartsPlayer Athlete Person"
"v15_95","1","City PopulatedPlace Place Settlement Location"
"v15_95","2","PopulatedPlace Place Country Location"
"v16_53","0","Colour"
"v15_77","0","Person Cricketer Athlete"
"v15_77","1","PopulatedPlace Place Country Location"
"v15_77","2","PopulatedPlace Place Country Location"
"v17_446","0","GridironFootballPlayer Athlete AmericanFootballPlayer Person"
"v15_534","0","Person"
"v15_534","1","Person"
"v15_534","2","PopulatedPlace Place Country Location"
"v15_534","3","Person"
"v18_453","0","Ambassador Person"
"v18_453","1","AdministrativeRegion Region PopulatedPlace Place Location"
"v15_713","0","BusinessPerson Person"
"v15_713","1","City PopulatedPlace Place Settlement Location"
"v16_876","0","Judge Person"
"v16_876","1","OfficeHolder Person"
"v16_876","2","OfficeHolder Person"
"v16_876","3","AdministrativeRegion Region PopulatedPlace Place Location"
"v15_3","0","Person"
"v15_3","1","Person"
"v16_110","0","Person Cricketer Athlete"
"v16_198","0","AnatomicalStructure Embryology"
"v16_198","1","AnatomicalStructure Embryology"
"v17_459","0","GridironFootballPlayer Athlete AmericanFootballPlayer Person"
"v15_39","0","Colour"
"v15_542","0","BaseballPlayer Person Athlete"
"v15_542","1","BaseballTeam SportsTeam Organisation"
"v15_237","0","Politician Person Governor"
"v15_237","1","Person"
"v15_237","2","Person MilitaryPerson"
"v17_59","0","Colour"
"v18_772","0","Building ArchitecturalStructure Place Location"
"v16_60","0","Colour"
"v17_139","0","DartsPlayer Athlete Person"
"v17_139","1","City PopulatedPlace Place Settlement Location"
"v17_139","2","PopulatedPlace Place Country Location"
"v15_43","0","Colour"
"v16_200","0","AnatomicalStructure Embryology"
"v18_132","0","DartsPlayer Athlete Person"
"v18_132","1","City PopulatedPlace Place Settlement Location"
"v18_132","2","PopulatedPlace Place Country Location"
"v16_199","0","AnatomicalStructure Embryology"
"v18_201","0","Person FictionalCharacter"
"v18_201","1","Person FictionalCharacter"
"v18_201","2","Person FictionalCharacter"
"v18_201","3","Person FictionalCharacter"
"v16_272","0","Work Film Wikidata:Q11424"
"v16_272","1","Person"
"v16_272","2","Person"
"v15_494","0","Species Animal RaceHorse Eukaryote Mammal Horse"
"v15_494","1","Species Animal RaceHorse Eukaryote Mammal Horse"
"v15_494","2","Species Animal RaceHorse Eukaryote Mammal Horse"
"v18_700","0","Chef Person"
"v15_879","0","Aircraft Automobile MeanOfTransportation MilitaryVehicle Locomotive Ship"
"v17_867","0","Building ArchitecturalStructure Place Location"
"v16_222","0","Person FictionalCharacter"
"v16_222","1","Person FictionalCharacter"
"v16_58","0","Colour"
"v18_193","0","Artist Person FashionDesigner"
"v18_369","0","Person Athlete"
"v18_369","1","PopulatedPlace Place Settlement Location"
"v15_378","0","Work TelevisionShow"
"v15_378","1","Person"
"v15_378","2","Artist Person MusicalArtist"
"v17_927","0","Ligament AnatomicalStructure"
"v17_87","0","City PopulatedPlace Place Settlement Location"
"v17_87","1","OfficeHolder Person"
"v17_893","0","Person Journalist"
"v17_893","1","PopulatedPlace Place Settlement Location"
"v17_893","2","PopulatedPlace Place Settlement Location"
"v16_657","0","Biomolecule Protein"
"v17_891","0","Person Journalist"
"v17_891","1","College EducationalInstitution University Organisation"
"v15_570","0","Organisation Bank Company"
"v16_203","0","Person Engineer"
"v16_203","1","EthnicGroup"
"v16_203","2","PopulatedPlace Place Settlement Location"
"v16_51","0","Person CollegeCoach Coach"
"v16_965","0","Politician Person MemberOfParliament"
"v16_965","1","PopulatedPlace Place Country Location"
"v16_965","2","Person"
"v16_965","3","Person"
"v18_178","0","AnatomicalStructure Embryology"
"v18_178","1","AnatomicalStructure Embryology"
"v17_620","0","Biomolecule Protein"
"v18_581","0","Device AutomobileEngine Engine"
"v16_61","0","Colour"
"v18_471","0","GridironFootballPlayer Athlete AmericanFootballPlayer Person"
"v15_551","0","Aircraft Automobile MeanOfTransportation MilitaryVehicle Locomotive Ship"
"v15_936","0","Politician Person MemberOfParliament"
"v15_936","1","OfficeHolder Person"
"v16_970","0","Politician Person MemberOfParliament"
"v16_970","1","Politician Person"
"v16_970","2","City PopulatedPlace Place Settlement Location"
"v15_1","0","ChristianBishop Cleric Person"
"v15_1","1","College EducationalInstitution University Organisation"
"v15_1","2","Politician Person"
"v15_1","3","PopulatedPlace Place Settlement Location"
"v15_1","4","City PopulatedPlace Place Settlement Location"
"v18_615","0","Biomolecule Protein"
"v15_937","0","Politician Person MemberOfParliament"
"v15_937","1","OfficeHolder Person"
"v18_677","0","Building ArchitecturalStructure Place Location"
"v18_677","1","AdministrativeRegion Region PopulatedPlace Place Location"
"v18_677","2","AdministrativeRegion Region PopulatedPlace Place Location"
"v18_677","3","AdministrativeRegion Region PopulatedPlace Place Location"
"v15_856","0","Ligament AnatomicalStructure"
"v16_335","0","Politician Person Governor"
"v16_335","1","Town PopulatedPlace Place Settlement Location"
"v16_335","2","Person"
"v16_335","3","Person MilitaryPerson"
"v18_636","0","AnatomicalStructure Brain"
"v16_715","0","AnatomicalStructure Brain"
"v18_465","0","GridironFootballPlayer Athlete AmericanFootballPlayer Person"
"v18_282","0","MotorsportRacer Person Athlete RacingDriver FormulaOneRacer"
"v16_871","0","Judge Person"
"v16_871","1","Judge Person"
"v17_950","0","Work WrittenWork PeriodicalLiterature Magazine"
"v17_950","1","Person"
"v18_858","0","Aircraft Automobile MeanOfTransportation MilitaryVehicle Locomotive Ship"
"v18_730","0","Building ArchitecturalStructure Place Location"
"v15_90","0","Person Athlete WinterSportPlayer Curler"
"v15_90","1","City PopulatedPlace Place Settlement Location"
"v18_87","0","Person Criminal"
"v18_87","1","Person Criminal"
"v18_87","2","PopulatedPlace Place Settlement Location"
"v15_150","0","Person FictionalCharacter"
"v15_150","1","Person FictionalCharacter"
"v15_150","2","Person FictionalCharacter"
"v15_150","3","PopulatedPlace Place Country Location"
"v16_94","0","Politician Person Congressman"
"v16_94","1","OfficeHolder Person"
"v16_94","2","OfficeHolder Person"
"v16_94","3","AdministrativeRegion Region PopulatedPlace Place Location"
"v15_576","0","Royalty Baronet Person BritishRoyalty"
"v17_569","0","Royalty Baronet Person BritishRoyalty"
"v16_125","0","SoccerPlayer Athlete Person"
"v16_125","1","Organisation SportsTeam SoccerClub"
"v16_125","2","City PopulatedPlace Place Settlement Location"
"v16_125","3","City PopulatedPlace Place Settlement Location"
"v16_652","0","Biomolecule Protein"
"v16_868","0","Person Journalist"
"v16_868","1","EthnicGroup"
"v16_868","2","City PopulatedPlace Place Settlement Location"
"v15_749","0","Building ArchitecturalStructure Place Location"
"v18_540","0","Building ArchitecturalStructure Place Location"
"v15_156","0","Person Athlete FigureSkater WinterSportPlayer"
"v15_156","1","City PopulatedPlace Place Settlement Location"
"v15_156","2","Person Athlete FigureSkater WinterSportPlayer"
"v15_156","3","City PopulatedPlace Place Settlement Location"
"v16_556","0","Building ArchitecturalStructure Place Location"
"v17_783","0","Building ArchitecturalStructure Place Location"
"v18_245","0","Work TelevisionEpisode"
"v18_245","1","Work TelevisionEpisode"
"v18_245","2","Artist Person MusicalArtist"
"v18_245","3","Person"
"v18_698","0","Building ArchitecturalStructure Place Location"
"v15_814","0","Person Athlete WinterSportPlayer IceHockeyPlayer"
"v17_173","0","AnatomicalStructure Embryology"
"v17_173","1","AnatomicalStructure Embryology"
"v17_177","0","Person Engineer"
"v17_177","1","Organisation PublicTransitSystem"
"v17_177","2","Person Engineer"
"v18_924","0","Aircraft Automobile MeanOfTransportation MilitaryVehicle Locomotive Ship"
"v17_339","0","Artist Person AdultActor Actor"
"v17_339","1","Artist Person MusicalArtist"
"v17_339","2","City PopulatedPlace Place Settlement Location"
"v17_696","0","AnatomicalStructure Brain"
"v15_938","0","Politician Person MemberOfParliament"
"v15_938","1","City PopulatedPlace Place Settlement Location"
"v15_938","2","City PopulatedPlace Place Settlement Location"
"v15_938","3","OfficeHolder Person"
"v17_697","0","AnatomicalStructure Brain"
"v16_732","0","Royalty Baronet Person BritishRoyalty"
"v15_721","0","Cardinal Person Cleric"
"v15_721","1","Royalty Person"
"v17_88","0","City PopulatedPlace Place Settlement Location"
"v17_88","1","OfficeHolder Person"
"v17_324","0","Person"
"v17_324","1","Person"
"v17_324","2","City PopulatedPlace Place Settlement Location"
"v17_324","3","Person"
"v18_273","0","MotorsportRacer Person Athlete RacingDriver FormulaOneRacer"
"v16_49","0","Person CollegeCoach Coach"
"v15_387","0","Work TelevisionShow"
"v15_387","1","Person"
"v15_387","2","Artist Person MusicalArtist"
"v15_727","0","Building ArchitecturalStructure Place Location"
"v15_727","1","AdministrativeRegion Region PopulatedPlace Place Location"
"v15_727","2","AdministrativeRegion Region PopulatedPlace Place Location"
"v15_727","3","AdministrativeRegion Region PopulatedPlace Place Location"
"v15_727","4","AdministrativeRegion Region PopulatedPlace Place Location"
"v17_841","0","Building ArchitecturalStructure Place Location"
"v17_841","1","Architect Person"
"v15_886","0","Work WrittenWork PeriodicalLiterature Magazine"
"v15_886","1","Organisation Company"
"v17_619","0","Biomolecule Protein"
"v16_920","0","Work WrittenWork PeriodicalLiterature Magazine"
"v16_920","1","Person"
"v15_30","0","College EducationalInstitution University Organisation"
"v15_30","1","Scientist Person"
"v15_875","0","Aircraft Automobile MeanOfTransportation MilitaryVehicle Locomotive Ship"
"v15_632","0","Biomolecule Protein"
"v17_614","0","BeautyQueen Person"
"v15_881","0","AnatomicalStructure Lymph"
"v15_881","1","AnatomicalStructure Lymph"
"v16_714","0","AnatomicalStructure Brain"
"v16_88","0","Artist Person ComicsCreator"
"v16_88","1","City PopulatedPlace Place Settlement Location"
"v16_88","2","PopulatedPlace Place Country Location"
"v16_88","3","City PopulatedPlace Place Settlement Location"
"v16_658","0","Biomolecule Protein"
"v18_901","0","Person MilitaryPerson"
"v18_901","1","Person MilitaryPerson"
"v16_464","0","Work TelevisionShow"
"v16_464","1","Work TelevisionShow"
"v16_464","2","Person"
"v17_862","0","Person HorseTrainer"
"v17_698","0","AnatomicalStructure Brain"
"v17_698","1","AnatomicalStructure Brain"
"v16_716","0","AnatomicalStructure Brain"
"v16_716","1","AnatomicalStructure Brain"
"v17_172","0","AnatomicalStructure Embryology"
"v17_895","0","Judge Person"
"v17_895","1","Person"
"v15_807","0","Building Hotel ArchitecturalStructure Place Location"
"v15_807","1","Architect Person"
"v15_485","0","AnatomicalStructure Artery"
"v15_485","1","AnatomicalStructure Embryology"
"v15_485","2","AnatomicalStructure Vein"
"v15_485","3","AnatomicalStructure Artery"
"v18_851","0","Ligament AnatomicalStructure"
"v15_155","0","Person Athlete FigureSkater WinterSportPlayer"
"v15_155","1","Person Athlete FigureSkater WinterSportPlayer"
"v15_155","2","Person Athlete FigureSkater WinterSportPlayer"
"v15_155","3","Person Athlete FigureSkater WinterSportPlayer"
"v18_789","0","Person HorseTrainer"
"v18_789","1","PopulatedPlace Place Country Location"
"v16_645","0","BeautyQueen Person"
"v16_645","1","City PopulatedPlace Place Settlement Location"
"v15_178","0","Work TelevisionShow"
"v15_178","1","Person"
"v15_178","2","Person"
"v17_487","0","AnatomicalStructure"
"v17_487","1","AnatomicalStructure Embryology"
"v17_487","2","AnatomicalStructure Artery"
"v16_135","0","Person Athlete WinterSportPlayer Curler"
"v16_135","1","City PopulatedPlace Place Settlement Location"
"v16_135","2","City PopulatedPlace Place Settlement Location"
"v17_76","0","Politician Person Congressman"
"v17_76","1","AdministrativeRegion Region PopulatedPlace Place Location"
"v17_76","2","OfficeHolder Person"
"v18_744","0","Building ArchitecturalStructure Place Location"
"v18_744","1","City PopulatedPlace Place Settlement Location"
"v18_744","2","Organisation Company"
"v17_693","0","Person Athlete Boxer"
"v17_693","1","PopulatedPlace Place Settlement Location"
"v17_693","2","City PopulatedPlace Place Settlement Location"
"v18_83","0","SoccerPlayer Athlete Person"
"v18_83","1","Organisation SportsTeam SoccerClub"
"v18_83","2","City PopulatedPlace Place Settlement Location"
"v18_83","3","City PopulatedPlace Place Settlement Location"
"v16_555","0","AnatomicalStructure Artery"
"v16_555","1","AnatomicalStructure"
"v15_162","0","Work TelevisionShow"
"v15_162","1","Person"
"v15_162","2","Person"
"v16_50","0","Person CollegeCoach Coach"
"v16_368","0","Artist Person AdultActor Actor"
"v16_368","1","EthnicGroup"
"v16_348","0","Event SocietalEvent GrandPrix PenaltyShootOut SportsEvent"
"v16_348","1","Organisation Company"
"v16_348","2","Person"
"v16_348","3","Organisation Company"
"v17_865","0","Person HorseTrainer"
"v18_712","0","Person Athlete HandballPlayer"
"v18_712","1","Organisation SportsTeam HandballTeam"
"v18_712","2","EthnicGroup"
"v17_109","0","Person Athlete WinterSportPlayer Curler"
"v17_109","1","City PopulatedPlace Place Settlement Location"
"v17_106","0","Person Athlete WinterSportPlayer Curler"
"v17_106","1","City PopulatedPlace Place Settlement Location"
"v17_106","2","PopulatedPlace Place Settlement Location"
"v16_156","0","Person Cyclist Athlete"
"v16_156","1","Organisation SportsTeam CyclingTeam"
"v16_511","0","AnatomicalStructure"
"v16_511","1","AnatomicalStructure Vein"
"v16_511","2","AnatomicalStructure Nerve"
"v18_897","0","OfficeHolder Person"
"v18_897","1","Organisation MilitaryUnit"
"v18_897","2","OfficeHolder Person"
"v17_949","0","AnatomicalStructure Lymph"
"v17_949","1","AnatomicalStructure Lymph"
"v15_630","0","BeautyQueen Person"
"v15_630","1","PopulatedPlace Place Country Location"
"v18_459","0","GridironFootballPlayer Athlete AmericanFootballPlayer Person"
"v18_496","0","AnatomicalStructure Artery"
"v18_496","1","AnatomicalStructure Artery"
"v18_496","2","AnatomicalStructure Vein"
"v18_782","0","Species Animal RaceHorse Eukaryote Mammal Horse"
"v18_782","1","Species Animal RaceHorse Eukaryote Mammal Horse"
"v18_782","2","Species Animal RaceHorse Eukaryote Mammal Horse"
"v18_782","3","Species Animal RaceHorse Eukaryote Mammal Horse"
"v18_782","4","Person"
"v17_490","0","AnatomicalStructure Artery"
"v17_490","1","AnatomicalStructure Vein"
"v15_565","0","Device AutomobileEngine Engine"
"v16_515","0","Species Animal RaceHorse Eukaryote Mammal Horse"
"v16_515","1","Species Animal RaceHorse Eukaryote Mammal Horse"
"v16_515","2","Species Animal RaceHorse Eukaryote Mammal Horse"
"v16_515","3","Person"
"v16_57","0","Colour"
"v16_126","0","Person Criminal"
"v15_450","0","GridironFootballPlayer Athlete AmericanFootballPlayer Person"
"v15_450","1","Organisation SportsTeam AmericanFootballTeam"
"v18_99","0","Person Athlete WinterSportPlayer Curler"
"v18_99","1","AdministrativeRegion Region PopulatedPlace Place Location"
"v18_99","2","City PopulatedPlace Place Settlement Location"
"v17_536","0","AnatomicalStructure Artery"
"v17_536","1","AnatomicalStructure"
"v18_903","0","OfficeHolder Person"
"v18_41","0","Comedian Artist Person"
"v18_41","1","Person"
"v18_41","2","City PopulatedPlace Place Settlement Location"
"v18_41","3","AdministrativeRegion Region PopulatedPlace Place Location"
"v18_822","0","Person Journalist"
"v18_822","1","AdministrativeRegion Region PopulatedPlace Place Location"
"v16_209","0","Person Engineer"
"v16_209","1","EducationalInstitution Organisation School"
"v16_209","2","Person Engineer"
"v18_787","0","Person HorseTrainer"
"v18_787","1","City PopulatedPlace Place Settlement Location"
"v17_543","0","Person"
"v17_543","1","PopulatedPlace Place Settlement Location"
"v17_276","0","Event SocietalEvent GrandPrix PenaltyShootOut SportsEvent"
"v17_276","1","Organisation Company"
"v17_276","2","Person"
"v17_276","3","PopulatedPlace Place Country Location"
"v17_276","4","Organisation Company"
"v18_278","0","MotorsportRacer Person Athlete RacingDriver FormulaOneRacer"
"v18_937","0","Person Model"
"v15_482","0","AnatomicalStructure Artery"
"v15_482","1","AnatomicalStructure Artery"
"v18_179","0","AnatomicalStructure Embryology"
"v16_953","0","Person Athlete MartialArtist"
"v16_953","1","City PopulatedPlace Place Settlement Location"
"v16_953","2","Person Athlete MartialArtist"
"v18_463","0","GridironFootballPlayer Athlete AmericanFootballPlayer Person"
"v15_577","0","Royalty Baronet Person BritishRoyalty"
"v16_559","0","Person"
"v16_559","1","City PopulatedPlace Place Settlement Location"
"v16_559","2","City PopulatedPlace Place Settlement Location"
"v16_559","3","Person"
"v18_86","0","Person Criminal"
"v15_686","0","AnatomicalStructure Brain"
"v15_686","1","AnatomicalStructure Artery"
"v15_728","0","Building ArchitecturalStructure Place Location"
"v15_728","1","AdministrativeRegion Region PopulatedPlace Place Location"
"v15_728","2","AdministrativeRegion Region PopulatedPlace Place Location"
"v15_728","3","AdministrativeRegion Region PopulatedPlace Place Location"
"v15_728","4","AdministrativeRegion Region PopulatedPlace Place Location"
"v17_570","0","Royalty Baronet Person BritishRoyalty"
"v18_131","0","Person Cyclist Athlete"
"v18_131","1","Organisation SportsTeam CyclingTeam"
"v15_701","0","Royalty Baronet Person BritishRoyalty"
"v16_208","0","Person Engineer"
"v16_208","1","PopulatedPlace Place Country Location"
"v16_208","2","PopulatedPlace Place Settlement Location"
"v18_292","0","Person GaelicGamesPlayer Athlete"
"v18_292","1","Town PopulatedPlace Place Settlement Location"
"v18_292","2","PopulatedPlace Place Settlement Location"
"v15_153","0","Person Athlete FigureSkater WinterSportPlayer"
"v15_153","1","Person Athlete FigureSkater WinterSportPlayer"
"v15_153","2","Person Athlete FigureSkater WinterSportPlayer"
"v15_153","3","Person Athlete FigureSkater WinterSportPlayer"
"v15_809","0","Building Hotel ArchitecturalStructure Place Location"
"v15_809","1","Organisation Company"
"v16_659","0","Biomolecule Protein"
"v16_793","0","Person Athlete ChessPlayer"
"v16_793","1","City PopulatedPlace Place Settlement Location"
"v16_838","0","Species Animal RaceHorse Eukaryote Mammal Horse"
"v16_838","1","Species Animal RaceHorse Eukaryote Mammal Horse"
"v16_838","2","Species Animal RaceHorse Eukaryote Mammal Horse"
"v16_838","3","Species Animal RaceHorse Eukaryote Mammal Horse"
"v16_838","4","Organisation Company"
"v16_838","5","Species Animal RaceHorse Eukaryote Mammal Horse"
"v15_151","0","Person FictionalCharacter"
"v15_151","1","Person FictionalCharacter"
"v15_151","2","City PopulatedPlace Place Settlement Location"
"v18_275","0","MotorsportRacer Person Athlete RacingDriver FormulaOneRacer"
"v16_127","0","Person Criminal"
"v17_230","0","Work TelevisionShow"
"v17_230","1","Work TelevisionShow"
"v17_230","2","Artist Person MusicalArtist"
"v17_230","3","Person"
"v17_489","0","AnatomicalStructure Artery"
"v17_489","1","AnatomicalStructure Vein"
"v17_894","0","Person Journalist"
"v17_894","1","City PopulatedPlace Place Settlement Location"
"v17_894","2","City PopulatedPlace Place Settlement Location"
"v17_557","0","Device AutomobileEngine Engine"
"v18_900","0","Person MilitaryPerson"
"v18_900","1","Person MilitaryPerson"
"v16_347","0","Event SocietalEvent GrandPrix PenaltyShootOut SportsEvent"
"v16_347","1","Organisation Company"
"v16_347","2","Person"
"v16_347","3","Organisation Company"
"v18_746","0","EducationalInstitution Organisation School"
"v18_746","1","PopulatedPlace Place Settlement Location"
"v18_746","2","PopulatedPlace Place Settlement Location"
"v15_493","0","Species Animal RaceHorse Eukaryote Mammal Horse"
"v15_493","1","Species Animal RaceHorse Eukaryote Mammal Horse"
"v15_493","2","Species Animal RaceHorse Eukaryote Mammal Horse"
"v18_34","0","Person CollegeCoach Coach"
"v18_34","1","Organisation SportsTeam"
"v16_710","0","Person Athlete Boxer"
"v16_710","1","PopulatedPlace Place Country Location"
"v16_710","2","PopulatedPlace Place Settlement Location"
"v16_834","0","Building ArchitecturalStructure Place Location"
"v16_834","1","Person"
"v16_834","2","City PopulatedPlace Place Settlement Location"
"v17_192","0","Person FictionalCharacter"
"v17_192","1","Person FictionalCharacter"
"v17_192","2","PopulatedPlace Place Country Location"
"v17_192","3","Person FictionalCharacter"
"v16_594","0","Athlete Person AustralianRulesFootballPlayer"
"v16_594","1","PopulatedPlace Place Settlement Location"
"v16_66","0","Comedian Artist Person"
"v16_66","1","Person"
"v16_66","2","EthnicGroup"
"v17_544","0","Artist Person MusicalArtist"
"v17_544","1","City PopulatedPlace Place Settlement Location"
"v18_909","0","Building ArchitecturalStructure Place Location"
"v18_909","1","AdministrativeRegion Region PopulatedPlace Place Location"
"v18_909","2","AdministrativeRegion Region PopulatedPlace Place Location"
"v18_909","3","AdministrativeRegion Region PopulatedPlace Place Location"
"v18_65","0","Politician Person Congressman"
"v18_65","1","OfficeHolder Person"
"v18_65","2","City PopulatedPlace Place Settlement Location"
"v17_852","0","EducationalInstitution Organisation School"
"v17_852","1","City PopulatedPlace Place Settlement Location"
"v17_852","2","City PopulatedPlace Place Settlement Location"
"v17_852","3","City PopulatedPlace Place Settlement Location"
"v18_592","0","Royalty Baronet Person BritishRoyalty"
"v17_198","0","Person Athlete FigureSkater WinterSportPlayer"
"v17_198","1","Person Athlete FigureSkater WinterSportPlayer"
"v17_198","2","Person Athlete FigureSkater WinterSportPlayer"
"v17_198","3","PopulatedPlace Place Settlement Location"
"v17_198","4","Person Athlete FigureSkater WinterSportPlayer"
"v17_198","5","Person Athlete FigureSkater WinterSportPlayer"
"v17_250","0","Person GaelicGamesPlayer Athlete"
"v17_250","1","Town PopulatedPlace Place Settlement Location"
"v17_250","2","Town PopulatedPlace Place Settlement Location"
"v15_167","0","Work TelevisionShow"
"v15_167","1","Person"
"v15_167","2","Person"
"v18_859","0","AnatomicalStructure Lymph"
"v18_859","1","AnatomicalStructure Lymph"
"v16_917","0","AnatomicalStructure Lymph"
"v16_917","1","AnatomicalStructure Lymph"
"v18_37","0","Colour"
"v17_325","0","Person"
"v17_325","1","Person"
"v17_325","2","City PopulatedPlace Place Settlement Location"
"v17_325","3","Person"
"v18_519","0","Species Animal RaceHorse Eukaryote Mammal Horse"
"v18_519","1","Organisation Company"
"v18_519","2","Species Animal RaceHorse Eukaryote Mammal Horse"
"v18_519","3","Species Animal RaceHorse Eukaryote Mammal Horse"
"v17_196","0","Person FictionalCharacter"
"v17_196","1","Person FictionalCharacter"
"v17_196","2","City PopulatedPlace Place Settlement Location"
"v15_449","0","GridironFootballPlayer Athlete AmericanFootballPlayer Person"
"v15_449","1","Organisation SportsTeam AmericanFootballTeam"
"v16_297","0","MotorsportRacer Person Athlete RacingDriver FormulaOneRacer"
"v16_921","0","Work WrittenWork PeriodicalLiterature Magazine"
"v16_921","1","Person Writer"
"v17_889","0","Jockey Athlete Person"
"v17_889","1","PopulatedPlace Place Settlement Location"
"v15_779","0","Building HistoricPlace ArchitecturalStructure Place Location HistoricBuilding"
"v15_779","1","PopulatedPlace Place Settlement Location"
"v15_779","2","PopulatedPlace Place Settlement Location"
"v15_779","3","PopulatedPlace Place Settlement Location"
"v15_540","0","Person"
"v15_540","1","City PopulatedPlace Place Settlement Location"
"v15_89","0","Person Athlete WinterSportPlayer Curler"
"v15_89","1","City PopulatedPlace Place Settlement Location"
"v17_303","0","GridironFootballPlayer Athlete AmericanFootballPlayer Person"
"v17_303","1","Organisation SportsTeam"
"v17_347","0","Aircraft Automobile MeanOfTransportation MilitaryVehicle Locomotive Ship"
"v18_276","0","MotorsportRacer Person Athlete RacingDriver FormulaOneRacer"
"v18_850","0","Ligament AnatomicalStructure"
"v15_491","0","Species Animal RaceHorse Eukaryote Mammal Horse"
"v15_491","1","Species Animal RaceHorse Eukaryote Mammal Horse"
"v15_491","2","Species Animal RaceHorse Eukaryote Mammal Horse"
"v15_849","0","Legislature Organisation"
"v15_849","1","Organisation PoliticalParty"
"v16_602","0","Device AutomobileEngine Engine"
"v16_52","0","Person CollegeCoach Coach"
"v18_611","0","BeautyQueen Person"
"v18_611","1","PopulatedPlace Place Country Location"
"v18_209","0","Person Athlete FigureSkater WinterSportPlayer"
"v18_209","1","Person Athlete FigureSkater WinterSportPlayer"
"v18_194","0","Artist Person FashionDesigner"
"v15_47","0","Comedian Artist Person"
"v15_47","1","City PopulatedPlace Place Settlement Location"
"v17_54","0","Person CollegeCoach Coach"
"v17_54","1","City PopulatedPlace Place Settlement Location"
"v18_747","0","EducationalInstitution Organisation School"
"v18_747","1","City PopulatedPlace Place Settlement Location"
"v18_747","2","City PopulatedPlace Place Settlement Location"
"v16_731","0","Royalty Baronet Person BritishRoyalty"
"v16_554","0","AnatomicalStructure Artery"
"v16_554","1","AnatomicalStructure Artery"
"v16_554","2","AnatomicalStructure Vein"
"v16_554","3","AnatomicalStructure Artery"
"v15_639","0","Biomolecule Protein"
"v15_913","0","Species Animal RaceHorse Eukaryote Mammal Horse"
"v15_913","1","Organisation Company"
"v15_913","2","Species Animal RaceHorse Eukaryote Mammal Horse"
"v15_913","3","Species Animal RaceHorse Eukaryote Mammal Horse"
"v15_913","4","Species Animal RaceHorse Eukaryote Mammal Horse"
"v17_193","0","Person FictionalCharacter"
"v17_193","1","Person FictionalCharacter"
"v17_193","2","PopulatedPlace Place Country Location"
"v17_193","3","Person FictionalCharacter"
"v16_843","0","Building Hotel ArchitecturalStructure Place Location"
"v16_843","1","Organisation Company"
"v16_843","2","Architect Person"
"v17_60","0","Colour"
"v15_78","0","SoccerPlayer Athlete Person"
"v15_78","1","Organisation SportsTeam SoccerClub"
"v15_78","2","City PopulatedPlace Place Settlement Location"
"v15_557","0","Aircraft Automobile MeanOfTransportation MilitaryVehicle Locomotive Ship"
"v15_935","0","Politician Person MemberOfParliament"
"v15_935","1","Politician Person MemberOfParliament"
"v18_918","0","Aircraft Automobile MeanOfTransportation MilitaryVehicle Locomotive Ship"
"v17_995","0","Politician Person MemberOfParliament"
"v17_995","1","City PopulatedPlace Place Settlement Location"
"v17_995","2","City PopulatedPlace Place Settlement Location"
"v17_995","3","City PopulatedPlace Place Settlement Location"
"v15_521","0","AnatomicalStructure Artery"
"v15_521","1","AnatomicalStructure"
"v15_521","2","AnatomicalStructure Vein"
"v16_613","0","Royalty Baronet Person BritishRoyalty"
"v17_720","0","Royalty Baronet Person BritishRoyalty"
"v18_596","0","BaseballPlayer Person Athlete"
"v15_851","0","Legislature Organisation"
"v15_851","1","Organisation PoliticalParty"
"v15_633","0","Biomolecule Protein"
"v16_251","0","Work Film Wikidata:Q11424"
"v16_251","1","Person Writer"
"v16_251","2","Person"
"v16_251","3","Person"
"v17_951","0","Work WrittenWork PeriodicalLiterature Magazine"
"v17_951","1","Person"
"v16_54","0","Colour"
"v18_180","0","Person Engineer"
"v18_180","1","Person Engineer"
"v18_180","2","PopulatedPlace Place Settlement Location"
"v17_864","0","Person HorseTrainer"
"v16_967","0","Politician Person MemberOfParliament"
"v16_967","1","OfficeHolder Person"
"v16_967","2","City PopulatedPlace Place Settlement Location"
"v15_44","0","Comedian Artist Person"
"v15_44","1","City PopulatedPlace Place Settlement Location"
"v15_810","0","Building Hotel ArchitecturalStructure Place Location"
"v15_810","1","Organisation Company"
"v17_463","0","GridironFootballPlayer Athlete AmericanFootballPlayer Person"
"v17_463","1","Organisation SportsTeam"
"v17_463","2","City PopulatedPlace Place Settlement Location"
"v16_133","0","Person Athlete WinterSportPlayer Curler"
"v16_133","1","PopulatedPlace Place Settlement Location"
"v16_133","2","PopulatedPlace Place Settlement Location"
"v18_280","0","MotorsportRacer Person Athlete RacingDriver FormulaOneRacer"
"v18_738","0","Building ArchitecturalStructure Place Location"
"v16_629","0","BaseballPlayer Person Athlete"
"v16_629","1","BaseballTeam SportsTeam Organisation"
"v15_933","0","Politician Person MemberOfParliament"
"v15_933","1","Politician Person MemberOfParliament"
"v16_521","0","Species Animal RaceHorse Eukaryote Mammal Horse"
"v16_521","1","Species Animal RaceHorse Eukaryote Mammal Horse"
"v16_521","2","Species Animal RaceHorse Eukaryote Mammal Horse"
"v16_521","3","Organisation Company"
"v16_295","0","MotorsportRacer Person Athlete RacingDriver FormulaOneRacer"
"v17_535","0","AnatomicalStructure Artery"
"v17_535","1","AnatomicalStructure Artery"
"v17_535","2","AnatomicalStructure Vein"
"v17_535","3","AnatomicalStructure Artery"
"v18_580","0","Device AutomobileEngine Engine"
"v16_612","0","Royalty Baronet Person BritishRoyalty"
"v16_225","0","Person Athlete FigureSkater WinterSportPlayer"
"v16_225","1","Person Athlete FigureSkater WinterSportPlayer"
"v16_225","2","Person Athlete FigureSkater WinterSportPlayer"
"v16_225","3","Person Athlete FigureSkater WinterSportPlayer"
"v18_916","0","Aircraft Automobile MeanOfTransportation MilitaryVehicle Locomotive Ship"
"v15_685","0","AnatomicalStructure Brain"
"v15_31","0","College EducationalInstitution University Organisation"
"v15_31","1","Scientist Person"
"v18_652","0","Royalty Baronet Person BritishRoyalty"
"v17_344","0","Aircraft Automobile MeanOfTransportation MilitaryVehicle Locomotive Ship"
"v18_930","0","Aircraft Automobile MeanOfTransportation MilitaryVehicle Locomotive Ship"
"v16_293","0","MotorsportRacer Person Athlete RacingDriver FormulaOneRacer"
"v15_36","0","Person CollegeCoach Coach"
"v16_154","0","Person Cyclist Athlete"
"v16_154","1","Organisation SportsTeam CyclingTeam"
"v16_62","0","Colour"
"v16_108","0","Person Cricketer Athlete"
"v17_77","0","Politician Person Congressman"
"v17_77","1","City PopulatedPlace Place Settlement Location"
"v17_77","2","Town PopulatedPlace Place Settlement Location"
"v17_77","3","OfficeHolder Person"
"v16_952","0","Person Athlete MartialArtist"
"v16_952","1","City PopulatedPlace Place Settlement Location"
"v16_952","2","Person Athlete MartialArtist"
"v16_918","0","AnatomicalStructure Lymph"
"v16_918","1","AnatomicalStructure Lymph"
"v15_41","0","Colour"
"v18_925","0","Aircraft Automobile MeanOfTransportation MilitaryVehicle Locomotive Ship"
"v18_860","0","AnatomicalStructure Lymph"
"v18_860","1","AnatomicalStructure Lymph"
"v16_598","0","Aircraft Automobile MeanOfTransportation MilitaryVehicle Locomotive Ship"
"v18_497","0","AnatomicalStructure Artery"
"v18_497","1","AnatomicalStructure Artery"
"v18_497","2","AnatomicalStructure Vein"
"v16_56","0","Colour"
"v16_660","0","Biomolecule Protein"
"v15_808","0","Building Hotel ArchitecturalStructure Place Location"
"v15_808","1","Organisation Company"
"v18_277","0","MotorsportRacer Person Athlete RacingDriver FormulaOneRacer"
"v15_168","0","Work TelevisionShow"
"v15_168","1","Person"
"v15_168","2","Person"
"v15_490","0","Species Animal RaceHorse Eukaryote Mammal Horse"
"v15_490","1","Species Animal RaceHorse Eukaryote Mammal Horse"
"v15_490","2","Species Animal RaceHorse Eukaryote Mammal Horse"
"v16_742","0","Organisation RadioStation Broadcaster"
"v16_742","1","Broadcaster Organisation BroadcastNetwork"
"v17_49","0","Person CollegeCoach Coach"
"v15_533","0","Person"
"v15_533","1","Person"
"v15_533","2","Organisation Company"
"v16_63","0","Colour"
"v18_613","0","Biomolecule Protein"
"v17_358","0","Aircraft Automobile MeanOfTransportation MilitaryVehicle Locomotive Ship"
"v17_461","0","GridironFootballPlayer Athlete AmericanFootballPlayer Person"
"v16_601","0","Aircraft Automobile MeanOfTransportation MilitaryVehicle Locomotive Ship"
"v16_514","0","Species Animal RaceHorse Eukaryote Mammal Horse"
"v16_514","1","Species Animal RaceHorse Eukaryote Mammal Horse"
"v16_514","2","Species Animal RaceHorse Eukaryote Mammal Horse"
"v16_514","3","Person"
"v15_88","0","Person Athlete WinterSportPlayer Curler"
"v15_88","1","PopulatedPlace Place Settlement Location"
"v16_221","0","Person FictionalCharacter"
"v16_221","1","Person FictionalCharacter"
"v16_221","2","City PopulatedPlace Place Settlement Location"
"v16_512","0","AnatomicalStructure"
"v16_512","1","AnatomicalStructure Vein"
"v16_512","2","AnatomicalStructure Nerve"
"v16_653","0","Biomolecule Protein"
"v16_833","0","Building ArchitecturalStructure Place Location"
"v16_833","1","Organisation GovernmentAgency"
"v16_833","2","City PopulatedPlace Place Settlement Location"
"v18_250","0","Work Film Wikidata:Q11424"
"v18_250","1","Person Writer"
"v18_250","2","Person"
"v18_723","0","Building ArchitecturalStructure Place Location"
"v18_498","0","AnatomicalStructure"
"v18_498","1","AnatomicalStructure Nerve"
"v18_498","2","AnatomicalStructure Lymph"
"v18_928","0","Aircraft Automobile MeanOfTransportation MilitaryVehicle Locomotive Ship"
"v17_323","0","Person"
"v17_323","1","Person"
"v17_323","2","City PopulatedPlace Place Settlement Location"
"v17_323","3","Person"
"v18_725","0","Building HistoricPlace ArchitecturalStructure Place Location HistoricBuilding"
"v16_513","0","AnatomicalStructure"
"v16_513","1","AnatomicalStructure Artery"
"v16_513","2","AnatomicalStructure Lymph"
"v16_513","3","AnatomicalStructure Embryology"
"v18_387","0","Person"
"v18_387","1","Person"
"v18_387","2","Person"
"v15_154","0","Person Athlete FigureSkater WinterSportPlayer"
"v15_154","1","Person Athlete FigureSkater WinterSportPlayer"
"v15_154","2","Person Athlete FigureSkater WinterSportPlayer"
"v15_154","3","Person Athlete FigureSkater WinterSportPlayer"
"v16_969","0","Politician Person MemberOfParliament"
"v16_969","1","Politician Person MemberOfParliament"
"v16_969","2","PopulatedPlace Place Settlement Location"
"v17_948","0","AnatomicalStructure Lymph"
"v17_948","1","AnatomicalStructure Lymph"
"v16_346","0","Event SocietalEvent GrandPrix PenaltyShootOut SportsEvent"
"v16_346","1","Organisation Company"
"v16_346","2","Person"
"v16_346","3","Organisation Company"
"v18_756","0","Building ArchitecturalStructure Place Location"
"v18_756","1","Architect Person"
"v18_756","2","Organisation GovernmentAgency"
"v18_461","0","GridironFootballPlayer Athlete AmericanFootballPlayer Person"
"v18_274","0","MotorsportRacer Person Athlete RacingDriver FormulaOneRacer"
"v17_448","0","GridironFootballPlayer Athlete AmericanFootballPlayer Person"
"v15_38","0","Colour"
"v16_352","0","GridironFootballPlayer Athlete AmericanFootballPlayer Person"
"v15_175","0","Work TelevisionShow"
"v15_175","1","Person"
"v15_175","2","Person"
"v18_773","0","Building ArchitecturalStructure Place Location"
"v15_206","0","Food"
"v15_206","1","PopulatedPlace Place Settlement Location"
"v17_690","0","Person Athlete Boxer"
"v17_690","1","City PopulatedPlace Place Settlement Location"
"v17_690","2","City PopulatedPlace Place Settlement Location"
"v17_240","0","Food"
"v17_240","1","PopulatedPlace Place Settlement Location"
"v18_536","0","AnatomicalStructure Artery"
"v18_536","1","AnatomicalStructure Artery"
"v18_933","0","Aircraft Automobile MeanOfTransportation MilitaryVehicle Locomotive Ship"
"v15_563","0","Aircraft Automobile MeanOfTransportation MilitaryVehicle Locomotive Ship"
"v18_739","0","Building HistoricPlace ArchitecturalStructure Place Location HistoricBuilding"
"v17_863","0","Person HorseTrainer"
"v18_538","0","AnatomicalStructure Artery"
"v18_538","1","AnatomicalStructure Artery"
"v15_575","0","Royalty Baronet Person BritishRoyalty"
"v15_880","0","AnatomicalStructure Lymph"
"v15_880","1","AnatomicalStructure Lymph"
"v15_327","0","Artist Person AdultActor Actor"
"v15_327","1","EthnicGroup"
"v15_912","0","Species Animal RaceHorse Eukaryote Mammal Horse"
"v15_912","1","Person"
"v15_912","2","Species Animal RaceHorse Eukaryote Mammal Horse"
"v15_912","3","Species Animal RaceHorse Eukaryote Mammal Horse"
"v15_912","4","Species Animal RaceHorse Eukaryote Mammal Horse"
"v18_264","0","Work Film Wikidata:Q11424"
"v18_264","1","Person Writer"
"v18_264","2","Person"
"v18_207","0","Person Athlete FigureSkater WinterSportPlayer"
"v18_207","1","Person Athlete FigureSkater WinterSportPlayer"
"v17_56","0","Person CollegeCoach Coach"
"v17_56","1","City PopulatedPlace Place Settlement Location"
"v16_151","0","Person Cyclist Athlete"
"v16_151","1","Organisation SportsTeam CyclingTeam"
"v17_926","0","Ligament AnatomicalStructure"
"v16_112","0","Person Cricketer Athlete"
"v18_651","0","Royalty Baronet Person BritishRoyalty"
"v18_764","0","Building ArchitecturalStructure Place Location"
"v17_399","0","Single MusicalWork Work"
"v17_399","1","Artist Person MusicalArtist"
"v17_399","2","Artist Person MusicalArtist"
"v16_296","0","MotorsportRacer Person Athlete RacingDriver FormulaOneRacer"
"v15_483","0","AnatomicalStructure Artery"
"v15_483","1","AnatomicalStructure Artery"
"v17_488","0","AnatomicalStructure"
"v17_488","1","AnatomicalStructure Embryology"
"v17_488","2","AnatomicalStructure Artery"
"v17_848","0","Building ArchitecturalStructure Place Location"
"v17_848","1","Architect Person"
"v16_140","0","Person Athlete WinterSportPlayer Curler"
"v16_140","1","City PopulatedPlace Place Settlement Location"
"v15_853","0","Ligament AnatomicalStructure"
"v17_837","0","Building ArchitecturalStructure Place Location"
"v17_837","1","Architect Person"
"v16_291","0","Food"
"v16_291","1","EthnicGroup"
"v18_279","0","MotorsportRacer Person Athlete RacingDriver FormulaOneRacer"
"v16_733","0","Royalty Baronet Person BritishRoyalty"
"v18_736","0","Building ArchitecturalStructure Place Location"
"v16_117","0","Person Cricketer Athlete"
"v18_788","0","Person HorseTrainer"
"v18_788","1","PopulatedPlace Place Country Location"
"v15_132","0","AnatomicalStructure Embryology"
"v15_132","1","AnatomicalStructure Embryology"
"v15_45","0","Comedian Artist Person"
"v15_45","1","City PopulatedPlace Place Settlement Location"
"v18_767","0","Building ArchitecturalStructure Place Location"
"v15_638","0","Biomolecule Protein"
"v17_947","0","Aircraft Automobile MeanOfTransportation MilitaryVehicle Locomotive Ship"
"v15_788","0","Building ArchitecturalStructure Place Location"
"v15_854","0","Ligament AnatomicalStructure"
"v18_727","0","Building ArchitecturalStructure Place Location"
"v18_204","0","Person Athlete FigureSkater WinterSportPlayer"
"v18_204","1","Person Athlete FigureSkater WinterSportPlayer"
"v18_204","2","Person Athlete FigureSkater WinterSportPlayer"
"v18_204","3","Person Athlete FigureSkater WinterSportPlayer"
"v16_442","0","Single MusicalWork Work"
"v16_442","1","Artist Person MusicalArtist"
"v16_442","2","Artist Person MusicalArtist"
"v16_442","3","Group Organisation Band"
"v16_442","4","Single MusicalWork Work"
"v16_139","0","Person Athlete WinterSportPlayer Curler"
"v16_139","1","City PopulatedPlace Place Settlement Location"
"v15_375","0","Work TelevisionShow"
"v15_375","1","Person"
"v15_375","2","Artist Person MusicalArtist"
"v17_406","0","Single MusicalWork Work"
"v17_406","1","Artist Person MusicalArtist"
"v17_406","2","Artist Person MusicalArtist"
"v17_194","0","Person FictionalCharacter"
"v18_923","0","Aircraft Automobile MeanOfTransportation MilitaryVehicle Locomotive Ship"
"v15_771","0","Building ArchitecturalStructure Place Location"
"v15_771","1","Architect Person"
"v15_771","2","City PopulatedPlace Place Settlement Location"
"v18_455","0","GridironFootballPlayer Athlete AmericanFootballPlayer Person"
"v15_787","0","Building ArchitecturalStructure Place Location"
"v15_560","0","Aircraft Automobile MeanOfTransportation MilitaryVehicle Locomotive Ship"
"v18_454","0","GridironFootballPlayer Athlete AmericanFootballPlayer Person"
"v15_86","0","Person Athlete WinterSportPlayer Curler"
"v15_86","1","City PopulatedPlace Place Settlement Location"
"v15_86","2","City PopulatedPlace Place Settlement Location"
"v15_522","0","AnatomicalStructure Artery"
"v15_522","1","AnatomicalStructure Artery"
"v15_522","2","AnatomicalStructure Artery"
"v16_600","0","Aircraft Automobile MeanOfTransportation MilitaryVehicle Locomotive Ship"
"v17_835","0","Building ArchitecturalStructure Place Location"
"v17_835","1","Architect Person"
"v15_434","0","GridironFootballPlayer Athlete AmericanFootballPlayer Person"
"v15_434","1","Organisation SportsTeam AmericanFootballTeam"
"v15_434","2","City PopulatedPlace Place Settlement Location"
"v17_844","0","Building ArchitecturalStructure Place Location"
"v17_844","1","Architect Person"
"v16_563","0","Person"
"v16_563","1","City PopulatedPlace Place Settlement Location"
"v16_563","2","Person"
"v15_183","0","Single MusicalWork Work"
"v15_183","1","Artist Person MusicalArtist"
"v15_183","2","Artist Person MusicalArtist"
"v15_183","3","Single MusicalWork Work"
"v17_108","0","Person Athlete WinterSportPlayer Curler"
"v17_108","1","City PopulatedPlace Place Settlement Location"
"v16_968","0","Politician Person MemberOfParliament"
"v16_968","1","OfficeHolder Person"
"v16_968","2","City PopulatedPlace Place Settlement Location"
"v15_37","0","Colour"
"v18_758","0","Building ArchitecturalStructure Place Location"
"v15_40","0","Colour"
"v18_915","0","Aircraft Automobile MeanOfTransportation MilitaryVehicle Locomotive Ship"
"v15_589","0","BaseballPlayer Person Athlete"
"v15_589","1","BaseballTeam SportsTeam Organisation"
"v15_589","2","City PopulatedPlace Place Settlement Location"
"v18_759","0","Building HistoricPlace ArchitecturalStructure Place Location HistoricBuilding"
"v18_457","0","GridironFootballPlayer Athlete AmericanFootballPlayer Person"
"v15_381","0","Work TelevisionShow"
"v15_381","1","Person"
"v15_381","2","Artist Person MusicalArtist"
"v15_883","0","Work WrittenWork PeriodicalLiterature Magazine"
"v15_883","1","Organisation Company"
"v16_379","0","Aircraft Automobile MeanOfTransportation MilitaryVehicle Locomotive Ship"
"v17_75","0","Politician Person Congressman"
"v17_75","1","AdministrativeRegion Region PopulatedPlace Place Location"
"v17_75","2","Politician Person Congressman"
"v15_256","0","Event SocietalEvent GrandPrix PenaltyShootOut SportsEvent"
"v15_256","1","Organisation Company"
"v15_256","2","MotorsportRacer Person Athlete RacingDriver FormulaOneRacer"
"v16_59","0","Colour"
"v17_859","0","Species Animal RaceHorse Eukaryote Mammal Horse"
"v17_859","1","Species Animal RaceHorse Eukaryote Mammal Horse"
"v17_859","2","Species Animal RaceHorse Eukaryote Mammal Horse"
"v17_859","3","Species Animal RaceHorse Eukaryote Mammal Horse"
"v18_130","0","Person Cyclist Athlete"
"v18_130","1","Organisation SportsTeam CyclingTeam"
"v17_405","0","Single MusicalWork Work"
"v17_405","1","Artist Person MusicalArtist"
"v17_405","2","Artist Person MusicalArtist"
"v17_359","0","Aircraft Automobile MeanOfTransportation MilitaryVehicle Locomotive Ship"
"v16_294","0","MotorsportRacer Person Athlete RacingDriver FormulaOneRacer"
"v17_510","0","Species Animal RaceHorse Eukaryote Mammal Horse"
"v17_510","1","Species Animal RaceHorse Eukaryote Mammal Horse"
"v17_510","2","Species Animal RaceHorse Eukaryote Mammal Horse"
"v17_510","3","Species Animal RaceHorse Eukaryote Mammal Horse"
"v18_205","0","Person Athlete FigureSkater WinterSportPlayer"
"v18_205","1","Person Athlete FigureSkater WinterSportPlayer"
"v18_931","0","Aircraft Automobile MeanOfTransportation MilitaryVehicle Locomotive Ship"
"v16_363","0","Person"
"v16_363","1","Person"
"v16_363","2","City PopulatedPlace Place Settlement Location"
"v16_363","3","City PopulatedPlace Place Settlement Location"
"v18_494","0","AnatomicalStructure Vein"
"v18_494","1","AnatomicalStructure Artery"
"v18_494","2","AnatomicalStructure"
"v18_494","3","AnatomicalStructure Vein"
"v17_357","0","Aircraft Automobile MeanOfTransportation MilitaryVehicle Locomotive Ship"
"v15_816","0","Person Athlete WinterSportPlayer IceHockeyPlayer"
"v15_631","0","Biomolecule Protein"
"v18_468","0","GridironFootballPlayer Athlete AmericanFootballPlayer Person"
"v17_195","0","Person FictionalCharacter"
"v16_292","0","MotorsportRacer Person Athlete RacingDriver FormulaOneRacer"
"v17_456","0","GridironFootballPlayer Athlete AmericanFootballPlayer Person"
"v15_371","0","Work TelevisionShow"
"v15_371","1","Person"
"v15_371","2","Artist Person MusicalArtist"
"v15_945","0","SocietalEvent Event PenaltyShootOut MilitaryConflict"
"v15_945","1","SocietalEvent Event PenaltyShootOut MilitaryConflict"
"v15_945","2","PopulatedPlace Place Country Location"
"v15_826","0","Instrumentalist Artist Person Guitarist MusicalArtist"
"v15_826","1","PopulatedPlace Place Settlement Location"
"v18_757","0","Building ArchitecturalStructure Place Location"
"v15_789","0","Building ArchitecturalStructure Place Location"
"v16_48","0","Person CollegeCoach Coach"
"v15_379","0","Work TelevisionShow"
"v15_379","1","Person"
"v15_379","2","Artist Person MusicalArtist"
"v16_280","0","Work Film Wikidata:Q11424"
"v16_280","1","Person"
"v16_280","2","Person"
"v16_634","0","Person Athlete BasketballPlayer"
"v16_634","1","College EducationalInstitution University Organisation"
"v16_634","2","Organisation SportsTeam BasketballTeam"
"v18_776","0","Building ArchitecturalStructure Place Location"
"v18_495","0","AnatomicalStructure"
"v18_495","1","AnatomicalStructure Embryology"
"v18_591","0","Royalty Baronet Person BritishRoyalty"
"v15_428","0","GridironFootballPlayer Athlete AmericanFootballPlayer Person"
"v15_428","1","Organisation SportsTeam AmericanFootballTeam"
"v15_428","2","City PopulatedPlace Place Settlement Location"
"v15_700","0","Royalty Baronet Person BritishRoyalty"
"v16_250","0","Work Film Wikidata:Q11424"
"v16_250","1","Person Writer"
"v16_250","2","Person"
"v16_250","3","Person"
"v18_761","0","Building ArchitecturalStructure Place Location"
"v17_1","0","Person Cleric"
"v17_1","1","Person"
"v17_1","2","City PopulatedPlace Place Settlement Location"
"v18_464","0","GridironFootballPlayer Athlete AmericanFootballPlayer Person"
"v18_36","0","Colour"
"v16_371","0","Aircraft Automobile MeanOfTransportation MilitaryVehicle Locomotive Ship"
"v16_246","0","Work Film Wikidata:Q11424"
"v16_246","1","Person Writer"
"v16_246","2","Person"
"v16_246","3","Person"
"v18_208","0","Person Athlete FigureSkater WinterSportPlayer"
"v18_208","1","Person Athlete FigureSkater WinterSportPlayer"
"v17_462","0","GridironFootballPlayer Athlete AmericanFootballPlayer Person"
"v15_446","0","GridironFootballPlayer Athlete AmericanFootballPlayer Person"
"v15_446","1","Organisation SportsTeam AmericanFootballTeam"
"v17_953","0","Species Animal RaceHorse Eukaryote Mammal Horse"
"v17_953","1","Person"
"v17_953","2","Species Animal RaceHorse Eukaryote Mammal Horse"
"v17_953","3","Species Animal RaceHorse Eukaryote Mammal Horse"
"v17_953","4","Species Animal RaceHorse Eukaryote Mammal Horse"
"v16_451","0","Work TelevisionShow"
"v16_451","1","Work TelevisionShow"
"v16_451","2","Person"
"v15_561","0","Aircraft Automobile MeanOfTransportation MilitaryVehicle Locomotive Ship"
"v17_925","0","Ligament AnatomicalStructure"
"v17_832","0","Building ArchitecturalStructure Place Location"
"v17_832","1","Architect Person"
"v18_726","0","Building ArchitecturalStructure Place Location"
"v18_921","0","Aircraft Automobile MeanOfTransportation MilitaryVehicle Locomotive Ship"
"v16_617","0","BaseballPlayer Person Athlete"
"v16_617","1","BaseballTeam SportsTeam Organisation"
"v17_585","0","BaseballPlayer Person Athlete"
"v17_585","1","BaseballTeam SportsTeam Organisation"
"v17_585","2","City PopulatedPlace Place Settlement Location"
"v16_395","0","Infrastructure Airport ArchitecturalStructure Place Location"
"v16_395","1","City PopulatedPlace Place Settlement Location"
"v15_782","0","Building ArchitecturalStructure Place Location"
"v15_422","0","GridironFootballPlayer Athlete AmericanFootballPlayer Person"
"v15_422","1","Organisation SportsTeam AmericanFootballTeam"
"v15_422","2","City PopulatedPlace Place Settlement Location"
"v15_339","0","Infrastructure Airport ArchitecturalStructure Place Location"
"v15_339","1","City PopulatedPlace Place Settlement Location"
"v15_339","2","City PopulatedPlace Place Settlement Location"
"v18_914","0","Aircraft Automobile MeanOfTransportation MilitaryVehicle Locomotive Ship"
"v17_920","0","Legislature Organisation"
"v17_920","1","Organisation PoliticalParty"
"v16_252","0","Work Film Wikidata:Q11424"
"v16_252","1","Person Writer"
"v16_252","2","Person"
"v16_252","3","Person"
"v17_63","0","Colour"
"v17_58","0","Colour"
"v17_48","0","Person CollegeCoach Coach"
"v18_460","0","GridironFootballPlayer Athlete AmericanFootballPlayer Person"
"v18_760","0","Building ArchitecturalStructure Place Location"
"v15_492","0","Species Animal RaceHorse Eukaryote Mammal Horse"
"v15_492","1","Species Animal RaceHorse Eukaryote Mammal Horse"
"v15_492","2","Species Animal RaceHorse Eukaryote Mammal Horse"
"v18_126","0","Person Cyclist Athlete"
"v18_126","1","Organisation SportsTeam CyclingTeam"
"v15_635","0","Biomolecule Protein"
"v16_441","0","Single MusicalWork Work"
"v16_441","1","Artist Person MusicalArtist"
"v16_441","2","Artist Person MusicalArtist"
"v16_441","3","Group Organisation Band"
"v16_441","4","Single MusicalWork Work"
"v16_516","0","Species Animal RaceHorse Eukaryote Mammal Horse"
"v16_516","1","Species Animal RaceHorse Eukaryote Mammal Horse"
"v16_516","2","Species Animal RaceHorse Eukaryote Mammal Horse"
"v16_516","3","Person"
"v18_926","0","Aircraft Automobile MeanOfTransportation MilitaryVehicle Locomotive Ship"
"v16_149","0","Person Cyclist Athlete"
"v16_149","1","Organisation SportsTeam CyclingTeam"
"v17_453","0","GridironFootballPlayer Athlete AmericanFootballPlayer Person"
"v16_661","0","Biomolecule Protein"
"v16_285","0","MusicFestival Event FilmFestival SocietalEvent PenaltyShootOut"
"v16_285","1","Work Film Wikidata:Q11424"
"v16_285","2","Work Film Wikidata:Q11424"
"v15_436","0","GridironFootballPlayer Athlete AmericanFootballPlayer Person"
"v15_436","1","Organisation SportsTeam AmericanFootballTeam"
"v15_436","2","City PopulatedPlace Place Settlement Location"
"v17_845","0","Building ArchitecturalStructure Place Location"
"v17_845","1","Architect Person"
"v18_224","0","Work Film Wikidata:Q11424"
"v18_224","1","Person"
"v18_224","2","Person"
"v18_224","3","Person"
"v17_839","0","Building ArchitecturalStructure Place Location"
"v17_839","1","Architect Person"
"v16_447","0","Work TelevisionShow"
"v16_447","1","Work TelevisionShow"
"v16_447","2","Person"
"v15_520","0","AnatomicalStructure Artery"
"v15_520","1","AnatomicalStructure"
"v15_520","2","AnatomicalStructure Vein"
"v16_655","0","Biomolecule Protein"
"v16_656","0","Biomolecule Protein"
"v17_979","0","Person Athlete MartialArtist"
"v17_979","1","PopulatedPlace Place Country Location"
"v17_979","2","Person Athlete MartialArtist"
"v18_203","0","Person Athlete FigureSkater WinterSportPlayer"
"v18_203","1","Person Athlete FigureSkater WinterSportPlayer"
"v18_203","2","Person Athlete FigureSkater WinterSportPlayer"
"v18_203","3","Person Athlete FigureSkater WinterSportPlayer"
"v17_840","0","Building ArchitecturalStructure Place Location"
"v17_840","1","Architect Person"
"v18_929","0","Aircraft Automobile MeanOfTransportation MilitaryVehicle Locomotive Ship"
"v18_934","0","Aircraft Automobile MeanOfTransportation MilitaryVehicle Locomotive Ship"
"v16_146","0","Person Cyclist Athlete"
"v16_146","1","Organisation SportsTeam CyclingTeam"
"v17_579","0","BaseballPlayer Person Athlete"
"v17_579","1","BaseballTeam SportsTeam Organisation"
"v17_579","2","City PopulatedPlace Place Settlement Location"
"v15_562","0","Aircraft Automobile MeanOfTransportation MilitaryVehicle Locomotive Ship"
"v16_148","0","Person Cyclist Athlete"
"v16_148","1","Organisation SportsTeam CyclingTeam"
"v17_528","0","Architect Person"
"v17_528","1","Building ArchitecturalStructure Place Location"
"v16_553","0","AnatomicalStructure Artery"
"v16_553","1","AnatomicalStructure Artery"
"v16_553","2","AnatomicalStructure Vein"
"v16_553","3","AnatomicalStructure Artery"
"v17_849","0","Building ArchitecturalStructure Place Location"
"v17_849","1","Architect Person"
"v18_614","0","Biomolecule Protein"
"v17_105","0","Person Athlete WinterSportPlayer Curler"
"v17_105","1","City PopulatedPlace Place Settlement Location"
"v17_105","2","City PopulatedPlace Place Settlement Location"
"v15_165","0","Work TelevisionShow"
"v15_165","1","Person"
"v15_165","2","Person"
"v17_534","0","AnatomicalStructure Artery"
"v17_534","1","AnatomicalStructure Artery"
"v17_534","2","AnatomicalStructure Vein"
"v17_534","3","AnatomicalStructure Artery"
"v16_761","0","Building ArchitecturalStructure Place Location"
"v16_761","1","AdministrativeRegion Region PopulatedPlace Place Location"
"v16_761","2","AdministrativeRegion Region PopulatedPlace Place Location"
"v16_761","3","AdministrativeRegion Region PopulatedPlace Place Location"
"v16_761","4","AdministrativeRegion Region PopulatedPlace Place Location"
"v18_774","0","Building ArchitecturalStructure Place Location"
"v17_843","0","Building ArchitecturalStructure Place Location"
"v17_843","1","Architect Person"
"v16_370","0","Artist Person AdultActor Actor"
"v16_370","1","Artist Person AdultActor Actor"
"v18_849","0","Ligament AnatomicalStructure"
"v18_762","0","Building HistoricPlace ArchitecturalStructure Place Location HistoricBuilding"
"v15_885","0","Work WrittenWork PeriodicalLiterature Magazine"
"v15_885","1","Organisation Company"
"v17_934","0","Aircraft Automobile MeanOfTransportation MilitaryVehicle Locomotive Ship"
"v15_431","0","GridironFootballPlayer Athlete AmericanFootballPlayer Person"
"v15_431","1","Organisation SportsTeam AmericanFootballTeam"
"v15_431","2","City PopulatedPlace Place Settlement Location"
"v17_587","0","BaseballPlayer Person Athlete"
"v17_587","1","BaseballTeam SportsTeam Organisation"
"v17_587","2","City PopulatedPlace Place Settlement Location"
"v17_757","0","Building ArchitecturalStructure Place Location"
"v17_757","1","AdministrativeRegion Region PopulatedPlace Place Location"
"v17_757","2","AdministrativeRegion Region PopulatedPlace Place Location"
"v17_757","3","AdministrativeRegion Region PopulatedPlace Place Location"
"v16_115","0","Person Cricketer Athlete"
"v16_510","0","AnatomicalStructure Artery"
"v16_510","1","AnatomicalStructure Artery"
"v15_637","0","Biomolecule Protein"
"v17_340","0","Aircraft Automobile MeanOfTransportation MilitaryVehicle Locomotive Ship"
"v16_136","0","Person Athlete WinterSportPlayer Curler"
"v16_136","1","City PopulatedPlace Place Settlement Location"
"v18_272","0","Food"
"v18_272","1","EthnicGroup"
"v17_103","0","Person Athlete WinterSportPlayer Curler"
"v17_103","1","City PopulatedPlace Place Settlement Location"
"v17_103","2","City PopulatedPlace Place Settlement Location"
"v15_553","0","Aircraft Automobile MeanOfTransportation MilitaryVehicle Locomotive Ship"
"v17_345","0","Aircraft Automobile MeanOfTransportation MilitaryVehicle Locomotive Ship"
"v18_635","0","AnatomicalStructure Brain"
"v15_486","0","Species Animal RaceHorse Eukaryote Mammal Horse"
"v15_486","1","Species Animal RaceHorse Eukaryote Mammal Horse"
"v15_486","2","Species Animal RaceHorse Eukaryote Mammal Horse"
"v18_537","0","AnatomicalStructure Artery"
"v18_537","1","AnatomicalStructure Artery"
"v18_731","0","Building ArchitecturalStructure Place Location"
"v15_188","0","Single MusicalWork Work"
"v15_188","1","Artist Person MusicalArtist"
"v15_188","2","Artist Person MusicalArtist"
"v15_188","3","Single MusicalWork Work"
"v18_775","0","Building ArchitecturalStructure Place Location"
"v17_450","0","GridironFootballPlayer Athlete AmericanFootballPlayer Person"
"v16_122","0","Person Cricketer Athlete"
"v18_253","0","Work Film Wikidata:Q11424"
"v18_253","1","Person Writer"
"v18_253","2","Person"
"v15_878","0","Aircraft Automobile MeanOfTransportation MilitaryVehicle Locomotive Ship"
"v17_954","0","Species Animal RaceHorse Eukaryote Mammal Horse"
"v17_954","1","Organisation Company"
"v17_954","2","Species Animal RaceHorse Eukaryote Mammal Horse"
"v17_954","3","Species Animal RaceHorse Eukaryote Mammal Horse"
"v17_954","4","Species Animal RaceHorse Eukaryote Mammal Horse"
"v16_654","0","Biomolecule Protein"
"v17_355","0","Aircraft Automobile MeanOfTransportation MilitaryVehicle Locomotive Ship"
"v16_618","0","BaseballPlayer Person Athlete"
"v16_618","1","BaseballTeam SportsTeam Organisation"
"v15_198","0","Single MusicalWork Work"
"v15_198","1","Artist Person MusicalArtist"
"v15_198","2","Artist Person MusicalArtist"
"v15_198","3","Single MusicalWork Work"
"v15_383","0","Work TelevisionShow"
"v15_383","1","Person"
"v15_383","2","Artist Person MusicalArtist"
"v16_290","0","Food"
"v16_290","1","EthnicGroup"
"v15_550","0","Aircraft Automobile MeanOfTransportation MilitaryVehicle Locomotive Ship"
"v16_374","0","Aircraft Automobile MeanOfTransportation MilitaryVehicle Locomotive Ship"
"v18_467","0","GridironFootballPlayer Athlete AmericanFootballPlayer Person"
"v16_235","0","Work Film Wikidata:Q11424"
"v16_235","1","Person Writer"
"v16_235","2","Person"
"v16_235","3","Person"
"v18_210","0","Person Athlete FigureSkater WinterSportPlayer"
"v18_210","1","Person Athlete FigureSkater WinterSportPlayer"
"v18_856","0","Aircraft Automobile MeanOfTransportation MilitaryVehicle Locomotive Ship"
"v18_863","0","Work WrittenWork PeriodicalLiterature Magazine"
"v18_863","1","Organisation Company"
"v18_462","0","GridironFootballPlayer Athlete AmericanFootballPlayer Person"
"v17_239","0","Food"
"v17_239","1","EthnicGroup"
"v15_794","0","Building ArchitecturalStructure Place Location"
"v18_740","0","Building ArchitecturalStructure Place Location"
"v18_38","0","Colour"
"v15_34","0","Person CollegeCoach Coach"
"v18_211","0","Person Athlete FigureSkater WinterSportPlayer"
"v18_211","1","Person Athlete FigureSkater WinterSportPlayer"
"v18_735","0","Building ArchitecturalStructure Place Location"
"v15_876","0","Aircraft Automobile MeanOfTransportation MilitaryVehicle Locomotive Ship"
"v16_289","0","Food"
"v16_289","1","EthnicGroup"
"v16_627","0","BaseballPlayer Person Athlete"
"v16_627","1","BaseballTeam SportsTeam Organisation"
"v17_855","0","Species Animal RaceHorse Eukaryote Mammal Horse"
"v17_855","1","Species Animal RaceHorse Eukaryote Mammal Horse"
"v17_855","2","Species Animal RaceHorse Eukaryote Mammal Horse"
"v17_855","3","Species Animal RaceHorse Eukaryote Mammal Horse"
"v17_460","0","GridironFootballPlayer Athlete AmericanFootballPlayer Person"
"v15_257","0","Event SocietalEvent GrandPrix PenaltyShootOut SportsEvent"
"v15_257","1","Organisation Company"
"v15_257","2","Person"
"v18_474","0","GridironFootballPlayer Athlete AmericanFootballPlayer Person"
"v17_847","0","Building ArchitecturalStructure Place Location"
"v17_847","1","Architect Person"
"v17_457","0","GridironFootballPlayer Athlete AmericanFootballPlayer Person"
"v17_361","0","Automobile Aircraft MeanOfTransportation MilitaryVehicle Locomotive Ship"
"v17_361","1","Automobile Aircraft MeanOfTransportation MilitaryVehicle Locomotive Ship"
"v17_738","0","TelevisionStation Organisation Broadcaster"
"v15_184","0","Single MusicalWork Work"
"v15_184","1","Artist Person MusicalArtist"
"v15_184","2","Artist Person MusicalArtist"
"v15_184","3","Single MusicalWork Work"
"v16_353","0","GridironFootballPlayer Athlete AmericanFootballPlayer Person"
"v18_238","0","Work TelevisionEpisode"
"v18_238","1","Work TelevisionEpisode"
"v18_238","2","Artist Person MusicalArtist"
"v18_238","3","Person"
"v17_238","0","Food"
"v17_238","1","EthnicGroup"
"v17_346","0","Aircraft Automobile MeanOfTransportation MilitaryVehicle Locomotive Ship"
"v18_922","0","Aircraft Automobile MeanOfTransportation MilitaryVehicle Locomotive Ship"
"v17_618","0","Biomolecule Protein"
"v15_548","0","Aircraft Automobile MeanOfTransportation MilitaryVehicle Locomotive Ship"
"v18_917","0","Aircraft Automobile MeanOfTransportation MilitaryVehicle Locomotive Ship"
"v15_35","0","Person CollegeCoach Coach"
"v16_651","0","Biomolecule Protein"
"v18_473","0","GridironFootballPlayer Athlete AmericanFootballPlayer Person"
"v16_443","0","Single MusicalWork Work"
"v16_443","1","Artist Person MusicalArtist"
"v16_443","2","Artist Person MusicalArtist"
"v16_443","3","Group Organisation Band"
"v16_443","4","Single MusicalWork Work"
"v15_555","0","Aircraft Automobile MeanOfTransportation MilitaryVehicle Locomotive Ship"
"v17_351","0","Aircraft Automobile MeanOfTransportation MilitaryVehicle Locomotive Ship"
"v17_343","0","Aircraft Automobile MeanOfTransportation MilitaryVehicle Locomotive Ship"
"v18_458","0","GridironFootballPlayer Athlete AmericanFootballPlayer Person"
"v15_163","0","Work TelevisionShow"
"v15_163","1","Person"
"v15_163","2","Person"
"v18_729","0","Building ArchitecturalStructure Place Location"
"v17_829","0","Building ArchitecturalStructure Place Location"
"v17_829","1","Architect Person"
"v18_206","0","Person Athlete FigureSkater WinterSportPlayer"
"v18_206","1","Person Athlete FigureSkater WinterSportPlayer"
"v18_469","0","GridironFootballPlayer Athlete AmericanFootballPlayer Person"
"v16_462","0","Work TelevisionShow"
"v16_462","1","Work TelevisionShow"
"v16_462","2","Person"
"v16_372","0","Aircraft Automobile MeanOfTransportation MilitaryVehicle Locomotive Ship"
"v15_793","0","Building ArchitecturalStructure Place Location"
"v16_147","0","Person Cyclist Athlete"
"v16_147","1","Organisation SportsTeam CyclingTeam"
"v15_376","0","Work TelevisionShow"
"v15_376","1","Person"
"v15_376","2","Artist Person MusicalArtist"
"v15_556","0","Aircraft Automobile MeanOfTransportation MilitaryVehicle Locomotive Ship"
"v18_728","0","Building ArchitecturalStructure Place Location"
"v15_169","0","Work TelevisionShow"
"v15_169","1","Person"
"v15_169","2","Person"
"v17_350","0","Aircraft Automobile MeanOfTransportation MilitaryVehicle Locomotive Ship"
"v16_519","0","Species Animal RaceHorse Eukaryote Mammal Horse"
"v16_519","1","Species Animal RaceHorse Eukaryote Mammal Horse"
"v16_519","2","Species Animal RaceHorse Eukaryote Mammal Horse"
"v16_519","3","Person"
"v18_898","0","OfficeHolder Person"
"v18_898","1","Organisation MilitaryUnit"
"v18_898","2","OfficeHolder Person"
"v16_891","0","Ligament AnatomicalStructure"
"v16_120","0","Person Cricketer Athlete"
"v15_453","0","GridironFootballPlayer Athlete AmericanFootballPlayer Person"
"v15_453","1","Organisation SportsTeam AmericanFootballTeam"
"v16_456","0","Work TelevisionShow"
"v16_456","1","Work TelevisionShow"
"v16_456","2","Person"
"v16_224","0","Person Athlete FigureSkater WinterSportPlayer"
"v16_224","1","Person Athlete FigureSkater WinterSportPlayer"
"v16_224","2","Person Athlete FigureSkater WinterSportPlayer"
"v16_224","3","Person Athlete FigureSkater WinterSportPlayer"
"v17_946","0","Aircraft Automobile MeanOfTransportation MilitaryVehicle Locomotive Ship"
"v18_724","0","Building HistoricPlace ArchitecturalStructure Place Location HistoricBuilding"
"v15_373","0","Work TelevisionShow"
"v15_373","1","Person Writer"
"v15_373","2","Artist Person MusicalArtist"
"v18_763","0","Building HistoricPlace ArchitecturalStructure Place Location HistoricBuilding"
"v16_150","0","Person Cyclist Athlete"
"v16_150","1","Organisation SportsTeam CyclingTeam"
"v16_560","0","Person"
"v16_560","1","Person"
"v16_560","2","City PopulatedPlace Place Settlement Location"
"v17_348","0","Aircraft Automobile MeanOfTransportation MilitaryVehicle Locomotive Ship"
"v17_360","0","Aircraft Automobile MeanOfTransportation MilitaryVehicle Locomotive Ship"
"v15_910","0","Species Animal RaceHorse Eukaryote Mammal Horse"
"v15_910","1","Organisation Company"
"v15_910","2","Species Animal RaceHorse Eukaryote Mammal Horse"
"v15_910","3","Species Animal RaceHorse Eukaryote Mammal Horse"
"v15_910","4","Species Animal RaceHorse Eukaryote Mammal Horse"
"v18_466","0","GridironFootballPlayer Athlete AmericanFootballPlayer Person"
"v15_815","0","Person Athlete WinterSportPlayer IceHockeyPlayer"
"v18_470","0","GridironFootballPlayer Athlete AmericanFootballPlayer Person"
"v17_454","0","GridironFootballPlayer Athlete AmericanFootballPlayer Person"
"v18_932","0","Aircraft Automobile MeanOfTransportation MilitaryVehicle Locomotive Ship"
"v17_455","0","GridironFootballPlayer Athlete AmericanFootballPlayer Person"
"v15_786","0","Building ArchitecturalStructure Place Location"
"v16_599","0","Aircraft Automobile MeanOfTransportation MilitaryVehicle Locomotive Ship"
"v18_239","0","Work TelevisionEpisode"
"v18_239","1","Work TelevisionEpisode"
"v18_239","2","Artist Person MusicalArtist"
"v18_239","3","Person"
"v17_846","0","Building ArchitecturalStructure Place Location"
"v17_846","1","Architect Person"
"v15_783","0","Building ArchitecturalStructure Place Location"
"v15_559","0","Aircraft Automobile MeanOfTransportation MilitaryVehicle Locomotive Ship"
"v18_721","0","Building ArchitecturalStructure Place Location"
"v17_856","0","Species Animal RaceHorse Eukaryote Mammal Horse"
"v17_856","1","Species Animal RaceHorse Eukaryote Mammal Horse"
"v17_856","2","Species Animal RaceHorse Eukaryote Mammal Horse"
"v17_856","3","Species Animal RaceHorse Eukaryote Mammal Horse"
"v15_488","0","Species Animal RaceHorse Eukaryote Mammal Horse"
"v15_488","1","Species Animal RaceHorse Eukaryote Mammal Horse"
"v15_488","2","Species Animal RaceHorse Eukaryote Mammal Horse"
"v15_934","0","Politician Person MemberOfParliament"
"v15_934","1","Politician Person MemberOfParliament"
"v15_554","0","Aircraft Automobile MeanOfTransportation MilitaryVehicle Locomotive Ship"
"v15_179","0","Work TelevisionShow"
"v15_179","1","Person"
"v15_179","2","Person"
"v16_113","0","Person Cricketer Athlete"
"v15_564","0","Aircraft Automobile MeanOfTransportation MilitaryVehicle Locomotive Ship"
"v15_549","0","Aircraft Automobile MeanOfTransportation MilitaryVehicle Locomotive Ship"
"v15_489","0","Species Animal RaceHorse Eukaryote Mammal Horse"
"v15_489","1","Species Animal RaceHorse Eukaryote Mammal Horse"
"v15_489","2","Species Animal RaceHorse Eukaryote Mammal Horse"
"v18_472","0","GridironFootballPlayer Athlete AmericanFootballPlayer Person"
"v15_558","0","Aircraft Automobile MeanOfTransportation MilitaryVehicle Locomotive Ship"
"v15_487","0","Species Animal RaceHorse Eukaryote Mammal Horse"
"v15_487","1","Species Animal RaceHorse Eukaryote Mammal Horse"
"v15_487","2","Species Animal RaceHorse Eukaryote Mammal Horse"
"v15_636","0","Biomolecule Protein"
"v15_790","0","Building ArchitecturalStructure Place Location"
"v15_634","0","Biomolecule Protein"
"v17_447","0","GridironFootballPlayer Athlete AmericanFootballPlayer Person"
"v15_484","0","AnatomicalStructure Vein"
"v15_484","1","AnatomicalStructure Vein"
"v15_484","2","AnatomicalStructure Artery"
"v15_187","0","Single MusicalWork Work"
"v15_187","1","Artist Person MusicalArtist"
"v15_187","2","Artist Person MusicalArtist"
"v15_187","3","Single MusicalWork Work"
"v15_171","0","Work TelevisionShow"
"v15_171","1","Person"
"v15_171","2","Person"
"v16_241","0","Work Film Wikidata:Q11424"
"v16_241","1","Person Writer"
"v16_241","2","Person"
"v16_241","3","Person"
"v17_831","0","Building ArchitecturalStructure Place Location"
"v17_831","1","Architect Person"
"v15_813","0","Person Athlete WinterSportPlayer IceHockeyPlayer"
"v15_528","0","Person"
"v15_528","1","City PopulatedPlace Place Settlement Location"
"v15_528","2","Person"
"v17_452","0","GridironFootballPlayer Athlete AmericanFootballPlayer Person"
"v18_920","0","Aircraft Automobile MeanOfTransportation MilitaryVehicle Locomotive Ship"
"v17_833","0","Building ArchitecturalStructure Place Location"
"v17_833","1","Architect Person"
"v16_118","0","Person Cricketer Athlete"
"v16_624","0","BaseballPlayer Person Athlete"
"v16_624","1","BaseballTeam SportsTeam Organisation"
"v17_828","0","Building ArchitecturalStructure Place Location"
"v17_828","1","Architect Person"
"v16_138","0","Person Athlete WinterSportPlayer Curler"
"v16_138","1","City PopulatedPlace Place Settlement Location"
"v16_436","0","Single MusicalWork Work"
"v16_436","1","Artist Person MusicalArtist"
"v16_436","2","Artist Person MusicalArtist"
"v16_436","3","Group Organisation Band"
"v16_436","4","Single MusicalWork Work"
"v18_539","0","AnatomicalStructure Artery"
"v18_539","1","AnatomicalStructure Vein"
"v18_539","2","AnatomicalStructure"
"v18_539","3","AnatomicalStructure Artery"
"v16_240","0","Work Film Wikidata:Q11424"
"v16_240","1","Person"
"v16_240","2","Person"
"v16_240","3","Person"
"v18_722","0","Building ArchitecturalStructure Place Location"
"v18_927","0","Aircraft Automobile MeanOfTransportation MilitaryVehicle Locomotive Ship"
"v16_562","0","Person"
"v16_562","1","AdministrativeRegion Region PopulatedPlace Place Location"
"v16_562","2","Person"
"v16_458","0","Work TelevisionShow"
"v16_458","1","Work TelevisionShow"
"v16_458","2","Person"
"v18_765","0","Building ArchitecturalStructure Place Location"
"v15_380","0","Work TelevisionShow"
"v15_380","1","Person"
"v15_380","2","Artist Person MusicalArtist"
"v18_902","0","OfficeHolder Person"
"v17_451","0","GridironFootballPlayer Athlete AmericanFootballPlayer Person"
"v16_711","0","Person Athlete Boxer"
"v16_711","1","PopulatedPlace Place Country Location"
"v16_711","2","City PopulatedPlace Place Settlement Location"
"v16_453","0","Work TelevisionShow"
"v16_453","1","Work TelevisionShow"
"v16_453","2","Person"
"v17_363","0","Automobile Aircraft MeanOfTransportation MilitaryVehicle Locomotive Ship"
"v17_363","1","Automobile Aircraft MeanOfTransportation MilitaryVehicle Locomotive Ship"
"v16_427","0","Single MusicalWork Work"
"v16_427","1","Artist Person MusicalArtist"
"v16_427","2","Artist Person MusicalArtist"
"v16_427","3","Group Organisation Band"
"v16_427","4","Single MusicalWork Work"
"v16_437","0","Single MusicalWork Work"
"v16_437","1","Artist Person MusicalArtist"
"v16_437","2","Artist Person MusicalArtist"
"v16_437","3","Artist Person MusicalArtist"
"v16_437","4","Single MusicalWork Work"
"v17_449","0","GridironFootballPlayer Athlete AmericanFootballPlayer Person"
"v15_792","0","Building ArchitecturalStructure Place Location"
"v18_518","0","Species Animal RaceHorse Eukaryote Mammal Horse"
"v18_518","1","Person"
"v18_518","2","Species Animal RaceHorse Eukaryote Mammal Horse"
"v18_518","3","Species Animal RaceHorse Eukaryote Mammal Horse"
"v15_795","0","Building ArchitecturalStructure Place Location"
"v18_456","0","GridironFootballPlayer Athlete AmericanFootballPlayer Person"
"v18_733","0","Building HistoricPlace ArchitecturalStructure Place Location HistoricBuilding"
"v18_777","0","Building ArchitecturalStructure Place Location"
"v18_935","0","Person Model"
"v18_935","1","Person"
"v17_827","0","Building ArchitecturalStructure Place Location"
"v17_827","1","Architect Person"
"v15_785","0","Building ArchitecturalStructure Place Location"
"v18_271","0","Food"
"v18_271","1","EthnicGroup"
"v16_124","0","Person Cricketer Athlete"
"v15_552","0","Aircraft Automobile MeanOfTransportation MilitaryVehicle Locomotive Ship"
"v15_180","0","Single MusicalWork Work"
"v15_180","1","Artist Person MusicalArtist"
"v15_180","2","Artist Person MusicalArtist"
"v15_180","3","Single MusicalWork Work"
"v17_458","0","GridironFootballPlayer Athlete AmericanFootballPlayer Person"
"v18_919","0","Aircraft Automobile MeanOfTransportation MilitaryVehicle Locomotive Ship"
"v17_930","0","Aircraft Automobile MeanOfTransportation MilitaryVehicle Locomotive Ship"
"v18_737","0","Building ArchitecturalStructure Place Location"
"v16_595","0","Aircraft Automobile MeanOfTransportation MilitaryVehicle Locomotive Ship"
"v16_121","0","Person Cricketer Athlete"
"v18_771","0","Building ArchitecturalStructure Place Location"
"v15_377","0","Work TelevisionShow"
"v15_377","1","Person"
"v15_377","2","Artist Person MusicalArtist"
"v16_636","0","Person Athlete BasketballPlayer"
"v16_636","1","College EducationalInstitution University Organisation"
"v16_636","2","Organisation SportsTeam BasketballTeam"
"v15_784","0","Building ArchitecturalStructure Place Location"
"v16_159","0","DartsPlayer Athlete Person"
"v16_159","1","PopulatedPlace Place Country Location"
"v16_159","2","PopulatedPlace Place Settlement Location"
"v18_770","0","Building ArchitecturalStructure Place Location"
"v17_354","0","Aircraft Automobile MeanOfTransportation MilitaryVehicle Locomotive Ship"
"v17_352","0","Aircraft Automobile MeanOfTransportation MilitaryVehicle Locomotive Ship"
"v15_199","0","Single MusicalWork Work"
"v15_199","1","Artist Person MusicalArtist"
"v15_199","2","Artist Person MusicalArtist"
"v15_199","3","Single MusicalWork Work"
"v18_766","0","Building ArchitecturalStructure Place Location"
"v18_768","0","Building HistoricPlace ArchitecturalStructure Place Location HistoricBuilding"
"v15_374","0","Work TelevisionShow"
"v15_374","1","Person"
"v15_374","2","Artist Person MusicalArtist"
"v16_626","0","BaseballPlayer Person Athlete"
"v16_626","1","BaseballTeam SportsTeam Organisation"
"v15_200","0","Single MusicalWork Work"
"v15_200","1","Artist Person MusicalArtist"
"v15_200","2","Artist Person MusicalArtist"
"v15_200","3","Single MusicalWork Work"
"v17_412","0","Work TelevisionShow"
"v17_412","1","Person"
"v17_412","2","Person"
"v15_185","0","Single MusicalWork Work"
"v15_185","1","Artist Person MusicalArtist"
"v15_185","2","Artist Person MusicalArtist"
"v15_185","3","Single MusicalWork Work"
"v16_111","0","Person Cricketer Athlete"
"v18_732","0","Building HistoricPlace ArchitecturalStructure Place Location HistoricBuilding"
"v16_620","0","BaseballPlayer Person Athlete"
"v16_620","1","BaseballTeam SportsTeam Organisation"
"v15_527","0","Person"
"v15_527","1","City PopulatedPlace Place Settlement Location"
"v15_527","2","Person"
"v17_341","0","Aircraft Automobile MeanOfTransportation MilitaryVehicle Locomotive Ship"
"v17_349","0","Aircraft Automobile MeanOfTransportation MilitaryVehicle Locomotive Ship"
"v18_861","0","Work WrittenWork PeriodicalLiterature Magazine"
"v18_861","1","Organisation Company"
"v18_129","0","Person Cyclist Athlete"
"v18_129","1","Organisation SportsTeam CyclingTeam"
"v18_564","0","GridironFootballPlayer Athlete AmericanFootballPlayer Person"
"v18_564","1","Organisation SportsTeam AmericanFootballTeam"
"v16_153","0","Person Cyclist Athlete"
"v16_153","1","Organisation SportsTeam CyclingTeam"
"v15_384","0","Work TelevisionShow"
"v15_384","1","Person"
"v15_384","2","Artist Person MusicalArtist"
"v17_353","0","Aircraft Automobile MeanOfTransportation MilitaryVehicle Locomotive Ship"
"v18_95","0","Person Athlete WinterSportPlayer Curler"
"v18_95","1","City PopulatedPlace Place Settlement Location"
"v18_95","2","City PopulatedPlace Place Settlement Location"
"v16_137","0","Person Athlete WinterSportPlayer Curler"
"v16_137","1","City PopulatedPlace Place Settlement Location"
"v15_344","0","Infrastructure Airport ArchitecturalStructure Place Location"
"v15_344","1","City PopulatedPlace Place Settlement Location"
"v15_344","2","City PopulatedPlace Place Settlement Location"
"v15_372","0","Work TelevisionShow"
"v15_372","1","Person"
"v15_372","2","Artist Person MusicalArtist"
"v16_628","0","BaseballPlayer Person Athlete"
"v16_628","1","BaseballTeam SportsTeam Organisation"
"v15_525","0","Person"
"v15_525","1","City PopulatedPlace Place Settlement Location"
"v15_525","2","Person"
"v16_116","0","Person Cricketer Athlete"
"v16_119","0","Person Cricketer Athlete"
"v17_672","0","Work Book WrittenWork"
"v17_672","1","Artist Person"
"v17_672","2","Person Writer"
"v17_672","3","Work Book WrittenWork"
"v16_673","0","Work Book WrittenWork"
"v16_673","1","Work Book WrittenWork"
"v17_342","0","Aircraft Automobile MeanOfTransportation MilitaryVehicle Locomotive Ship"
"v16_123","0","Person Cricketer Athlete"
"v17_857","0","Species Animal RaceHorse Eukaryote Mammal Horse"
"v17_857","1","Species Animal RaceHorse Eukaryote Mammal Horse"
"v17_857","2","Species Animal RaceHorse Eukaryote Mammal Horse"
"v17_857","3","Species Animal RaceHorse Eukaryote Mammal Horse"
"v16_619","0","BaseballPlayer Person Athlete"
"v16_619","1","BaseballTeam SportsTeam Organisation"
"v15_161","0","Work TelevisionShow"
"v15_161","1","Person"
"v15_161","2","Person"
"v17_834","0","Building ArchitecturalStructure Place Location"
"v17_834","1","Architect Person"
"v15_421","0","GridironFootballPlayer Athlete AmericanFootballPlayer Person"
"v15_421","1","Organisation SportsTeam AmericanFootballTeam"
"v15_421","2","City PopulatedPlace Place Settlement Location"
"v16_109","0","Person Cricketer Athlete"
"v16_435","0","Single MusicalWork Work"
"v16_435","1","Artist Person MusicalArtist"
"v16_435","2","Artist Person MusicalArtist"
"v16_435","3","Group Organisation Band"
"v16_435","4","Single MusicalWork Work"
"v17_104","0","Person Athlete WinterSportPlayer Curler"
"v17_104","1","City PopulatedPlace Place Settlement Location"
"v17_104","2","City PopulatedPlace Place Settlement Location"
"v16_434","0","Single MusicalWork Work"
"v16_434","1","Artist Person MusicalArtist"
"v16_434","2","Artist Person MusicalArtist"
"v16_434","3","Artist Person MusicalArtist"
"v16_434","4","Single MusicalWork Work"
"v16_616","0","BaseballPlayer Person Athlete"
"v16_616","1","BaseballTeam SportsTeam Organisation"
"v17_836","0","Building ArchitecturalStructure Place Location"
"v17_836","1","Architect Person"
"v15_382","0","Work TelevisionShow"
"v15_382","1","Person"
"v15_382","2","Artist Person MusicalArtist"
"v15_176","0","Work TelevisionShow"
"v15_176","1","Person"
"v15_176","2","Person"
"v18_734","0","Building ArchitecturalStructure Place Location"
"v18_862","0","Work WrittenWork PeriodicalLiterature Magazine"
"v18_862","1","Organisation Company"
"v15_791","0","Building ArchitecturalStructure Place Location"
"v17_838","0","Building ArchitecturalStructure Place Location"
"v17_838","1","Architect Person"
"v15_911","0","Species Animal RaceHorse Eukaryote Mammal Horse"
"v15_911","1","Organisation Company"
"v15_911","2","Species Animal RaceHorse Eukaryote Mammal Horse"
"v15_911","3","Species Animal RaceHorse Eukaryote Mammal Horse"
"v15_911","4","Species Animal RaceHorse Eukaryote Mammal Horse"
"v18_769","0","Building HistoricPlace ArchitecturalStructure Place Location HistoricBuilding"
"v15_205","0","Food"
"v15_205","1","EthnicGroup"
"v18_265","0","Work TelevisionShow"
"v18_265","1","Person"
"v18_265","2","Artist Person MusicalArtist"
"v18_265","3","Work TelevisionShow"
"v16_625","0","BaseballPlayer Person Athlete"
"v16_625","1","BaseballTeam SportsTeam Organisation"
"v16_520","0","Species Animal RaceHorse Eukaryote Mammal Horse"
"v16_520","1","Species Animal RaceHorse Eukaryote Mammal Horse"
"v16_520","2","Species Animal RaceHorse Eukaryote Mammal Horse"
"v16_520","3","Person"
"v16_444","0","Single MusicalWork Work"
"v16_444","1","Artist Person MusicalArtist"
"v16_444","2","Artist Person MusicalArtist"
"v16_444","3","Group Organisation Band"
"v16_444","4","Single MusicalWork Work"
"v16_630","0","BaseballPlayer Person Athlete"
"v16_630","1","BaseballTeam SportsTeam Organisation"
"v15_84","0","Person Athlete WinterSportPlayer Curler"
"v15_84","1","City PopulatedPlace Place Settlement Location"
"v15_84","2","City PopulatedPlace Place Settlement Location"
"v15_796","0","Building ArchitecturalStructure Place Location"
"v18_321","0","Event SocietalEvent GrandPrix PenaltyShootOut SportsEvent"
"v18_321","1","MotorsportRacer Person Athlete RacingDriver FormulaOneRacer"
"v18_321","2","Organisation Company"
"v18_321","3","MotorsportRacer Person Athlete RacingDriver FormulaOneRacer"
"v18_96","0","Person Athlete WinterSportPlayer Curler"
"v18_96","1","City PopulatedPlace Place Settlement Location"
"v18_96","2","City PopulatedPlace Place Settlement Location"
"v16_621","0","BaseballPlayer Person Athlete"
"v16_621","1","BaseballTeam SportsTeam Organisation"
"v15_172","0","Work TelevisionShow"
"v15_172","1","Person"
"v15_172","2","Person"
"v17_830","0","Building ArchitecturalStructure Place Location"
"v17_830","1","Architect Person"
"v17_356","0","Aircraft Automobile MeanOfTransportation MilitaryVehicle Locomotive Ship"
"v15_447","0","GridironFootballPlayer Athlete AmericanFootballPlayer Person"
"v15_447","1","Organisation SportsTeam AmericanFootballTeam"
"v18_128","0","Person Cyclist Athlete"
"v18_128","1","Organisation SportsTeam CyclingTeam"
"v16_445","0","Single MusicalWork Work"
"v16_445","1","Artist Person MusicalArtist"
"v16_445","2","Artist Person MusicalArtist"
"v16_445","3","Group Organisation Band"
"v16_445","4","Single MusicalWork Work"
"v17_842","0","Building ArchitecturalStructure Place Location"
"v17_842","1","Architect Person"
"v15_385","0","Work TelevisionShow"
"v15_385","1","Person"
"v15_385","2","Artist Person MusicalArtist"
"v18_240","0","Work TelevisionEpisode"
"v18_240","1","Work TelevisionEpisode"
"v18_240","2","Artist Person MusicalArtist"
"v18_240","3","Person"
"v16_431","0","Single MusicalWork Work"
"v16_431","1","Artist Person MusicalArtist"
"v16_431","2","Artist Person MusicalArtist"
"v16_431","3","Group Organisation Band"
"v16_431","4","Single MusicalWork Work"
"v15_177","0","Work TelevisionShow"
"v15_177","1","Person"
"v15_177","2","Person"
"v16_517","0","Species Animal RaceHorse Eukaryote Mammal Horse"
"v16_517","1","Species Animal RaceHorse Eukaryote Mammal Horse"
"v16_517","2","Species Animal RaceHorse Eukaryote Mammal Horse"
"v16_517","3","Person"
"v15_526","0","Person"
"v15_526","1","City PopulatedPlace Place Settlement Location"
"v15_526","2","Person"
"v18_125","0","Person Cyclist Athlete"
"v18_125","1","Organisation SportsTeam CyclingTeam"
"v16_623","0","BaseballPlayer Person Athlete"
"v16_623","1","BaseballTeam SportsTeam Organisation"
"v15_182","0","Single MusicalWork Work"
"v15_182","1","Artist Person MusicalArtist"
"v15_182","2","Artist Person MusicalArtist"
"v15_182","3","Single MusicalWork Work"
"v18_127","0","Person Cyclist Athlete"
"v18_127","1","Organisation SportsTeam CyclingTeam"
"v16_518","0","Species Animal RaceHorse Eukaryote Mammal Horse"
"v16_518","1","Species Animal RaceHorse Eukaryote Mammal Horse"
"v16_518","2","Species Animal RaceHorse Eukaryote Mammal Horse"
"v16_518","3","Person"
"v15_170","0","Work TelevisionShow"
"v15_170","1","Person"
"v15_170","2","Person"
"v15_196","0","Single MusicalWork Work"
"v15_196","1","Artist Person MusicalArtist"
"v15_196","2","Artist Person MusicalArtist"
"v15_196","3","Single MusicalWork Work"
"v15_173","0","Work TelevisionShow"
"v15_173","1","Person"
"v15_173","2","Person"
"v17_668","0","Work Book WrittenWork"
"v17_668","1","Artist Person"
"v17_668","2","Person Writer"
"v17_668","3","Work Book WrittenWork"
"v15_195","0","Single MusicalWork Work"
"v15_195","1","Artist Person MusicalArtist"
"v15_195","2","Artist Person MusicalArtist"
"v15_195","3","Single MusicalWork Work"
"v15_164","0","Work TelevisionShow"
"v15_164","1","Person"
"v15_164","2","Person"
"v15_166","0","Work TelevisionShow"
"v15_166","1","Person"
"v15_166","2","Person"
"v16_152","0","Person Cyclist Athlete"
"v16_152","1","Organisation SportsTeam CyclingTeam"
"v16_428","0","Single MusicalWork Work"
"v16_428","1","Artist Person MusicalArtist"
"v16_428","2","Artist Person MusicalArtist"
"v16_428","3","Artist Person MusicalArtist"
"v16_428","4","Single MusicalWork Work"
"v18_241","0","Work TelevisionEpisode"
"v18_241","1","Work TelevisionEpisode"
"v18_241","2","Artist Person MusicalArtist"
"v18_241","3","Person"
"v16_430","0","Single MusicalWork Work"
"v16_430","1","Artist Person MusicalArtist"
"v16_430","2","Artist Person MusicalArtist"
"v16_430","3","Artist Person MusicalArtist"
"v16_430","4","Single MusicalWork Work"
"v17_858","0","Species Animal RaceHorse Eukaryote Mammal Horse"
"v17_858","1","Species Animal RaceHorse Eukaryote Mammal Horse"
"v17_858","2","Species Animal RaceHorse Eukaryote Mammal Horse"
"v17_858","3","Species Animal RaceHorse Eukaryote Mammal Horse"
"v15_191","0","Single MusicalWork Work"
"v15_191","1","Artist Person MusicalArtist"
"v15_191","2","Artist Person MusicalArtist"
"v15_191","3","Single MusicalWork Work"
"v16_433","0","Single MusicalWork Work"
"v16_433","1","Artist Person MusicalArtist"
"v16_433","2","Artist Person MusicalArtist"
"v16_433","3","Group Organisation Band"
"v16_433","4","Single MusicalWork Work"
"v15_529","0","Person"
"v15_529","1","City PopulatedPlace Place Settlement Location"
"v15_529","2","Person"
"v16_440","0","Single MusicalWork Work"
"v16_440","1","Artist Person MusicalArtist"
"v16_440","2","Artist Person MusicalArtist"
"v16_440","3","Group Organisation Band"
"v16_440","4","Single MusicalWork Work"
"v16_438","0","Single MusicalWork Work"
"v16_438","1","Artist Person MusicalArtist"
"v16_438","2","Artist Person MusicalArtist"
"v16_438","3","Group Organisation Band"
"v16_438","4","Single MusicalWork Work"
"v15_194","0","Single MusicalWork Work"
"v15_194","1","Artist Person MusicalArtist"
"v15_194","2","Artist Person MusicalArtist"
"v15_194","3","Single MusicalWork Work"
"v15_181","0","Single MusicalWork Work"
"v15_181","1","Artist Person MusicalArtist"
"v15_181","2","Artist Person MusicalArtist"
"v15_181","3","Single MusicalWork Work"
"v16_432","0","Single MusicalWork Work"
"v16_432","1","Artist Person MusicalArtist"
"v16_432","2","Artist Person MusicalArtist"
"v16_432","3","Group Organisation Band"
"v16_432","4","Single MusicalWork Work"
