"58891288_0_1117541047012405958","1","Film","Wikidata:Q11424 Work"
"8468806_0_4382447409703007384","1","Lake","Place NaturalPlace Location BodyOfWater"
"50245608_0_871275842592178099","0","Film","Wikidata:Q11424 Work"
"14067031_0_559833072073397908","1","Language",""
"8286121_0_8471791395229161598","0","Country","Place Location PopulatedPlace"
"39759273_0_1427898308030295194","1","Film","Wikidata:Q11424 Work"
"14380604_4_3329235705746762392","1","Company","Organisation"
"20135078_0_7570343137119682530","3","Person",""
"29414811_6_8221428333921653560","1","VideoGame","Work Software"
"34041816_1_4749054164534706977","2","City","Settlement Place Location PopulatedPlace"
"14067031_0_559833072073397908","7","Currency",""
"71137051_0_8039724067857124984","0","Bird","Species Eukaryote Animal"
"29414811_2_4773219892816395776","1","VideoGame","Work Software"
"99070098_0_2074872741302696997","1","Mountain","Place NaturalPlace Location"
"35188621_0_6058553107571275232","3","Person",""
"43237185_1_3636357855502246981","3","Scientist","Person"
"50245608_0_871275842592178099","3","Person",""
"46671561_0_6122315295162029872","0","VideoGame","Work Software"
"29414811_6_8221428333921653560","4","Company","Organisation"
"11833461_1_3811022039809817402","0","VideoGame","Work Software"
"21245481_0_8730460088443117515","1","Lake","Place NaturalPlace Location BodyOfWater"
"38428277_0_1311643810102462607","3","Person",""
"13719111_1_5719401842463579519","0","Bird","Species Eukaryote Animal"
"77694908_0_6083291340991074532","1","Film","Wikidata:Q11424 Work"
"20135078_0_7570343137119682530","1","Film","Wikidata:Q11424 Work"
"43237185_1_3636357855502246981","0","Scientist","Person"
"88523363_0_8180214313099580515","0","Plant","Species Eukaryote"
"1438042989043_35_20150728002309-00287-ip-10-236-191-2_875026214_2","0","Mountain","Place NaturalPlace Location"
"58891288_0_1117541047012405958","3","Person",""
"25404227_0_2240631045609013057","3","Person",""
"9475172_1_1023126399856690702","1","TelevisionShow","Work"
"60319454_0_3938426910282115527","0","Animal","Species Eukaryote"
"52299421_0_4473286348258170200","1","Country","Place Location PopulatedPlace"
"37856682_0_6818907050314633217","0","AdministrativeRegion","Region Place Location PopulatedPlace"
"77694908_0_6083291340991074532","3","Person",""
"39759273_0_1427898308030295194","3","Person",""
"29414811_2_4773219892816395776","4","Company","Organisation"
"29414811_13_8724394428539174350","2","Genre","MusicGenre Type TopicalConcept GovernmentType"
"33401079_0_9127583903019856402","0","Person",""
"26310680_0_5150772059999313798","1","Currency",""
"10579449_0_1681126353774891032","1","Newspaper","Work WrittenWork PeriodicalLiterature"
"29414811_6_8221428333921653560","2","Genre","MusicGenre Type TopicalConcept GovernmentType"
"84548468_0_5955155464119382182","3","Person",""
"55004961_0_2904467548072189860","0","Country","Place Location PopulatedPlace"
"63450419_0_8012592961815711786","1","Plant","Species Eukaryote"
"39107734_2_2329160387535788734","1","Airport","Place Infrastructure ArchitecturalStructure Location"
"29414811_12_251152470253168163","4","Company","Organisation"
"91959037_0_7907661684242014480","1","VideoGame","Work Software"
"75367212_2_2745466355267233390","1","Company","Organisation"
"84575189_0_6365692015941409487","2","AcademicJournal","Work WrittenWork PeriodicalLiterature"
"14380604_4_3329235705746762392","2","PopulatedPlace","Place Location"
"40534006_0_4617468856744635526","1","Wrestler","Person Athlete"
"29414811_13_8724394428539174350","4","Company","Organisation"
"1438042986423_95_20150728002306-00125-ip-10-236-191-2_88435628_5","0","PoliticalParty","Organisation"
"84548468_0_5955155464119382182","1","Film","Wikidata:Q11424 Work"
"8468806_0_4382447409703007384","2","Country","Place Location PopulatedPlace"
"35188621_0_6058553107571275232","1","Film","Wikidata:Q11424 Work"
"22864497_0_8632623712684511496","0","VideoGame","Work Software"
"1438042989018_40_20150728002309-00067-ip-10-236-191-2_57714692_2","0","Cricketer","Person Athlete"
"14067031_0_559833072073397908","5","City","Settlement Place Location PopulatedPlace"
"29414811_12_251152470253168163","2","Genre","MusicGenre Type TopicalConcept GovernmentType"
"88523363_0_8180214313099580515","2","Eukaryote","Species"
"28086084_0_3127660530989916727","0","Saint","Cleric Person"
"50245608_0_871275842592178099","4","Writer","Person"
"9834884_0_3871985887467090123","1","Museum","Building Place ArchitecturalStructure Location"
"69881946_0_1105130426898457358","1","Film","Wikidata:Q11424 Work"
"25404227_0_2240631045609013057","1","Film","Wikidata:Q11424 Work"
"75367212_2_2745466355267233390","2","Company","Organisation"
"39650055_5_7135804139753401681","1","Company","Organisation"
"29414811_2_4773219892816395776","2","Genre","MusicGenre Type TopicalConcept GovernmentType"
"16767252_0_2409448375013995751","3","Person",""
"71840765_0_6664391841933033844","0","Lake","Place NaturalPlace Location BodyOfWater"
"36102169_0_7739454799295072814","1","Company","Organisation"
"26310680_0_5150772059999313798","0","Country","Place Location PopulatedPlace"
"45073662_0_3179937335063201739","1","BaseballPlayer","Person Athlete"
"11833461_1_3811022039809817402","1","Company","Organisation"
"21245481_0_8730460088443117515","0","AdministrativeRegion","Region Place Location PopulatedPlace"
"53822652_0_5767892317858575530","3","Person",""
"39173938_0_7916056990138658530","1","Film","Wikidata:Q11424 Work"
"8286121_0_8471791395229161598","1","City","Settlement Place Location PopulatedPlace"
"21362676_0_6854186738074119688","3","Person",""
"46671561_0_6122315295162029872","1","Genre","MusicGenre Type TopicalConcept GovernmentType"
"80588006_0_6965325215443683359","1","Newspaper","Work WrittenWork PeriodicalLiterature"
"22864497_0_8632623712684511496","1","Company","Organisation"
"61121469_0_6337620713408906340","0","Country","Place Location PopulatedPlace"
"90196673_0_5458330029110291950","0","Animal","Species Eukaryote"
"53989675_0_8697482470743954630","0","Lake","Place NaturalPlace Location BodyOfWater"
"66009064_0_9148652238372261251","0","BaseballPlayer","Person Athlete"
"55004961_0_2904467548072189860","1","City","Settlement Place Location PopulatedPlace"
"50270082_0_444360818941411589","1","BaseballPlayer","Person Athlete"
"24036779_0_5608105867560183058","0","Country","Place Location PopulatedPlace"
"41336118_0_4331895026409635103","0","Company","Organisation"
"69881946_0_1105130426898457358","3","Person",""
"54719588_0_8417197176086756912","3","Film","Wikidata:Q11424 Work"
"43237185_1_3636357855502246981","2","EducationalInstitution","Organisation"
"9834884_0_3871985887467090123","2","Country","Place Location PopulatedPlace"
"16767252_0_2409448375013995751","1","Film","Wikidata:Q11424 Work"
"61121469_0_6337620713408906340","1","City","Settlement Place Location PopulatedPlace"
"29414811_12_251152470253168163","1","VideoGame","Work Software"
"55238374_0_3379409961751009152","0","Country","Place Location PopulatedPlace"
"41480166_0_6681239260286218499","0","Saint","Cleric Person"
"57943722_0_8666078014685775876","0","Country","Place Location PopulatedPlace"
"38428277_0_1311643810102462607","1","Film","Wikidata:Q11424 Work"
"36102169_0_7739454799295072814","2","VideoGame","Work Software"
"55238374_0_3379409961751009152","1","City","Settlement Place Location PopulatedPlace"
"9567241_0_5666388268510912770","1","Newspaper","Work WrittenWork PeriodicalLiterature"
"69537082_0_7789694313271016902","1","Country","Place Location PopulatedPlace"
"57943722_0_8666078014685775876","1","City","Settlement Place Location PopulatedPlace"
"14067031_0_559833072073397908","0","Country","Place Location PopulatedPlace"
"53822652_0_5767892317858575530","1","Film","Wikidata:Q11424 Work"
"54719588_0_8417197176086756912","5","Person",""
"24036779_0_5608105867560183058","5","GovernmentType","MusicGenre Type Genre TopicalConcept"
"34041816_1_4749054164534706977","1","Airport","Place Infrastructure ArchitecturalStructure Location"
"39173938_0_7916056990138658530","3","Person",""
"54719588_0_8417197176086756912","4","Country","Place Location PopulatedPlace"
"66009064_0_9148652238372261251","2","SportsTeam","Organisation"
"21362676_0_6854186738074119688","1","Film","Wikidata:Q11424 Work"
"39107734_2_2329160387535788734","2","City","Settlement Place Location PopulatedPlace"
"29414811_13_8724394428539174350","1","VideoGame","Work Software"
"75367212_2_2745466355267233390","0","VideoGame","Work Software"
