"TOUGH_WEB_MISSP_drugs_NOISE1_0.0","0","Drug ChemicalSubstance"
"TOUGH_WEB_MISSP_drugs_NOISE1_0.0","1","Organisation Company"
"TOUGH_WEB_MISSP_drugs_NOISE1_0.0","3","Eukaryote Species Animal Insect"
"TOUGH_T2D_SPO_1438042989018_40_20150728002309-00067-ip-10-236-191-2_57714692_2___bowling_NOISE2","0","Group Organisation Band"
"TOUGH_T2D_SPO_1438042989018_40_20150728002309-00067-ip-10-236-191-2_57714692_2___bowling","0","Group Organisation Band"
"TOUGH_T2D_POL_1438042986423_95_20150728002306-00125-ip-10-236-191-2_88435628_5___parties","0","PopulatedPlace Place Settlement Location"
"TOUGH_T2D_POL_1438042986423_95_20150728002306-00125-ip-10-236-191-2_88435628_5___parties_NOISE2","0","Organisation PoliticalParty"
"TOUGH_WEB_MISSP_drugs_NOISE1_0.1","0","Drug ChemicalSubstance"
"TOUGH_WEB_MISSP_drugs_NOISE1_0.1","1","Organisation Company"
"TOUGH_WEB_MISSP_drugs_NOISE1_0.1","3","Eukaryote Species Animal Insect"
"CTRL_WIKI_BUS_largest_private_and_semiprivate_employers","1","Organisation Company"
"CTRL_WIKI_BUS_largest_private_and_semiprivate_employers","2","PopulatedPlace Place Country Location"
"CTRL_WIKI_BUS_largest_private_and_semiprivate_employers_NOISE2","1","Organisation Company"
"CTRL_WIKI_BUS_largest_private_and_semiprivate_employers_NOISE2","2","PopulatedPlace Place Country Location"
"TOUGH_WEB_HOMO_music_artists","0","Work Album MusicalWork"
"TOUGH_WEB_HOMO_music_artists","1","City PopulatedPlace Place Settlement Location"
"TOUGH_WEB_HOMO_music_artists_NOISE2","0","Work Album MusicalWork"
"TOUGH_WEB_HOMO_music_artists_NOISE2","1","City PopulatedPlace Place Settlement Location"
"TOUGH_WEB_MISSP_us_states_NOISE1_0.0","0","AdministrativeRegion Region PopulatedPlace Place Location"
"TOUGH_WEB_MISSP_us_states_NOISE1_0.1","0","AdministrativeRegion Region PopulatedPlace Place Location"
"TOUGH_WEB_HOMO_soccer_players_NOISE2","0","Person SportsManager SoccerManager"
"TOUGH_WEB_HOMO_soccer_players_NOISE2","1","Organisation SportsTeam SoccerClub"
"TOUGH_WEB_HOMO_soccer_players_NOISE2","2","PopulatedPlace Place Country Location"
"TOUGH_WEB_HOMO_soccer_players","0","Work Film Wikidata:Q11424"
"TOUGH_WEB_HOMO_soccer_players","1","Organisation SportsTeam SoccerClub"
"TOUGH_WEB_HOMO_soccer_players","2","PopulatedPlace Place Country Location"
"TOUGH_WEB_MISSP_celebrities_NOISE1_0.0","0","Person"
"TOUGH_WEB_MISSP_celebrities_NOISE1_0.0","1","City PopulatedPlace Place Settlement Location"
"TOUGH_WEB_MISSP_celebrities_NOISE1_0.0","2","PopulatedPlace Place Country Location"
"TOUGH_WEB_MISSP_drugs_NOISE1_0.2","0","Drug ChemicalSubstance"
"TOUGH_WEB_MISSP_drugs_NOISE1_0.2","1","Organisation Company"
"TOUGH_WEB_MISSP_drugs_NOISE1_0.2","3","Eukaryote Species Animal Insect"
"CTRL_WIKI_BUS_largest_employers","0","Organisation Company"
"CTRL_WIKI_BUS_largest_employers","3","PopulatedPlace Place Country Location"
"TOUGH_WEB_MISSP_us_states_NOISE1_0.3","0","AdministrativeRegion Region PopulatedPlace Place Location"
"TOUGH_WEB_MISC_wiki_largest_employers","0","Organisation Company"
"TOUGH_WEB_MISC_wiki_largest_employers","3","PopulatedPlace Place Country Location"
"CTRL_WIKI_BUS_largest_employers_NOISE2","0","Organisation Company"
"CTRL_WIKI_BUS_largest_employers_NOISE2","3","PopulatedPlace Place Country Location"
"TOUGH_WEB_MISSP_us_states_NOISE1_0.5","0","AdministrativeRegion Region PopulatedPlace Place Location"
"TOUGH_WEB_MISC_wiki_largest_employers_NOISE2","0","Organisation Company"
"TOUGH_WEB_MISC_wiki_largest_employers_NOISE2","3","PopulatedPlace Place Country Location"
"TOUGH_T2D_SPO_45073662_0_3179937335063201739___baseball_players","1","BaseballPlayer Person Athlete"
"TOUGH_T2D_SPO_45073662_0_3179937335063201739___baseball_players_NOISE2","1","BaseballPlayer Person Athlete"
"TOUGH_WEB_MISSP_us_states_NOISE1_0.2","0","AdministrativeRegion Region PopulatedPlace Place Location"
"TOUGH_WEB_MISSP_drugs_NOISE1_0.3","0","Drug ChemicalSubstance"
"TOUGH_WEB_MISSP_drugs_NOISE1_0.3","1","Organisation Company"
"TOUGH_WEB_MISSP_drugs_NOISE1_0.3","3","Eukaryote Species Animal Insect"
"TOUGH_WEB_MISSP_us_states_NOISE1_0.4","0","AdministrativeRegion Region PopulatedPlace Place Location"
"TOUGH_WEB_MISSP_us_states_NOISE1_0.7","0","AdministrativeRegion Region PopulatedPlace Place Location"
"TOUGH_WEB_MISSP_us_states_NOISE1_0.6","0","AdministrativeRegion Region PopulatedPlace Place Location"
"TOUGH_WEB_MISSP_us_states_NOISE1_0.8","0","AdministrativeRegion Region PopulatedPlace Place Location"
"TOUGH_WEB_MISSP_drugs_NOISE1_0.4","0","Drug ChemicalSubstance"
"TOUGH_WEB_MISSP_drugs_NOISE1_0.4","1","Organisation Company"
"TOUGH_WEB_MISSP_drugs_NOISE1_0.4","3","Eukaryote Species Animal Insect"
"TOUGH_WEB_MISSP_us_states_NOISE1_0.9","0","AdministrativeRegion Region PopulatedPlace Place Location"
"CTRL_WIKI_SPO_2019_20_premier_league_stadiums_and_locations_NOISE2","0","Organisation SportsTeam SoccerClub"
"CTRL_WIKI_SPO_2019_20_premier_league_stadiums_and_locations_NOISE2","1","City PopulatedPlace Place Settlement Location"
"CTRL_WIKI_SPO_2019_20_premier_league_stadiums_and_locations_NOISE2","2","Venue ArchitecturalStructure Place Location"
"CTRL_WIKI_SPO_2019_20_premier_league_stadiums_and_locations","0","Organisation SportsTeam SoccerClub"
"CTRL_WIKI_SPO_2019_20_premier_league_stadiums_and_locations","1","City PopulatedPlace Place Settlement Location"
"CTRL_WIKI_SPO_2019_20_premier_league_stadiums_and_locations","2","Venue ArchitecturalStructure Place Location"
"TOUGH_WEB_MISSP_drugs_NOISE1_0.5","0","Drug ChemicalSubstance"
"TOUGH_WEB_MISSP_drugs_NOISE1_0.5","1","Organisation Company"
"TOUGH_WEB_MISSP_drugs_NOISE1_0.5","3","Eukaryote Species Animal Insect"
"TOUGH_WEB_MISSP_drugs_NOISE1_0.6","0","Drug ChemicalSubstance"
"TOUGH_WEB_MISSP_drugs_NOISE1_0.6","1","Organisation Company"
"TOUGH_WEB_MISSP_drugs_NOISE1_0.6","3","Eukaryote Species Animal Insect"
"CTRL_WIKI_SPO_serie_a_2019_20_members_NOISE2","0","Organisation SportsTeam SoccerClub"
"CTRL_WIKI_SPO_serie_a_2019_20_members_NOISE2","1","PopulatedPlace Place Settlement Location"
"CTRL_WIKI_SPO_serie_a_2019_20_members_NOISE2","2","SportFacility Stadium Arena ArchitecturalStructure Place Location"
"CTRL_WIKI_SPO_serie_a_2019_20_members","0","Organisation SportsTeam SoccerClub"
"CTRL_WIKI_SPO_serie_a_2019_20_members","1","PopulatedPlace Place Settlement Location"
"CTRL_WIKI_SPO_serie_a_2019_20_members","2","SportFacility Stadium Arena ArchitecturalStructure Place Location"
"TOUGH_T2D_BUS_14380604_4_3329235705746762392___company_revenue","1","Organisation Bank Company"
"TOUGH_T2D_BUS_14380604_4_3329235705746762392___company_revenue","2","Work Album MusicalWork"
"TOUGH_T2D_BUS_14380604_4_3329235705746762392___company_revenue","3","Organisation Company"
"TOUGH_T2D_BUS_14380604_4_3329235705746762392___company_revenue_NOISE2","1","Organisation Company"
"TOUGH_T2D_BUS_14380604_4_3329235705746762392___company_revenue_NOISE2","2","PopulatedPlace Place Country Location"
"TOUGH_T2D_BUS_14380604_4_3329235705746762392___company_revenue_NOISE2","3","Organisation Company"
"TOUGH_WEB_MISSP_drugs_NOISE1_0.7","0","Drug ChemicalSubstance"
"TOUGH_WEB_MISSP_drugs_NOISE1_0.7","1","Organisation Company"
"TOUGH_WEB_MISSP_drugs_NOISE1_0.7","3","Eukaryote Species Animal Insect"
"CTRL_WIKI_SPO_2019_20_premier_league_personnel_and_kits","0","Organisation SportsTeam SoccerClub"
"CTRL_WIKI_SPO_2019_20_premier_league_personnel_and_kits","1","Person SportsManager SoccerManager"
"CTRL_WIKI_SPO_2019_20_premier_league_personnel_and_kits","2","SoccerPlayer Athlete Person"
"CTRL_WIKI_SPO_2019_20_premier_league_personnel_and_kits","3","Organisation Company"
"CTRL_WIKI_SPO_2019_20_premier_league_personnel_and_kits","4","Organisation Company"
"CTRL_WIKI_SPO_2019_20_premier_league_personnel_and_kits","5","Organisation Company"
"CTRL_WIKI_SPO_2019_20_premier_league_personnel_and_kits_NOISE2","0","Organisation SportsTeam SoccerClub"
"CTRL_WIKI_SPO_2019_20_premier_league_personnel_and_kits_NOISE2","1","Person SportsManager SoccerManager"
"CTRL_WIKI_SPO_2019_20_premier_league_personnel_and_kits_NOISE2","2","SoccerPlayer Athlete Person"
"CTRL_WIKI_SPO_2019_20_premier_league_personnel_and_kits_NOISE2","3","Organisation Company"
"CTRL_WIKI_SPO_2019_20_premier_league_personnel_and_kits_NOISE2","4","Organisation Company"
"CTRL_WIKI_SPO_2019_20_premier_league_personnel_and_kits_NOISE2","5","Organisation Company"
"TOUGH_WEB_MISC_wiki_2019_20_premier_league_personnel_and_kits","0","Organisation SportsTeam SoccerClub"
"TOUGH_WEB_MISC_wiki_2019_20_premier_league_personnel_and_kits","1","Person SportsManager SoccerManager"
"TOUGH_WEB_MISC_wiki_2019_20_premier_league_personnel_and_kits","2","SoccerPlayer Athlete Person"
"TOUGH_WEB_MISC_wiki_2019_20_premier_league_personnel_and_kits","3","Organisation Company"
"TOUGH_WEB_MISC_wiki_2019_20_premier_league_personnel_and_kits","4","Organisation Company"
"TOUGH_WEB_MISC_wiki_2019_20_premier_league_personnel_and_kits","5","Organisation Company"
"TOUGH_WEB_MISSP_drugs_NOISE1_0.8","0","Drug ChemicalSubstance"
"TOUGH_WEB_MISSP_drugs_NOISE1_0.8","1","Organisation Company"
"TOUGH_WEB_MISSP_drugs_NOISE1_0.8","3","Eukaryote Species Animal Insect"
"TOUGH_WEB_MISSP_drugs_NOISE1_0.9","0","Drug ChemicalSubstance"
"TOUGH_WEB_MISSP_drugs_NOISE1_0.9","1","Organisation Company"
"TOUGH_WEB_MISSP_drugs_NOISE1_0.9","3","Eukaryote Species Animal Insect"
"TOUGH_WEB_MISC_wiki_2019_20_premier_league_personnel_and_kits_NOISE2","0","Organisation SportsTeam SoccerClub"
"TOUGH_WEB_MISC_wiki_2019_20_premier_league_personnel_and_kits_NOISE2","1","Person SportsManager SoccerManager"
"TOUGH_WEB_MISC_wiki_2019_20_premier_league_personnel_and_kits_NOISE2","2","SoccerPlayer Athlete Person"
"TOUGH_WEB_MISC_wiki_2019_20_premier_league_personnel_and_kits_NOISE2","3","Organisation Company"
"TOUGH_WEB_MISC_wiki_2019_20_premier_league_personnel_and_kits_NOISE2","4","Organisation Company"
"TOUGH_WEB_MISC_wiki_2019_20_premier_league_personnel_and_kits_NOISE2","5","Organisation Company"
"CTRL_WIKI_MUS_best_selling_girl_groups_worldwide","0","Group Organisation Band"
"CTRL_WIKI_MUS_best_selling_girl_groups_worldwide","1","PopulatedPlace Place Country Location"
"CTRL_WIKI_MUS_best_selling_girl_groups_worldwide","4","MusicGenre GovernmentType TopicalConcept Genre Type"
"TOUGH_WEB_MISSP_us_states","0","AdministrativeRegion Region PopulatedPlace Place Location"
"TOUGH_WEB_MISSP_us_states","1","AdministrativeRegion Region PopulatedPlace Place Location"
"TOUGH_WEB_MISSP_us_states_NOISE2","0","AdministrativeRegion Region PopulatedPlace Place Location"
"TOUGH_WEB_MISSP_us_states_NOISE2","1","AdministrativeRegion Region PopulatedPlace Place Location"
"CTRL_WIKI_MUS_best_selling_girl_groups_worldwide_NOISE2","0","Group Organisation Band"
"CTRL_WIKI_MUS_best_selling_girl_groups_worldwide_NOISE2","1","PopulatedPlace Place Country Location"
"CTRL_WIKI_MUS_best_selling_girl_groups_worldwide_NOISE2","4","MusicGenre GovernmentType TopicalConcept Genre Type"
"CTRL_WIKI_GEO_member_states_united_nations","0","PopulatedPlace Place Country Location"
"CTRL_WIKI_GEO_member_states_united_nations","1","City PopulatedPlace Place Settlement Location"
"CTRL_WIKI_GEO_member_states_united_nations","3","City PopulatedPlace Place Settlement Location"
"CTRL_WIKI_GEO_member_states_united_nations_NOISE2","0","PopulatedPlace Place Country Location"
"CTRL_WIKI_GEO_member_states_united_nations_NOISE2","1","City PopulatedPlace Place Settlement Location"
"CTRL_WIKI_GEO_member_states_united_nations_NOISE2","3","City PopulatedPlace Place Settlement Location"
"TOUGH_WEB_MISC_wiki_best_selling_girl_groups_worldwide","0","Group Organisation Band"
"TOUGH_WEB_MISC_wiki_best_selling_girl_groups_worldwide","1","PopulatedPlace Place Country Location"
"TOUGH_WEB_MISC_wiki_best_selling_girl_groups_worldwide","4","MusicGenre GovernmentType TopicalConcept Genre Type"
"TOUGH_WEB_MISC_wiki_best_selling_girl_groups_worldwide_NOISE2","0","Group Organisation Band"
"TOUGH_WEB_MISC_wiki_best_selling_girl_groups_worldwide_NOISE2","1","PopulatedPlace Place Country Location"
"TOUGH_WEB_MISC_wiki_best_selling_girl_groups_worldwide_NOISE2","4","MusicGenre GovernmentType TopicalConcept Genre Type"
"TOUGH_WEB_MISSP_drugs","0","Drug ChemicalSubstance"
"TOUGH_WEB_MISSP_drugs","1","Drug ChemicalSubstance"
"TOUGH_WEB_MISSP_drugs","2","Organisation Company"
"TOUGH_WEB_MISSP_drugs","4","Eukaryote Species Animal Insect"
"TOUGH_WEB_MISSP_drugs_NOISE2","0","Drug ChemicalSubstance"
"TOUGH_WEB_MISSP_drugs_NOISE2","1","Drug ChemicalSubstance"
"TOUGH_WEB_MISSP_drugs_NOISE2","2","Organisation Company"
"TOUGH_WEB_MISSP_drugs_NOISE2","4","Eukaryote Species Animal Insect"
"CTRL_WIKI_MUS_best_selling_music_artists_250_million_or_more_records_NOISE2","0","Person"
"CTRL_WIKI_MUS_best_selling_music_artists_250_million_or_more_records_NOISE2","1","PopulatedPlace Place Country Location"
"CTRL_WIKI_MUS_best_selling_music_artists_250_million_or_more_records_NOISE2","4","MusicGenre GovernmentType TopicalConcept Genre Type"
"CTRL_WIKI_MUS_best_selling_music_artists_250_million_or_more_records","0","Person"
"CTRL_WIKI_MUS_best_selling_music_artists_250_million_or_more_records","1","PopulatedPlace Place Country Location"
"CTRL_WIKI_MUS_best_selling_music_artists_250_million_or_more_records","4","MusicGenre GovernmentType TopicalConcept Genre Type"
"CTRL_WIKI_POL_List_of_political_parties_in_the_United_States_Third_Parties","0","Organisation PoliticalParty"
"CTRL_WIKI_POL_List_of_political_parties_in_the_United_States_Third_Parties","1","Organisation"
"TOUGH_T2D_BUS_29414811_2_4773219892816395776___videogames_developers","1","Work VideoGame Software"
"TOUGH_T2D_BUS_29414811_2_4773219892816395776___videogames_developers","2","Group Organisation Band"
"TOUGH_T2D_BUS_29414811_2_4773219892816395776___videogames_developers","3","InformationAppliance Device"
"TOUGH_T2D_BUS_29414811_2_4773219892816395776___videogames_developers","4","Organisation Company"
"TOUGH_T2D_BUS_29414811_2_4773219892816395776___videogames_developers_NOISE2","1","Work VideoGame Software"
"TOUGH_T2D_BUS_29414811_2_4773219892816395776___videogames_developers_NOISE2","2","Group Organisation Band"
"TOUGH_T2D_BUS_29414811_2_4773219892816395776___videogames_developers_NOISE2","3","InformationAppliance Device"
"TOUGH_T2D_BUS_29414811_2_4773219892816395776___videogames_developers_NOISE2","4","Organisation Company"
"TOUGH_T2D_BUS_39650055_5_7135804139753401681___brands_NOISE2","1","Organisation Company"
"TOUGH_T2D_BUS_39650055_5_7135804139753401681___brands_NOISE2","3","Work Film Wikidata:Q11424"
"CTRL_WIKI_POL_List_of_political_parties_in_the_United_States_Third_Parties_NOISE2","0","Organisation PoliticalParty"
"CTRL_WIKI_POL_List_of_political_parties_in_the_United_States_Third_Parties_NOISE2","1","Organisation"
"TOUGH_T2D_BUS_39650055_5_7135804139753401681___brands","1","Organisation Company"
"TOUGH_T2D_BUS_39650055_5_7135804139753401681___brands","3","Work Film Wikidata:Q11424"
"CTRL_WIKI_BUS_largest_companies_by_revenue_NOISE2","1","Organisation Company"
"CTRL_WIKI_BUS_largest_companies_by_revenue_NOISE2","2","Organisation Company"
"CTRL_WIKI_BUS_largest_companies_by_revenue_NOISE2","6","PopulatedPlace Place Country Location"
"CTRL_WIKI_BUS_largest_companies_by_revenue","1","Organisation Company"
"CTRL_WIKI_BUS_largest_companies_by_revenue","2","Organisation Company"
"CTRL_WIKI_BUS_largest_companies_by_revenue","6","PopulatedPlace Place Country Location"
"TOUGH_WEB_MISC_wiki_best_selling_music_artists_250_million_or_more_records","0","Person"
"TOUGH_WEB_MISC_wiki_best_selling_music_artists_250_million_or_more_records","1","PopulatedPlace Place Country Location"
"TOUGH_WEB_MISC_wiki_best_selling_music_artists_250_million_or_more_records","4","MusicGenre GovernmentType TopicalConcept Genre Type"
"TOUGH_WEB_MISC_wiki_best_selling_music_artists_250_million_or_more_records_NOISE2","0","Work Album MusicalWork"
"TOUGH_WEB_MISC_wiki_best_selling_music_artists_250_million_or_more_records_NOISE2","1","PopulatedPlace Place Country Location"
"TOUGH_WEB_MISC_wiki_best_selling_music_artists_250_million_or_more_records_NOISE2","4","MusicGenre GovernmentType TopicalConcept Genre Type"
"TOUGH_WEB_MISC_wiki_largest_companies_by_revenue","1","Organisation Company"
"TOUGH_WEB_MISC_wiki_largest_companies_by_revenue","2","Organisation Company"
"TOUGH_WEB_MISC_wiki_largest_companies_by_revenue","6","PopulatedPlace Place Country Location"
"TOUGH_WEB_MISC_wiki_largest_companies_by_revenue_NOISE2","1","Organisation Company"
"TOUGH_WEB_MISC_wiki_largest_companies_by_revenue_NOISE2","2","Organisation Company"
"TOUGH_WEB_MISC_wiki_largest_companies_by_revenue_NOISE2","6","PopulatedPlace Place Country Location"
"TOUGH_WEB_MISC_wiki_list_of_political_parties_in_the_United_States_Third_Parties","0","Organisation PoliticalParty"
"TOUGH_WEB_MISC_wiki_list_of_political_parties_in_the_United_States_Third_Parties","1","Organisation"
"TOUGH_DBP_HOMO_athletes_in_clubs","0","SoccerPlayer Athlete Person"
"TOUGH_DBP_HOMO_athletes_in_clubs","1","Organisation SportsTeam SoccerClub"
"TOUGH_DBP_HOMO_SORTED_athletes_in_clubs","0","SoccerPlayer Athlete Person"
"TOUGH_DBP_HOMO_SORTED_athletes_in_clubs","1","Organisation SportsTeam SoccerClub"
"TOUGH_WEB_MISC_wiki_list_of_political_parties_in_the_United_States_Third_Parties_NOISE2","0","Organisation PoliticalParty"
"TOUGH_WEB_MISC_wiki_list_of_political_parties_in_the_United_States_Third_Parties_NOISE2","1","Organisation"
"TOUGH_DBP_HOMO_SORTED_athletes_in_clubs_NOISE2","0","SoccerPlayer Athlete Person"
"TOUGH_DBP_HOMO_SORTED_athletes_in_clubs_NOISE2","1","Organisation SportsTeam SoccerClub"
"TOUGH_DBP_HOMO_athletes_in_clubs_NOISE2","0","SoccerPlayer Athlete Person"
"TOUGH_DBP_HOMO_athletes_in_clubs_NOISE2","1","Organisation SportsTeam SoccerClub"
"TOUGH_T2D_GEO_39107734_2_2329160387535788734___airports","1","Infrastructure Airport ArchitecturalStructure Place Location"
"TOUGH_T2D_GEO_39107734_2_2329160387535788734___airports","2","City PopulatedPlace Place Settlement Location"
"TOUGH_DBP_HOMO_players_in_clubs_NOISE2","0","SoccerPlayer Athlete Person"
"TOUGH_DBP_HOMO_players_in_clubs_NOISE2","1","Organisation SportsTeam SoccerClub"
"TOUGH_T2D_GEO_39107734_2_2329160387535788734___airports_NOISE2","1","Infrastructure Airport ArchitecturalStructure Place Location"
"TOUGH_T2D_GEO_39107734_2_2329160387535788734___airports_NOISE2","2","City PopulatedPlace Place Settlement Location"
"TOUGH_DBP_HOMO_players_in_clubs","0","SoccerPlayer Athlete Person"
"TOUGH_DBP_HOMO_players_in_clubs","1","Organisation SportsTeam SoccerClub"
"CTRL_WIKI_POL_List_of_current_monarchs_of_sovereign_states","0","PopulatedPlace Place Country Location"
"CTRL_WIKI_POL_List_of_current_monarchs_of_sovereign_states","1","Royalty Person"
"CTRL_WIKI_POL_List_of_current_monarchs_of_sovereign_states","4","Royalty Person"
"CTRL_WIKI_POL_List_of_current_monarchs_of_sovereign_states","5","Work Album MusicalWork"
"CTRL_WIKI_POL_List_of_current_monarchs_of_sovereign_states","6","Royalty Person"
"TOUGH_DBP_HOMO_people_in_places_world_NOISE2","0","SoccerPlayer Athlete Person"
"TOUGH_DBP_HOMO_people_in_places_world_NOISE2","2","City PopulatedPlace Place Settlement Location"
"TOUGH_DBP_HOMO_people_in_places_world_NOISE2","3","AdministrativeRegion Region PopulatedPlace Place Location"
"TOUGH_DBP_HOMO_people_in_places_world_NOISE2","4","PopulatedPlace Place Country Location"
"TOUGH_DBP_HOMO_people_in_places_world","0","SoccerPlayer Athlete Person"
"TOUGH_DBP_HOMO_people_in_places_world","2","City PopulatedPlace Place Settlement Location"
"TOUGH_DBP_HOMO_people_in_places_world","3","AdministrativeRegion Region PopulatedPlace Place Location"
"TOUGH_DBP_HOMO_people_in_places_world","4","PopulatedPlace Place Country Location"
"CTRL_WIKI_POL_List_of_current_monarchs_of_sovereign_states_NOISE2","0","PopulatedPlace Place Country Location"
"CTRL_WIKI_POL_List_of_current_monarchs_of_sovereign_states_NOISE2","1","Royalty Person"
"CTRL_WIKI_POL_List_of_current_monarchs_of_sovereign_states_NOISE2","4","Royalty Person"
"CTRL_WIKI_POL_List_of_current_monarchs_of_sovereign_states_NOISE2","5","Building ArchitecturalStructure Place Location"
"CTRL_WIKI_POL_List_of_current_monarchs_of_sovereign_states_NOISE2","6","Royalty Person"
"TOUGH_T2D_GEO_14067031_0_559833072073397908___african_state_capital_currency","0","PopulatedPlace Place Country Location"
"TOUGH_T2D_GEO_14067031_0_559833072073397908___african_state_capital_currency","1","Language"
"TOUGH_T2D_GEO_14067031_0_559833072073397908___african_state_capital_currency","5","PopulatedPlace Place Settlement Location"
"TOUGH_T2D_GEO_14067031_0_559833072073397908___african_state_capital_currency","7","Currency"
"TOUGH_T2D_GEO_14067031_0_559833072073397908___african_state_capital_currency_NOISE2","0","PopulatedPlace Place Country Location"
"TOUGH_T2D_GEO_14067031_0_559833072073397908___african_state_capital_currency_NOISE2","1","Language"
"TOUGH_T2D_GEO_14067031_0_559833072073397908___african_state_capital_currency_NOISE2","5","PopulatedPlace Place Settlement Location"
"TOUGH_T2D_GEO_14067031_0_559833072073397908___african_state_capital_currency_NOISE2","7","Currency"
"CTRL_DBP_POL_roman_emperors","0","Royalty Person"
"CTRL_DBP_POL_roman_emperors","2","Royalty Person"
"CTRL_DBP_POL_roman_emperors","3","Royalty Person"
"CTRL_DBP_POL_roman_emperors_NOISE2","0","Royalty Person"
"CTRL_DBP_POL_roman_emperors_NOISE2","2","Royalty Person"
"CTRL_DBP_POL_roman_emperors_NOISE2","3","Royalty Person"
"TOUGH_WEB_HOMO_cities_world","0","PopulatedPlace Place Country Location"
"TOUGH_WEB_HOMO_cities_world","1","AdministrativeRegion Region PopulatedPlace Place Location"
"TOUGH_WEB_HOMO_cities_world","2","City PopulatedPlace Place Settlement Location"
"TOUGH_WEB_HOMO_cities_world_NOISE2","0","PopulatedPlace Place Country Location"
"TOUGH_WEB_HOMO_cities_world_NOISE2","1","AdministrativeRegion Region PopulatedPlace Place Location"
"TOUGH_WEB_HOMO_cities_world_NOISE2","2","City PopulatedPlace Place Settlement Location"
"TOUGH_WEB_HOMO_cities_us_NOISE2","0","PopulatedPlace Place Country Location"
"TOUGH_WEB_HOMO_cities_us_NOISE2","1","AdministrativeRegion Region PopulatedPlace Place Location"
"TOUGH_WEB_HOMO_cities_us_NOISE2","2","City PopulatedPlace Place Settlement Location"
"TOUGH_WEB_HOMO_cities_us","0","PopulatedPlace Place Country Location"
"TOUGH_WEB_HOMO_cities_us","1","AdministrativeRegion Region PopulatedPlace Place Location"
"TOUGH_WEB_HOMO_cities_us","2","City PopulatedPlace Place Settlement Location"
"TOUGH_WEB_MISC_wiki_list_of_current_monarchs_of_sovereign_states_NOISE2","0","PopulatedPlace Place Country Location"
"TOUGH_WEB_MISC_wiki_list_of_current_monarchs_of_sovereign_states_NOISE2","1","Royalty Person"
"TOUGH_WEB_MISC_wiki_list_of_current_monarchs_of_sovereign_states_NOISE2","4","Royalty Person"
"TOUGH_WEB_MISC_wiki_list_of_current_monarchs_of_sovereign_states_NOISE2","5","Work Album MusicalWork"
"TOUGH_WEB_MISC_wiki_list_of_current_monarchs_of_sovereign_states_NOISE2","6","Royalty Person"
"TOUGH_WEB_MISC_wiki_list_of_current_monarchs_of_sovereign_states","0","PopulatedPlace Place Country Location"
"TOUGH_WEB_MISC_wiki_list_of_current_monarchs_of_sovereign_states","1","Royalty Person"
"TOUGH_WEB_MISC_wiki_list_of_current_monarchs_of_sovereign_states","4","Royalty Person"
"TOUGH_WEB_MISC_wiki_list_of_current_monarchs_of_sovereign_states","5","Work Album MusicalWork"
"TOUGH_WEB_MISC_wiki_list_of_current_monarchs_of_sovereign_states","6","Royalty Person"
"CTRL_WIKI_GEO_list_of_lakes_by_area","1","BodyOfWater Place Lake Location NaturalPlace"
"CTRL_WIKI_GEO_list_of_lakes_by_area","2","PopulatedPlace Place Country Location"
"CTRL_WIKI_GEO_list_of_lakes_by_area_NOISE2","1","BodyOfWater Place Lake Location NaturalPlace"
"CTRL_WIKI_GEO_list_of_lakes_by_area_NOISE2","2","PopulatedPlace Place Country Location"
"CTRL_DBP_GEO_european_countries_capital_populated_cities_NOISE2","0","PopulatedPlace Place Country Location"
"CTRL_DBP_GEO_european_countries_capital_populated_cities_NOISE2","1","City PopulatedPlace Place Settlement Location"
"CTRL_DBP_GEO_european_countries_capital_populated_cities_NOISE2","2","City PopulatedPlace Place Settlement Location"
"TOUGH_T2D_POL_24036779_0_5608105867560183058___country_governments","0","PopulatedPlace Place Country Location"
"TOUGH_T2D_POL_24036779_0_5608105867560183058___country_governments","5","Organisation PoliticalParty"
"CTRL_DBP_GEO_european_countries_capital_populated_cities","0","PopulatedPlace Place Country Location"
"CTRL_DBP_GEO_european_countries_capital_populated_cities","1","City PopulatedPlace Place Settlement Location"
"CTRL_DBP_GEO_european_countries_capital_populated_cities","2","City PopulatedPlace Place Settlement Location"
"TOUGH_T2D_GEO_21245481_0_8730460088443117515___lakes","0","AdministrativeRegion Region PopulatedPlace Place Location"
"TOUGH_T2D_GEO_21245481_0_8730460088443117515___lakes","1","BodyOfWater Place Lake Location NaturalPlace"
"TOUGH_T2D_POL_24036779_0_5608105867560183058___country_governments_NOISE2","0","PopulatedPlace Place Country Location"
"TOUGH_T2D_POL_24036779_0_5608105867560183058___country_governments_NOISE2","5","Organisation PoliticalParty"
"TOUGH_T2D_GEO_21245481_0_8730460088443117515___lakes_NOISE2","0","AdministrativeRegion Region PopulatedPlace Place Location"
"TOUGH_T2D_GEO_21245481_0_8730460088443117515___lakes_NOISE2","1","BodyOfWater Place Lake Location NaturalPlace"
"TOUGH_WEB_MISC_wiki_list_of_lakes_by_area","1","BodyOfWater Place Lake Location NaturalPlace"
"TOUGH_WEB_MISC_wiki_list_of_lakes_by_area","2","PopulatedPlace Place Country Location"
"CTRL_WIKI_POL_presidents_of_the_us_NOISE2","0","Year TimePeriod Holiday"
"CTRL_WIKI_POL_presidents_of_the_us_NOISE2","2","OfficeHolder Person"
"CTRL_WIKI_POL_presidents_of_the_us_NOISE2","3","OfficeHolder Person"
"CTRL_WIKI_POL_presidents_of_the_us_NOISE2","4","Organisation PoliticalParty"
"CTRL_WIKI_POL_presidents_of_the_us_NOISE2","5","Year TimePeriod Holiday"
"CTRL_WIKI_POL_presidents_of_the_us_NOISE2","6","OfficeHolder Person"
"CTRL_WIKI_POL_presidents_of_the_us","0","Year TimePeriod Holiday"
"CTRL_WIKI_POL_presidents_of_the_us","2","OfficeHolder Person"
"CTRL_WIKI_POL_presidents_of_the_us","3","OfficeHolder Person"
"CTRL_WIKI_POL_presidents_of_the_us","4","Organisation PoliticalParty"
"CTRL_WIKI_POL_presidents_of_the_us","5","Year TimePeriod Holiday"
"CTRL_WIKI_POL_presidents_of_the_us","6","OfficeHolder Person"
"TOUGH_WEB_MISC_wiki_list_of_lakes_by_area_NOISE2","1","BodyOfWater Place Lake Location NaturalPlace"
"TOUGH_WEB_MISC_wiki_list_of_lakes_by_area_NOISE2","2","PopulatedPlace Place Country Location"
"TOUGH_WEB_MISC_wiki_presidents_of_the_us","0","Year TimePeriod Holiday"
"TOUGH_WEB_MISC_wiki_presidents_of_the_us","2","OfficeHolder Person"
"TOUGH_WEB_MISC_wiki_presidents_of_the_us","3","OfficeHolder Person"
"TOUGH_WEB_MISC_wiki_presidents_of_the_us","4","Organisation PoliticalParty"
"TOUGH_WEB_MISC_wiki_presidents_of_the_us","5","Year TimePeriod Holiday"
"TOUGH_WEB_MISC_wiki_presidents_of_the_us","6","OfficeHolder Person"
"CTRL_DBP_POL_italian_merged_parties","0","Organisation PoliticalParty"
"CTRL_DBP_POL_italian_merged_parties","1","Organisation PoliticalParty"
"CTRL_DBP_POL_italian_merged_parties","2","Organisation PoliticalParty"
"CTRL_DBP_POL_italian_merged_parties","3","Organisation PoliticalParty"
"TOUGH_WEB_MISC_wiki_presidents_of_the_us_NOISE2","0","Year TimePeriod Holiday"
"TOUGH_WEB_MISC_wiki_presidents_of_the_us_NOISE2","2","OfficeHolder Person"
"TOUGH_WEB_MISC_wiki_presidents_of_the_us_NOISE2","3","OfficeHolder Person"
"TOUGH_WEB_MISC_wiki_presidents_of_the_us_NOISE2","4","Organisation PoliticalParty"
"TOUGH_WEB_MISC_wiki_presidents_of_the_us_NOISE2","5","Year TimePeriod Holiday"
"TOUGH_WEB_MISC_wiki_presidents_of_the_us_NOISE2","6","OfficeHolder Person"
"TOUGH_T2D_SPO_66009064_0_9148652238372261251___baseball_players_and_teams_NOISE2","0","BaseballPlayer Person Athlete"
"TOUGH_T2D_SPO_66009064_0_9148652238372261251___baseball_players_and_teams_NOISE2","2","Work Album MusicalWork"
"CTRL_DBP_POL_italian_merged_parties_NOISE2","0","Organisation PoliticalParty"
"CTRL_DBP_POL_italian_merged_parties_NOISE2","1","Organisation PoliticalParty"
"CTRL_DBP_POL_italian_merged_parties_NOISE2","2","Organisation PoliticalParty"
"CTRL_DBP_POL_italian_merged_parties_NOISE2","3","Organisation PoliticalParty"
"TOUGH_T2D_SPO_66009064_0_9148652238372261251___baseball_players_and_teams","0","BaseballPlayer Person Athlete"
"TOUGH_T2D_SPO_66009064_0_9148652238372261251___baseball_players_and_teams","2","Work Album MusicalWork"
"CTRL_WIKI_GEO_countries_capital_largest_cities_NOISE2","0","PopulatedPlace Place Country Location"
"CTRL_WIKI_GEO_countries_capital_largest_cities_NOISE2","1","PopulatedPlace Place Settlement Location"
"CTRL_WIKI_GEO_countries_capital_largest_cities_NOISE2","2","City PopulatedPlace Place Settlement Location"
"CTRL_WIKI_GEO_countries_capital_largest_cities_NOISE2","3","PopulatedPlace Place Settlement Location"
"CTRL_WIKI_GEO_countries_capital_largest_cities","0","PopulatedPlace Place Country Location"
"CTRL_WIKI_GEO_countries_capital_largest_cities","1","PopulatedPlace Place Settlement Location"
"CTRL_WIKI_GEO_countries_capital_largest_cities","2","City PopulatedPlace Place Settlement Location"
"CTRL_WIKI_GEO_countries_capital_largest_cities","3","PopulatedPlace Place Settlement Location"
"TOUGH_WEB_HOMO_cities_NOISE2","0","PopulatedPlace Place Country Location"
"TOUGH_WEB_HOMO_cities_NOISE2","1","AdministrativeRegion Region PopulatedPlace Place Location"
"TOUGH_WEB_HOMO_cities_NOISE2","2","City PopulatedPlace Place Settlement Location"
"TOUGH_WEB_HOMO_cities","0","PopulatedPlace Place Country Location"
"TOUGH_WEB_HOMO_cities","1","AdministrativeRegion Region PopulatedPlace Place Location"
"TOUGH_WEB_HOMO_cities","2","City PopulatedPlace Place Settlement Location"
"CTRL_DBP_BUS_european_company_high_revenues_NOISE2","0","Work Album MusicalWork"
"CTRL_DBP_BUS_european_company_high_revenues_NOISE2","1","Organisation Company"
"CTRL_DBP_BUS_european_company_high_revenues_NOISE2","2","Organisation Company"
"CTRL_DBP_BUS_european_company_high_revenues_NOISE2","3","PopulatedPlace Place Settlement Location"
"CTRL_DBP_BUS_european_company_high_revenues_NOISE2","5","PopulatedPlace Place Country Location"
"CTRL_DBP_BUS_european_company_high_revenues","0","Work Album MusicalWork"
"CTRL_DBP_BUS_european_company_high_revenues","1","Organisation Company"
"CTRL_DBP_BUS_european_company_high_revenues","2","Organisation Company"
"CTRL_DBP_BUS_european_company_high_revenues","3","PopulatedPlace Place Settlement Location"
"CTRL_DBP_BUS_european_company_high_revenues","5","PopulatedPlace Place Country Location"
"TOUGH_WEB_MISC_wiki_countries_capital_largest_cities","0","PopulatedPlace Place Country Location"
"TOUGH_WEB_MISC_wiki_countries_capital_largest_cities","1","PopulatedPlace Place Settlement Location"
"TOUGH_WEB_MISC_wiki_countries_capital_largest_cities","2","City PopulatedPlace Place Settlement Location"
"TOUGH_WEB_MISC_wiki_countries_capital_largest_cities","3","PopulatedPlace Place Settlement Location"
"TOUGH_WEB_MISC_wiki_countries_capital_largest_cities_NOISE2","0","PopulatedPlace Place Country Location"
"TOUGH_WEB_MISC_wiki_countries_capital_largest_cities_NOISE2","1","PopulatedPlace Place Settlement Location"
"TOUGH_WEB_MISC_wiki_countries_capital_largest_cities_NOISE2","2","PopulatedPlace Place Settlement Location"
"TOUGH_WEB_MISC_wiki_countries_capital_largest_cities_NOISE2","3","PopulatedPlace Place Settlement Location"
"TOUGH_WEB_MISSP_1000_us_cities_NOISE1_0.0","0","Infrastructure Station ArchitecturalStructure Place Location"
"TOUGH_WEB_MISSP_1000_us_cities_NOISE1_0.0","1","AdministrativeRegion Region PopulatedPlace Place Location"
"TOUGH_WEB_MISSP_1000_us_cities_NOISE1_0.1","0","City PopulatedPlace Place Settlement Location"
"TOUGH_WEB_MISSP_1000_us_cities_NOISE1_0.1","1","AdministrativeRegion Region PopulatedPlace Place Location"
"TOUGH_WEB_MISSP_1000_us_cities_NOISE1_0.2","0","City PopulatedPlace Place Settlement Location"
"TOUGH_WEB_MISSP_1000_us_cities_NOISE1_0.2","1","AdministrativeRegion Region PopulatedPlace Place Location"
"TOUGH_WEB_MISSP_1000_us_cities_NOISE1_0.3","0","City PopulatedPlace Place Settlement Location"
"TOUGH_WEB_MISSP_1000_us_cities_NOISE1_0.3","1","AdministrativeRegion Region PopulatedPlace Place Location"
"CTRL_DBP_SPO_NBA_players","0","Person Athlete BasketballPlayer"
"CTRL_DBP_SPO_NBA_players","2","Organisation SportsTeam BasketballTeam"
"CTRL_DBP_SPO_NBA_players","3","Eukaryote Species Plant"
"CTRL_DBP_SPO_NBA_players_NOISE2","0","Person Athlete BasketballPlayer"
"CTRL_DBP_SPO_NBA_players_NOISE2","2","Organisation SportsTeam BasketballTeam"
"CTRL_DBP_SPO_NBA_players_NOISE2","3","Eukaryote Species Plant"
"CTRL_DBP_BUS_automobile_manufacturer","0","Organisation Company"
"CTRL_DBP_BUS_automobile_manufacturer","1","PopulatedPlace Place Country Location"
"CTRL_DBP_BUS_automobile_manufacturer","2","Automobile Aircraft MeanOfTransportation MilitaryVehicle Locomotive Ship"
"CTRL_DBP_BUS_automobile_manufacturer","3","PopulatedPlace Place Settlement Location"
"CTRL_DBP_BUS_automobile_manufacturer_NOISE2","0","Organisation Company"
"CTRL_DBP_BUS_automobile_manufacturer_NOISE2","1","PopulatedPlace Place Country Location"
"CTRL_DBP_BUS_automobile_manufacturer_NOISE2","2","Automobile Aircraft MeanOfTransportation MilitaryVehicle Locomotive Ship"
"CTRL_DBP_BUS_automobile_manufacturer_NOISE2","3","PopulatedPlace Place Settlement Location"
"TOUGH_WEB_HOMO_basketball_players","0","Work Film Wikidata:Q11424"
"TOUGH_WEB_HOMO_basketball_players","1","Organisation SportsTeam BasketballTeam"
"TOUGH_WEB_HOMO_basketball_players","2","City PopulatedPlace Place Settlement Location"
"TOUGH_WEB_HOMO_basketball_players_NOISE2","0","Work Film Wikidata:Q11424"
"TOUGH_WEB_HOMO_basketball_players_NOISE2","1","Organisation SportsTeam BasketballTeam"
"TOUGH_WEB_HOMO_basketball_players_NOISE2","2","City PopulatedPlace Place Settlement Location"
"TOUGH_WEB_MISSP_1000_us_cities_NOISE1_0.4","0","City PopulatedPlace Place Settlement Location"
"TOUGH_WEB_MISSP_1000_us_cities_NOISE1_0.4","1","AdministrativeRegion Region PopulatedPlace Place Location"
"TOUGH_WEB_MISSP_1000_us_cities_NOISE1_0.5","0","PopulatedPlace Place Settlement Location"
"TOUGH_WEB_MISSP_1000_us_cities_NOISE1_0.5","1","AdministrativeRegion Region PopulatedPlace Place Location"
"CTRL_WIKI_MUS_List_of_national_anthems","0","PopulatedPlace Place Country Location"
"CTRL_WIKI_MUS_List_of_national_anthems","1","Work Cartoon HollywoodCartoon"
"CTRL_WIKI_MUS_List_of_national_anthems","2","Work Album MusicalWork"
"CTRL_WIKI_MUS_List_of_national_anthems","4","Person Writer"
"CTRL_WIKI_MUS_List_of_national_anthems","5","Person"
"CTRL_WIKI_MUS_List_of_national_anthems_NOISE2","0","PopulatedPlace Place Country Location"
"CTRL_WIKI_MUS_List_of_national_anthems_NOISE2","1","Work Cartoon HollywoodCartoon"
"CTRL_WIKI_MUS_List_of_national_anthems_NOISE2","2","Work Album MusicalWork"
"CTRL_WIKI_MUS_List_of_national_anthems_NOISE2","4","Person Writer"
"CTRL_WIKI_MUS_List_of_national_anthems_NOISE2","5","Person"
"TOUGH_WEB_MISSP_1000_us_cities_NOISE1_0.6","0","City PopulatedPlace Place Settlement Location"
"TOUGH_WEB_MISSP_1000_us_cities_NOISE1_0.6","1","AdministrativeRegion Region PopulatedPlace Place Location"
"CTRL_DBP_MUS_rock_bands_labels","0","Group Organisation Band"
"CTRL_DBP_MUS_rock_bands_labels","2","Organisation RecordLabel Company"
"CTRL_DBP_MUS_rock_bands_labels","3","Artist Person MusicalArtist"
"CTRL_DBP_MUS_rock_bands_labels","4","Work Album MusicalWork"
"TOUGH_WEB_MISSP_1000_us_cities_NOISE1_0.7","0","PopulatedPlace Place Settlement Location"
"TOUGH_WEB_MISSP_1000_us_cities_NOISE1_0.7","1","AdministrativeRegion Region PopulatedPlace Place Location"
"TOUGH_WEB_MISSP_1000_us_cities_NOISE1_0.8","0","PopulatedPlace Place Settlement Location"
"TOUGH_WEB_MISSP_1000_us_cities_NOISE1_0.8","1","AdministrativeRegion Region PopulatedPlace Place Location"
"CTRL_DBP_SPO_F1_drivers","0","MotorsportRacer Person Athlete RacingDriver FormulaOneRacer"
"CTRL_DBP_SPO_F1_drivers","1","Organisation SportsTeam FormulaOneTeam"
"CTRL_DBP_SPO_F1_drivers","2","Event SocietalEvent GrandPrix PenaltyShootOut SportsEvent"
"CTRL_DBP_MUS_rock_bands_labels_NOISE2","0","Group Organisation Band"
"CTRL_DBP_MUS_rock_bands_labels_NOISE2","2","Organisation RecordLabel Company"
"CTRL_DBP_MUS_rock_bands_labels_NOISE2","3","Artist Person MusicalArtist"
"CTRL_DBP_MUS_rock_bands_labels_NOISE2","4","Work Album MusicalWork"
"CTRL_DBP_SPO_F1_drivers_NOISE2","0","MotorsportRacer Person Athlete RacingDriver FormulaOneRacer"
"CTRL_DBP_SPO_F1_drivers_NOISE2","1","Organisation SportsTeam FormulaOneTeam"
"CTRL_DBP_SPO_F1_drivers_NOISE2","2","Event SocietalEvent GrandPrix PenaltyShootOut SportsEvent"
"CTRL_DBP_POL_european_prime_ministers_NOISE2","0","OfficeHolder Person"
"CTRL_DBP_POL_european_prime_ministers_NOISE2","1","Organisation PoliticalParty"
"CTRL_DBP_POL_european_prime_ministers_NOISE2","2","PopulatedPlace Place Country Location"
"CTRL_DBP_POL_european_prime_ministers","0","OfficeHolder Person"
"CTRL_DBP_POL_european_prime_ministers","1","Organisation PoliticalParty"
"CTRL_DBP_POL_european_prime_ministers","2","PopulatedPlace Place Country Location"
"TOUGH_WEB_MISSP_1000_us_cities_NOISE1_0.9","0","PopulatedPlace Place Settlement Location"
"TOUGH_WEB_MISSP_1000_us_cities_NOISE1_0.9","1","AdministrativeRegion Region PopulatedPlace Place Location"
"TOUGH_WEB_MISC_wiki_list_of_national_anthems_NOISE2","0","PopulatedPlace Place Country Location"
"TOUGH_WEB_MISC_wiki_list_of_national_anthems_NOISE2","1","Work Film Wikidata:Q11424"
"TOUGH_WEB_MISC_wiki_list_of_national_anthems_NOISE2","3","Person Writer"
"TOUGH_WEB_MISC_wiki_list_of_national_anthems_NOISE2","4","Person"
"TOUGH_WEB_MISC_wiki_list_of_national_anthems","0","PopulatedPlace Place Country Location"
"TOUGH_WEB_MISC_wiki_list_of_national_anthems","1","Work Film Wikidata:Q11424"
"TOUGH_WEB_MISC_wiki_list_of_national_anthems","3","Person Writer"
"TOUGH_WEB_MISC_wiki_list_of_national_anthems","4","Person"
"CTRL_DBP_GEO_us_lakes","0","BodyOfWater Place Lake Location NaturalPlace"
"CTRL_DBP_GEO_us_lakes","2","Town PopulatedPlace Place Settlement Location"
"CTRL_DBP_GEO_us_lakes","3","AdministrativeRegion Region PopulatedPlace Place Location"
"TOUGH_WEB_MISC_banklist","0","Organisation Bank Company"
"TOUGH_WEB_MISC_banklist","1","City PopulatedPlace Place Settlement Location"
"TOUGH_WEB_MISC_banklist","2","Work Software"
"TOUGH_WEB_MISC_banklist","4","Organisation Bank Company"
"CTRL_DBP_GEO_us_lakes_NOISE2","0","BodyOfWater Place Lake Location NaturalPlace"
"CTRL_DBP_GEO_us_lakes_NOISE2","2","Town PopulatedPlace Place Settlement Location"
"CTRL_DBP_GEO_us_lakes_NOISE2","3","AdministrativeRegion Region PopulatedPlace Place Location"
"TOUGH_WEB_MISC_banklist_NOISE2","0","Organisation Bank Company"
"TOUGH_WEB_MISC_banklist_NOISE2","1","City PopulatedPlace Place Settlement Location"
"TOUGH_WEB_MISC_banklist_NOISE2","2","TelevisionStation Organisation Broadcaster"
"TOUGH_WEB_MISC_banklist_NOISE2","4","Organisation Bank Company"
"CTRL_DBP_GEO_protected_areas","0","Place ProtectedArea Location"
"CTRL_DBP_GEO_protected_areas","3","City PopulatedPlace Place Settlement Location"
"CTRL_DBP_GEO_protected_areas","4","AdministrativeRegion Region PopulatedPlace Place Location"
"TOUGH_WEB_MISSP_1000_us_cities","0","City PopulatedPlace Place Settlement Location"
"TOUGH_WEB_MISSP_1000_us_cities","1","PopulatedPlace Place Settlement Location"
"TOUGH_WEB_MISSP_1000_us_cities","2","AdministrativeRegion Region PopulatedPlace Place Location"
"TOUGH_WEB_MISSP_1000_us_cities_NOISE2","0","City PopulatedPlace Place Settlement Location"
"TOUGH_WEB_MISSP_1000_us_cities_NOISE2","1","PopulatedPlace Place Settlement Location"
"TOUGH_WEB_MISSP_1000_us_cities_NOISE2","2","AdministrativeRegion Region PopulatedPlace Place Location"
"CTRL_DBP_GEO_protected_areas_NOISE2","0","Place ProtectedArea Location"
"CTRL_DBP_GEO_protected_areas_NOISE2","3","City PopulatedPlace Place Settlement Location"
"CTRL_DBP_GEO_protected_areas_NOISE2","4","AdministrativeRegion Region PopulatedPlace Place Location"
"CTRL_DBP_BUS_videogame_publishers_NOISE2","0","Organisation Company"
"CTRL_DBP_BUS_videogame_publishers_NOISE2","1","Work VideoGame Software"
"CTRL_DBP_BUS_videogame_publishers_NOISE2","2","Work VideoGame Software"
"CTRL_DBP_BUS_videogame_publishers_NOISE2","3","InformationAppliance Device"
"CTRL_DBP_BUS_videogame_publishers","0","Organisation Company"
"CTRL_DBP_BUS_videogame_publishers","1","Work VideoGame Software"
"CTRL_DBP_BUS_videogame_publishers","2","Work VideoGame Software"
"CTRL_DBP_BUS_videogame_publishers","3","InformationAppliance Device"
"TOUGH_WEB_MISSP_celebrities_NOISE1_0.1","0","Person"
"TOUGH_WEB_MISSP_celebrities_NOISE1_0.1","1","City PopulatedPlace Place Settlement Location"
"TOUGH_WEB_MISSP_celebrities_NOISE1_0.1","2","PopulatedPlace Place Country Location"
"CTRL_DBP_MUS_german_musician","0","Artist Person MusicalArtist"
"CTRL_DBP_MUS_german_musician","1","MusicGenre GovernmentType TopicalConcept Genre Type"
"CTRL_DBP_MUS_german_musician","2","Organisation Company"
"CTRL_DBP_MUS_german_musician","3","Group Organisation Band"
"CTRL_DBP_MUS_german_musician_NOISE2","0","Artist Person MusicalArtist"
"CTRL_DBP_MUS_german_musician_NOISE2","1","MusicGenre GovernmentType TopicalConcept Genre Type"
"CTRL_DBP_MUS_german_musician_NOISE2","2","Organisation Company"
"CTRL_DBP_MUS_german_musician_NOISE2","3","Group Organisation Band"
"CTRL_DBP_SPO_goalkeepers","0","SoccerPlayer Athlete Person"
"CTRL_DBP_SPO_goalkeepers","1","PopulatedPlace Place Country Location"
"CTRL_DBP_SPO_goalkeepers","2","Organisation SportsTeam SoccerClub"
"CTRL_DBP_SPO_goalkeepers","3","SportFacility Stadium Arena ArchitecturalStructure Place Location"
"CTRL_DBP_MUS_us_musician_aliases_NOISE2","0","Artist Person MusicalArtist"
"CTRL_DBP_MUS_us_musician_aliases_NOISE2","1","MusicGenre GovernmentType TopicalConcept Genre Type"
"CTRL_DBP_MUS_us_musician_aliases_NOISE2","2","Work Software"
"CTRL_DBP_MUS_us_musician_aliases","0","Artist Person MusicalArtist"
"CTRL_DBP_MUS_us_musician_aliases","1","MusicGenre GovernmentType TopicalConcept Genre Type"
"CTRL_DBP_MUS_us_musician_aliases","2","Work Software"
"CTRL_DBP_SPO_goalkeepers_NOISE2","0","SoccerPlayer Athlete Person"
"CTRL_DBP_SPO_goalkeepers_NOISE2","1","PopulatedPlace Place Country Location"
"CTRL_DBP_SPO_goalkeepers_NOISE2","2","Organisation SportsTeam SoccerClub"
"CTRL_DBP_SPO_goalkeepers_NOISE2","3","SportFacility Stadium Arena ArchitecturalStructure Place Location"
"TOUGH_WEB_MISSP_celebrities_NOISE1_0.2","0","Person"
"TOUGH_WEB_MISSP_celebrities_NOISE1_0.2","1","City PopulatedPlace Place Settlement Location"
"TOUGH_WEB_MISSP_celebrities_NOISE1_0.2","2","PopulatedPlace Place Country Location"
"TOUGH_WEB_MISSP_celebrities_NOISE1_0.3","0","Person"
"TOUGH_WEB_MISSP_celebrities_NOISE1_0.3","1","City PopulatedPlace Place Settlement Location"
"TOUGH_WEB_MISSP_celebrities_NOISE1_0.3","2","PopulatedPlace Place Country Location"
"TOUGH_WEB_MISSP_celebrities_NOISE1_0.4","0","Person"
"TOUGH_WEB_MISSP_celebrities_NOISE1_0.4","1","City PopulatedPlace Place Settlement Location"
"TOUGH_WEB_MISSP_celebrities_NOISE1_0.4","2","PopulatedPlace Place Country Location"
"TOUGH_WEB_MISSP_celebrities_NOISE1_0.5","0","Person"
"TOUGH_WEB_MISSP_celebrities_NOISE1_0.5","1","City PopulatedPlace Place Settlement Location"
"TOUGH_WEB_MISSP_celebrities_NOISE1_0.5","2","PopulatedPlace Place Country Location"
"TOUGH_WEB_MISSP_celebrities_NOISE1_0.6","0","Person"
"TOUGH_WEB_MISSP_celebrities_NOISE1_0.6","1","City PopulatedPlace Place Settlement Location"
"TOUGH_WEB_MISSP_celebrities_NOISE1_0.6","2","PopulatedPlace Place Country Location"
"TOUGH_WEB_MISSP_celebrities_NOISE1_0.7","0","Person"
"TOUGH_WEB_MISSP_celebrities_NOISE1_0.7","1","City PopulatedPlace Place Settlement Location"
"TOUGH_WEB_MISSP_celebrities_NOISE1_0.7","2","PopulatedPlace Place Country Location"
"TOUGH_WEB_MISSP_celebrities_NOISE1_0.8","0","Person"
"TOUGH_WEB_MISSP_celebrities_NOISE1_0.8","1","City PopulatedPlace Place Settlement Location"
"TOUGH_WEB_MISSP_celebrities_NOISE1_0.8","2","PopulatedPlace Place Country Location"
"TOUGH_DBP_HOMO_people_in_places_us","0","GridironFootballPlayer Athlete AmericanFootballPlayer Person"
"TOUGH_DBP_HOMO_people_in_places_us","2","City PopulatedPlace Place Settlement Location"
"TOUGH_DBP_HOMO_people_in_places_us","3","AdministrativeRegion Region PopulatedPlace Place Location"
"TOUGH_DBP_HOMO_people_in_places_us","4","PopulatedPlace Place Country Location"
"TOUGH_DBP_HOMO_people_in_places","0","GridironFootballPlayer Athlete AmericanFootballPlayer Person"
"TOUGH_DBP_HOMO_people_in_places","2","City PopulatedPlace Place Settlement Location"
"TOUGH_DBP_HOMO_people_in_places","3","AdministrativeRegion Region PopulatedPlace Place Location"
"TOUGH_DBP_HOMO_people_in_places","4","PopulatedPlace Place Country Location"
"TOUGH_DBP_HOMO_SORTED_people_in_places","0","GridironFootballPlayer Athlete AmericanFootballPlayer Person"
"TOUGH_DBP_HOMO_SORTED_people_in_places","2","City PopulatedPlace Place Settlement Location"
"TOUGH_DBP_HOMO_SORTED_people_in_places","3","AdministrativeRegion Region PopulatedPlace Place Location"
"TOUGH_DBP_HOMO_SORTED_people_in_places","4","PopulatedPlace Place Country Location"
"TOUGH_DBP_HOMO_SORTED_people_in_places_NOISE2","0","GridironFootballPlayer Athlete AmericanFootballPlayer Person"
"TOUGH_DBP_HOMO_SORTED_people_in_places_NOISE2","2","City PopulatedPlace Place Settlement Location"
"TOUGH_DBP_HOMO_SORTED_people_in_places_NOISE2","3","AdministrativeRegion Region PopulatedPlace Place Location"
"TOUGH_DBP_HOMO_SORTED_people_in_places_NOISE2","4","PopulatedPlace Place Country Location"
"TOUGH_WEB_MISSP_celebrities_NOISE1_0.9","0","Person"
"TOUGH_WEB_MISSP_celebrities_NOISE1_0.9","1","City PopulatedPlace Place Settlement Location"
"TOUGH_WEB_MISSP_celebrities_NOISE1_0.9","2","PopulatedPlace Place Country Location"
"TOUGH_DBP_HOMO_people_in_places_us_NOISE2","0","GridironFootballPlayer Athlete AmericanFootballPlayer Person"
"TOUGH_DBP_HOMO_people_in_places_us_NOISE2","2","City PopulatedPlace Place Settlement Location"
"TOUGH_DBP_HOMO_people_in_places_us_NOISE2","3","AdministrativeRegion Region PopulatedPlace Place Location"
"TOUGH_DBP_HOMO_people_in_places_us_NOISE2","4","PopulatedPlace Place Country Location"
"TOUGH_WEB_MISSP_celebrities","0","Person"
"TOUGH_WEB_MISSP_celebrities","1","Person"
"TOUGH_WEB_MISSP_celebrities","2","City PopulatedPlace Place Settlement Location"
"TOUGH_WEB_MISSP_celebrities","3","PopulatedPlace Place Country Location"
"TOUGH_DBP_HOMO_people_in_places_NOISE2","0","GridironFootballPlayer Athlete AmericanFootballPlayer Person"
"TOUGH_DBP_HOMO_people_in_places_NOISE2","2","City PopulatedPlace Place Settlement Location"
"TOUGH_DBP_HOMO_people_in_places_NOISE2","3","AdministrativeRegion Region PopulatedPlace Place Location"
"TOUGH_DBP_HOMO_people_in_places_NOISE2","4","PopulatedPlace Place Country Location"
"TOUGH_WEB_MISSP_celebrities_NOISE2","0","Person"
"TOUGH_WEB_MISSP_celebrities_NOISE2","1","Person"
"TOUGH_WEB_MISSP_celebrities_NOISE2","2","City PopulatedPlace Place Settlement Location"
"TOUGH_WEB_MISSP_celebrities_NOISE2","3","PopulatedPlace Place Country Location"
