"TOUGH_WEB_MISSP_drugs_NOISE1_0.0","0","ChemicalSubstance Drug"
"TOUGH_T2D_SPO_1438042989018_40_20150728002309-00067-ip-10-236-191-2_57714692_2___bowling_NOISE2","0","ChristianBishop Cleric Person"
"TOUGH_WEB_MISSP_drugs_NOISE1_0.1","0","ChemicalSubstance Drug"
"TOUGH_T2D_SPO_1438042989018_40_20150728002309-00067-ip-10-236-191-2_57714692_2___bowling","0","Band Organisation Group"
"TOUGH_T2D_POL_1438042986423_95_20150728002306-00125-ip-10-236-191-2_88435628_5___parties_NOISE2","0","Ship Aircraft Locomotive MilitaryVehicle Automobile MeanOfTransportation"
"TOUGH_T2D_POL_1438042986423_95_20150728002306-00125-ip-10-236-191-2_88435628_5___parties","0","Book Work WrittenWork"
"CTRL_WIKI_BUS_largest_private_and_semiprivate_employers_NOISE2","1","Company Organisation"
"CTRL_WIKI_BUS_largest_private_and_semiprivate_employers_NOISE2","2","Location Country PopulatedPlace Place"
"CTRL_WIKI_BUS_largest_private_and_semiprivate_employers","1","Company Organisation"
"CTRL_WIKI_BUS_largest_private_and_semiprivate_employers","2","Location Country PopulatedPlace Place"
"TOUGH_WEB_HOMO_music_artists","1","Settlement Location PopulatedPlace Place"
"TOUGH_WEB_HOMO_music_artists_NOISE2","1","Settlement Location PopulatedPlace Place"
"TOUGH_WEB_MISSP_us_states_NOISE1_0.1","0","PopulatedPlace Place AdministrativeRegion Location Region"
"TOUGH_WEB_MISSP_us_states_NOISE1_0.0","0","PopulatedPlace Place AdministrativeRegion Location Region"
"TOUGH_WEB_HOMO_soccer_players_NOISE2","0","Work Album MusicalWork"
"TOUGH_WEB_HOMO_soccer_players_NOISE2","1","SoccerClub Organisation SportsTeam"
"TOUGH_WEB_HOMO_soccer_players_NOISE2","2","Location Country PopulatedPlace Place"
"TOUGH_WEB_MISSP_celebrities_NOISE1_0.0","0","Person"
"TOUGH_WEB_MISSP_celebrities_NOISE1_0.0","1","Settlement City PopulatedPlace Place Location"
"TOUGH_WEB_MISSP_celebrities_NOISE1_0.0","2","Location Country PopulatedPlace Place"
"TOUGH_WEB_HOMO_soccer_players","0","Settlement Location PopulatedPlace Place"
"TOUGH_WEB_HOMO_soccer_players","1","SoccerClub Organisation SportsTeam"
"TOUGH_WEB_HOMO_soccer_players","2","Location Country PopulatedPlace Place"
"TOUGH_WEB_MISSP_drugs_NOISE1_0.2","0","ChemicalSubstance Drug"
"TOUGH_WEB_MISSP_us_states_NOISE1_0.2","0","PopulatedPlace Place AdministrativeRegion Location Region"
"TOUGH_WEB_MISSP_us_states_NOISE1_0.3","0","PopulatedPlace Place AdministrativeRegion Location Region"
"CTRL_WIKI_BUS_largest_employers_NOISE2","0","Company Organisation"
"CTRL_WIKI_BUS_largest_employers_NOISE2","3","Location Country PopulatedPlace Place"
"CTRL_WIKI_BUS_largest_employers","0","Company Organisation"
"CTRL_WIKI_BUS_largest_employers","3","Location Country PopulatedPlace Place"
"TOUGH_WEB_MISC_wiki_largest_employers","0","Company Organisation"
"TOUGH_WEB_MISC_wiki_largest_employers","3","Location Country PopulatedPlace Place"
"TOUGH_WEB_MISSP_drugs_NOISE1_0.3","0","ChemicalSubstance Drug"
"TOUGH_WEB_MISSP_us_states_NOISE1_0.5","0","PopulatedPlace Place AdministrativeRegion Location Region"
"TOUGH_WEB_MISC_wiki_largest_employers_NOISE2","0","Company Organisation"
"TOUGH_WEB_MISC_wiki_largest_employers_NOISE2","3","Location Country PopulatedPlace Place"
"TOUGH_T2D_SPO_45073662_0_3179937335063201739___baseball_players","1","Athlete BaseballPlayer Person"
"TOUGH_WEB_MISSP_us_states_NOISE1_0.4","0","PopulatedPlace Place AdministrativeRegion Location Region"
"TOUGH_WEB_MISSP_drugs_NOISE1_0.4","0","ChemicalSubstance Drug"
"TOUGH_WEB_MISSP_us_states_NOISE1_0.7","0","PopulatedPlace Place AdministrativeRegion Location Region"
"TOUGH_WEB_MISSP_us_states_NOISE1_0.8","0","PopulatedPlace Place AdministrativeRegion Location Region"
"TOUGH_WEB_MISSP_us_states_NOISE1_0.9","0","PopulatedPlace Place AdministrativeRegion Location Region"
"TOUGH_T2D_SPO_45073662_0_3179937335063201739___baseball_players_NOISE2","1","Athlete BaseballPlayer Person"
"TOUGH_WEB_MISSP_drugs_NOISE1_0.5","0","ChemicalSubstance Drug"
"TOUGH_WEB_MISSP_us_states_NOISE1_0.6","0","PopulatedPlace Place AdministrativeRegion Location Region"
"TOUGH_WEB_MISSP_drugs_NOISE1_0.6","0","ChemicalSubstance Drug"
"CTRL_WIKI_SPO_serie_a_2019_20_members_NOISE2","0","Settlement Location PopulatedPlace Place"
"CTRL_WIKI_SPO_serie_a_2019_20_members_NOISE2","1","Settlement Location PopulatedPlace Place"
"CTRL_WIKI_SPO_serie_a_2019_20_members_NOISE2","2","Place Stadium ArchitecturalStructure Location Arena SportFacility"
"CTRL_WIKI_SPO_2019_20_premier_league_stadiums_and_locations_NOISE2","0","SoccerClub Organisation SportsTeam"
"CTRL_WIKI_SPO_2019_20_premier_league_stadiums_and_locations_NOISE2","1","Settlement City PopulatedPlace Place Location"
"CTRL_WIKI_SPO_2019_20_premier_league_stadiums_and_locations_NOISE2","2","Venue Location ArchitecturalStructure Place"
"TOUGH_T2D_BUS_14380604_4_3329235705746762392___company_revenue_NOISE2","1","Company Organisation"
"TOUGH_T2D_BUS_14380604_4_3329235705746762392___company_revenue_NOISE2","2","Location Country PopulatedPlace Place"
"CTRL_WIKI_SPO_2019_20_premier_league_stadiums_and_locations","0","SoccerClub Organisation SportsTeam"
"CTRL_WIKI_SPO_2019_20_premier_league_stadiums_and_locations","1","Settlement City PopulatedPlace Place Location"
"CTRL_WIKI_SPO_2019_20_premier_league_stadiums_and_locations","2","Venue Location ArchitecturalStructure Place"
"CTRL_WIKI_SPO_serie_a_2019_20_members","0","SoccerClub Organisation SportsTeam"
"CTRL_WIKI_SPO_serie_a_2019_20_members","1","Settlement Location PopulatedPlace Place"
"CTRL_WIKI_SPO_serie_a_2019_20_members","2","Place Stadium ArchitecturalStructure Location Arena SportFacility"
"TOUGH_WEB_MISSP_drugs_NOISE1_0.7","0","ChemicalSubstance Drug"
"TOUGH_T2D_BUS_14380604_4_3329235705746762392___company_revenue","1","Company Organisation Bank"
"TOUGH_T2D_BUS_14380604_4_3329235705746762392___company_revenue","2","Work Album MusicalWork"
"TOUGH_WEB_MISSP_drugs_NOISE1_0.8","0","ChemicalSubstance Drug"
"TOUGH_WEB_MISSP_drugs_NOISE1_0.9","0","ChemicalSubstance Drug"
"TOUGH_WEB_MISSP_us_states_NOISE2","0","PopulatedPlace Place AdministrativeRegion Location Region"
"TOUGH_WEB_MISSP_us_states_NOISE2","1","PopulatedPlace Place AdministrativeRegion Location Region"
"TOUGH_WEB_MISSP_us_states","0","PopulatedPlace Place AdministrativeRegion Location Region"
"TOUGH_WEB_MISSP_us_states","1","PopulatedPlace Place AdministrativeRegion Location Region"
"CTRL_WIKI_SPO_2019_20_premier_league_personnel_and_kits_NOISE2","0","SoccerClub Organisation SportsTeam"
"CTRL_WIKI_SPO_2019_20_premier_league_personnel_and_kits_NOISE2","1","Person SportsManager SoccerManager"
"CTRL_WIKI_SPO_2019_20_premier_league_personnel_and_kits_NOISE2","2","Person Athlete SoccerPlayer"
"CTRL_WIKI_SPO_2019_20_premier_league_personnel_and_kits_NOISE2","3","Company Organisation"
"CTRL_WIKI_SPO_2019_20_premier_league_personnel_and_kits_NOISE2","4","Company Organisation"
"CTRL_WIKI_SPO_2019_20_premier_league_personnel_and_kits","0","SoccerClub Organisation SportsTeam"
"CTRL_WIKI_SPO_2019_20_premier_league_personnel_and_kits","1","Person SportsManager SoccerManager"
"CTRL_WIKI_SPO_2019_20_premier_league_personnel_and_kits","2","Person Athlete SoccerPlayer"
"CTRL_WIKI_SPO_2019_20_premier_league_personnel_and_kits","3","Company Organisation"
"CTRL_WIKI_SPO_2019_20_premier_league_personnel_and_kits","4","Company Organisation"
"TOUGH_WEB_MISC_wiki_2019_20_premier_league_personnel_and_kits","0","SoccerClub Organisation SportsTeam"
"TOUGH_WEB_MISC_wiki_2019_20_premier_league_personnel_and_kits","1","Person SportsManager SoccerManager"
"TOUGH_WEB_MISC_wiki_2019_20_premier_league_personnel_and_kits","2","Person Athlete SoccerPlayer"
"TOUGH_WEB_MISC_wiki_2019_20_premier_league_personnel_and_kits","3","Company Organisation"
"TOUGH_WEB_MISC_wiki_2019_20_premier_league_personnel_and_kits","4","Company Organisation"
"TOUGH_WEB_MISC_wiki_2019_20_premier_league_personnel_and_kits_NOISE2","0","SoccerClub Organisation SportsTeam"
"TOUGH_WEB_MISC_wiki_2019_20_premier_league_personnel_and_kits_NOISE2","1","Person SportsManager SoccerManager"
"TOUGH_WEB_MISC_wiki_2019_20_premier_league_personnel_and_kits_NOISE2","2","Person Athlete SoccerPlayer"
"TOUGH_WEB_MISC_wiki_2019_20_premier_league_personnel_and_kits_NOISE2","3","Company Organisation"
"TOUGH_WEB_MISC_wiki_2019_20_premier_league_personnel_and_kits_NOISE2","4","Company Organisation"
"CTRL_WIKI_GEO_member_states_united_nations_NOISE2","0","Location Country PopulatedPlace Place"
"CTRL_WIKI_GEO_member_states_united_nations_NOISE2","1","Settlement City PopulatedPlace Place Location"
"CTRL_WIKI_GEO_member_states_united_nations_NOISE2","3","Settlement City PopulatedPlace Place Location"
"TOUGH_WEB_MISSP_drugs","0","ChemicalSubstance Drug"
"TOUGH_WEB_MISSP_drugs","1","ChemicalSubstance Drug"
"CTRL_WIKI_GEO_member_states_united_nations","0","Location Country PopulatedPlace Place"
"CTRL_WIKI_GEO_member_states_united_nations","1","Settlement City PopulatedPlace Place Location"
"CTRL_WIKI_GEO_member_states_united_nations","3","Settlement City PopulatedPlace Place Location"
"TOUGH_WEB_MISSP_drugs_NOISE2","0","ChemicalSubstance Drug"
"TOUGH_WEB_MISSP_drugs_NOISE2","1","ChemicalSubstance Drug"
"CTRL_WIKI_MUS_best_selling_girl_groups_worldwide_NOISE2","0","Band Organisation Group"
"CTRL_WIKI_MUS_best_selling_girl_groups_worldwide_NOISE2","1","Location Country PopulatedPlace Place"
"CTRL_WIKI_MUS_best_selling_girl_groups_worldwide_NOISE2","4","Genre Type MusicGenre TopicalConcept GovernmentType"
"CTRL_WIKI_MUS_best_selling_girl_groups_worldwide","0","Band Organisation Group"
"CTRL_WIKI_MUS_best_selling_girl_groups_worldwide","1","Location Country PopulatedPlace Place"
"CTRL_WIKI_MUS_best_selling_girl_groups_worldwide","4","Genre Type MusicGenre TopicalConcept GovernmentType"
"TOUGH_WEB_MISC_wiki_best_selling_girl_groups_worldwide_NOISE2","0","Band Organisation Group"
"TOUGH_WEB_MISC_wiki_best_selling_girl_groups_worldwide_NOISE2","1","Location Country PopulatedPlace Place"
"TOUGH_WEB_MISC_wiki_best_selling_girl_groups_worldwide_NOISE2","4","Genre Type MusicGenre TopicalConcept GovernmentType"
"TOUGH_WEB_MISC_wiki_best_selling_girl_groups_worldwide","0","Band Organisation Group"
"TOUGH_WEB_MISC_wiki_best_selling_girl_groups_worldwide","1","Location Country PopulatedPlace Place"
"TOUGH_WEB_MISC_wiki_best_selling_girl_groups_worldwide","4","Genre Type MusicGenre TopicalConcept GovernmentType"
"CTRL_WIKI_MUS_best_selling_music_artists_250_million_or_more_records_NOISE2","1","Work Album MusicalWork"
"CTRL_WIKI_MUS_best_selling_music_artists_250_million_or_more_records_NOISE2","4","Genre Type MusicGenre TopicalConcept GovernmentType"
"CTRL_WIKI_MUS_best_selling_music_artists_250_million_or_more_records","1","Location Country PopulatedPlace Place"
"CTRL_WIKI_MUS_best_selling_music_artists_250_million_or_more_records","4","Genre Type MusicGenre TopicalConcept GovernmentType"
"CTRL_WIKI_POL_List_of_political_parties_in_the_United_States_Third_Parties","1","Organisation PoliticalParty"
"TOUGH_T2D_BUS_39650055_5_7135804139753401681___brands_NOISE2","1","Company Organisation"
"TOUGH_T2D_BUS_39650055_5_7135804139753401681___brands","1","Company Organisation"
"CTRL_WIKI_POL_List_of_political_parties_in_the_United_States_Third_Parties_NOISE2","1","Wikidata:Q11424 Work Film"
"TOUGH_T2D_BUS_29414811_2_4773219892816395776___videogames_developers","1","VideoGame Software Work"
"TOUGH_T2D_BUS_29414811_2_4773219892816395776___videogames_developers","4","Company Organisation"
"TOUGH_T2D_BUS_29414811_2_4773219892816395776___videogames_developers_NOISE2","1","VideoGame Software Work"
"TOUGH_T2D_BUS_29414811_2_4773219892816395776___videogames_developers_NOISE2","4","Company Organisation"
"CTRL_WIKI_BUS_largest_companies_by_revenue","1","Company Organisation"
"CTRL_WIKI_BUS_largest_companies_by_revenue","6","Location Country PopulatedPlace Place"
"CTRL_WIKI_BUS_largest_companies_by_revenue_NOISE2","1","Company Organisation"
"CTRL_WIKI_BUS_largest_companies_by_revenue_NOISE2","6","Location Country PopulatedPlace Place"
"TOUGH_WEB_MISC_wiki_best_selling_music_artists_250_million_or_more_records","1","Location Country PopulatedPlace Place"
"TOUGH_WEB_MISC_wiki_best_selling_music_artists_250_million_or_more_records","4","Genre Type MusicGenre TopicalConcept GovernmentType"
"TOUGH_WEB_MISC_wiki_best_selling_music_artists_250_million_or_more_records_NOISE2","1","Work Album MusicalWork"
"TOUGH_WEB_MISC_wiki_best_selling_music_artists_250_million_or_more_records_NOISE2","4","Genre Type MusicGenre TopicalConcept GovernmentType"
"TOUGH_WEB_MISC_wiki_largest_companies_by_revenue","1","Company Organisation"
"TOUGH_WEB_MISC_wiki_largest_companies_by_revenue","6","Location Country PopulatedPlace Place"
"TOUGH_WEB_MISC_wiki_list_of_political_parties_in_the_United_States_Third_Parties","1","Organisation PoliticalParty"
"TOUGH_WEB_MISC_wiki_largest_companies_by_revenue_NOISE2","1","Company Organisation"
"TOUGH_WEB_MISC_wiki_largest_companies_by_revenue_NOISE2","6","Location Country PopulatedPlace Place"
"TOUGH_WEB_MISC_wiki_list_of_political_parties_in_the_United_States_Third_Parties_NOISE2","1","Organisation PoliticalParty"
"TOUGH_DBP_HOMO_athletes_in_clubs","0","Person Athlete SoccerPlayer"
"TOUGH_DBP_HOMO_athletes_in_clubs","1","SoccerClub Organisation SportsTeam"
"TOUGH_DBP_HOMO_SORTED_athletes_in_clubs","0","Person Athlete SoccerPlayer"
"TOUGH_DBP_HOMO_SORTED_athletes_in_clubs","1","SoccerClub Organisation SportsTeam"
"TOUGH_DBP_HOMO_SORTED_athletes_in_clubs_NOISE2","0","Person Athlete SoccerPlayer"
"TOUGH_DBP_HOMO_SORTED_athletes_in_clubs_NOISE2","1","SoccerClub Organisation SportsTeam"
"TOUGH_DBP_HOMO_athletes_in_clubs_NOISE2","0","Person Athlete SoccerPlayer"
"TOUGH_DBP_HOMO_athletes_in_clubs_NOISE2","1","SoccerClub Organisation SportsTeam"
"TOUGH_DBP_HOMO_players_in_clubs","0","Person Athlete SoccerPlayer"
"TOUGH_DBP_HOMO_players_in_clubs","1","SoccerClub Organisation SportsTeam"
"TOUGH_DBP_HOMO_players_in_clubs_NOISE2","0","Person Athlete SoccerPlayer"
"TOUGH_DBP_HOMO_players_in_clubs_NOISE2","1","SoccerClub Organisation SportsTeam"
"TOUGH_T2D_GEO_39107734_2_2329160387535788734___airports_NOISE2","1","Place ArchitecturalStructure Airport Location Infrastructure"
"TOUGH_T2D_GEO_39107734_2_2329160387535788734___airports_NOISE2","2","Settlement Location PopulatedPlace Place"
"TOUGH_T2D_GEO_39107734_2_2329160387535788734___airports","1","Place ArchitecturalStructure Airport Location Infrastructure"
"TOUGH_T2D_GEO_39107734_2_2329160387535788734___airports","2","Settlement Location PopulatedPlace Place"
"TOUGH_DBP_HOMO_people_in_places_world","0","Person Athlete SoccerPlayer"
"TOUGH_DBP_HOMO_people_in_places_world","2","Settlement City PopulatedPlace Place Location"
"TOUGH_DBP_HOMO_people_in_places_world","3","PopulatedPlace Place AdministrativeRegion Location Region"
"TOUGH_DBP_HOMO_people_in_places_world","4","Location Country PopulatedPlace Place"
"TOUGH_DBP_HOMO_people_in_places_world_NOISE2","0","Person Athlete SoccerPlayer"
"TOUGH_DBP_HOMO_people_in_places_world_NOISE2","2","Settlement City PopulatedPlace Place Location"
"TOUGH_DBP_HOMO_people_in_places_world_NOISE2","3","PopulatedPlace Place AdministrativeRegion Location Region"
"TOUGH_DBP_HOMO_people_in_places_world_NOISE2","4","Location Country PopulatedPlace Place"
"TOUGH_T2D_GEO_14067031_0_559833072073397908___african_state_capital_currency_NOISE2","0","Location Country PopulatedPlace Place"
"TOUGH_T2D_GEO_14067031_0_559833072073397908___african_state_capital_currency_NOISE2","1","Language"
"TOUGH_T2D_GEO_14067031_0_559833072073397908___african_state_capital_currency_NOISE2","5","Settlement Location PopulatedPlace Place"
"TOUGH_T2D_GEO_14067031_0_559833072073397908___african_state_capital_currency_NOISE2","7","Currency"
"TOUGH_T2D_GEO_14067031_0_559833072073397908___african_state_capital_currency","0","Location Country PopulatedPlace Place"
"TOUGH_T2D_GEO_14067031_0_559833072073397908___african_state_capital_currency","1","Language"
"TOUGH_T2D_GEO_14067031_0_559833072073397908___african_state_capital_currency","5","Settlement Location PopulatedPlace Place"
"TOUGH_T2D_GEO_14067031_0_559833072073397908___african_state_capital_currency","7","Currency"
"CTRL_WIKI_POL_List_of_current_monarchs_of_sovereign_states_NOISE2","0","Location Country PopulatedPlace Place"
"CTRL_WIKI_POL_List_of_current_monarchs_of_sovereign_states_NOISE2","1","Royalty Person"
"CTRL_WIKI_POL_List_of_current_monarchs_of_sovereign_states","0","Location Country PopulatedPlace Place"
"CTRL_WIKI_POL_List_of_current_monarchs_of_sovereign_states","1","Royalty Person"
"CTRL_DBP_POL_roman_emperors_NOISE2","0","Royalty Person"
"CTRL_DBP_POL_roman_emperors","0","Royalty Person"
"TOUGH_WEB_HOMO_cities_world_NOISE2","0","Location Country PopulatedPlace Place"
"TOUGH_WEB_HOMO_cities_world_NOISE2","1","PopulatedPlace Place AdministrativeRegion Location Region"
"TOUGH_WEB_HOMO_cities_world_NOISE2","2","Settlement City PopulatedPlace Place Location"
"TOUGH_WEB_HOMO_cities_world","0","Location Country PopulatedPlace Place"
"TOUGH_WEB_HOMO_cities_world","1","PopulatedPlace Place AdministrativeRegion Location Region"
"TOUGH_WEB_HOMO_cities_world","2","Settlement City PopulatedPlace Place Location"
"TOUGH_WEB_HOMO_cities_us_NOISE2","0","PopulatedPlace Place AdministrativeRegion Location Region"
"TOUGH_WEB_HOMO_cities_us_NOISE2","1","PopulatedPlace Place AdministrativeRegion Location Region"
"TOUGH_WEB_HOMO_cities_us_NOISE2","2","Settlement City PopulatedPlace Place Location"
"CTRL_WIKI_GEO_list_of_lakes_by_area_NOISE2","1","Lake Place NaturalPlace Location BodyOfWater"
"CTRL_WIKI_GEO_list_of_lakes_by_area_NOISE2","2","Location Country PopulatedPlace Place"
"CTRL_WIKI_GEO_list_of_lakes_by_area","1","Lake Place NaturalPlace Location BodyOfWater"
"CTRL_WIKI_GEO_list_of_lakes_by_area","2","Location Country PopulatedPlace Place"
"TOUGH_WEB_HOMO_cities_us","0","PopulatedPlace Place AdministrativeRegion Location Region"
"TOUGH_WEB_HOMO_cities_us","1","PopulatedPlace Place AdministrativeRegion Location Region"
"TOUGH_WEB_HOMO_cities_us","2","Settlement City PopulatedPlace Place Location"
"TOUGH_WEB_MISC_wiki_list_of_current_monarchs_of_sovereign_states","0","Location Country PopulatedPlace Place"
"TOUGH_WEB_MISC_wiki_list_of_current_monarchs_of_sovereign_states","1","Ship Aircraft Locomotive MilitaryVehicle Automobile MeanOfTransportation"
"TOUGH_WEB_MISC_wiki_list_of_current_monarchs_of_sovereign_states_NOISE2","0","Location Country PopulatedPlace Place"
"TOUGH_WEB_MISC_wiki_list_of_current_monarchs_of_sovereign_states_NOISE2","1","Ship Aircraft Locomotive MilitaryVehicle Automobile MeanOfTransportation"
"CTRL_DBP_GEO_european_countries_capital_populated_cities_NOISE2","0","Location Country PopulatedPlace Place"
"CTRL_DBP_GEO_european_countries_capital_populated_cities_NOISE2","1","Settlement City PopulatedPlace Place Location"
"CTRL_DBP_GEO_european_countries_capital_populated_cities_NOISE2","2","Settlement City PopulatedPlace Place Location"
"CTRL_DBP_GEO_european_countries_capital_populated_cities","0","Location Country PopulatedPlace Place"
"CTRL_DBP_GEO_european_countries_capital_populated_cities","1","Settlement City PopulatedPlace Place Location"
"CTRL_DBP_GEO_european_countries_capital_populated_cities","2","Settlement City PopulatedPlace Place Location"
"TOUGH_T2D_POL_24036779_0_5608105867560183058___country_governments","0","Location Country PopulatedPlace Place"
"TOUGH_T2D_POL_24036779_0_5608105867560183058___country_governments_NOISE2","0","Location Country PopulatedPlace Place"
"TOUGH_T2D_GEO_21245481_0_8730460088443117515___lakes","0","PopulatedPlace Place AdministrativeRegion Location Region"
"TOUGH_T2D_GEO_21245481_0_8730460088443117515___lakes","1","Lake Place NaturalPlace Location BodyOfWater"
"TOUGH_WEB_MISC_wiki_list_of_lakes_by_area_NOISE2","1","Lake Place NaturalPlace Location BodyOfWater"
"TOUGH_WEB_MISC_wiki_list_of_lakes_by_area_NOISE2","2","Location Country PopulatedPlace Place"
"TOUGH_WEB_MISC_wiki_list_of_lakes_by_area","1","Lake Place NaturalPlace Location BodyOfWater"
"TOUGH_WEB_MISC_wiki_list_of_lakes_by_area","2","Location Country PopulatedPlace Place"
"TOUGH_T2D_GEO_21245481_0_8730460088443117515___lakes_NOISE2","0","PopulatedPlace Place AdministrativeRegion Location Region"
"TOUGH_T2D_GEO_21245481_0_8730460088443117515___lakes_NOISE2","1","Lake Place NaturalPlace Location BodyOfWater"
"CTRL_WIKI_POL_presidents_of_the_us_NOISE2","0","Year TimePeriod Holiday"
"CTRL_WIKI_POL_presidents_of_the_us_NOISE2","2","OfficeHolder Person"
"CTRL_WIKI_POL_presidents_of_the_us_NOISE2","3","PopulatedPlace Place AdministrativeRegion Location Region"
"CTRL_WIKI_POL_presidents_of_the_us_NOISE2","4","Organisation PoliticalParty"
"CTRL_WIKI_POL_presidents_of_the_us_NOISE2","5","Year TimePeriod Holiday"
"CTRL_WIKI_POL_presidents_of_the_us_NOISE2","6","OfficeHolder Person"
"CTRL_WIKI_POL_presidents_of_the_us","0","Year TimePeriod Holiday"
"CTRL_WIKI_POL_presidents_of_the_us","2","OfficeHolder Person"
"CTRL_WIKI_POL_presidents_of_the_us","3","PopulatedPlace Place AdministrativeRegion Location Region"
"CTRL_WIKI_POL_presidents_of_the_us","4","Organisation PoliticalParty"
"CTRL_WIKI_POL_presidents_of_the_us","5","Year TimePeriod Holiday"
"CTRL_WIKI_POL_presidents_of_the_us","6","OfficeHolder Person"
"TOUGH_WEB_MISC_wiki_presidents_of_the_us","0","Year TimePeriod Holiday"
"TOUGH_WEB_MISC_wiki_presidents_of_the_us","2","OfficeHolder Person"
"TOUGH_WEB_MISC_wiki_presidents_of_the_us","3","PopulatedPlace Place AdministrativeRegion Location Region"
"TOUGH_WEB_MISC_wiki_presidents_of_the_us","4","Organisation PoliticalParty"
"TOUGH_WEB_MISC_wiki_presidents_of_the_us","5","Year TimePeriod Holiday"
"TOUGH_WEB_MISC_wiki_presidents_of_the_us","6","OfficeHolder Person"
"TOUGH_WEB_MISC_wiki_presidents_of_the_us_NOISE2","0","Year TimePeriod Holiday"
"TOUGH_WEB_MISC_wiki_presidents_of_the_us_NOISE2","2","OfficeHolder Person"
"TOUGH_WEB_MISC_wiki_presidents_of_the_us_NOISE2","3","Work Album MusicalWork"
"TOUGH_WEB_MISC_wiki_presidents_of_the_us_NOISE2","4","Organisation PoliticalParty"
"TOUGH_WEB_MISC_wiki_presidents_of_the_us_NOISE2","5","Year TimePeriod Holiday"
"TOUGH_WEB_MISC_wiki_presidents_of_the_us_NOISE2","6","OfficeHolder Person"
"CTRL_DBP_POL_italian_merged_parties","0","Organisation PoliticalParty"
"CTRL_DBP_POL_italian_merged_parties","2","Organisation PoliticalParty"
"CTRL_DBP_POL_italian_merged_parties_NOISE2","0","Organisation PoliticalParty"
"CTRL_DBP_POL_italian_merged_parties_NOISE2","2","Organisation PoliticalParty"
"CTRL_WIKI_GEO_countries_capital_largest_cities_NOISE2","0","Location Country PopulatedPlace Place"
"CTRL_WIKI_GEO_countries_capital_largest_cities_NOISE2","1","Settlement City PopulatedPlace Place Location"
"CTRL_WIKI_GEO_countries_capital_largest_cities_NOISE2","2","Settlement City PopulatedPlace Place Location"
"CTRL_WIKI_GEO_countries_capital_largest_cities_NOISE2","3","Settlement Location PopulatedPlace Place"
"TOUGH_T2D_SPO_66009064_0_9148652238372261251___baseball_players_and_teams_NOISE2","0","Athlete BaseballPlayer Person"
"TOUGH_T2D_SPO_66009064_0_9148652238372261251___baseball_players_and_teams_NOISE2","2","Colour"
"TOUGH_T2D_SPO_66009064_0_9148652238372261251___baseball_players_and_teams","0","Athlete BaseballPlayer Person"
"TOUGH_T2D_SPO_66009064_0_9148652238372261251___baseball_players_and_teams","2","Work Album MusicalWork"
"CTRL_WIKI_GEO_countries_capital_largest_cities","0","Location Country PopulatedPlace Place"
"CTRL_WIKI_GEO_countries_capital_largest_cities","1","Settlement City PopulatedPlace Place Location"
"CTRL_WIKI_GEO_countries_capital_largest_cities","2","Settlement City PopulatedPlace Place Location"
"CTRL_WIKI_GEO_countries_capital_largest_cities","3","Settlement Location PopulatedPlace Place"
"TOUGH_WEB_HOMO_cities_NOISE2","0","Location Country PopulatedPlace Place"
"TOUGH_WEB_HOMO_cities_NOISE2","1","PopulatedPlace Place AdministrativeRegion Location Region"
"TOUGH_WEB_HOMO_cities_NOISE2","2","Settlement City PopulatedPlace Place Location"
"CTRL_DBP_BUS_european_company_high_revenues_NOISE2","1","Company Organisation"
"CTRL_DBP_BUS_european_company_high_revenues_NOISE2","3","Settlement Location PopulatedPlace Place"
"CTRL_DBP_BUS_european_company_high_revenues_NOISE2","5","Location Country PopulatedPlace Place"
"TOUGH_WEB_HOMO_cities","0","Location Country PopulatedPlace Place"
"TOUGH_WEB_HOMO_cities","1","PopulatedPlace Place AdministrativeRegion Location Region"
"TOUGH_WEB_HOMO_cities","2","Settlement City PopulatedPlace Place Location"
"CTRL_DBP_BUS_european_company_high_revenues","1","Company Organisation"
"CTRL_DBP_BUS_european_company_high_revenues","3","Settlement Location PopulatedPlace Place"
"CTRL_DBP_BUS_european_company_high_revenues","5","Location Country PopulatedPlace Place"
"TOUGH_WEB_MISC_wiki_countries_capital_largest_cities_NOISE2","0","Location Country PopulatedPlace Place"
"TOUGH_WEB_MISC_wiki_countries_capital_largest_cities_NOISE2","1","Settlement City PopulatedPlace Place Location"
"TOUGH_WEB_MISC_wiki_countries_capital_largest_cities_NOISE2","2","Settlement Location PopulatedPlace Place"
"TOUGH_WEB_MISC_wiki_countries_capital_largest_cities_NOISE2","3","Settlement Location PopulatedPlace Place"
"TOUGH_WEB_MISC_wiki_countries_capital_largest_cities","0","Location Country PopulatedPlace Place"
"TOUGH_WEB_MISC_wiki_countries_capital_largest_cities","1","Settlement City PopulatedPlace Place Location"
"TOUGH_WEB_MISC_wiki_countries_capital_largest_cities","2","Settlement City PopulatedPlace Place Location"
"TOUGH_WEB_MISC_wiki_countries_capital_largest_cities","3","Settlement Location PopulatedPlace Place"
"TOUGH_WEB_MISSP_1000_us_cities_NOISE1_0.0","0","Settlement City PopulatedPlace Place Location"
"TOUGH_WEB_MISSP_1000_us_cities_NOISE1_0.0","1","PopulatedPlace Place AdministrativeRegion Location Region"
"TOUGH_WEB_MISSP_1000_us_cities_NOISE1_0.1","0","Settlement City PopulatedPlace Place Location"
"TOUGH_WEB_MISSP_1000_us_cities_NOISE1_0.1","1","PopulatedPlace Place AdministrativeRegion Location Region"
"TOUGH_WEB_MISSP_1000_us_cities_NOISE1_0.2","0","Settlement City PopulatedPlace Place Location"
"TOUGH_WEB_MISSP_1000_us_cities_NOISE1_0.2","1","PopulatedPlace Place AdministrativeRegion Location Region"
"TOUGH_WEB_MISSP_1000_us_cities_NOISE1_0.3","0","Settlement City PopulatedPlace Place Location"
"TOUGH_WEB_MISSP_1000_us_cities_NOISE1_0.3","1","PopulatedPlace Place AdministrativeRegion Location Region"
"CTRL_DBP_SPO_NBA_players","0","Athlete BasketballPlayer Person"
"CTRL_DBP_SPO_NBA_players","2","SportsTeam Organisation BasketballTeam"
"CTRL_DBP_SPO_NBA_players_NOISE2","0","Athlete BasketballPlayer Person"
"CTRL_DBP_SPO_NBA_players_NOISE2","2","SportsTeam Organisation BasketballTeam"
"TOUGH_WEB_MISSP_1000_us_cities_NOISE1_0.4","0","Settlement City PopulatedPlace Place Location"
"TOUGH_WEB_MISSP_1000_us_cities_NOISE1_0.4","1","PopulatedPlace Place AdministrativeRegion Location Region"
"TOUGH_WEB_MISSP_1000_us_cities_NOISE1_0.5","0","Settlement City PopulatedPlace Place Location"
"TOUGH_WEB_MISSP_1000_us_cities_NOISE1_0.5","1","PopulatedPlace Place AdministrativeRegion Location Region"
"CTRL_DBP_BUS_automobile_manufacturer_NOISE2","0","Company Organisation"
"CTRL_DBP_BUS_automobile_manufacturer_NOISE2","1","Location Country PopulatedPlace Place"
"CTRL_DBP_BUS_automobile_manufacturer_NOISE2","2","Ship Aircraft Locomotive MilitaryVehicle Automobile MeanOfTransportation"
"CTRL_DBP_BUS_automobile_manufacturer_NOISE2","3","Settlement Location PopulatedPlace Place"
"CTRL_DBP_BUS_automobile_manufacturer","0","Company Organisation"
"CTRL_DBP_BUS_automobile_manufacturer","1","Location Country PopulatedPlace Place"
"CTRL_DBP_BUS_automobile_manufacturer","2","Ship Aircraft Locomotive MilitaryVehicle Automobile MeanOfTransportation"
"CTRL_DBP_BUS_automobile_manufacturer","3","Settlement Location PopulatedPlace Place"
"TOUGH_WEB_HOMO_basketball_players_NOISE2","0","Work Album MusicalWork"
"TOUGH_WEB_HOMO_basketball_players_NOISE2","1","SportsTeam Organisation BasketballTeam"
"TOUGH_WEB_HOMO_basketball_players_NOISE2","2","Settlement City PopulatedPlace Place Location"
"TOUGH_WEB_HOMO_basketball_players","0","Wikidata:Q11424 Work Film"
"TOUGH_WEB_HOMO_basketball_players","1","SportsTeam Organisation BasketballTeam"
"TOUGH_WEB_HOMO_basketball_players","2","Settlement City PopulatedPlace Place Location"
"CTRL_WIKI_MUS_List_of_national_anthems","0","Location Country PopulatedPlace Place"
"CTRL_WIKI_MUS_List_of_national_anthems","4","Writer Person"
"CTRL_WIKI_MUS_List_of_national_anthems_NOISE2","0","Location Country PopulatedPlace Place"
"CTRL_WIKI_MUS_List_of_national_anthems_NOISE2","4","Writer Person"
"TOUGH_WEB_MISSP_1000_us_cities_NOISE1_0.7","0","Settlement City PopulatedPlace Place Location"
"TOUGH_WEB_MISSP_1000_us_cities_NOISE1_0.7","1","PopulatedPlace Place AdministrativeRegion Location Region"
"TOUGH_WEB_MISSP_1000_us_cities_NOISE1_0.6","0","Settlement City PopulatedPlace Place Location"
"TOUGH_WEB_MISSP_1000_us_cities_NOISE1_0.6","1","PopulatedPlace Place AdministrativeRegion Location Region"
"TOUGH_WEB_MISSP_1000_us_cities_NOISE1_0.8","0","Settlement Location PopulatedPlace Place"
"TOUGH_WEB_MISSP_1000_us_cities_NOISE1_0.8","1","PopulatedPlace Place AdministrativeRegion Location Region"
"TOUGH_WEB_MISSP_1000_us_cities_NOISE1_0.9","0","Settlement City PopulatedPlace Place Location"
"TOUGH_WEB_MISSP_1000_us_cities_NOISE1_0.9","1","PopulatedPlace Place AdministrativeRegion Location Region"
"CTRL_DBP_MUS_rock_bands_labels","2","Company RecordLabel Organisation"
"CTRL_DBP_MUS_rock_bands_labels","3","Artist Person MusicalArtist"
"CTRL_DBP_MUS_rock_bands_labels_NOISE2","2","Company RecordLabel Organisation"
"CTRL_DBP_MUS_rock_bands_labels_NOISE2","3","Artist Person MusicalArtist"
"CTRL_DBP_SPO_F1_drivers","0","FormulaOneRacer MotorsportRacer RacingDriver Athlete Person"
"CTRL_DBP_SPO_F1_drivers","1","Organisation FormulaOneTeam SportsTeam"
"CTRL_DBP_SPO_F1_drivers","2","SportsEvent PenaltyShootOut GrandPrix Event SocietalEvent"
"CTRL_DBP_SPO_F1_drivers_NOISE2","0","FormulaOneRacer MotorsportRacer RacingDriver Athlete Person"
"CTRL_DBP_SPO_F1_drivers_NOISE2","1","Organisation FormulaOneTeam SportsTeam"
"CTRL_DBP_SPO_F1_drivers_NOISE2","2","SportsEvent PenaltyShootOut GrandPrix Event SocietalEvent"
"CTRL_DBP_POL_european_prime_ministers","0","OfficeHolder Person"
"CTRL_DBP_POL_european_prime_ministers","1","Organisation PoliticalParty"
"CTRL_DBP_POL_european_prime_ministers","2","Location Country PopulatedPlace Place"
"CTRL_DBP_POL_european_prime_ministers_NOISE2","0","OfficeHolder Person"
"CTRL_DBP_POL_european_prime_ministers_NOISE2","1","Organisation PoliticalParty"
"CTRL_DBP_POL_european_prime_ministers_NOISE2","2","Location Country PopulatedPlace Place"
"TOUGH_WEB_MISC_wiki_list_of_national_anthems_NOISE2","0","Location Country PopulatedPlace Place"
"TOUGH_WEB_MISC_wiki_list_of_national_anthems_NOISE2","3","Writer Person"
"TOUGH_WEB_MISC_wiki_list_of_national_anthems","0","Location Country PopulatedPlace Place"
"TOUGH_WEB_MISC_wiki_list_of_national_anthems","3","Writer Person"
"TOUGH_WEB_MISSP_1000_us_cities_NOISE2","0","Settlement City PopulatedPlace Place Location"
"TOUGH_WEB_MISSP_1000_us_cities_NOISE2","1","Settlement City PopulatedPlace Place Location"
"TOUGH_WEB_MISSP_1000_us_cities_NOISE2","2","PopulatedPlace Place AdministrativeRegion Location Region"
"TOUGH_WEB_MISC_banklist_NOISE2","1","Settlement City PopulatedPlace Place Location"
"TOUGH_WEB_MISC_banklist_NOISE2","2","SportsLeague Organisation"
"TOUGH_WEB_MISC_banklist_NOISE2","4","Company Organisation Bank"
"TOUGH_WEB_MISSP_1000_us_cities","0","Settlement City PopulatedPlace Place Location"
"TOUGH_WEB_MISSP_1000_us_cities","1","Settlement City PopulatedPlace Place Location"
"TOUGH_WEB_MISSP_1000_us_cities","2","PopulatedPlace Place AdministrativeRegion Location Region"
"CTRL_DBP_GEO_us_lakes_NOISE2","0","Lake Place NaturalPlace Location BodyOfWater"
"CTRL_DBP_GEO_us_lakes_NOISE2","2","Settlement PopulatedPlace Town Place Location"
"CTRL_DBP_GEO_us_lakes_NOISE2","3","PopulatedPlace Place AdministrativeRegion Location Region"
"CTRL_DBP_GEO_us_lakes","0","Lake Place NaturalPlace Location BodyOfWater"
"CTRL_DBP_GEO_us_lakes","2","Settlement PopulatedPlace Town Place Location"
"CTRL_DBP_GEO_us_lakes","3","PopulatedPlace Place AdministrativeRegion Location Region"
"TOUGH_WEB_MISC_banklist","1","Settlement City PopulatedPlace Place Location"
"TOUGH_WEB_MISC_banklist","2","Band Organisation Group"
"TOUGH_WEB_MISC_banklist","4","Company Organisation Bank"
"CTRL_DBP_GEO_protected_areas","0","ProtectedArea Location Place"
"CTRL_DBP_GEO_protected_areas","3","Settlement City PopulatedPlace Place Location"
"CTRL_DBP_GEO_protected_areas","4","PopulatedPlace Place AdministrativeRegion Location Region"
"CTRL_DBP_GEO_protected_areas_NOISE2","0","ProtectedArea Location Place"
"CTRL_DBP_GEO_protected_areas_NOISE2","3","Settlement City PopulatedPlace Place Location"
"CTRL_DBP_GEO_protected_areas_NOISE2","4","PopulatedPlace Place AdministrativeRegion Location Region"
"CTRL_DBP_BUS_videogame_publishers_NOISE2","1","VideoGame Software Work"
"CTRL_DBP_BUS_videogame_publishers_NOISE2","2","Activity Sport"
"CTRL_DBP_BUS_videogame_publishers_NOISE2","3","InformationAppliance Device"
"TOUGH_WEB_MISSP_celebrities_NOISE1_0.1","0","Person"
"TOUGH_WEB_MISSP_celebrities_NOISE1_0.1","1","Settlement City PopulatedPlace Place Location"
"TOUGH_WEB_MISSP_celebrities_NOISE1_0.1","2","Location Country PopulatedPlace Place"
"CTRL_DBP_BUS_videogame_publishers","1","VideoGame Software Work"
"CTRL_DBP_BUS_videogame_publishers","2","Activity Sport"
"CTRL_DBP_BUS_videogame_publishers","3","InformationAppliance Device"
"CTRL_DBP_MUS_german_musician","0","Artist Person MusicalArtist"
"CTRL_DBP_MUS_german_musician","1","Genre Type MusicGenre TopicalConcept GovernmentType"
"CTRL_DBP_MUS_german_musician_NOISE2","0","Artist Person MusicalArtist"
"CTRL_DBP_MUS_german_musician_NOISE2","1","Genre Type MusicGenre TopicalConcept GovernmentType"
"CTRL_DBP_MUS_us_musician_aliases","1","Genre Type MusicGenre TopicalConcept GovernmentType"
"CTRL_DBP_MUS_us_musician_aliases_NOISE2","1","Genre Type MusicGenre TopicalConcept GovernmentType"
"CTRL_DBP_SPO_goalkeepers_NOISE2","0","Person Athlete SoccerPlayer"
"CTRL_DBP_SPO_goalkeepers_NOISE2","1","Location Country PopulatedPlace Place"
"CTRL_DBP_SPO_goalkeepers_NOISE2","2","SoccerClub Organisation SportsTeam"
"CTRL_DBP_SPO_goalkeepers_NOISE2","3","Place Stadium ArchitecturalStructure Location Arena SportFacility"
"CTRL_DBP_SPO_goalkeepers","0","Person Athlete SoccerPlayer"
"CTRL_DBP_SPO_goalkeepers","1","Location Country PopulatedPlace Place"
"CTRL_DBP_SPO_goalkeepers","2","SoccerClub Organisation SportsTeam"
"CTRL_DBP_SPO_goalkeepers","3","Place Stadium ArchitecturalStructure Location Arena SportFacility"
"TOUGH_WEB_MISSP_celebrities_NOISE1_0.2","0","Person"
"TOUGH_WEB_MISSP_celebrities_NOISE1_0.2","1","Settlement City PopulatedPlace Place Location"
"TOUGH_WEB_MISSP_celebrities_NOISE1_0.2","2","Location Country PopulatedPlace Place"
"TOUGH_WEB_MISSP_celebrities_NOISE1_0.3","0","Person"
"TOUGH_WEB_MISSP_celebrities_NOISE1_0.3","1","Settlement City PopulatedPlace Place Location"
"TOUGH_WEB_MISSP_celebrities_NOISE1_0.3","2","Location Country PopulatedPlace Place"
"TOUGH_WEB_MISSP_celebrities_NOISE1_0.4","0","Person"
"TOUGH_WEB_MISSP_celebrities_NOISE1_0.4","1","Settlement City PopulatedPlace Place Location"
"TOUGH_WEB_MISSP_celebrities_NOISE1_0.4","2","Location Country PopulatedPlace Place"
"TOUGH_WEB_MISSP_celebrities_NOISE1_0.5","0","Person"
"TOUGH_WEB_MISSP_celebrities_NOISE1_0.5","1","Settlement City PopulatedPlace Place Location"
"TOUGH_WEB_MISSP_celebrities_NOISE1_0.5","2","Location Country PopulatedPlace Place"
"TOUGH_WEB_MISSP_celebrities_NOISE1_0.6","0","Person"
"TOUGH_WEB_MISSP_celebrities_NOISE1_0.6","1","Settlement City PopulatedPlace Place Location"
"TOUGH_WEB_MISSP_celebrities_NOISE1_0.6","2","Location Country PopulatedPlace Place"
"TOUGH_WEB_MISSP_celebrities_NOISE1_0.7","0","Person"
"TOUGH_WEB_MISSP_celebrities_NOISE1_0.7","1","Settlement City PopulatedPlace Place Location"
"TOUGH_WEB_MISSP_celebrities_NOISE1_0.7","2","Location Country PopulatedPlace Place"
"TOUGH_WEB_MISSP_celebrities_NOISE1_0.8","0","Person"
"TOUGH_WEB_MISSP_celebrities_NOISE1_0.8","1","Settlement City PopulatedPlace Place Location"
"TOUGH_WEB_MISSP_celebrities_NOISE1_0.8","2","Location Country PopulatedPlace Place"
"TOUGH_DBP_HOMO_people_in_places_us","2","Station ArchitecturalStructure Place Location Infrastructure"
"TOUGH_DBP_HOMO_people_in_places_us","3","PopulatedPlace Place AdministrativeRegion Location Region"
"TOUGH_DBP_HOMO_people_in_places_us","4","Location Country PopulatedPlace Place"
"TOUGH_DBP_HOMO_people_in_places","2","Station ArchitecturalStructure Place Location Infrastructure"
"TOUGH_DBP_HOMO_people_in_places","3","PopulatedPlace Place AdministrativeRegion Location Region"
"TOUGH_DBP_HOMO_people_in_places","4","Location Country PopulatedPlace Place"
"TOUGH_DBP_HOMO_SORTED_people_in_places","2","Station ArchitecturalStructure Place Location Infrastructure"
"TOUGH_DBP_HOMO_SORTED_people_in_places","3","PopulatedPlace Place AdministrativeRegion Location Region"
"TOUGH_DBP_HOMO_SORTED_people_in_places","4","Location Country PopulatedPlace Place"
"TOUGH_DBP_HOMO_SORTED_people_in_places_NOISE2","2","Station ArchitecturalStructure Place Location Infrastructure"
"TOUGH_DBP_HOMO_SORTED_people_in_places_NOISE2","3","PopulatedPlace Place AdministrativeRegion Location Region"
"TOUGH_DBP_HOMO_SORTED_people_in_places_NOISE2","4","Location Country PopulatedPlace Place"
"TOUGH_DBP_HOMO_people_in_places_us_NOISE2","2","Station ArchitecturalStructure Place Location Infrastructure"
"TOUGH_DBP_HOMO_people_in_places_us_NOISE2","3","PopulatedPlace Place AdministrativeRegion Location Region"
"TOUGH_DBP_HOMO_people_in_places_us_NOISE2","4","Location Country PopulatedPlace Place"
"TOUGH_DBP_HOMO_people_in_places_NOISE2","2","Station ArchitecturalStructure Place Location Infrastructure"
"TOUGH_DBP_HOMO_people_in_places_NOISE2","3","PopulatedPlace Place AdministrativeRegion Location Region"
"TOUGH_DBP_HOMO_people_in_places_NOISE2","4","Location Country PopulatedPlace Place"
"TOUGH_WEB_MISSP_celebrities_NOISE1_0.9","0","Person"
"TOUGH_WEB_MISSP_celebrities_NOISE1_0.9","1","Settlement City PopulatedPlace Place Location"
"TOUGH_WEB_MISSP_celebrities_NOISE1_0.9","2","Location Country PopulatedPlace Place"
"TOUGH_WEB_MISSP_celebrities","0","Person"
"TOUGH_WEB_MISSP_celebrities","1","Person"
"TOUGH_WEB_MISSP_celebrities","2","Settlement City PopulatedPlace Place Location"
"TOUGH_WEB_MISSP_celebrities","3","Location Country PopulatedPlace Place"
"TOUGH_WEB_MISSP_celebrities_NOISE2","0","Person"
"TOUGH_WEB_MISSP_celebrities_NOISE2","1","Person"
"TOUGH_WEB_MISSP_celebrities_NOISE2","2","Settlement City PopulatedPlace Place Location"
"TOUGH_WEB_MISSP_celebrities_NOISE2","3","Location Country PopulatedPlace Place"
