"#","Name","Age","Club","LMSC","Time"
"1","Keri L Hehn","31","SCAQ","Southern Pacific","1:09.49"
"2","Hannah Caldas","34","ARIZ","Arizona","1:16.35"
"3","Danielle R Chance","31","BLU","Florida","1:20.21"
"4","Jennifer M Carlson","33","RMST","Potomac Valley","1:21.58"
"5","Kendra E Wilson","31","SMS","Southern","1:22.30"
"6","Esther Martinez Borobio","30","NEM","New England","1:23.93"
"7","Jennifer M Faith","31","OREG","Oregon","1:24.42"
"8","Emily Finanger","33","SDSM","San Diego - Imperial","1:25.15"
"9","Laura L Lastfogel","30","SFTL","Florida Gold Coast","1:25.41"
"10","Molly E Connolly","30","NEBR","Nebraska","1:25.75"
