"#","Media","MIX"
"1","Dainik Jagran","15.400"
"2","Dainik Bhaskar","14.000"
"3","CNN Editions (International)","14.000"
"4","CNN","12.000"
"5","NDTV","10.000"
"6","Times of India","4.800"
"7","Globo","4.500"
"8","Dailymail","4.500"
"9","Malayala Manorama","4.000"
"10","Dinamalar","3.500"
"11","WALL STREET JOURNAL USA","3.400"
"12","foxnews","3.300"
"13","New York Times","3.250"
"14","Gujarat Samachar","3.000"
"15","Telecinco","2.800"
"16","IBN live","2.800"
"17","USA Today","2.525"
"18","The Sun","2.500"
"19","Joong Ang Ilbo","2.250"
"20","AARP Bulletin","2.160"
"","More Media >>",""
