"Year","Award","Category","Work","Result"
"2010","Prix GÃ©meaux","Best Supporting Actress[13]","Aveux","Nominated"
"2012","Prix GÃ©meaux","Best Lead Actress[14]","La Promesse","Won"
"2013","Canadian Screen Award","Best Performance by an Actress in a Leading Role","Inch'Allah","Nominated"
"2014","Canadian Screen Award","Best Performance by an Actress in a Supporting Role","Tom at the Farm","Nominated"
"2014","Prix GÃ©meaux","Best Performance by an Actress in a Supporting Role","La Marraine","Nominated"
"2015","Jutra Award","Best Performance by an Actress in a Supporting Role","Tom at the Farm","Nominated"

