"Pos","Time","Athlete","Venue","Date"
"1","26:17.53","Kenenisa Bekele (ETH)","Brussels","August 26, 2005"
"2","26:22.75","Haile Gebrselassie (ETH)","Hengelo","June 1, 1998"
"3","26:27.85","Paul Tergat (KEN)","Brussels","August 22, 1997"
"4","26:30.03","Nicholas Kemboi (KEN)","Brussels","September 5, 2003"
"5","26:30.74","Abebe Dinkesa (ETH)","Hengelo","May 29, 2005"
"6","26:35.63","Micah Kogo (KEN)","Brussels","August 25, 2006"
"7","26:36.26","Paul Koech (KEN)","Brussels","August 22, 1997"
"8","26:37.25","Zersenay Tadese (ERI)","Brussels","August 25, 2006"
"9","26:38.08","Salah Hissou (MAR)","Brussels","August 23, 1996"
"10","26:38.76","Abdullah Ahmad Hassan (QAT)","Brussels","September 5, 2003"
"11","26:39.69","Sileshi Sihine (ETH)","Hengelo","May 31, 2004"
"12","26:39.77","Boniface Kiprop Toroitich (UGA)","Brussels","August 26, 2005"
"13","26:41.75","Samuel Wanjiru (KEN)","Brussels","August 26, 2005"
"14","26:43.98","Lucas Kimeli Rotich (KEN)","Brussels","September 7, 2011"
"15","26:44.36","Galen Rupp (USA)","Eugene","May 30, 2014"
"16","26:46.57","Mo Farah (GBR)","Eugene","June 3, 2011"
"17","26:48.35","Imane Merga (ETH)","Eugene","June 3, 2011"
"18","26:48.99","Josphat Bett Kipkoech (KEN)","Eugene","June 3, 2011"
"19","26:49.02","Eliud Kipchoge (KEN)","Hengelo","May 26, 2007"
"20","26:49.20","Moses Ndiema Masai (KEN)","Brussels","September 14, 2007"
"21","26:49.38","Sammy Kipketer (KEN)","Brussels","August 30, 2002"
"22","26:49.41","Paul Kipngetich Tanui (KEN)","Eugene","May 30, 2014"
"23","26:49.55","Moses Mosop (KEN)","Hengelo","May 26, 2007"
"24","26:49.90","Assefa Mezgebu (ETH)","Brussels","August 30, 2002"
"25","26:50.20","Richard Limo (KEN)","Brussels","August 30, 2002"

