col0,col1,col2,col3
J. B. Traxler,Michigan State University,United States,1931-07-21
H. Teigan,Valparaiso University,United States,1881-08-07
Henry Alexander Scammell Dearborn,The College of William and Mary,United States,1783-03-03
H. L. Lanham,University of Georgia,United States,1888-09-14
H. O. Staggers,Emory and Henry College,United States,1907-08-03
H. E. Mitchell,University of Georgia School of Law,United States,1924-08-27
G. Molina,National University of Colombia,Colombian people,1906-08-06
G. W. Johnson,West Virginia University,United States,1869-11-10
G. W. Murray,University of South Carolina,United States,1853-09-22
G. V. Hansen,Brigham Young University-Idaho,United States,1930-09-14
G. Davis,US Military Academy,United States,1958-10-26
F. L. Crawford,University of Michigan,United States,1888-05-05
F. Brucker,University of Michigan Law School,United States,1858-01-08
E. H. Levitas,Emory University,United States,1930-12-26
E. Feighan,Loyola University New Orleans,United States,1947-10-22
D. LaMalfa,California Polytechnic State University,United States,1960-07-02
D. Cazayoux,Georgetown University,United States,1964-01-17
D. W. Clark,University of Notre Dame,United States,1902-04-02
D. Kuykendall,Texas A&M University,United States,1924-07-09
Compton I. White Jr.,George Washington University,United States,1920-12-19
C. I. White,Gonzaga University,United States,1877-07-31
C. J. Carney,Youngstown State University,United States,1913-04-17
C. H. Leavy,Western Washington University,United States,1884-02-16
B. Mollohan,Shepherd University,United States,1909-09-18
B. S. McGuire,University of Kansas at Lawrence,United States,1865-10-13
B. J. Vincent,University of Michigan,United States,1880-03-06
B. Sarpalius,Texas Tech University,Lithuanian-American,1948-01-10
B. Bidwell,Brown University,United States,1763-08-23
A. F. Lever,Newberry College,United States,1875-01-05
A. Pirnie,Cornell University,United States,1903-04-16
A. T. Smith,George Washington University Law School,United States,1862-09-05
A. Goff,Bachelor of Laws,United States,1899-12-21
