col0,col1,col2,col3
William E. Cleator Sr.,San Diego,United States,1993-02-10
William Derwood Cann Jr.,Louisiana,United States,2010-07-12
W. D. Tindall,"Saanichton, British Columbia",Canada,2004-04-09
W. S. Fuentealba,Chile,Chile,1989-10-31
V. Heinzel,Zagreb,Croatia,1934-03-01
V. Á. Travieso,San Antonio,Spanish people,1779-0-0
S. d. Arocha,Texas,Spanish people,1796-07-29
S. Low,New York City,United States,1916-09-17
S. Alizade,Azerbaijan,Azerbaijani people,2008-01-31
R. d. Valle,"Ponce, Puerto Rico",Puerto Rican people,1948-0-0
Robert de La Rochefoucauld,France,French people,2012-05-08
R. Maturana,Chile,Chile,2009-8-12
R. Boucher,France,French people,1811-1-1
R. Maturana,Chile,Chile,2009-8-12
R. Boucher,France,French people,1811-1-1
R. T. Troy,North Carolina,United States,2014-1-26
R. Allahverdiyev,Azerbaijan,Azerbaijani people,2009-01-11
P. Borie,France,French people,1832-1-1
P. Elmo Futrell Jr.,Texas,United States,1993-12-04
O. Maturana,Chile,Chile,1973-07-16
N. H. Moss,New Zealand,New Zealand,1974-1-1
N. Chambon,France,French people,1826-11-02
M. Minić,Belgrade,Serb,2003-09-05
M. Pavlov,Belarus,Belarusian people,2010-06-06
M. Rambin,Louisiana,United States,2001-06-19
M. Jurczyk,Poland,Poland,2014-12-30
M. C. Lobregat,Philippines,Philippine nationality law,2004-01-02
L. A. Morales,Puerto Rico,Puerto Rican people,2011-06-18
L. E. Thomas,"Shreveport, Louisiana",United States,1935-02-16
L. Silva,Manila,Philippine nationality law,2004-04-27
J. J. Potous,"Ponce, Puerto Rico",Puerto Rican people,1920-0-0
Juan H. Cintrón García,"Ponce, Puerto Rico",Puerto Rican people,2012-09-22
José María Caro Martínez,Chile,Chile,1916-11-11
J. D. Laguna,"Ponce, Puerto Rico",Puerto Rican people,1991-09-20
José Antonio de la Garza,San Antonio de Béjar,Spanish people,1851-5-5
J. Smodlaka,"Split, Croatia",Croats,1956-05-31
J. H. Allen,New York,United States,1884-04-24
José María Caro Martínez,Chile,Chile,1916-11-11
J. D. Laguna,"Ponce, Puerto Rico",Puerto Rican people,1991-09-20
José Antonio de la Garza,San Antonio de Béjar,Spanish people,1851-5-5
J. E. Coon,Louisiana,United States,1993-03-09
J. Pache,France,French people,1823-11-18
J. Fleuriot-Lescot,France,French people,1794-07-28
J. Dahlman,Nebraska,United States,1930-01-21
I. Tijardović,Zagreb,Croatia,1976-3-19
I. Krbek,Socialist Federal Republic of Yugoslavia,Croat,1966-01-17
H. L. d'Ormesson,France,French people,1808-04-12
G. F. Zaide,Manila,Filipino people,1988-10-31
G. L. Pira,Florence,Italians,1977-11-05
G. R. Armstrong,Nebraska,United States,1896-04-20
