col0,col1,col2,col3,col4
IKCO Dena,Iran Khodro,IKCO Samand,2017,2017
Ford Thunderbird,Jack Telnack,Lincoln Continental Mark VII,1983,1988
Ford Taurus SHO,Jack Telnack,Ford Taurus,1989,1999
Ford Taurus,Moray Callum,Lincoln Continental,2000,2007
Ford Five Hundred,J Mays,Volvo S60,2005,2007
Ferrari Pinin,Leonardo Fioravanti,Ferrari 400,1980,1980
Ferrari 348,Pininfarina,Ferrari Mondial,1989,1989
Ferrari 328,Leonardo Fioravanti,Ferrari Mondial,1986,1989
Chrysler Pacifica,Freeman Thomas,Chrysler Voyager,2004,2008
Chrysler PT Cruiser,Bryan Nesbitt,Dodge Neon,2001,2010
Chrysler Crossfire,Eric Stoddard,Mercedes-Benz SLK-Class,2004,2008
Chevrolet Vega,Bill Mitchell,Buick Skyhawk,1971,1977
Chevrolet HHR,Bryan Nesbitt,Chevrolet Cobalt,2006,2011
Chevrolet Adra,General Motors India Private Limited,Ford Escape,2015,2015
Cadillac Series 65,Harley Earl,Buick Roadmaster,1937,1938
Cadillac Series 355,Harley Earl,Cadillac V-16,1931,1935
Cadillac Fleetwood Brougham,Bill Mitchell,Buick Electra,1977,1986
BMW 3 Series,Pinky Lai,BMW M3,1992,1999
Aston Martin DB7,Ian Callum,Jaguar XK8,1997,1998
Apollo,Franco Scaglione,Intermeccanica,1962,1965
Alfa Romeo Spider,Pininfarina,Alfa Romeo Giulia,1966,1994
AMC Hornet,Richard A. Teague,AMC Gremlin,1970,1977
AMC Concord,Richard A. Teague,AMC Gremlin,1978,1983
