col0,col1,col2,col3
Ñancahuazú Guerrilla,Cold War,Bolivia,67
Åndalsnes landings,Norwegian Campaign,Norway,?
Zliten uprising,2011 Libyan Civil War,Libya,22 killed
Zhucheng Campaign,Chinese Civil War,Shandong,"2,400"
Zhoucun–Zhangdian Campaign,Chinese Civil War,China,"38,000"
Zhiluozhen Campaign,Chinese Civil War,Shaanxi,800 killed and wounded
Zhili–Anhui War,Warlord era,Hebei,Several thousand
Zhengtai Campaign,Chinese Civil War,China,"35,000"
Zhejiang-Jiangxi campaign,Second Sino-Japanese War,Jiangxi,"250,000 civilians"
Zelenopillya rocket attack,War in Donbass,Luhansk Oblast,"23 killed, 93 wounded (according toArmed Forces of Ukraine)"
Zeitun Resistance,Armenian Resistance,Kahramanmaraş Province,Unknown
Zeitun Rebellion,Hamidian massacres,Süleymanlı,Very light
Zeebrugge Raid,World War I,Belgium,227 dead
Zealot Temple Siege,First Jewish–Roman War,Jerusalem,Unknown
Zawiya skirmish,2011 Libyan Civil War,Libya,20 wounded
Zaragoza Offensive,Spanish Civil War,Spain,Unknown
Zamboanga City crisis,Moro Conflict,Philippines,* Captured: 292
Zaian War,North African theatre,French protectorate of Morocco,"1,400 African regulars"
Young Irelander Rebellion of 1848,Revolutions of 1848,Ireland,2 killed
Yom Kippur War,Arab–Israeli conflict,Suez Canal,"1,063 tanks destroyed, damaged or captured"
Yogyakarta and Surakarta Offensive,Indonesian National Revolution,Surakarta,"~800–900 dead, among them an unknown number of non-combatants"
Yetaishan Campaign,Chinese Civil War,China,500+
Yemeni Civil War,Effects of the Cold War,Yemen,"5,000 wounded (N. Yemen claim)"
Yelnya Offensive,World War II,Soviet Union,"23,000 (XX Army Corps for the period from August 8 to Sept 8)"
Yellowstone Expedition of 1873,Sioux Wars,Dakota Territory,"4 killed, 12 wounded"
Years of Lead,Cold War,Italy,"Around 500-1,000 civilians and officer killed"
Yazoo City Expedition,American Civil War,"Yazoo County, Mississippi",14 wounded
Yanzhou Campaign,Chinese Civil War,China,"63,000"
Xinjiang raid,Xinjiang conflict,Xinjiang,1 killed
Xinghua Campaign,Chinese Civil War,China,"7,000 (2,000 killed)"
XYZ Line,Spanish Civil War,Spain,"5,000"
Wytheville Raid,American Civil War,"Wytheville, Virginia","11 killed, 32 wounded, 17 prisoners, 26 missing"
Wudi Campaign,Chinese Civil War,China,"6,000"
Wuchang Uprising,Xinhai Revolution,Hubei,"~4,000 Killed"
Wounded Knee incident,Red Power movement,United States,"2 killed, 13 wounded"
World War II in Yugoslavia,World War II,Yugoslavia,"14,805 missing;"
World War II in Yugoslav Macedonia,World War II in Yugoslavia,Macedonia,"6,724 dead"
Worek Plan,Invasion of Poland,Baltic Sea,3 submarines damaged
Wolseley expedition,Red River Rebellion,Canada,None
Withdrawal through Andalal,Nader's Campaigns,Dagestan,Unknown
Winter Offensive of 1947 in Northeast China,Chinese Civil War,Northeast China,"156,000"
Wilson–Kautz Raid,American Civil War,"Brunswick County, Virginia","1,500 and 12 guns"
Wilmington Campaigns,American Civil War,North Carolina,"1, 971"
White River War,American Indian Wars,Colorado,24 killed
Wheeler's October 1863 Raid,American Civil War,Tennessee,"1,000 mules,"
Western theater of the American Revolutionary War,American Indian Wars,Great Lakes region,120+
Western al-Hasakah offensive,Syrian Civil War,Al-Hasakah Governorate,55 killed
Western al-Bab offensive,Syrian Civil War,Aleppo Governorate,30 killed (ISIL claim)
Western al-Bab offensive,Syrian Civil War,Aleppo Governorate,160–200 killed (Turkish claim)
Western Tai'an Campaign,Chinese Civil War,China,"3,645"
Western Sahara War,Western Sahara conflict,Mauritania,"2,155 – 2,300 captured"
Western Persia campaign of 1730,Nader's Campaigns,Persia,unknown
Western New Guinea campaign,Pacific War,Netherlands New Guinea,"1,922+ killed or missing 8,000+ wounded"
Western Hubei Operation,Second Sino-Japanese War,Hubei,?
Western Front,World War II,Northern Europe,"* 2,121,560–2,260,000casualties, including 143,400 killed"
Western Allied invasion of Germany,Western Front,Germany,"6,298 casualties including 1,482 killed"
Wendish Crusade,Northern Crusades,Mecklenburg,Unknown
Weixian–Guangling–Nuanquan Campaign,Chinese Civil War,China,"3,000"
"Waterloo Campaign, 8–15 June",Waterloo Campaign,Belgium,300–400
Warsaw Uprising,Kościuszko Uprising,Poland,"507 soldiers killed and 437 wounded,"
Warsaw Uprising,World War II,Poland,"10,000KIA"
Warsaw Pact invasion of Czechoslovakia,Cold War,Czechoslovak Socialist Republic,10 killed (in accidents and suicides)
Warsaw Ghetto Uprising,The Holocaust,General Government,"At least 17 killed, 93 wounded (German figures)"
Warrenpoint ambush,The Troubles,County Down,None
War of the Fifth Coalition,Napoleonic Wars,Central Europe,"100,000+"
War of the Breton Succession,Hundred Years' War,Brittany,heavy
War of Jenkins' Ear,War of the Austrian Succession,Atlantic Ocean,"20,000 dead, wounded, missing, or captured,"
War of Dagestan,Chechen–Russian conflict,Dagestan,"~1,500–2,000 militants killed"
War of Attrition,Cold War,Sinai Peninsula,14–30 aircraft
War in the Vendée,War of the First Coalition,Loire-Atlantique,"~ 30,000 military killed"
War in the North,Spanish Civil War,Spain,"100,000 prisoners"
War in Vietnam,Cold War,North Vietnam,186 killed
War in Vietnam,Cold War,North Vietnam,9 killed
War in Vietnam,Cold War,Southern Vietnam,40 British/Indian soldiers killed
War in Somalia,Somali Civil War,Somalia,5 killed
War in Somalia,War on Terror,Somalia,"6,000–8,000 killed"
War in North-West Pakistan,War in Afghanistan,Khyber Pakhtunkhwa,15 soldiers killed
War in Ingushetia,Second Chechen War,Russia,400 policemen killed (2005–2010)
War in Donbass,Russian military intervention in Ukraine,Donbass,"2,081 killed or missing(perCargo 200NGO)"
War in Afghanistan,War in Afghanistan,Afghanistan,"11,600 killed, 20,000 wounded (Jan.–Dec. '15; March–Aug. '16; Oct. '16)"
War in Afghanistan,War in Afghanistan,Afghanistan,"(United States: 2,356, United Kingdom: 454, Canada: 158, France: 88, Germany: 57, Italy: 53, Others: 321)"
War in Abkhazia,Georgian–Abkhazian conflict,Abkhazia,(per Georgian sources)
War in Abkhazia,Georgian Civil War,Abkhazia,"1,820 civilians killed (Abkhaz claim)"
Wanshan Archipelago Campaign,Chinese Civil War,China,"> 7004gunboats sunk, 11 naval vessels captured by the enemy"
Wanganui Campaign,New Zealand wars,New Zealand,"Three killed, one wounded"
Walton War,War of 1812,"Transylvania County, North Carolina",None
Walcheren Campaign,War of the Fifth Coalition,Kingdom of Holland,"4,000 dead, wounded or captured"
Wagon Box Fight,Red Cloud's War,Bozeman Trail,2 wounded
Wager's Action,War of the Spanish Succession,Cartagena de Indias,unknown
Wadi al-Haramiya sniper attack,Second Intifada,Palestinian territories,6 wounded
Vyborg–Petrozavodsk Offensive,Continuation War,Karelo-Finnish Soviet Socialist Republic,"3,000 captured (all fronts)"
Voyage of the Glorioso,War of Jenkins' Ear,Portugal,1 ship of line sunk
Voronezh-Kastornensk operation,World War II,Soviet Union,"143 tanks,"
Volcano and Ryukyu Islands campaign,Pacific War,Ryukyu Islands,"27,113 dead or missing,"
Vlieter Incident,War of the Second Coalition,Netherlands,none
Vitebsk–Orsha Offensive,Operation Bagration,Belorussian SSR,?
Vistula–Oder Offensive,Eastern Front,Occupation of Poland,"146,368 wounded"
Vilnius Offensive,Eastern Front,Belarus,50-70 tanks
Vilna offensive,Polish–Soviet War,Lithuanian Soviet Socialist Republic,33 soldiers
Villasur expedition,War of the Quadruple Alliance,Great Plains,46 killed
Villarreal Offensive,Spanish Civil War,Basque Country,"1,000 dead"
Vietnam War,Cold War,South Vietnam,'''
Viet Cong attack on Tan Son Nhut Air Base,Vietnam War,South Vietnam,20 aircraft damaged and 3 vehicles destroyed
Vienna Offensive,Eastern Front,Nazi Germany,"47,000 taken prisoner  20,000 (Vienna) 5,000 (Surrounding Area)"
Viena expedition,Heimosodat,"Kem, Russia",122 death
Vicksburg Campaign,American Civil War,Mississippi,"1,007 missing)"
Velika attacks,Battles for Plav and Gusinje,Principality of Montenegro,85 deaths and 100 wounded
Vejce massacre,Insurgency in the Republic of Macedonia,Šar Mountains,"8 massacred, 7 killed by gunfire"
Valley of Tears,Yom Kippur War,Golan Heights,60-80 tanks and vehicles
