col0,col1,col2,col3
Valley Forge,American Revolutionary War,"Valley Forge, Pennsylvania","2,000 died"
Vadamarachchi Operation,Sri Lankan civil war,Sri Lanka,689 killed
Uzbin Valley ambush,War in Afghanistan,Afghanistan,"10 killed,"
Utah Beach,Normandy landings,"La Madeleine, Manche",* 4th Infantry Division: 197
Urfa Resistance,Armenian Resistance,Urfa,?
Upton train ambush,Irish War of Independence,County Cork,6 wounded
Uprising in Montenegro,World War II in Yugoslavia,Albania under Italy,* 879 released from captivity during Italian counteroffensive
Upper Silesian Offensive,Eastern Front of World War II,Nazi Germany,"40,000 killed; 14,000 POW (Soviet estimate)"
United States occupation of the Dominican Republic,Banana Wars,Dominican Republic,"7 killed, 15 wounded"
United States occupation of Veracruz,Mexican Revolution,Mexico,22 killed
United States occupation of Nicaragua,Banana Wars,Nicaragua,"136American Marinesdead (32 killed-in-action, 15 died of battle wounds, and 5 murdered bymutinousNicaraguan National Guardsmen)"
United States occupation of Haiti,Banana Wars,Haiti,Minimal
United States Navy operations during World War I,World War I,Pacific Ocean,431 killed
Unified Task Force,Somali Civil War,Somalia,1 killed
