"Rank","Fastest time (s)","Wind (m\/s)","Athlete","Nation","Date","Location","Ref"
"1","10.98","+2.0","Candace Hill","United States","20 June 2015","Shoreline","[38]"
"2","11.10","+0.9","Kaylin Whitney","United States","5 July 2014","Eugene","[41]"
"3","11.13","+2.0","Chandra Cheeseborough","United States","21 June 1976","Eugene"
"4","11.14","+1.7","Marion Jones","United States","6 June 1992","Norwalk"
"4","11.14","â\u0088\u00920.5","Angela Williams","United States","21 June 1997","Edwardsville"
"6","11.16","+1.2","Gabrielle Mayo","United States","22 June 2006","Indianapolis"
"7","11.17 A","+0.6","Wendy Vereen","United States","3 July 1983","Colorado Springs"
"8","11.20 A","+1.2","Raelene Boyle","Australia","15 October 1968","Mexico City"
"9","11.24","+1.2","Jeneba Tarmoh","United States","22 June 2006","Indianapolis"
"9","11.24","+0.8","Jodie Williams","Great Britain","31 May 2010","Bedford"

