col0,col1,col2,col3
Third Siege of Gerona,Peninsular War,Spain,"14,000 dead, wounded, or ill"
Third Servile War,Servile Wars,Italia,"30,000 (including Crixus) killed by Lucius Gellius Publicola, 6000 crucified by Crassus, 5000 routed and crucified by Pompey, almost all others are killed or crucified"
Third Mongol invasion of Poland,Mongol invasion of Europe,Lesser Poland,Heavy
Third Encirclement Campaign against the Shaanxi-Gansu Soviet,Chinese Civil War,Gansu,"9,000+"
Third Encirclement Campaign against the Hubei-Henan-Anhui Soviet,Chinese Civil War,Hubei,"60,000"
Third Encirclement Campaign against the Honghu Soviet,Chinese Civil War,Jingzhou,"near 10,000"
Third Encirclement Campaign against Jiangxi Soviet,Chinese Civil War,Jiangxi,"30,000"
Third Carlist War,Carlist Wars,Spain under the Restoration,Carlists:
Third Battle of the Shaer gas field,Syrian Civil War,Syria,16 killed (1st day)
Third Battle of the Isonzo,Italian Front,Slovenia,"67,100(11,000 dead)"
Third Battle of the Aisne,Western Front,France,"127,000"
Third Battle of Winchester,American Civil War,Virginia,"5,020"
Third Battle of Tuxpan,Mexican-American War,Tuxpan,"2 killed,"
Third Battle of Tucson,Apache-Mexico Wars,Arizona,unknown
Third Battle of Topolobampo,Mexican Revolution,Topolobampo,1 gunboat sunk
Third Battle of Seoul,Korean War,Seoul,Australia: 9
Third Battle of San Juan,Spanish–American War,"San Juan, Puerto Rico",1 blockade runner destroyed
Third Battle of Puebla,French intervention in Mexico,Puebla,253 killed
Third Battle of Petersburg,American Civil War,"Petersburg, Virginia","3,936"
Third Battle of Nanking,Taiping Rebellion,Nanking,"10,000+ died of illness"
Third Battle of Murfreesboro,American Civil War,"Murfreesboro, Tennessee",225
Third Battle of Mount Hermon,Yom Kippur War,Mount Hermon,"1 killed, 4 wounded (Syrian outpost)"
Third Battle of Manzanillo,Spanish–American War,"Manzanillo, Cuba",3 pontoons destroyed
Third Battle of Komárom,Hungarian Revolution of 1848,Kingdom of Hungary,Total: 400/500/800/1500
Third Battle of Kharkov,Eastern Front,Soviet Union,"41,250 wounded"
Third Battle of Gaza,Middle Eastern theatre of World War I,Gaza City,"2,696"
Third Battle of Gao,Northern Mali conflict,Mali,4 wounded
Third Battle of Brega,2011 Libyan Civil War,Libya,"46-49 killed, 3 tanks destroyed and 5 damaged"
Third Battle of Artois,Western Front,France,"48,230"
Third Anglo-Dutch War,Franco-Dutch War,North Sea,2 ships captured
Third Anglo-Afghan War,Interwar Period,Afghanistan,"approx. 1,000 killed"
Thermidorian Reaction,French Revolution,France,Unknown
Theatre War,Russo-Swedish War,Sweden,1.500-3.000 dead
The Hump,Burma Campaign,Assam,"1,659 personnel killed or missing"
The Hill Fights,Vietnam War,South Vietnam,940 killed
The Harmony Skirmish,American Civil War,"Loudoun County, Virginia","34 (9 killed, 20 wounded, 5 captured)"
The Hardest Day,Battle of Britain,England,10 killed
The Fight at Waterford,American Civil War,"Loudoun County, Virginia","15 (2 killed, 11 wounded, 2 captured)"
The Burning Raid,American Civil War,Loudoun Valley,none
The Barricades,Dissolution of the Soviet Union,Latvia,2 policemen and 4 civilians killed
The Affair at Little Egg Harbor,American Revolutionary War,"Tuckerton, New Jersey",30-50 killed
The Affair at Glenmore Farm,American Civil War,"Loudoun County, Virginia",unknown
Thanh Hóa Bridge,Vietnam War,Thanh Hóa,"11 aircraft destroyed (1965), none (1972)"
Thandikulam–Omanthai offensive,Sri Lankan civil war,Sri Lanka,"1,500 wounded"
Texas Campaign,Mexican-American War,Texas,149 wounded
Tet Offensive,Vietnam War,South Vietnam,"(9,078 killed, 35,212 wounded, 1,530 missing)"
Tenth Battle of the Isonzo,Italian Front,Slovenia,"150,000 (35,000 killed)"
Ten Tragic Days,Mexican Revolution,Mexico City,"5,500 dead"
Ten Days' Campaign,Belgian Revolution,Belgium,453 wounded
Ten-Day War,Yugoslav Wars,Slovenia,146 wounded
Tell Abyad offensive,Syrian Civil War,Ar-Raqqah Governorate,46 killed
Tauranga Campaign,New Zealand wars,New Zealand,44 killed and 119 wounded
Taungoo–Mrauk-U War,Military history of Burma,Rakhine State,Unknown
Taungoo–Hanthawaddy War,Military history of Burma,"Bago, Burma",High
Taungoo–Ava War,Military history of Burma,Pyay,Unknown (high)
Taungoo–Mrauk-U War,Military history of Burma,Rakhine State,Unknown
Taungoo–Hanthawaddy War,Military history of Burma,"Bago, Burma",High
Taungoo–Ava War,Military history of Burma,Pyay,Unknown (high)
Tatsinskaya Raid,Battle of Stalingrad,Soviet Union,"106 guns,"
Task Force Baum,Western Front,Hammelburg,"247 wounded, missing or captured"
Tartu Offensive,Eastern Front,Estonia,?
Tarnak Farm incident,War in Afghanistan,Afghan Interim Administration,4 dead
Taos Revolt,Mexican–American War,New Mexico,19 killed
Tangail Airdrop,Indo-Pakistani War of 1971,East Pakistan,Unknown
Tanai incident,Pakistan-United States skirmishes,Afghanistan-Pakistan border,None
Taliban insurgency,War in Afghanistan,Afghanistan,"(United States: 2,356, United Kingdom: 454, Canada: 158, France: 88, Germany: 57, Italy: 53, Others: 321)"
Take Ichi convoy,Pacific War,Sulawesi,None
Taiyuan Campaign,Chinese Civil War,Shanxi,"10,000 atDatong"
Taixing Campaign,Chinese Civil War,Jiangsu,2000+ killed
Tahmasp's campaign of 1731,Ottoman–Persian War,Persia,Heavy
Tactical development on the Western Front in 1917,World War I,Belgium,"7,947,000"
Sơn Tây Campaign,Tonkin Campaign,Vietnam,"83 killed, 320 wounded"
Syrmian Front,World War II in Yugoslavia,Slavonia,(including12px|border|Italian partisans163 killed)
Syria–Lebanon Campaign,Mediterranean and Middle East theatre of World War II,Lebanon,27 aircraft
Syrian–Turkish border clashes during the Syrian Civil War,Spillover of the Syrian Civil War,Syria,(Syrian opposition claim)
Syrian Kurdish–Islamist conflict,Rojava conflict,Rojava,"1,596 fighters killed (YPG claim; 2013–2015 total)"
Syrian–Turkish border clashes during the Syrian Civil War,Spillover of the Syrian Civil War,Syria,(Syrian opposition claim)
Syria–Lebanon Campaign,Mediterranean and Middle East theatre of World War II,Lebanon,27 aircraft
Sword Beach,Normandy landings,France,"683~ casualtiesref|3rd Infantry Division recorded the loss of 683 men on D-Day; 8th Infantry Brigade recorded 367 casualties, 9th Infantry Brigade losses are not available for D-Day but are recorded as slight, 185th Infantry Brigade lost 232 men, and the divisional machine-gun battalion lost 36 men. The Commandos lost 18 men killed and 30 wounded on the beaches alone.|group=nb"
Swedish–Norwegian War,Napoleonic Wars,Norway in 1814,Unknown
Swedish invasion of Russia,Great Northern War,Russia,"13,759 froze to death"
Swedish intervention in the Thirty Years' War,Thirty Years' War,Holy Roman Empire,"31,518 killed, wounded and captured"
Swedish War of Liberation,Dano-Swedish wars,Scandinavia,Somewhat light
Swedish–Norwegian War,Napoleonic Wars,Norway in 1814,Unknown
Swatow Operation,Second Sino-Japanese War,Shantou,?
Sventiany Offensive,Eastern Front,Lithuania,Unknown
Sveaborg rebellion,Revolution of 1905,Helsinki,"25px43 mutineers executed, 127 sentenced to hard labour, 735 jailed"
Suruga-Sagami Conflict,Sengoku period,Suruga Province,"10,000"
Surrender at Perevolochna,Great Northern War,Ukraine,"20,000 captured"
Sungai Siput incident,Malayan Emergency,Federation of Malaya,3 killed
Summer Offensive of 1947 in Northeast China,Chinese Civil War,Northeast China,"82,000"
Summer 2011 Jabal al-Zawiya operation,Civil uprising phase of the Syrian Civil War,Syria,60+ killed
Sukhumi massacre,War in Abkhazia,Sukhumi,"50,000 (mostly Georgians) fled the city in the aftermath of the events. The members of Georgian administration of Abkhazia are executed."
Suiyuan Offensive,Soviet-Japanese border conflicts,Mongolia,56 killed or missing
Suiyuan Campaign,Second Sino-Japanese War,Inner Mongolia,?
Sugarloaf Massacre,American Revolutionary War,"Luzerne County, Pennsylvania","Unknown, possibly 2 or more"
Suez Crisis,Arab–Israeli conflict,Egypt,10 killed
Sudanese conflict in South Kordofan and Blue Nile,Sudanese Civil War,South Sudan,179 confirmed captured
Suchan Valley Campaign,Allied intervention in the Russian Civil War,Russia,22 killed
Strategic bombing during World War II,World War II,European Theatre of World War II,"* 160,000 airmen (Europe)"
Storming of the Bastille,French Revolution,France,One (six or possibly eight killed after surrender)
Storming of Lankaran,Russo-Persian War,Qajar dynasty,"* 341 killed,"
Storming of Derbent,Persian Expedition of 1796,Derbent,"11 officers, 107 soldiers killed and wounded"
Storming of Bristol,English Civil War,Bristol,unknown
Storm of Kokenhusen,Second Northern War,Koknese,unknown
Stoneman's 1865 Raid,American Civil War,North Carolina,?
Stoneman's 1863 Raid,American Civil War,"Spotsylvania County, Virginia",?
Stand-off at the Fords of Arkaig,Scottish clan,Achnacarry,None
St Nazaire Raid,North West Europe Campaign,St Nazaire,13Motor Launches
St. Vrain massacre,Black Hawk War,"Pearl City, Illinois",4
St. John River expedition,American Revolutionary War,New Brunswick,12 killed
St. James's Day Battle,Second Anglo-Dutch War,England,"1 English ship (Resolution) sunk, ca 300 killed"
St. Francis Raid,French and Indian War,"Saint-François-du-Lac, Quebec",30-200 killed
St. Clair's Defeat,American Indian Wars,Ohio,21 killed
St. Albans Raid,American Civil War,St. Albans,1 killed
Spring Offensive,Western Front,Belgium,"688,341"
Spring 1945 offensive in Italy,Italian Campaign,Italy,"16,258 casualtiesref|From 9 April 1945 until the end of Operation Grapeshot, thus casualties exclude those suffered during the preliminary operations.5th Army: 7,965 casualties. American: 6,834 (1,288 killed, 5,453 wounded and 93 missing) casualties; South African: 537 (89 killed, 445 wounded and 3 missing) casualties; Brazilian: 594 (65 killed, 482 wounded and 47 missing) casualties.8th Army: 7,193 casualties. British: 3,068 (708 killed, 2,258 wounded and 102 missing) casualties; New Zealand: 1,381 (241 killed and 1,140 wounded) casualties; Indian: 1,076 (198 killed, 863 wounded and 15 missing) casualties; Colonial: 46 (11 killed and 35 wounded) casualties; Polish: 1,622 (260 killed, 1,355 wounded and 7 missing) casualties.Italians fighting with both armies: 1,100 (242 killed, 828 wounded and 30 missing) casualties.|group=nb"
Spanish–American War,Cuban War of Independence,Cuba,(Cuban Republic:)
Spanish reconquest of Santo Domingo,Napoleonic Wars,Colony of Santo Domingo,Unknown
Spanish occupation of Jolo,Spanish-Moro Conflict,"Jolo, Sulu",Unknown (heavy)
Spanish invasion of Portugal,Seven Years' War,Enlightenment Spain,Very low: (14 British soldiers killed in combat and 804 by disease or accidents; Portuguese losses low.)
Spanish expedition to Oran,Spanish-Algerian War,Oran,Unknown: Minimum
Spanish expedition to Balanguingui,Piracy,List of islands of the Philippines,229-237 killed or wounded
Spanish conquest of the Muisca,Spanish colonization of the Americas,Altiplano Cundiboyacense,unknown
Spanish capture of Providencia,Piracy in the Caribbean,"Archipelago of San Andrés, Providencia and Santa Catalina",Minimum
Spanish–American War,Philippine Revolution,Guam,(Cuban Republic:)
Spafford Farm massacre,Black Hawk War,"South Wayne, Wisconsin",4
Soviet–Japanese War,World War II,Kuril Islands,"24,425 wounded"
Soviet–Afghan War,Cold War,Democratic Republic of Afghanistan,(including 333
Soviet withdrawal from Afghanistan,Soviet war in Afghanistan,Uzbek Soviet Socialist Republic,523 killed
Soviet invasion of Xinjiang,Kumul Rebellion,Xinjiang,"Heavy casualties, many civilians injured and killed."
Soviet invasion of Poland,World War II,Second Polish Republic,"3,000–7,000 dead or missing,"
Soviet invasion of Manchuria,Soviet–Japanese War,Inner Mongolia,"12,031 killed"
Soviet evacuation of Tallinn,Continuation War,Gulf of Finland,Unknown
Soviet assault on Maoka,World War II,Sakhalin,77 killed
Soviet OMON assaults on Lithuanian border posts,Singing Revolution,Lithuania,60 injured
Soviet–Japanese War,World War II,Kuril Islands,"24,425 wounded"
Soviet–Afghan War,Cold War,Democratic Republic of Afghanistan,(including 333
Southern Jiangsu Campaign,Chinese Civil War,Anhui,"5,000+"
Southern Abyan Offensive,Yemeni Civil War,Abyan,Unknown
South Sulawesi Campaign,Indonesian National Revolution,Sulawesi,"Approximately 5000 dead, among them an unknown number of non-combatants"
South Sudanese Civil War,Ethnic violence in South Sudan,South Sudan,"10,659 killed, 9,921 wounded (January – October 2014)"
South Lebanon conflict,Israeli–Lebanese conflict,Southern Lebanon,(Hezbollah claim)
South Armagh Sniper,Operation Banner,County Armagh,1 sniper team captured
South Arabia during World War I,Middle Eastern theatre of World War I,South Arabia,See Ottoman casualties of World War I.
