col0,col1,col2,col3
Siege of Shkodra,Ottoman–Venetian War,Albania Veneta,Allegedly one-third of the Ottoman forces on July 27
Siege of Shimoda,Sengoku period,Japan,Unknown
Siege of Shaizar,Crusade,Syria,Unknown
Siege of Sevastopol,Eastern Front,Russian SFSR,"1,597 killed"
Siege of Sevastopol,Crimean War,Russian Empire,"* British: 2,755 killed in action, 2,019 died of wounds, 16,323 died of disease"
Siege of Seringapatam,Fourth Anglo-Mysore War,Kingdom of Mysore,"1,400"
Siege of Serdica,Byzantine-Bulgarian Wars,Sofia,Unknown
Siege of Segesta,Sicilian Wars,Segesta,Unknown
Siege of Scutari,First Balkan War,Albania,Unknown
Siege of Schenkenschans,Eighty Years' War,Schenkenschanz,?
Siege of Savannah,American Revolutionary War,"Savannah, Georgia",120 prisoners
Siege of Savage's Old Fields,American Revolutionary War,"Ninety Six, South Carolina",1 killed
Siege of Sardis,Cyrus the Great,Lydia,Unknown
Siege of Sarajevo,Bosnian War,Sarajevo,"6,137 soldiers killed"
Siege of Saqlawiyah,Iraq War,Iraq,"300−500 killed, captured or missing (40−300 killed, 68 captured)"
Siege of Santo Domingo,Anglo-Spanish War,Dominican Republic,30 dead
Siege of Santiago,Spanish–American War,Cuba,"1,614 dead or wounded"
Siege of Santarém,Reconquista,Portugal,unknown
Siege of Sangin,War in Afghanistan,Afghanistan,9 killed (UK)
Siege of Sancerre,French Wars of Religion,Sancerre,600
Siege of Sana'a,Ethiopian-Persian wars,Sana'a,Unknown
Siege of San Sebastián,Peninsular War,San Sebastián,"3,770 in total"
Siege of San José del Cabo,Mexican-American War,Baja California Sur,3 killed
Siege of Sambhal,Mughal Empire,India,Heavy
Siege of Salvador,War of Independence of Brazil,Bahia,280 wounded
Siege of Salto,Uruguayan War,"Salto, Uruguay",Unknown
Siege of Saint-Omer,Thirty Years' War,Spanish Netherlands,unknown
Siege of Saint-Martin-de-Ré,Huguenot rebellions,Île de Ré,"around 5,000"
Siege of Saint-Florent,French Revolutionary Wars,Corsica,100 prisoners
Siege of Saguntum,Second Punic War,Saguntum,"9,100"
Siege of São Filipe,Portuguese Restoration War,Azores,145 men killed
Siege of Ryūgasaki,Sengoku period,Shinano Province,Unknown
Siege of Ryazan,Mongol Invasion of Rus,Ryazan,Unknown; not very heavy
Siege of Ryūgasaki,Sengoku period,Shinano Province,Unknown
Siege of Ruthven Barracks,Jacobite Rising of 1745,"Ruthven, Badenoch",Uknown
Siege of Ruthven Barracks,Jacobite Rising of 1745,"Ruthven, Badenoch",1 man killed
Siege of Roxburgh Castle,Wars of Scottish Independence,Roxburgh Castle,Low
Siege of Roses,Peninsular War,Spain,"1,000"
Siege of Roses,War of the Pyrenees,Kingdom of Spain,light
Siege of Rogatica,World War II in Yugoslavia,Rogatica,more than 15 dead and 90 wounded
Siege of Riga,Second Northern War,Riga,minimal
Siege of Rhodes,Wars of the Diadochi,Rhodes,"1,300"
Siege of Rhodes,Ottoman wars in Europe,Rhodes,"20,000 men?"
Siege of Rhodes,Ottoman wars in Europe,Rhodes,"9,000 killed and 15,000 wounded"
Siege of Rheinberg,Eighty Years' War,Rheinberg,light
Siege of Rennes,War of the Breton Succession,Brittany,Unknown
Siege of Rees,Anglo-Spanish War,"Rees, Germany","Count of Lippe: 25,000"
Siege of Ragusa,Napoleonic Wars,Adriatic Sea,40 killed or wounded
Siege of Queli,Sajid invasion of Georgia,Turkey,133
Siege of Pärnu,Polish-Swedish War,Estonia,45
Siege of Pyongyang,Japanese invasions of Korea,Pyongyang,"11,250+ killed"
Siege of Pyongyang,Japanese invasions of Korea,Pyongyang,August: 100 killed
Siege of Pueblo de Taos,Mexican-American War,Taos Pueblo,45 wounded
Siege of Puebla,French intervention in Mexico,"Puebla, Puebla",200POWs
Siege of Puebla,Mexican-American War,Puebla,78
Siege of Przemyśl,Eastern Front,Przemyśl,"at least 86,000 dead, 28,000 to 110,000 wounded, the remaining surrendered"
Siege of Prairie du Chien,War of 1812,"Prairie du Chien, Wisconsin",3 wounded
Siege of Portsmouth,English Civil War,Portsmouth,?
Siege of Porto,Liberal Wars,Porto,n/d
Siege of Port Toulouse,King George's War,Île-Royale,2 killed
Siege of Port Royal,Queen Anne's War,Acadia,unknown
Siege of Port Royal,Queen Anne's War,Nova Scotia,light; reports vary widely
Siege of Port Hudson,American Civil War,Louisiana,"~5,000 died of disease"
Siege of Port Arthur,Russo-Japanese War,Lüshunkou,1 cruiser sunk
Siege of Pondicherry,French Revolutionary Wars,French India,"93 killed, 131 wounded"
Siege of Pondicherry,Anglo-French War,India,11 British navy killed
Siege of Plevna,Russo-Turkish War,Bulgaria,"40,000 killed or wounded"
Siege of Plei Me,Vietnam War,Vietnam,"ARVN: KIA 16, WIA 31"
Siege of Pilsen,Hussite Wars,Plzeň,Unknown
Siege of Pilsen,Thirty Years' War,Plzeň,"1,100"
Siege of Philippsburg,War of the Polish Succession,Germany,"10,000"
Siege of Phasis,Lazic War,Phasis,heavy casualties
Siege of Petropavlovsk,Crimean War,Kamchatka,500 dead
Siege of Petersburg,American Civil War,"Petersburg, Virginia","42,000 (estimate)"
Siege of Perpignan,Catalan Revolt,Perpignan,unknown
Siege of Perpignan,Italian War of 1542–1546,Crown of Aragon,"Thousands of dead, sick"
Siege of Pensacola,Gulf Coast campaign,Florida,202 wounded
Siege of Pemaquid,King William's War,"Bristol, Maine",unknown
Siege of Pemaquid,King William's War,"Bristol, Maine",unknown
Siege of Paysandú,Uruguayan War,Uruguay,207 wounded
Siege of Patras,Greek War of Independence,Greece,unknown
Siege of Paris,Franco-Prussian War,French Third Republic,"12,000 dead or wounded"
Siege of Paris,Hundred Years' War,Paris,1000 wounded
Siege of Pamplona,Peninsular War,Spain,"3,450"
Siege of Padua,War of the League of Cambrai,Italy,"at least 300 killed, 400 wounded ( in the assault in sector Codalunga)"
Siege of Pärnu,Polish-Swedish War,Estonia,45
Siege of Owerri,Nigerian Civil War,Owerri,"2,700"
Siege of Oviedo,Spanish Civil War,Asturias,"5,000+"
Siege of Ostend,Eighty Years' War,Ostend,"3,000 surrendered"
Siege of Osaka,Edo period,Japan,Minimal
Siege of Orléans,Hundred Years' War,Orléans,"more than 4,000"
Siege of Opochka,Muscovite–Lithuanian Wars,Opochka,"About 5,500"
Siege of Oldenzaal,Eighty Years' War,Netherlands,Low
Siege of Olbia,Germanic Wars,"Olbia, Ukraine",Unknown
Siege of Odessa,Eastern Front,Odessa,"11,471 missing"
Siege of Odawara,Sengoku period,Japan,Unknown
Siege of Ochakov,Russo-Turkish War,Ottoman Empire,"956 killed, 1,829 wounded"
