col0,col1,col2,col3
Sarposa prison attack of 2008,War in Afghanistan,Afghanistan,15 policemen killed
Santo Domingo Affair,Banana Wars,Caribbean Sea,1 killed
Sanna's Post,Second Boer War,Bloemfontein,155 dead or wounded
Sandside Chase,Scottish clan,Caithness,Unknown
Sand Creek massacre,American Civil War,Colorado Territory,"24 killed, 52 wounded"
San Juan Expedition,Anglo-Spanish War,Nicaragua,45 captured
Samu Incident,The retribution operations,West Bank,1 fighter jet damaged
Samoan crisis,Samoan Civil War,Pacific Ocean,1 gunboat grounded
Samland Offensive,Eastern Front of World War II,East Prussia,"Soviet claim: 80,000 KIA or POW"
Samashki massacre,First Chechen War,Chechnya,Up to 16 killed
Samarrah Offensive,Mesopotamian Campaign,Baghdad,"(+ 37,000 sick)"
Salvadoran Civil War,Central American crisis,El Salvador,"7,000 dead"
Salamaua–Lae campaign,Pacific War,Territory of New Guinea,"1,772 killed, wounded or missing"
Salahuddin campaign,Military intervention against ISIL,Iraq,4000+  captured
Saint-Domingue expedition,Haitian Revolution,Saint-Domingue,(2/3 died fromyellow fever)
Sacking of Osceola,American Civil War,"Osceola, Missouri",17 killed
Sacking of Lawrence,Bleeding Kansas,"Douglas County, Kansas",1 wounded
Sack of Wexford,Irish Confederate Wars,Wexford,"c.2000 troops and up to 1,500 civilians killed"
Sack of Thessalonica,Byzantine–Norman wars,Thessalonica,"7,000 soldiers and civilians"
Sack of Sandomierz,First Mongol invasion of Poland,Poland,unknown
Sack of Rome,Fall of the Western Roman Empire,Rome,Unknown
Sack of Rome,War of the League of Cognac,Italy,"500 dead, wounded, or captured"
Sack of Magdeburg,Thirty Years' War,Magdeburg,"1,600 wounded"
Sack of Kraków,First Mongol invasion of Poland,Poland,unknown
Sack of Cashel,Irish Confederate Wars,County Tipperary,c.600 soldiers & hundreds of civilians killed
Sack of Camarina,Sicilian Wars,Camarina,Unknown
Sack of Antwerp,Eighty Years' War,Antwerp,very light (possibly 14)
Sack of Amorium,Arab–Byzantine Wars,Amorium,"30,000–70,000 military and civilian dead"
Saar Offensive,Phoney War,Germany,"2,000 killed, wounded and sick"
SY Quest incident,Operation Ocean Shield,Indian Ocean,None
SLA December 2006 offensive,Sri Lankan civil war,Sri Lanka,175 wounded
Sơn Tây Campaign,Tonkin Campaign,Vietnam,"83 killed, 320 wounded"
Russo-Turkish confrontation in Syria,Russian military intervention in the Syrian Civil War,Syria–Turkey border,*RF-4E
Russo-Turkish War,Great Eastern Crisis,Balkans,"19,904 sick"
Russo-Turkish War,Great Turkish War,Azov,Unknown
Russo-Swedish War,Second Northern War,Finland,"13,000 Swedish soldiers dead"
Russo-Persian War,Russo-Persian Wars,North,"36,664 Russian army deaths"
Russo-Georgian War,Abkhaz–Georgian conflict,Georgia,*Killed: 1
Russian military intervention in Ukraine,Ukrainian crisis,Black Sea,1 Crimean SDF trooper killed
Russian military intervention in Syria,Syrian Civil War,Syria,1Mi-28crashed
Russian invasion of East Prussia,Eastern Front,Province of East Prussia,"Total about 37,000 or 67,000 men (Stallupönen - 1,300; Gumbinnen -14,600; Tannenberg - 12,000; Masurian lakes - 10,000 or 40,000)"
Russian conquest of Bukhara,Asia,Samarkand,Unknown
Ruhr Pocket,World War II,Germany,"(928 killed, 3,314 wounded)"
Ruck Family Massacre,Mau Mau Uprising,Kenya,4 killed
Royalton raid,American Revolutionary War,Vermont Republic,None
Rout of Winchester,The Anarchy,England,Light
Rough Wooing,Anglo-Scottish Wars,Scotland,unknown
Rotterdam Blitz,Battle of the Netherlands,Rotterdam,884 civilians killed
Roquebert's expedition to the Caribbean,Napoleonic Wars,Antigua,"21 killed, 18 wounded"
Romanian occupation of Pokuttya,Polish–Ukrainian War,Ukraine,Unknown
Romanian armies in the Battle of Stalingrad,World War II,USSR,"158,854 casualties"
Romanian War of Independence,Russo-Turkish War of 1877-78,Balkans,(during the entire Russo-Turkish War)
Romania during World War I,Balkans Campaign,Romania,1 river monitor sunk
Romani ambush,Yom Kippur War,Sinai,70 dead
Roman invasion of Caledonia 208–210,Roman conquest of Britain,Caledonia,"50,000 according to Cassius Dio"
Roman conquest of Anglesey,Roman conquest of Britain,Anglesey,?
Rojava–Syrian government relations,Rojava conflict,Syria,?
Rohingya insurgency in Western Myanmar,Internal conflict in Myanmar,Myanmar,2016:
Rio de Janeiro Affair,Brazilian Naval Revolt,Rio de Janeiro,1 cruiser lightly damaged
Rineen ambush,Irish War of Independence,County Clare,2 wounded
Rif War,Interwar period,Rif,"8,500 wounded"
Rif Dimashq offensive,Syrian Civil War,Syria,"1,000 rebels killed (Army claim)"
Rif Dimashq offensive,Syrian Civil War,Ghouta,170+ killed (pro-gov claim)
Rif Dimashq offensive,Syrian Civil War,Syria,"1,000 rebels killed (Army claim)"
Rif Dimashq offensive,Syrian Civil War,Damascus,"1,040+ fighters killed"
Rif Dimashq offensive,Syrian Civil War,Syria,"2,125+ fighters killed"
Rif Dimashq offensive,Syrian Civil War,Syria,Unknown
Rif Dimashq offensive,Syrian Civil War,Syria,678 killed (government and rebel claims)
Rif Dimashq offensive,Syrian Civil War,Syria,Unknown
Rif Dimashq offensive,Syrian Civil War,Damascus,678 killed (government and rebel claims)
Rif Dimashq clashes,Syrian Civil War,Syria,"at least 1,000 killed"
Richebourg-l'Avoué,World War I,Artois,"1,366"
Rhamu Incident,Ogaden War,Kenya,30 soldiers and police officers killed.
Reşadiye shooting,Kurdish–Turkish conflict,Turkey,"7 killed, 3 injured"
Revolutions and interventions in Hungary,Revolutions of 1917–23,Hungarian Democratic Republic,Hungary: unknown
Revolta da Armada,Federalist Riograndense Revolution,Rio de Janeiro,Large number of material and human losses
Revolt of the Batavi,Year of the Four Emperors,Gaul,Relatively light; Batavi army survives to later serve Romans again
Revolt of Cairo,Campaign of Egypt,Cairo,300 killed
Retreat to Montalban,Philippine Revolution,Cavite,heavy
Resistance at Nenjiang Bridge,Second Sino-Japanese War,Republic of China,15
Repatriation of Cossacks after World War II,Aftermath of World War II,Lienz,"45,000 - 50,000 repatriated"
Relief of Thionville,Franco-Spanish War,Luxembourg,"3,000 captured"
Relief of Montgomery Castle,First English Civil War,"Montgomery, Powys",40
Relief of Goes,Eighty Years' War,Goes,800+ killed
Relief of Genoa,Thirty Years' War,Genoa,"2,000 captured"
Red River Canyon Affair,Mexican-American War,New Mexico,"""several slightly"" wounded"
Red River Campaign,American Civil War,Louisiana,"5,500"
Red Cloud's War,American Indian Wars,Powder River Country,~200 killed
Red Army invasion of Georgia,Russian Civil War,Transcaucasia,"5,500 Red army soldiers killed and 2,500 captured. Unknown number of wounded."
Recapture of Recife,Dutch-Portuguese War,Brazil,Unknown
Recapture of Fort Zeelandia,Second Anglo-Dutch War,Suriname,250 captured
Recapture of Bahia,Eighty Years' War,Salvador da Bahia,At least 71 killed and 64 wounded
Recapture of Angola,Dutch-Portuguese War,"Luanda, Angola",160 men wounded
Reşadiye shooting,Kurdish–Turkish conflict,Reşadiye,"7 killed, 3 injured"
Ravansar and Sanandaj police station attacks,Iran–PJAK conflict,Iran,10-18 policemen killed
Ramadan Revolution,Cold War,History of Iraq,"5,000"
Ramadan Offensive,"Post-invasion Iraq, 2003–present",Iraq,1 killed (El Salvador)
Ramadan Offensive,"Post-invasion Iraq, 2003–present",Iraq,1 killed
Rajnandgaon ambush,Naxalite-Maoist insurgency,Rajnandgaon,Unknown
Rainbow Bluff Expedition,American Civil War,"Roanoke, North Carolina",Ostego and Basely sunk
Raids on Boulogne,French Revolutionary Wars,Boulogne,126 wounded
Raid on the Suez Canal,Middle Eastern theatre of World War I,Egypt,"32 killed, 130 wounded"
Raid on the Medway,Second Anglo-Dutch War,"Chatham, Medway",Around 50 Marines and 8 fireships
Raid on York,King William's War,"York, Maine",unknown
Raid on Yarmouth,World War I,Great Yarmouth,1 submarine sunk
Raid on Wells,King William's War,"Wells, Maine",unknown
Raid on Taihoku,World War II,Taiwan,"Civilians killed: 3,000+"
Raid on Tabasco,Anglo–Spanish War,Mexico,2 ships captured
Raid on Symi,Battle of the Mediterranean,Aegean islands,2 drowned
Raid on St Malo,Seven Years' War,France,light
Raid on St. Augustine,Anglo-Spanish War,Florida,35 killed or wounded
Raid on Souda Bay,Battle of the Mediterranean,Mediterranean Sea,1 tanker
"Raid on Scarborough, Hartlepool and Whitby",World War I,England,1 damaged cruiser
Raid on Santorini,Battle of the Mediterranean,Santorini,2 killed
Raid on Samaná,Napoleonic Wars,Era de Francia,two killed and 16 wounded
Raid on Salmon Falls,King William's War,"Berwick, Maine",unknown
Raid on Saint-Paul,Napoleonic Wars,"Saint-Paul, Réunion","15 killed, 58 wounded, 3 missing"
Raid on Puerto Caballos,Anglo–Spanish War,Honduras,1 ship captured
Raid on Port Dover,War of 1812,Upper Canada,Unknown
Raid on Pebble Island,Falklands War,Falkland Islands,1 killed
Raid on Oyster River,King William's War,"Durham, New Hampshire",104 inhabitants were killed and 27 taken captive
Raid on Nassau,War of the Spanish Succession,Bahamas,minor
Raid on Málaga,Anglo–Spanish War,Málaga,9 ships sunk
Raid on Manila,French Revolutionary Wars,Manila,"None at Manila; 6 killed, 16 wounded and a boat sunk at Zamboanga"
Raid on Málaga,Anglo–Spanish War,Málaga,9 ships sunk
"Raid on Lunenburg, Nova Scotia",American Revolution,"Lunenburg, Nova Scotia",1 killed; 3 prisoners
"Raid on Lunenburg, Nova Scotia",French and Indian War,"Lunenburg, Nova Scotia","disputed – French report: 20 killed, 5 prisoners; British report: 5 killed, 5 prisoners"
Raid on Le Havre,Seven Years' War,Le Havre,Low
Raid on Kirkenes and Petsamo,Continuation War,Finland,13 killed
Raid on Havre de Grace,War of 1812,"Havre de Grace, Maryland",1 wounded
Raid on Haverhill,Queen Anne's War,Province of Massachusetts Bay,"16 killed, 14–24 militia and inhabitants captured"
Raid on Haverhill,King William's War,Province of Massachusetts Bay,13 captured
Raid on Groton,King William's War,"Groton, Massachusetts",killed 20 people and took 13 captive
Raid on Griessie,Napoleonic Wars,Dutch East Indies,None
Raid on Grand Pré,Queen Anne's War,Acadia,45 captured
Raid on Godfrey Ranch,Colorado War,Colorado Territory,None
Raid on Genoa,French Revolutionary Wars,Genoa,None
Raid on Fraustadt,Invasion of Poland,Nazi Germany,Unknown
Raid on Essequibo and Demerara,Fourth Anglo-Dutch War,Essequibo,None
Raid on Elizabethtown,War of 1812,Upper Canada,1 wounded
Raid on Dunkirk,French Revolutionary Wars,Dunkirk,1 killed
Raid on Dover,King William's War,"Dover, New Hampshire",unknown
Raid on Deerfield,Queen Anne's War,Province of Massachusetts Bay,"Raid: 56 killed, 112 captured"
Raid on Darwin,Pacific War,"Darwin, Northern Territory",6-10 aircraft destroyed
Raid on Dartmouth,Father Le Loutre’s War,Nova Scotia,Cornwallis: 6 Mi'kmaq
Raid on Dartmouth,Father Le Loutre’s War,"Dartmouth, Nova Scotia",3 killed
Raid on Choiseul,Pacific War,Solomon Islands,13 killed
Raid on Chignecto,King William's War,Acadia,unknown
Raid on Cherbourg,Seven Years' War,France,Light casualties
Raid on Canso,King George's War,"Canso, Nova Scotia","5 prisoners, 2 wounded, 1 killed"
Raid on Black Rock,War of 1812,"Black Rock, New York",13 captured
Raid on Batavia,Napoleonic Wars,"Batavia, Dutch East Indies","One killed, four wounded"
Raid on Anuradhapura Air Force Base,Sri Lankan Civil War,Sri Lanka,1 Beechcraft surveillance plane
Raid on Algiers,Battle of the Mediterranean,Algiers,1 cargo ship damaged
Raid on Alexandria,Battle of the Mediterranean,Alexandria,"1 destroyer damaged,"
Raid on Alexandria,War of 1812,"Alexandria, Virginia",38 wounded
Raid of Żejtun,Ottoman-Habsburg wars,"Southern Region, Malta",50 captured
Raid of the Redeswire,Anglo-Scottish Wars,Cheviot Hills,"Unknown, but comparatively light"
Raid of Scone,First War of Scottish Independence,"Scone, Scotland","Unknown, light"
Raid of Richmond,American Revolutionary War,"Richmond, Virginia","Unknown, presumably heavy."
Raid of Żejtun,Ottoman-Habsburg wars,"Southern Region, Malta",50 captured
Raid at Renacer Prison,United States invasion of Panama,Panama Canal,4 paratroopers wounded
Raid at Paombong,Philippine Revolution,Paombong,unknown
Raid at Los Baños,Pacific War,"Los Baños, Laguna",2 killed
Raid at Cabanatuan,Pacific War,Philippines,2 killed
Raid at Altenburg,War of the Sixth Coalition,Saxe-Gotha-Altenburg,"2,100 dead, wounded and captured"
Ra's Lanuf raid,2011 Libyan Civil War,Libya,"15-17 fighters killed, 2 workers wounded"
ROKS Cheonan sinking,Korean War,Yellow Sea,46 killed
RAF raid on La Caine HQ,Operation Overlord,La Caine,None recorded
Quneitra offensive,Syrian Civil War,Syria,28 killed (per theSOHR)
Quneitra offensive,Syrian Civil War,Syria,19–47 killed
Quneitra offensive,Syrian Civil War,Syria,15 killed (SOHR claim)
Quneitra Governorate clashes,Syrian civil war,Quneitra Governorate,(Seecasualties)
Queen Anne's War,War of the Spanish Succession,North America,French Indian allies: 50
Qalamoun offensive,Syrian Civil War spillover in Lebanon,Lebanon,----
Qalamoun offensive,Syrian Civil War spillover in Lebanon,Lebanon,930+ killed (Syrian and Lebanese government claims)
Pyle's Massacre,American Revolutionary War,"Alamance County, North Carolina",250 wounded
Pursuit of Goeben and Breslau,World War I,Mediterranean Sea,none
Puerto Rican Campaign,Spanish–American War,Atlantic Ocean,17 dead
Pueblo Revolt,Spanish colonization of the Americas,Santa Fe de Nuevo México,"400, including civilians"
Pruth River Campaign,Great Northern War,Pruth River,Unknown
