col0,col1,col2,col3
Operation Tonga,Normandy landings,Caen,800 dead and wounded
Operation Together Forward,Iraq War,Iraq,1 captured (U.S.);
Operation Tiger Hammer,"Post-invasion Iraq, 2003–present",Iraq,None
Operation Tiger Claw,Nigerian Civil War,Calabar,unknown
Operation Tiderace,World War II,Singapore,300 suicides
Operation Tidal Wave,Eastern Front,Romania,440 killed and 220 captured or missing
Operation Thunderbolt,Korean War,Han River,"Chinese estimation: 10,000"
Operation Texas Star,Vietnam War,A Shau Valley,117 wounded
Operation Texas,Vietnam War,Quảng Ngãi Province,"99 killed, 212 wounded"
Operation Terminal,World War II,Algeria,1 destroyer sunk
Operation Ten-Go,Battle of Okinawa,Japan,1 battleship moderately damaged
Operation Teardrop,Battle of the Atlantic,Atlantic Ocean,"218 killed,"
Operation Taylor Common,Vietnam War,Quảng Nam Province,"1,487 wounded"
Operation Tarnegol,Suez Crisis,Cyprus,none
Operation Tariq al-Qods,Iran–Iraq War,Khuzestan,"15 tanks and APCs, 250 vehicles, 30 anti-aircraft pieces, 19 artillery pieces, 12 loaders and bulldozers captured."
Operation Tar Heels,War in Afghanistan,Afghanistan,"at least 2 killed, at least 1 wounded"
Operation Tanne Ost,Lapland War,Gulf of Finland,1 minesweeper (R-29)
Operation Tan No. 2,Pacific War,Pacific,"1 aircraft carrier damaged,"
Operation Tailwind,Vietnam War,Laos,3 killed
Operation Tail-Wind,Nigerian Civil War,Owerri,unknown
Operation Tagar,Yom Kippur War,Egypt,7 air bases damaged
Operation Swift,Vietnam War,South Vietnam,127 killed
Operation Swath-10,Croatian War of Independence,Croatia,5 killed
Operation Swarmer,"Post-invasion Iraq, 2003–present",Samarra,None
Operation Summer Rains,Gaza–Israel conflict,Gaza Strip,*1 soldier captured
Operation Summer '95,Bosnian War,Bosnia and Herzegovina,"18 killed, 155 wounded"
Operation Sumatra Assist,2004 Indian Ocean earthquake and tsunami,Dutch East Indies,9ADFpersonnel killed inShark 02crash
Operation Sultan 10,Iran-Iraq War,Iraq,None
Operation Strike of the Sword,War in Afghanistan,Afghanistan,ANA: 2 killed
Operation Storm-333,Soviet-Afghan War,Afghanistan,32 KGB operators
Operation Storm,Bosnian War,Republic of Bosnia and Herzegovina,"1,100–1,430 wounded"
Operation Stone Age,Battle of the Mediterranean,Malta,1 light cruiser damaged
Operation Stinger,Croatian War of Independence,Croatia,unknown
Operation Steel Curtain,Iraq War,Iraq,"10 killed, 30 wounded"
Operation Steel,Kurdish–Turkish conflict,Iraqi Kurdistan,(PKK Claim)
Operation Starlite,Vietnam War,South Vietnam,203 wounded
Operation Stampede 3,Iraq War,Baghdad,Not Reported
Operation Spring Awakening,Eastern Front,Hungary,31 tanks
Operation Spring,Operation Overlord,Caen,"1,100 wounded"
Operation Speedy Express,Vietnam War,Mekong Delta,242 killed
Operation Southern Watch,Iraqi no-fly zones,Ba'athist Iraq,1 F-16 damaged
Operation Southern Focus,Iraqi no-fly zones,Iraq,1MQ-1 Predatordestroyed
Operation Southeast Croatia,World War II in Yugoslavia,Bosnia,*
Operation Source,World War II,Norway,"9 killed, 6 prisoner"
Operation Sonnenblume,Western Desert Campaign,Libya,103–107 tanks (includes damaged and returned to service)
Operation Sledgehammer,Iraq War,Iraq,None
Operation Slapstick,Allied invasion of Italy,Taranto,154 wounded
Operation Skorpion,Western Desert Campaign,Egypt,12 guns
Operation Sirat-e-Mustaqeem,War in North-West Pakistan,Pakistan,1 soldier killed
Operation Sinbad,Iraq War,Basra,"1 KIA (Denmark),"
Operation Sinai,Sinai insurgency,Egypt,"21 killed, 36 wounded"
Operation Silver Fox,Continuation War,Lapland,"21,501 Germans"
Operation Silver Buckle,Vietnam War,Tchepone,Heavy
Operation Shurta Nasir,Iraq War,Iraq,none
Operation Sharp and Smooth,2006 Lebanon War,Lebanon,None
Operation Shahi Tandar,War in Afghanistan,Afghanistan,2 killed
Operation Shader,American-led intervention in Syria,Iraq,2 Volunteers
Operation Serval,War on Terror,Mali,1 killed
Operation Seiljag,South African Border War,Angola,3 confirmed dead
Operation Searchlight,Bangladesh Liberation War,East Pakistan,"Mukti Bahini: ~4,000+POWs, 10,000KIA(Pakistan claim)"
Operation Scylla,Battle of the Mediterranean,Strait of Messina,1 motor torpedo boat sunk
Operation Scorpion,"Post-invasion Iraq, 2003–present",Kirkuk,None reported
Operation Scorched Earth,Shia insurgency in Yemen,Saudi Arabia,(Government confirmed)
Operation Sayeed,Iraq War,Iraq,"16 killed, 89 wounded"
Operation Sayasila,Vietnam War,Laos,136 killed
Operation Sana,Bosnian War,Bosnia and Herzegovina,178 dead
Operation Samen-ol-A'emeh,Iran-Iraq War,Iran,"1,500+ killed"
Operation Safe Teach,Iraq War,Iraq,None
Operation Saber Guardian,Iraq War,Iraq,Not Reported
Operation Rösselsprung,World War II in Yugoslavia,Bosnia,* 51 missing
Operation Rooster 53,War of Attrition,Egypt,1 injured
Operation Rolling Thunder,Vietnam War,North Vietnam,"1,054 killed, wounded or captured"
Operation Rock Avalanche,War in Afghanistan,Afghanistan,3 killed
Operation Robin,Vietnam War,Quảng Trị Province,65+ killed
Operation Roast,Spring 1945 offensive in Italy,Valli di Comacchio,180 Casualties
Operation Riviresa,Sri Lankan Civil War,Sri Lanka,500
Operation Ring,Nagorno-Karabakh War,Tavush Province,"Unknown; civilian deaths, including ethnic Armenian police force, estimated to be 30–50- 5,000 deported fromShahumyanregion"
Operation Rimon 20,War of Attrition,Suez Canal,1 aircraft damaged
Operation Rimau,Japanese occupation of Singapore,Dutch East Indies,3 ships sunk
Operation Rhodes,War of Attrition,Gulf of Suez,"3 killed, 7 injured"
Operation Rhino,War in Afghanistan,Afghanistan,"Few casualties, 2 killed in a helicopter crash while on standby for CSAR."
Operation Red Wings,War in Afghanistan,Afghanistan,1 Chinook helicopter shot down
Operation Red Dawn,Iraq War,Iraq,None
Operation Red Dagger,War in Afghanistan,Afghanistan,5 killed (UK)
Operation Raviv,War of Attrition,Suez,1 missing
Operation Ramadan,Iran–Iraq War,Iraq,"1,350 captured"
Operation Rajiv,Siachen Conflict,Siachen,4 dead
Operation Rainbow,Syrian Civil War,Syria,540+ killed
Operation Rainbow,Second Intifada,Gaza Strip,2 soldiers
Operation Rah-e-Nijat,War in North-West Pakistan,Pakistan,"approximately 200 killed, approximately 600 wounded (ground offensive)"
Operation Rösselsprung,World War II in Yugoslavia,Bosnia,* 51 missing
Operation Quyet Thang 202,Vietnam War,Quang Ngai,23 killed
Operation Queen,World War II,Rur,~340 tanks
Operation Python,Indo-Pakistani War of 1971,Karachi,None
Operation Puttur,India,"Puttur, Andhra Pradesh",1 – police inspector
Operation Purple Martin,Vietnam War,Quảng Trị Province,~100 killed
Operation Purple Haze,Iraq War,Baghdad,None
Operation Provide Comfort,Iraqi no-fly zones,Iraq,"2UH-60 Blackhawkhelicopters shot down (friendly fire, 26 killed), Five U.S. service members killed and 25 wounded"
Operation Product,Indonesian National Revolution,Dutch East Indies,"about 150,000"
Operation Prime Chance,Iran–Iraq War,Persian Gulf,None
Operation Praying Mantis,Iran–Iraq War,Persian Gulf,1 helicopter crashed (2 killed)
Operation Prairie,Vietnam War,Vietnamese Demilitarized Zone,"1,159 Marines wounded"
Operation Postmaster,List of Special Operations Executive operations in World War II,Fernando Po,none
Operation Pleshet,1948 Arab–Israeli War,Ashdod,45KIA/MIA
Operation Platinum Fox,Operation Silver Fox,Pechenga,"10,300 overall"
Operation Pistol,Western Front,Alsace,2 killed
Operation Piranha,Vietnam War,Quảng Ngãi Province,2 killed
Operation Pillar of Defense,Gaza–Israel conflict,Gaza Strip,2 soldiers killed
Operation Pickaxe-Handle,War in Afghanistan,Afghanistan,"1 killed (Canada),"
Operation Phantom Thunder,Iraq War,Iraq,"140 killed (U.S.),"
Operation Phantom Strike,Iraq War,Iraq,11 killed (U.S.)
Operation Phantom Phoenix,Iraq War,Iraq,(Awakening Councils)
Operation Perth,War in Afghanistan,Afghanistan,6 wounded
Operation Peregrine II,Iraq War,"Mahmoudiyah, Iraq",None
Operation Perch,Battle for Caen,Normandy,Unknown
Operation Peninsula Strike,Operation Iraqi Freedom,"Balad, Iraq",4 wounded
Operation Pedestal,Battle of the Mediterranean,Mediterranean Sea,(Merchant Navy): 3
Operation Pawan,Indian intervention in the Sri Lankan Civil War,Sri Lanka,"214 killed,"
Operation Paul Revere IV,Vietnam War,South Vietnam,~300 killed
Operation Paravane,World War II,Kåfjorden,11 killed
Operation Paraquet,Falklands War,South Georgia,2 helicopters crashed
Operation Panther,Northern Mali conflict,Mali,"27 killed, 67-71 wounded"
Operation Panther's Claw,War in Afghanistan,Afghanistan,10 killed (UK)
