col0,col1,col2,col3
Operation Dracula,Burma Campaign,Burma,24 (from friendly fire)
Operation Donnerkeil,Western Front,English Channel,41 aircraft
Operation Dingo,Rhodesian Bush War,Chimoio,2 dead
Operation Dignity Battle,2014 Libyan Civil War,Libya,196-367 killed
Operation Diesel,War in Afghanistan,Afghanistan,None
Operation Diablo Express,Mexican Drug War,Mexico,None
Operation Dexterity,Pacific War,New Britain,"~1,253 killed"
Operation Dewey Canyon,Vietnam War,Thừa Thiên–Huế Province,(USMC account)
Operation Devon,Italian Campaign,Italy,"The commandos lost 32 killed, 85 wounded and 23 missing"
Operation Desoto,Vietnam War,South Vietnam,"76 killed, 573 wounded"
Operation Desert Rat,Vietnam War,Ho Chi Minh trail,Unknown
Operation Deny Flight,NATO intervention in Bosnia,Croatia,"1 FrenchMirage 2000crashed in the Adriatic sea, pilot rescued"
Operation Density,2006 Lebanon War,Lebanon,None
Operation Deliberate Force,NATO intervention in Bosnia,Bosnia and Herzegovina,1Mirage 2000Nshot down
Operation Delaware,Vietnam War,Republic of Vietnam,"U.S.: 142 killed, 47 missing, 530 wounded"
Operation Definite Victory,Sri Lankan Civil War,Sri Lanka,None
Operation Defensive Shield,Second Intifada,West Bank,127 wounded
Operation Deckhouse Five,Vietnam War,Kiến Hòa Province,: 1 killed
Operation Death to the Invader,1948 Arab–Israeli War,Negev,200
Operation Deadstick,Normandy landings,Normandy,"18 dead, 36 wounded 7th Parachute Battalion"
Operation Days of Penitence,Second Intifada,Gaza Strip,1 soldier
Operation Dawn of Gulf of Aden,Operation Ocean Shield,Arabian Sea,*3 wounded
Operation Dawn 8: Gulf of Aden,Operation Enduring Freedom – Horn of Africa,"Muscat, Oman",None
Operation Dawn 8,Iran–Iraq War,Al-Faw Peninsula,"10,000 killed and wounded"
Operation Dawn 6,Iran–Iraq War,Basra,Light
Operation Dawn 5,Iran–Iraq War,Iraq,"25,000"
Operation Dawn 3,Iran–Iraq War,"Mehran, Ilam Province",moderate
Operation Dawn 2,Iran-Iraq war,Iraqi Kurdistan,"20 tanks and APCs, 12 artillery pieces (122 mm), dozens ofM40 recoilless rifles, 50 vehicles, several engineering vehicles captured"
Operation Dawn,Kurdish–Turkish conflict,Şemdinli,6 killed plus 2 village guards killed
Operation Dawn,Iraqi Kurdish Civil War,Iraqi Kurdistan,"31 killed, 91 wounded"
Operation Dawn-4,Iran-Iraq War,Iraqi Kurdistan,"10 aircraft, 1 helicopter, 90+ tanks and APCs, 200 vehicles destroyed"
Operation Darkhorse,Moro conflict,Maguindanao,1 killed
Operation Crusader,Western Desert Campaign,Libya,"17,700 casualtiesref|2,900 killed, 7,300 wounded and 7,500 missing. Casualties have been rounded by source due to underlying flaws with primary source data but cover all the serious fighting of November, December and the first half of January.|group=note"
