col0,col1,col2,col3
November 2015 Sinjar offensive,American-led intervention in Iraq,Iraq,Unknown
Norwegian Crusade,Crusades,Balearic Islands,Unknown
Norwegian Campaign,World War II,Norway,"(1,317 killed on land,"
Northwestern Syria offensive,Syrian Civil War,Syria,1 Syrian MiG-21 fighter jet
Northwestern Syria offensive,Syrian Civil War,Syria,221+ killed (SOHR claim)
Northwest Indian War,American Indian Wars,Northwest Territory,"1,221 killed"
Northern al-Bab offensive,Turkish military intervention in Syria,Syria,8 rebels and 2 Turkish soldiers killed (per Turkey &SOHR)
Northern Virginia Campaign,American Civil War,Virginia,"16,843(2,061 killed;"
Northern Raqqa offensive,Syrian Civil War,Syria,1 US soldier wounded
Northern Mali conflict,Insurgency in the Maghreb,Mali,----
Northern Iraq offensive,Iraq War,Diyala Province,"1,700 executed out of 4,500captured"
Northern Iraq offensive,Military intervention against ISIL,Iraq,14 killed (Zumar only)
Northern Cheyenne Exodus,American Indian Wars,United States,"~50 Killed, ~30 Wounded, ~70 Captured"
Northern Campaign,Second World War,Ireland,6 killed
Northern Aleppo offensive,Syrian Civil War,Syria,61 killed (late May ISIL assault)
Northern Aleppo offensive,Syrian Civil War,Syria,"143 killed (48 Iraqis, 14 IRGC & 3 Hezbollah)"
Northeast Coast Campaign,King George's War,"Berwick, Maine",approximately 30 persons killed or captured
Northeast Coast Campaign,King George's War,"Berwick, Maine",approximately 30 persons killed or captured
Northeast Coast Campaign,King George's War,"Berwick, Maine",approximately 30 persons killed or captured
Northeast Coast Campaign,Father Rale's War,"Berwick, Maine",20-30 killed or taken prisoner
Northeast Coast Campaign,Queen Anne's War,Maine,reports vary; killed captured more than 300
North Yemen Civil War,Arab Cold War,North Yemen,"1,000 dead"
North Star affair,Piracy,China,1 wounded
North Russia Intervention,Russian Civil War,Arkhangelsk Oblast,"167 killed, 29 missing, 12 captured"
North Lebanon clashes,Syrian Civil War spillover in Lebanon,Lebanon,23 killed
North Channel Naval Duel,American War of Independence,Irish Sea,"3 killed, 5 wounded"
North African Campaign,Mediterranean and Middle East theatre of World War II,French Algeria,British
Normandy landings,Invasion of Normandy,Normandy,"At least 10,000 casualties; 4,414 confirmed dead"
Norias Ranch raid,Mexican Revolution,"Kingsville, Texas",2 wounded
Nojeh coup plot,Consolidation of the Iranian Revolution,Hamedan,Unknown
Noemvriana,First World War,Athens,82 killed
Niš operation,World War II in Yugoslavia,Niš,22px|border|Bulgaria1545 dead or wounded
Nivelle Offensive,Western Front,France,"(29,000 killed"
Ninth Crusade,Crusades,Near East,Unknown
Ninth Battle of the Isonzo,Italian Front,Slovenia,"39,000"
Ningxia Campaign,Chinese Civil War,China,"40,000+"
Nineveh Plains offensive,Iraq War,Nineveh Plains,6+ Peshmerga fighters killed and 4 Turkish soldier wounded
Ninawa campaign,Operation Phantom Phoenix,Iraq,17 killed
Nikopol–Krivoi Rog Offensive,Eastern Front,Soviet Union,"40 000 killed, missing and wounded"
Niihau incident,Pacific War,Hawaii,* 1 wounded
Night of the Long Knives,The Troubles,Belfast,None
Night action at the Battle of Jutland,World War I,North Sea,"(113,300 tons sunk)"
Night Attack at Târgovişte,Ottoman–Hungarian Wars,Romania,"5,000"
Niemba Ambush,Congo Crisis,Republic of the Congo,1 wounded
Niš operation,World War II in Yugoslavia,Niš,22px|border|Bulgaria1545 dead or wounded
Nez Perce War,American Indian Wars,Montana,"125 killed, 146 wounded"
Newfoundland expedition,Anglo–Spanish War,Atlantic,"23 ships captured, burned or sunk"
Newfoundland expedition,War of the First Coalition,Labrador,"Minimum, Possibly 1 killed, no ships lost"
New Zealand in the Vietnam War,Vietnam War,South Vietnam,187 wounded
New York and New Jersey campaign,American Revolutionary War,New York,"1,500 killed and wounded and over 4,000 captured"
New Year's Day Battle of 1968,Vietnam War,South Vietnam,"23 killed, 153 wounded"
New Mexico Campaign,American Civil War,New Mexico Territory,"~166 killed,"
New Guinea campaign,Pacific War,New Guinea,"42,000 total"
New Georgia Campaign,Pacific War,Solomon Islands,"1,195 killed,"
New Fourth Army incident,Chinese Civil War,Anhui,minimal
Nejd Expedition,Ottoman–Saudi War,Nejd,800 killed
Negros Revolution,Philippine Revolution,Philippines,unknown
Negro Rebellion,Banana Wars,Cuba,Unknown
Neapolitan War,Hundred Days,Italy,"5,000"
Naval operations of the Kamerun Campaign,Kamerun Campaign,Kamerun,light
Naval operations in the Dardanelles Campaign,Gallipoli Campaign,Ottoman Empire,1 battlecruiser damaged
Naval battle off Tatamagouche,King George's War,"Tatamagouche, Nova Scotia","""considerable slaughter” of French and Indians"
Naval battle off St. John,King William's War,"Saint John, New Brunswick",unknown
Naval battle off St. John,King William's War,Bay of Fundy,4 prisoners
Naval battle off Halifax,American Revolutionary War,Nova Scotia,1 privateer captured
Naval Battle of the Tejo,1383-1385 Crisis,Lisbon,3 ships lost
Naval Battle of the Han River,Korean War,Korea,1 frigate moderately damaged
Naval Battle of Vella Lavella,Pacific War,Solomon Islands,"1 destroyer sunk,"
Naval Battle of Tarragona,Franco-Spanish War,Principality of Catalonia,50 killed
Naval Battle of Hakodate,Boshin War,Hakodate,1 ship sunk
Naval Battle of Guadalcanal,Pacific War,Guadalcanal,2 light cruisers
Naval Battle of Casablanca,Operation Torch,Atlantic Ocean,1 battleship damaged
