col0,col1,col2,col3
Battle of Rorke's Drift,British Empire,Britishvictory,"(briefly engaged, then fled)"
Battle of Bomarsund,French Empire,Anglo-French victory,"12,000 soldiers (landing force)"
Battle of Bloody Run,Great Britain,American Indianvictory,250
Battle of Bentonville,CSA (Confederacy),Unionvictory,"21,900"
Battle of Monroe's Crossroads,CSA (Confederacy),Inconclusive,"1,850"
Battle of Aljubarrota,20pxCrown of Aragon,DecisivePortuguesevictory,"*1,700 lances"
Battle of Bosworth Field,15pxKingdom of France,"* Final overthrow of House of York, accession of Tudor dynasty","10,000"
Battle of Agincourt,20pxKingdom of England,Decisive English victory,"(seeNumbers at Agincourt.) Aboutlongbowmen,dismounted knights and men-at-arms in heavy armour."
Battle of Bouvines,20pxBoulogne,Decisive French victory,"* 11,000 infantry"
Battle of the Chateauguay,Lower Canada,Decisive British victory,"1,400 militia"
Battle of Kepaniwai,Hawaii Island,inconclusive,1200
Battle of Killdeer Mountain,"Teton, Yanktonai, Santee Sioux",United Statesvictory,"1,600 or more"
Battle of Dry Lake,Modoc,United States victory,?
Battle of Wood Lake,Santee Sioux,United Statesvictory,1169-2000
Battle of Fort Ridgely,Santee Sioux,United Statesvictory,210 (August 22)
Battle of Birch Coulee,Santee Sioux,Santee Siouxvictory,170
Battle of Shiloh,Confederate States,Unionvictory,"*  Army of the Tennessee: 44,895;"
Fort Mims massacre,Red Stick Creek,DecisiveRed StickvictoryRed Stickstake Fort Mims and kill inhabitants,*16 from Fort Stoddard
Utah Beach,*,Allied victory,"* 4th Infantry Division: 21,000"
Omaha Beach,*,Allied victory,1010 other vessels
Sword Beach,*,Allied victory,124–127 tanks
Juno Beach,*,Alliedvictory,1 Commando Battalion
Musa Dagh,Armenian civilians,"Successful resistance, eventual rescue by the French navy","250 4,000 Armenian Civilians"
Battle of Vinegar Hill,British Army,British victory; British regain control of County Wexford,"~18,000"
Gezer,Egypt,"Egypttakes Gezer, Egyptian victory",Unknown
Battle of Cynoscephalae,Aetolian Leagueallies,Decisive Roman victory,"16,000 phalangites, 4,000 light infantry, 5,000 mercenaries and allies, and 2,000 cavalry, 27,000 total"
Attack on the Sui-ho Dam,*,United Nations victory,210VVSMiG interceptors
‘Urabi Revolt,*British India,‘Urabi forces defeated and exiled,"Egypt: 36,000 (1879)"
Ōei Invasion,*20pxTsushima province,Korean withdrawal,"17,885"
Łódź insurrection,Polish worker militias,Russian victory,"over 3,000"
Ñancahuazú Guerrilla,*20pxCIA,Bolivian Governmentvictory,1 Argentine-Cuban (Che)
Zhuge Dan's Rebellion,Cao Wei,Cao Wei victory,"140,000-150,000 (Zhuge Dan),"
Zhucheng Campaign,60px|Flag of the National Revolutionary Army,Communistvictory,"20,000"
Zhou–Chu War,* 26 states of theHan Rivervalley,Decisive Chu victory,* c. 3000 chariots
Zhoucun–Zhangdian Campaign,60px|Flag of the National Revolutionary Army,Communistvictory,"40,000"
