col0,col1,col2,col3
Prumnopitys ferruginoides,Podocarpaceae,LR/lc,IUCN2.3
Prumnopitys ferruginea,Podocarpaceae,LR/lc,IUCN2.3
Prumnopitys exigua,Podocarpaceae,DD,IUCN2.3
Prumnopitys andina,Podocarpaceae,VU,iucn2.3
Podocarpus urbanii,Podocarpaceae,CR,IUCN3.1
Podocarpus trinitensis,Podocarpaceae,lc,IUCN2.3
Podocarpus transiens,Podocarpaceae,DD,IUCN2.3
Podocarpus totara,Podocarpaceae,LR/lc,IUCN2.3
Podocarpus teysmannii,Podocarpaceae,LR/lc,IUCN2.3
Podocarpus tepuiensis,Podocarpaceae,LR/lc,IUCN2.3
Podocarpus sylvestris,Podocarpaceae,LR/lc,IUCN2.3
Podocarpus subtropicalis,Podocarpaceae,DD,IUCN2.3
Podocarpus steyermarkii,Podocarpaceae,LR/lc,IUCN2.3
Podocarpus sprucei,Podocarpaceae,LR/lc,IUCN2.3
Podocarpus spinulosus,Podocarpaceae,LR/lc,IUCN2.3
Podocarpus spathoides,Podocarpaceae,DD,IUCN2.3
Podocarpus smithii,Podocarpaceae,LC,IUCN3.1
Podocarpus sellowii,Podocarpaceae,DD,IUCN2.3
Podocarpus salomoniensis,Podocarpaceae,DD,IUCN2.3
Podocarpus salignus,Podocarpaceae,VU,IUCN2.3
Podocarpus salicifolius,Podocarpaceae,LR/lc,IUCN2.3
Podocarpus rusbyi,Podocarpaceae,DD,IUCN2.3
Podocarpus rumphii,Podocarpaceae,LR/lc,IUCN2.3
Podocarpus rubens,Podocarpaceae,LR/lc,IUCN2.3
Podocarpus rotundus,Podocarpaceae,DD,IUCN2.3
Podocarpus rostratus,Podocarpaceae,EN,IUCN3.1
Podocarpus roraimae,Podocarpaceae,LC,IUCN3.1
Podocarpus ridleyi,Podocarpaceae,LR/lc,IUCN2.3
Podocarpus purdieanus,Podocarpaceae,EN,IUCN3.1
Podocarpus pseudobracteatus,Podocarpaceae,LR/lc,IUCN2.3
Podocarpus polystachyus,Podocarpaceae,LR/lc,IUCN2.3
Podocarpus polyspermus,Podocarpaceae,VU,IUCN2.3
Podocarpus pilgeri,Podocarpaceae,LR/lc,IUCN2.3
Podocarpus perrieri,Podocarpaceae,CR,IUCN3.1
Podocarpus pendulifolius,Podocarpaceae,EN,IUCN3.1
Podocarpus parlatorei,Podocarpaceae,NT,iucn2.3
Podocarpus pallidus,Podocarpaceae,VU,IUCN3.1
Podocarpus palawanensis,Podocarpaceae,CR,IUCN3.1
Podocarpus oleifolius,Podocarpaceae,LR/lc,IUCN2.3
Podocarpus nubigenus,Podocarpaceae,LR/nt,IUCN2.3
Podocarpus novae-caledoniae,Podocarpaceae,LR/lc,IUCN2.3
Podocarpus nivalis,Podocarpaceae,LR/lc,IUCN2.3
Podocarpus neriifolius,Podocarpaceae,LR/lc,IUCN2.3
Podocarpus nakaii,Podocarpaceae,EN,IUCN3.1
Podocarpus monteverdeensis,Podocarpaceae,LR/cd,IUCN2.3
Podocarpus milanjianus,Podocarpaceae,LR/lc,IUCN2.3
Podocarpus micropedunculatus,Podocarpaceae,DD,IUCN3.1
Podocarpus matudae,Podocarpaceae,NT,IUCN3.1
Podocarpus magnifolius,Podocarpaceae,LR/lc,IUCN2.3
Podocarpus madagascariensis,Podocarpaceae,LR/lc,IUCN2.3
Podocarpus macrophyllus,Podocarpaceae,LR/lc,IUCN2.3
Podocarpus macrocarpus,Podocarpaceae,EN,IUCN3.1
Podocarpus lucienii,Podocarpaceae,LR/lc,IUCN2.3
Podocarpus lophatus,Podocarpaceae,VU,IUCN2.3
Podocarpus longefoliolatus,Podocarpaceae,EN,IUCN3.1
Podocarpus levis,Podocarpaceae,LR/lc,IUCN2.3
Podocarpus ledermannii,Podocarpaceae,LR/lc,IUCN2.3
Podocarpus lawrencei,Podocarpaceae,LR/lc,IUCN2.3
Podocarpus laubenfelsii,Podocarpaceae,EN,IUCN3.1
Podocarpus latifolius,Podocarpaceae,LR/lc,IUCN2.3
Podocarpus lambertii,Podocarpaceae,NT,IUCN3.1
Podocarpus insularis,Podocarpaceae,LR/lc,IUCN2.3
Podocarpus indonesiensis,Podocarpaceae,LR/lc,IUCN2.3
Podocarpus humbertii,Podocarpaceae,EN,IUCN3.1
Podocarpus hispaniolensis,Podocarpaceae,EN,IUCN3.1
Podocarpus henkelii,Podocarpaceae,LR/lc,IUCN2.3
Podocarpus guatemalensis,Podocarpaceae,LC,IUCN3.1
Podocarpus grayae,Podocarpaceae,LR/lc,IUCN2.3
Podocarpus gnidioides,Podocarpaceae,LR/lc,IUCN2.3
Podocarpus glomeratus,Podocarpaceae,NT,IUCN3.1
Podocarpus globulus,Podocarpaceae,EN,IUCN3.1
Podocarpus glaucus,Podocarpaceae,LR/lc,IUCN2.3
Podocarpus gibbsii,Podocarpaceae,VU,IUCN2.3
Podocarpus fasciculus,Podocarpaceae,LR/nt,IUCN2.3
Podocarpus epiphyticus,Podocarpaceae,LR/lc,IUCN2.3
Podocarpus elongatus,Podocarpaceae,LR/lc,IUCN2.3
Podocarpus elatus,Podocarpaceae,LR/lc,IUCN2.3
Podocarpus drouynianus,Podocarpaceae,LC,iucn3.1
Podocarpus dispermus,Podocarpaceae,LC,IUCN3.1
Podocarpus degeneri,Podocarpaceae,LR/lc,IUCN2.3
Podocarpus deflexus,Podocarpaceae,NT,IUCN3.1
Podocarpus decumbens,Podocarpaceae,VU,IUCN2.3
Podocarpus cunninghamii,Podocarpaceae,LR/lc,IUCN2.3
Podocarpus crassigemmis,Podocarpaceae,LR/lc,IUCN2.3
Podocarpus costaricensis,Podocarpaceae,VU,IUCN3.1
Podocarpus costalis,Podocarpaceae,EN,IUCN3.1
Podocarpus coriaceus,Podocarpaceae,LR/lc,IUCN2.3
Podocarpus confertus,Podocarpaceae,LR/lc,IUCN2.3
Podocarpus chinensis,Podocarpaceae,LR/lc,IUCN2.3
Podocarpus celatus,Podocarpaceae,LR/lc,IUCN2.3
Podocarpus capuronii,Podocarpaceae,EN,IUCN3.1
Podocarpus buchholzii,Podocarpaceae,LR/lc,IUCN2.3
Podocarpus brevifolius,Podocarpaceae,VU,IUCN2.3
Podocarpus brassii,Podocarpaceae,LR/lc,IUCN2.3
Podocarpus brasiliensis,Podocarpaceae,LR/lc,IUCN2.3
Podocarpus bracteatus,Podocarpaceae,LR/lc,IUCN2.3
Podocarpus borneensis,Podocarpaceae,LC,IUCN3.1
Podocarpus atjehensis,Podocarpaceae,NT,IUCN3.1
Podocarpus aristulatus,Podocarpaceae,VU,iucn2.3
Podocarpus archboldii,Podocarpaceae,LR/lc,IUCN2.3
Podocarpus aracensis,Podocarpaceae,LR/lc,IUCN2.3
Podocarpus annamiensis,Podocarpaceae,DD,IUCN3.1
Podocarpus angustifolius,Podocarpaceae,VU,IUCN3.1
Podocarpus affinis,Podocarpaceae,NT,IUCN3.1
Podocarpus acutifolius,Podocarpaceae,LR/lc,IUCN2.3
Podocarpus acuminatus,Podocarpaceae,NT,IUCN3.1
