col0,col1,col2,col3
Storm of Kokenhusen,Swedish Empire,Russian victory,2500
Stoneman's 1865 Raid,CSA (Confederacy),Federalvictory,"4,000"
Stoneman's 1864 raid,CSA,Unionvictory,"2,800"
Stoneman's 1863 Raid,CSA (Confederacy),Confederatevictory,?
Steele's Bayou Expedition,CSA (Confederacy),Unionrepulse,1 brigade (2500 men)
Stand of the Swiss Guard,30pxHabsburgnations,Habsburg victory; escape ofPope Clement VII,189 PapalSwiss Guards
Stand-off at the Fords of Arkaig,Chattan Confederation,No battle,1200
St. Vrain massacre,Ho-ChunkorSauk/Fox,Ho-Chunk and Sauk victory,7
St. James's Day Battle,England,English Victory,"89 ships, plus 20 fireships and 9 yachts"
St. Clair's Defeat,Western Confederacy,Decisive Native American victory,"1,000"
St. Albans Raid,Canadian sympathizers,Confederatevictory,21 cavalry
Sri Lankan Civil War,----,* Rebel groupLiberation Tigers of Tamil Eelammilitarily defeated,(excludingAuxiliary forces):
Spring 1945 offensive in Italy,(and others),* German surrender in Italy,"*British Eighth Army632,980 fighting strength"
Spanish–Taíno War of San Juan–Borikén,25pxCastile,"Castilian victory, Taínos forced into exile",Several hundreds
Spanish–Portuguese War,Portuguese Empire,First Treaty of San Ildefonso,"1,450 initially"
Spanish–Portuguese War,Portuguese Empire,Portuguese victory,"4,000 Guaranís"
Spanish–Moro conflict,Confederation of sultanates in Lanao,*Spain failed to completely subjugate Moros.,"Moro Fighters, Chinese rebels"
Spanish–American War,*Cuba,* Subsequent outbreak of thePhilippine–American War(1899-1902),(Cuban Republic:)
Spanish reconquest of Santo Domingo,*23pxSanto Domingo,SpanishandBritishvictory,1700 regulars and militia
Spanish reconquest of New Granada,23pxUnited Provinces of New Granada,Reconquest of New Granada by the Spanish monarchy,"10,000 men"
Spanish occupation of Jolo,Minor Support:Dutch Republic,* Spaniards set up garrison at Jolo.,1 Kuta (Fort)
Spanish invasion of Portugal,Kingdom of Portugal,* Destruction of the Franco-Spanish army.,"42,000 men, including 10-12,000 French (the largest Spanish military mobilisation of the eighteenth century)."
Spanish expedition to Oran,(OttomanVilayet),*Spanish reconquest ofMers el-Kebir,109 transport ships
Spanish expedition to Formosa,Kingdom of Middag,Spanish establishment in Formosa,200 Spanish and 400 Filipinos
Spanish expedition to Balanguingui,Moro Pirates,Spanish victory,124artillery pieces
Spanish conquest of the Aztec Empire,20pxCempoala,Spanish-Tlaxcalan victory,13brigantines
Spanish conquest of Sardinia,Spain,*Formation of the QuadrupleAlliance,2fireships
Spanish capture of Providencia,Providence Island colony,Spanish victory,"1,400 soldiers"
Spanish assault on French Florida,18pxHuguenots,Spanish victory,33 ships
Spanish Civil War,(1936–37),*End of theSecond Spanish Republic,*200 tanks
Spanish Armada,25pxIberian Union(Habsburg Spain),* Militarily indecisive,(30 over 200 tons)
Spanish–Taíno War of San Juan–Borikén,25pxCastile,"Castilian victory, Taínos forced into exile",Several hundreds
Spanish–Portuguese War,Portuguese Empire,First Treaty of San Ildefonso,"1,450 initially"
Spanish–Portuguese War,Portuguese Empire,Portuguese victory,"4,000 Guaranís"
Spanish–Moro conflict,Confederation of sultanates in Lanao,*Spain failed to completely subjugate Moros.,"Moro Fighters, Chinese rebels"
Spanish–American War,*Cuba,* Subsequent outbreak of thePhilippine–American War(1899-1902),(Cuban Republic:)
Spafford Farm massacre,Kickapoo; those aligned withBlack Hawk'sBritish Band,British Band victory,6
Soviet–Japanese War,(Inner Mongolia),DecisiveAlliedvictory,"1,155 tanks,"
Soviet–Afghan War,*,* Continuation of theAfghan Civil War,"* 115,000 at peak"
Soviet westward offensive of 1918–19,Belarus,Soviet defeat,"285,000"
Soviet occupation of Bessarabia and Northern Bukovina,Romania,Soviet occupation of the region and annexation,11 armored brigades
Soviet invasion of Xinjiang,Republic of China,Cease-fire,"23px36th Division (National Revolutionary Army)around 10,000Chinese Muslimcavalry and foot soldiers"
Soviet invasion of Poland,Poland,Soviet victory,11+ brigades
Soviet invasion of Manchuria,(Inner Mongolia),* Contribution to Japanese surrender,"1,152 rocket launchers"
Soviet–Japanese War,(Inner Mongolia),DecisiveAlliedvictory,"1,155 tanks,"
Soviet–Afghan War,*,* Continuation of theAfghan Civil War,"* 115,000 at peak"
Southern Jiangsu Campaign,60px|Flag of the National Revolutionary Army,Communistvictory,Several thousands
Southern Front of the Russian Civil War,*Caucasus Army,Bolshevik victory,100 000 - 260 000 Red army soldiers
Southern Abyan Offensive,*AQAP,*AQAP united its western and eastern parts of its Emirate,Unknown
South Sulawesi Campaign,Depot Special Forces(DST),Dutch victory,123 DST troops
South Lebanon conflict,22px|borderAmal,* The collapse and surrender of the SLA,"1,000–1,500 troops"
South German Offensive,France,Decisive Allied Victory,1st Ukrainian Front
South Armagh Sniper,22pxProvisional IRA,Mobility of foot patrols further restricted,1SASunit
South Arabia during World War I,*,*British retention ofAden,See Conscription in the Ottoman Empire.
South-West Africa campaign,*,British and South African victory,Boer commandos:  500–600
Souliote War,Pashalik of Yanina,Souliote capitulation,"2,000"
Sonderbund War,"(cantons ofUR,SZ,NW,OW,LU,ZG,FRandVS)",Confederate victory,"79,000"
Somaliland campaign,23pxBritish Empire,*Fall of theDervish State,1 battalion (KAR)
Sokoto hostage rescue attempt,*Boko Haram,*Hostages killed,6-20 SBS operators
Sokehs rebellion,*German New Guinea,Restoration of order,1 survey ship/transport
Sogdian Rock,Macedonian Empire,Macedonian victory,300
Snow Campaign,South Carolina Loyalists,Patriot victory,400 men (peak size)
Snake War,Snake Indians:,United States victory,1864-65
Smolensk War,20pxTsardom of Russia,Polish victory: status quo ante bellum,"1,040 dragoons"
Slutsk Defence Action,22pxRussian SFSR,Soviet victory,"10,000"
Slovak–Hungarian War,First Slovak Republic,Tactical Hungarian victory,1 motorised battalion
Slovak Uprising of 1848–49,*Austrian Imperial Support,Indecisive settlement,"Abt. 80,000 at height"
Slovak National Uprising,*23pxPOHG,*Ongoing partisan resistance,"18,000 initially, later increased to 78,000"
Slovak–Hungarian War,First Slovak Republic,Tactical Hungarian victory,1 motorised battalion
