col0,col1,col2,col3
Siege of Kozelsk,20pxChernihiv Principality,"The victory of theMongol Empire, the city levelled",* 4000
Siege of Kotte,*border|22pxLascarins(local soldiers on the Portuguese side),Portuguese victory,12fustas
Siege of Koriyama,Amako clan,Mōrivictory,"10,000 Ōuchi relief force"
Siege of Kolding,22pxDenmark–Norway,Polish-Danish victory,1.000 men
Siege of Kolberg,::Saxe-Coburg-Saalfeld,Siege lifted by peace treaty,"14,000 men"
Siege of Kojinyama,forces ofTakeda Shingen,Takeda victory,2000
Siege of Kobanî,*,DecisiveFederationvictory,160 Peshmerga (reinforcements)
Siege of Knodsenburg,England,Anglo-Dutch victory,"1,800 cavalry"
Siege of Knin,16px|link=Croatia in the union with HungaryKingdom of Croatia,Ottoman victory,few hundred men
Siege of Klis,20px|Kingdom of CroatiaKingdom of Croatia,Ottoman victory,"*+ 23,000 infantry in the reinforcements"
Siege of Kiso Fukushima,Fukushima castle garrison,Siege succeeds; Takeda victory,2000
Siege of Kinsale,*,Decisive English victory,"11,800 infantry"
Siege of Kimberley,*,British Victory,"3,000–6,500"
Siege of Kiev,20pxHalych-Volhynia,Mongol victory; Kiev captured and plundered,Unknown; probably large
Siege of Khartoum,/Mahdist Sudan,Mahdist pyrrhic victory,"50,000warriors,"
Siege of Kenilworth,Baronial forces,"Royalist victory,Dictum of Kenilworth","c. 1,200"
Siege of Kehl,Habsburg Austria,Austrian victory,"20,000"
Siege of Kehl,(Austria),French victory,"1,200 Schwabian militia"
Siege of Kehl,(Imperial Army),French victory,"3,500"
Siege of Kazan,CheremisandAr warriors,"DecisiveRussianvictory, end ofKhanate of Kazan’s power",150 cannons
Siege of Kawagoe Castle,*,Hōjō victory; siege fails,"* garrison : 3,000"
Siege of Katsurao,Katsurao garrison,Takeda victory,4200
Siege of Kastania,22px|borderManiots,Ottoman victory,"10,000 men"
Siege of Kasagi,Hōjō clanforces,Hōjōvictory,"3,000"
Siege of Kars,British Empire,Russian victory,"10,000 cavalry"
Siege of Kannomine,Forces ofTakeda Shingen,Takedavictory,1900
Siege of Kandahar,36pxPersian Empire,DecisivePersianvictory,Tens of thousands
Siege of Kanbara,forces ofHōjō Ujiyasu,"Siege successful, Takeda victory",1000
Siege of Kamenets,Cossack Hetmanate,Ottoman Victory,"4,500 troops"
Siege of Kamakura,Forces loyal toEmperor Go-Daigo,Imperial victory; city destroyed.,"15,000"
Siege of Kakegawa,Imagawa clanforces,Tokugawavictory,19000
Siege of Kagoshima,Forces of theShimazu clan,Toyotomi Hideyoshi victory through negotiation,"60,000"
Siege of Jinju,Japanese army,Japanese victory,"90,000"
Siege of Jinju,Japanese army,Decisive Korean victory,"2,500 Righteous armies"
Siege of Jinji,Mughal Empire,Decisive victory forMughal,150War elephants
Siege of Jicheng,Cao Cao,Ma Chao victory,"1,000"
Siege of Jerusalem,* Peasants,*Main rebel Judean forces subdued.,"10,000"
Siege of Jerusalem,23pxByzantine Empire,Rashidun victory,Unknown
Siege of Jerusalem,Babylonia,Babyloniatakes and despoilsJerusalem;Babylonian victory,Much fewer
Siege of Jerusalem,Kingdom of Judah,"Babylonian victory, destruction ofJerusalem, fall ofKingdom of Judah",Much fewer
Siege of Jerusalem,22pxEgypt Eyalet,"* On June 7, Ibrahim Pasha approached the city with Egyptian reinforcements","~12,000"
Siege of Jerusalem,Holy Roman Empire,Jerusalemsacked,Fewer
Siege of Jerusalem,22pxAyyubids,* Fall of the FirstKingdom of Jerusalem,"*likely strength around 20,000 men"
Siege of Jerusalem,25pxDuchy of Apulia,DecisiveCrusadervictory,"''400 Cavalrymen, and a"
Siege of Jebus,Israelites,Israelite victory,unknown
Siege of Jaén,22pxEmirate of Granada,Handing over of the city of Jaén to Castile after the signing of theTreaty of Jaén.,Unknown
Siege of Jaén,22pxKingdom of Castile,Castilian retreat and abandonment of the siege after the death ofAlfonso IX of León.,Unknown
Siege of Jaén,22pxKingdom of Castile,Victory for the Taifa of Jayyān,160 Christianknights
Siege of Jasna Góra,22pxPolish-Lithuanian Commonwealth,DecisivePolish victory,310 and 24—30 cannons
Siege of Jajce,22pxDuchy of Saint Sava,"Hungarian victory,","14,000 cavalry"
Siege of Jadotville,*,* Failed Irish-Swedish relief attempt,155-158 soldiers
Siege of Jaén,22pxEmirate of Granada,Handing over of the city of Jaén to Castile after the signing of theTreaty of Jaén.,Unknown
