col0,col1,col2,col3
Siege of Jaén,22pxKingdom of Castile,Castilian retreat and abandonment of the siege after the death ofAlfonso IX of León.,Unknown
Siege of Jaén,22pxKingdom of Castile,Victory for the Taifa of Jayyān,160 Christianknights
Siege of Iwaya Castle,Forces ofShimazu Yoshihisa,Shimazu victory,20000
Siege of Issa,ArdiaeanKingdom of Illyria,Illyrian defeat; Romans lift the siege,"20,000 infantry and 200 cavalry under Postumius"
Siege of Isfahan,Hotaki Dynasty,*Fall of the Safavid capital,"10-20,000"
Siege of Inverness,Clan Grant,Castle surrendered to Jacobite army,3000 men
Siege of Inverness,Clan Forbes,Government victory,Forbes: 200
Siege of Inverness,CovenantersofClan Fraser of Lovat,Covenanters withstand siege and Royalists retreat,Unknown
Siege of Inverness,Clan Fraser of Lovat,Royalist victory,Unknown
Siege of Inverness,Clan Fraser of Lovat,Fraser & Munro victory,Unknown
Siege of Inabayama Castle,25pxOda clan,Oda victory,"13,000+"
Siege of Ichijōdani Castle,forces ofAsakura Yoshikage,Oda victory; castle destroyed,10000
Siege of IJsseloord,England,Dutch-English victory,"3,000"
Siege of Hüningen,Habsburg Austria,Austrian victory,"10,000"
Siege of Huy,20pxHuguenots,Spanish victory,"1,800"
Siege of Humaitá,Empire of Brazil,Allied victory,"2,500+ soldiers"
Siege of Hulst,United Provinces,Dutch victory,"12,500 infantry"
Siege of Hulst,United Provinces,Spanish victory,"12,000 to 15,000"
Siege of Hulst,England,Dutch & English victory,"4,000 infantry"
Siege of Hull,Parliamentarians,Parliamentarian victory,"1,000 cavalry"
Siege of Huajuapan de León,22pxSpanish Empire,Mexican rebel victory,"1,500"
Siege of Homs,''',Syrian Army victory,200–300 tanks
Siege of Hlukhiv,Crimean Khanate,Russo-Cossacks victory,"45,000"
Siege of Hippo Regius,25px|alt=|link=Roman Empire,Roman victory,Unknown
Siege of Hijiyama,Forces ofIga Sōkoku Ikki,Oda victory; castle destroyed,"1,000+"
Siege of Heidelberg,Electoral Palatinate,Decisive Imperial-Spanish victory,"Approx: 15,000–21,000"
Siege of Hataya,Eastern Army castle garrison loyal toTokugawa Ieyasu,Siege succeeds; castle falls to Western Army,"20,000"
Siege of Hasedō,Forces loyal toIshida Mitsunari:,Tokugawavictory,"25,000-30,000"
Siege of Harfleur,20pxKingdom of England,English victory,200 bowmen
Siege of Hameln,First French Empire,*surrender of the Prussian garrison,"10,000, 175 cannons"
Siege of Hainburg,22pxKingdom of Hungary,"Holy Roman Victory, Hungarians regroup atPressburg",1000 cavalry
Siege of Haengju,Japanese army underToyotomi Hideyoshi,Decisive Korean victory,"10,000 ~ 30,000"
Siege of Haddington,25pxKingdom of France,Scottish victory; Scotland claimed back Haddington,5000–6000
Siege of Hachigata,Forces ofToyotomi Hideyoshi,Toyotomivictory,"35,000"
Siege of Hachigata,forces ofHōjō Ujiyasu,Hōjō victory,6000
Siege of Haarlem,Dutch Rebels,Spanish victory,(William the Silent)
Siege of Hüningen,Habsburg Austria,Austrian victory,"10,000"
Siege of Güns,*14pxKingdom of Hungary,"Nominal victory, but a practical defeat for the Ottomans","120,000–200,000"
Siege of Gvozdansko,20px|Kingdom of CroatiaKingdom of Croatia,Ottoman victory,*(30 men by the end of the siege)
Siege of Gundishapur,Rashidun Caliphate,Muslim victory,Unknown
Siege of Groningen,border|25pxBishopric of Münster,Dutch victory,"24,000"
Siege of Groenlo,Cologne,Surrender of Groenlo,"100,000"
Siege of Groenlo,Spain,1st Siege: Spanish victory,"1,300-1,400"
Siege of Groenlo,England,Dutch-English victory,"1,400 cavalry"
Siege of Groenlo,England,Spanish victory,(In Groenlo)
Siege of Grave,England,Anglo-Dutch victory,"1,500 (Grave),"
Siege of Grand Pré,Acadia militia,British victory,"300 Mi'kmaq, Maliseet, and Acadians"
Siege of Golubac,20pxGrand Duchy of Lithuania,*Ottomans invade Bosnia,"15–20,000"
Siege of Golconda,25pxMughal Empire,Victory of theMughal EmperorAurangzeband the overthrow and imprisonment ofAbul Hasan Qutb Shah. TheMughal EmperorAurangzebwas also handed over famous diamonds and gained full control of theKollur Mine.,"10,000Cavalry"
Siege of Godesberg,"20px|alt=Black cross on a silver background, in a coat of armsErnest of Bavaria",Catholic victory,"""... a strong force of Dutch"" mercenaries (approx. 180 troops from the Netherlands)"
Siege of Gloucester,Parliamentarians,Decisive Parliamentarian victory,"1,500 regular troops"
Siege of Glatz,Austria,Austrian victory,"3,200"
Siege of Gingee,25pxMaratha Empire,Mughal Victory.,Unknown
Siege of Gijón,Nationalist Spain,Republican victory,1 battleship
Siege of Giarabub,Italy,British victory,1 augmented infantry battalion
Siege of Genoa,France,Austrian tactical victory,"18,000"
Siege of Gaza,Achaemenid Empire,Macedonian victory.,"15,000"
Siege of Ganja,Ottoman Empire,Persian victory,"14,000"
Siege of Gandesa,22pxInternational Brigades,Francoist victory,50th Division
Siege of Galway,English ParliamentariansNew Model Armyand Protestant settlers fromUlster,English Parliamentarians take Galway after a nine-month siege,"2000 soldiers and civilian population, 3000 more soldiers nearby"
Siege of Galle,(local soldiers on the Portuguese side),Dutch–Kandyan victory,"*1900Lascarins, 200CanareseMusketmen, 180Kaffirarchers"
Siege of Gaeta,legion of Italia,Sardinian victory,10 ships
Siege of Gaeta,*Italy,French victory,"12,000"
Siege of Gaeta,Kingdom of Spain,Franco-Spanish victory,"1,500"
Siege of Güns,*14pxKingdom of Hungary,"Nominal victory, but a practical defeat for the Ottomans","120,000–200,000"
Siege of Fushimi,Eastern army garrison loyal toTokugawa Ieyasu,Siege successful; castle falls to Western army,"2,000"
Siege of Fukuyo,Forces ofTozawa Yorichika,Takeda victory,3000
Siege of Fukashi,forces ofOgasawara Nagatoki,Takeda Shingen captures several fortresses,3200
Siege of Fredriksten,Denmark–Norway,Danish-Norwegian victory,"1,800"
Siege of Fort Zeelandia,14pxDutch East India Company,Decisive Ming Loyalist victory,"25,000 soldiers and sailors"
Siege of Fort William Henry,Colony of Canada,French victory,"1,800 Indians"
Siege of Fort William,: French artillerymen,Hanoverian Government victory,400
Siege of Fort Wayne,Miami,United States victory,100 (garrison)
Siege of Fort Vincennes,United States,American victory,172 militiamen
Siege of Fort Texas,Mexico,"United States victory, Mexicanwithdrawal, siege lifted.","1,600and 14 artillery pieces"
Siege of Fort Stanwix,*Canadian loyalists,American victory,"700 regulars, 100–300 militia and Indians (Arnold)"
Siege of Fort St. Jean,Iroquois,Colonial victory,"1,500–over 2,000 (Fort St. Jean)"
Siege of Fort Nashwaak,"23px|alt=""The Pine Tree flag of New England""New England",French and native victory,100
Siege of Fort Mose,Spain,Decisive Spanish victory,170 regulars and indians
Siege of Fort Meigs,*Canadian militia,*British abandon siege,"1,200 regulars"
Siege of Fort Massachusetts,Indians,French victory,"1,000"
Siege of Fort Macon,CSA (Confederacy),Unionvictory,"2,649 present for duty"
Siege of Fort Mackinac,Native Americans,British victory,61
Siege of Fort Loudoun,Cherokee Nation,Cherokee victory,*12 cannon
Siege of Fort Julien,First French Republic,Anglo Ottoman victory,"2,000"
Siege of Fort Harrison,Kickapoo,United States victory,"20 healthy, 30 sick"
Siege of Fort Gaines,Confederate States,Union victory,"3,300"
Siege of Fort Crozon,20pxKingdom of France,French-English victory,"2,000 English infantry"
Siege of Fort Augustus,British-Hanoverians,Victory for British Highland Independent Companies,600 men
Siege of Fort-Louis,Electorate of Bavaria,Coalition victory,"4,500, 111 guns"
Siege of Florence,25px|alt=|link=Roman Empire,Florence is nearly destroyed.,"20,000 (100,000 including their families and othernoncombatants)"
Siege of Figueras,First French Empire,Costly French victory,"Relief: over 10,800"
Siege of Fellin,15pxPolish–Lithuanian Commonwealth,Polish victory,"5,000"
Siege of Fallujah,*,* Fallujah is fully besieged by Iraqi government forces,"*4,000 Shi'ite militiamen"
Siege of Exeter,Exonian rebelsand allies from other nearby cities,Conditional surrender of the city,Initially 500 cavalry with reinforcements arriving throughout the siege
Siege of Euripos,Abbasid Caliphate(Tarsos),Byzantinevictory,30 koumbaria
Siege of Esztergom,32pxOttoman Empire,Ottoman victory,Artillery unit
Siege of Esztergom,18pxKingdom of Hungary,Decisive Mongol victory,12000inhabitants
Siege of Eshowe,20pxBritish Empire,British victory,"12,000"
Siege of Eretria,Eretria,Persian victory,"Ancient sources: 100,000-300,000 men, 10,000Persian Immortals, 600 ships"
Siege of Enniskillen,Maguire's rebels,Rebel victory.,30-40
Siege of Emesa,Byzantine empire.,EmesaCaptured byRashidun Caliphate.,"15,000"
Siege of Eindhoven,23pxAnjou,Spanish victory,4cavalrysquadrons
Siege of Eger,32pxOttoman Empire,Hungarian victory,"Approx 2,100-2,300"
Siege of Edessa,County of Edessa,Decisive Zengid Turks victory,Unknown
Siege of Dyneburg,Swedish Empire,Russian victory,"3,400"
Siege of Dura Europos,Roman Empire,Sassanidvictory,unknown
Siege of Dunlap's Station,"First American Regiment,Settlers",US Fort/Settlement not captured,"about 30 (13 military, plus settlers)"
Siege of Dunkirk,Austria,French victory,"10,000"
Siege of Dunkirk,"Commonwealth of England, Scotland and Ireland",* Dunkirk handed over to English Commonwealth as per treaty,"12,000 infantry"
Siege of Duncannon,English Parliamentarians,Irish Confederates take town,"1,300 men, 1 mortar, 4 cannon"
Siege of Dunboy,22pxIrishalliance,English victory,"143 in castle, more nearby"
Siege of Dubrovnik,22px|border|Croatian Defence ForcesCroatian Defence Forces(in October 1991),*Siege lifted,"480&ndash;1,000 troops (1991)"
Siege of Drogheda,English Army,Siege broken by English reinforcements,"~2000, later reinforced"
Siege of Drogheda,English Royalists,Parliamentarians take the town and execute the garrison.,"12,000"
Siege of Dresden,Austria,Austro–Saxon victory,"14,000"
Siege of Doullens,20pxHuguenots,Spanish victory,"8,000"
Siege of Dorsten,20pxHesse-Cassel,Further sieges inElectorate of Cologneand neutralDuchy of Jülich,10th Regiment of Cavalry
Siege of Dorostolon,Byzantine Empire,Byzantinevictory,"(possibly 40,000 men?)"
Siege of Dongnae,JapanunderToyotomi Hideyoshi,Decisive Japanese victory,"18,000 men"
Siege of Diu,25pxOttoman Empire,Decisive Ottoman-Gujarati victory,"2,000"
Siege of Diu,25pxOttoman Empire,DecisivePortuguesevictory,"12,000 Gujarati"
Siege of Diriyah,First Saudi State,Ottoman victory,30 artillery pieces
Siege of Deventer,Spain,Dutch-English victory,"1,200"
Siege of Deventer,German garrison under Spanish command,Deventer captured by the States,"(around 1,300)"
Siege of Detroit,Tecumseh's Confederacy,Native American/British victory,"1,600+ militia"
Siege of Derry,Jacobiteforces,City relieved by Royal Navy ships,?
Siege of Delhi,25pxEast India Company,Decisive British-EIC victory,"12,000 sepoys,"
Siege of De'an,Jurchen Jin,Song victory,"10,000"
Siege of Daraa,*Defecting soldiers,Protests suppressed,4th Division(42nd brigade)
Siege of Dapur,Hittite Empire,Egyptian victory,Probably fewer
Siege of Danzig,Confederation of the Rhine,Prussian–Russian victory,"35,000 including 6,000 sick and wounded and 2,600 cavalry"
Siege of Danzig,France,French victory,100 heavy guns and mortars
Siege of Danzig,18pxAugustus III,Russian-Saxon victory,"1,200-2,400 French"
Siege of Danzig,22pxPolish-Lithuanian Commonwealth,Polish-Lithuanian-Dutch victory,-
Siege of Danzig,Danzigers and mercenary forces,inconclusive,"~10,000"
Siege of Dammaj,*Al-Qaeda in the Arabian Peninsula,*Ceasefire implemented,"7,000 students"
Siege of Damietta,Ayyubids,Crusader strategic victory,"(including 3,000 knights)"
Siege of Damascus,23pxRashidun Caliphate,Damascus captured byRashidun Caliphate,"15,000&ndash;16,000"
Siege of Damascus,Timurid Empire,Decisive Timurid victory,Unknown
Siege of Damascus,**,*Crusader withdrawal,"50,000"
Siege of Cádiz,French Empire,* Proclamation ofSpanish Constitution of 1812,"* 1,700 Portuguese"
Siege of Cyropolis,Macedonian Empire,Macedonian victory,"10,000"
Siege of Cuzco,*Chachapoyas,Almagristas seizes power in Cuzco,"100,000 to 200,000 Inca warriors"
Siege of Cuddalore,*British East India Company,Indecisive (ended by peace agreement),"1,660 Europeans"
Siege of Cuautla,22pxSpanish Empire,"Disputed, Mexican rebels abandon the city after 72 days of Spanish siege.","~12,000 soldiers"
Siege of Cuartel de la Montaña,Nationalist Spain,Republican victory,"2,000 soldiers plus 500 falangists and monarchist volunteers"
Siege of Cuartel de Loyola,Nationalist Spain,Republican victory,?
Siege of Ctesiphon,Nimruzi faction,Shahrbaraz victory; Shahrbaraz becomesShahanshah of theSasanian Empire,"6,000"
Siege of Cork,JacobiteIrish forces,Williamite victory,"9,000 troops and a naval fleet"
Siege of Corinth,CSA (Confederacy),Unionvictory,"120,000"
Siege of Constantinople,Byzantine Empire,Successful Rus' raid on outskirts of Constantinople,"5,000 men"
Siege of Constantinople,15pxByzantine Empire,Climax of theArab–Byzantine wars,"120,000 men"
Siege of Constantinople,Avar Khaganate,Byzantinevictory,"12,000 men"
Siege of Constantinople,22px|borderCrusaders,Decisive Crusader victory,*Byzantines: 20 ships
