col0,col1,col2,col3
Platycladus,Cupressaceae,LR/nt,IUCN2.3
Pinus yunnanensis,Pinaceae,lc,IUCN3.1
Pinus wangii,Pinaceae,EN,IUCN3.1
Pinus wallichiana,Pinaceae,LC,IUCN3.1
Pinus virginiana,Pinaceae,LC,iucn3.1
Pinus tropicalis,Pinaceae,LR/lc,IUCN2.3
Pinus thunbergii,Pinaceae,LR/lc,IUCN2.3
Pinus teocote,Pinaceae,LR/lc,IUCN2.3
Pinus tecunumanii,Pinaceae,VU,IUCN2.3
Pinus taiwanensis,Pinaceae,LC,IUCN3.1
Pinus taeda,Pinaceae,LC,IUCN3.1
Pinus tabuliformis,Pinaceae,LC,IUCN3.1
Pinus strobiformis,Pinaceae,LR/lc,IUCN2.3
Pinus squamata,Pinaceae,CR,IUCN3.1
Pinus sibirica,Pinaceae,LR/lc,IUCN2.3
Pinus serotina,Pinaceae,LR/lc,IUCN2.3
Pinus sabiniana,Pinaceae,LC,IUCN2.3
Pinus rzedowskii,Pinaceae,VU,IUCN3.1
Pinus roxburghii,Pinaceae,LC,IUCN3.1
Pinus rigida,Pinaceae,LC,IUCN3.1
Pinus resinosa,Pinaceae,LC,IUCN3.1
Pinus remota,Pinaceae,LR/lc,IUCN2.3
Pinus radiata,Pinaceae,EN,IUCN3.1
Pinus quadrifolia,Pinaceae,LC,IUCN3.1
Pinus pumila,Pinaceae,LC,IUCN3.1
Pinus pseudostrobus,Pinaceae,LR/lc,IUCN2.3
Pinus pringlei,Pinaceae,LR/lc,IUCN2.3
Pinus praetermissa,Pinaceae,LR/lc,IUCN2.3
Pinus ponderosa,Pinaceae,LR/lc,IUCN2.3
Pinus pinceana,Pinaceae,LR/nt,IUCN2.3
Pinus pinaster,Pinaceae,LC,IUCN3.1
Pinus peuce,Pinaceae,LR/nt,IUCN2.3
Pinus patula,Pinaceae,LR/lc,IUCN2.3
Pinus parviflora,Pinaceae,LR/lc,IUCN2.3
Pinus palustris,Pinaceae,EN,iucn3.1
Pinus orizabensis,Pinaceae,LR/nt,IUCN2.3
Pinus oocarpa,Pinaceae,LR/lc,IUCN2.3
Pinus occidentalis,Pinaceae,EN,IUCN2.3
Pinus nigra,Pinaceae,LC,IUCN3.1
Pinus nelsonii,Pinaceae,EN,IUCN3.1
Pinus mugo,Pinaceae,LR/lc,IUCN2.3
Pinus morrisonicola,Pinaceae,LR/lc,IUCN2.3
Pinus montezumae,Pinaceae,LR/lc,IUCN2.3
Pinus monophylla,Pinaceae,LC,IUCN3.1
Pinus merkusii,Pinaceae,VU,iucn2.3
Pinus maximinoi,Pinaceae,LR/lc,IUCN2.3
Pinus maximartinezii,Pinaceae,EN,iucn3.1
Pinus massoniana,Pinaceae,LR/lc,IUCN2.3
Pinus luzmariae,Pinaceae,LR/lc,IUCN2.3
Pinus lumholtzii,Pinaceae,LR/lc,IUCN2.3
Pinus luchuensis,Pinaceae,LC,IUCN3.1
Pinus longaeva,Pinaceae,LC,iucn3.1
Pinus leiophylla,Pinaceae,LR/lc,IUCN2.3
Pinus lawsonii,Pinaceae,LR/lc,IUCN2.3
Pinus latteri,Pinaceae,LR/nt,IUCN2.3
Pinus krempfii,Pinaceae,VU,IUCN2.3
Pinus koraiensis,Pinaceae,LR/lc,IUCN2.3
Pinus kesiya,Pinaceae,LR/lc,IUCN2.3
Pinus jaliscana,Pinaceae,LR/nt,IUCN2.3
Pinus hwangshanensis,Pinaceae,LR/lc,IUCN2.3
Pinus herrerae,Pinaceae,LR/lc,IUCN2.3
Pinus henryi,Pinaceae,LR/nt,IUCN2.3
Pinus heldreichii,Pinaceae,LR/lc,IUCN2.3
Pinus hartwegii,Pinaceae,LR/lc,IUCN2.3
Pinus halepensis,Pinaceae,LR/lc,IUCN2.3
Pinus hakkodensis,Pinaceae,LR/lc,IUCN2.3
Pinus greggii,Pinaceae,NT,IUCN3.1
Pinus glabra,Pinaceae,LR/lc,IUCN2.3
Pinus gerardiana,Pinaceae,LR/nt,IUCN2.3
Pinus flexilis,Pinaceae,LR/lc,IUCN2.3
Pinus fenzeliana,Pinaceae,LR/nt,IUCN2.3
Pinus engelmannii,Pinaceae,LR/lc,IUCN2.3
Pinus elliottii,Pinaceae,LR/lc,IUCN2.3
Pinus edulis,Pinaceae,LC,iucn3.1
Pinus echinata,Pinaceae,LR/lc,IUCN2.3
Pinus durangensis,Pinaceae,LR/lc,IUCN2.3
Pinus douglasiana,Pinaceae,LR/lc,IUCN2.3
Pinus devoniana,Pinaceae,LR/lc,IUCN2.3
Pinus densiflora,Pinaceae,LR/lc,IUCN2.3
Pinus densata,Pinaceae,LR/lc,IUCN2.3
Pinus dalatensis,Pinaceae,NT,IUCN3.1
Pinus dabeshanensis,Pinaceae,VU,IUCN2.3
Pinus cubensis,Pinaceae,LR/lc,IUCN2.3
Pinus contorta,Pinaceae,LR/lc,iucn2.3
Pinus clausa,Pinaceae,LC,IUCN3.1
Pinus chiapensis,Pinaceae,EN,IUCN3.1
Pinus cembroides,Pinaceae,LR/lc,IUCN2.3
Pinus cembra,Pinaceae,LR/lc,IUCN2.3
Pinus canariensis,Pinaceae,LC,IUCN3.1
Pinus bungeana,Pinaceae,LC,iucn3.1
Pinus brutia,Pinaceae,LR/lc,IUCN2.3
Pinus bhutanica,Pinaceae,LC,iucn3.1
Pinus balfouriana,Pinaceae,NT,IUCN3.1
Pinus ayacahuite,Pinaceae,LR/lc,IUCN2.3
Pinus armandii,Pinaceae,LR/lc,IUCN2.3
Pinus arizonica,Pinaceae,LR/lc,IUCN2.3
Pinus amamiana,Pinaceae,EN,iucn3.1
Pinus albicaulis,Pinaceae,EN,iucn3.1
Pilgerodendron,Cupressaceae,VU,iucn2.3
Picea wilsonii,Pinaceae,LR/lc,IUCN2.3
Picea spinulosa,Pinaceae,LR/lc,IUCN2.3
Picea smithiana,Pinaceae,LR/lc,IUCN2.3
Picea sitchensis,Pinaceae,LC,IUCN2.3
Picea schrenkiana,Pinaceae,LC,IUCN3.1
Picea retroflexa,Pinaceae,VU,IUCN2.3
Picea purpurea,Pinaceae,NT,IUCN3.1
Picea orientalis,Pinaceae,LR/lc,IUCN2.3
Picea omorika,Pinaceae,EN,iucn3.1
Picea obovata,Pinaceae,LC,IUCN3.1
Picea neoveitchii,Pinaceae,CR,IUCN3.1
Picea morrisonicola,Pinaceae,VU,IUCN2.3
Picea meyeri,Pinaceae,LR/lc,IUCN2.3
Picea maximowiczii,Pinaceae,EN,IUCN3.1
Picea martinezii,Pinaceae,EN,iucn3.1
Picea likiangensis,Pinaceae,VU,IUCN3.1
Picea koyamae,Pinaceae,CR,iucn3.1
Picea koraiensis,Pinaceae,LR/lc,IUCN2.3
Picea jezoensis,Pinaceae,LR/lc,IUCN2.3
Picea glehnii,Pinaceae,LR/lc,IUCN2.3
Picea farreri,Pinaceae,VU,IUCN3.1
Picea engelmannii,Pinaceae,LR/lc,IUCN2.3
Picea crassifolia,Pinaceae,LR/lc,IUCN2.3
Picea chihuahuana,Pinaceae,EN,iucn3.1
Picea breweriana,Pinaceae,VU,IUCN3.1
Picea brachytyla,Pinaceae,VU,IUCN2.3
Picea aurantiaca,Pinaceae,EN,IUCN3.1
Picea asperata,Pinaceae,LR/lc,IUCN2.3
Picea alcoquiana,Pinaceae,LR/lc,IUCN2.3
Phyllocladus trichomanoides,Podocarpaceae,LR/lc,IUCN2.3
Phyllocladus toatoa,Podocarpaceae,LR/lc,IUCN2.3
Phyllocladus hypophyllus,Podocarpaceae,LR/lc,IUCN2.3
Phyllocladus aspleniifolius,Podocarpaceae,LR/lc,IUCN2.3
Pherosphaera fitzgeraldii,Podocarpaceae,CR,IUCN3.1
Parasitaxus,Podocarpaceae,LR/nt,IUCN2.3
Papuacedrus,Cupressaceae,LR/lc,IUCN2.3
Nothotsuga,Pinaceae,NT,iucn3.1
