col0,col1,col2,col3
Siege of Bayonne,County of Bigorre,siege lifted,unknown
Siege of Batavia,22pxTheDutch East Indies Company,Dutch victory,"10,000 (first siege)"
Siege of Bastogne,Nazi Germany,Allied victory,"101st: 11,000 enlisted + 800 officers"
Siege of Bastia,Corsica,Anglo-Corsican victory,"5,000"
Siege of Basing House,Parliamentarians,Parliamentarian victory,"7,000+"
Siege of Base 46,*Fajr al-Islam,* FSA capture Base 46 in mid-November 2012 following a two-month siege,"1,500 fighters"
Siege of Bartenstein,Prussians,Teutonic victory,"1,300"
Siege of Bari,Byzantine Empire,"Decisive Norman victory, the Byzantines retreat from Southern Italy","Bari garrison, other Byzantine reinforcements and 20 ships"
Siege of Barcelona,Principality of Catalonia,Decisive victory forPhilip V of Spain,"2,000 regulars of theArmy of Catalonia"
Siege of Barcelona,Spain,French victory,"32,000/25,000"
Siege of Bangkok,*French East India Company,Decisive Siamese victory,200
Siege of Bamyan,Khwarezmian Empire,Mongolvictory,"30,000 men"
Siege of Baler,Kingdom of Spain,* Baler held beyond official cessation of hostilities and cession of Philippine Islands;,1 officer
Siege of Baghdad,Ottoman Empire,"* Baghdad besieged, while the bulk of the Persian army marches north to confront a relief force at Samarra","*30,000 remained to maintain the siege"
Siege of Baghdad,*border|23pxAyyubid dynasty,Decisive Mongol victory,"120,000–150,000"
Siege of Baghdad,Abbasid caliphate,Decisive Abbasid victory,"30,000 Seljuqs"
Siege of Badajoz,France,Anglo-Portuguese victory,"27,000 regulars and 52 cannons"
Siege of Badajoz,Portugal,Spanish victory,(garrison)
Siege of Bad Kreuznach,Electorate of the Palatinate,Spanish victory,(Exact number unknown)
Siege of Béxar,Texianrebels,Texian victory,"1,200"
Siege of Azekah,20pxKingdom of Judah,*Azekah captured,Unknown
Siege of Autun,25px|alt=|link=Western Roman Empire,Roman victory,Unknown
Siege of Augustodunum Haeduorum,Claudius Gothicus,Victory for forces ofVictorinus,unknown
Siege of Augusta,Continental Army,Patriot victory,"1,600"
Siege of Athlone,Jacobiteforces,Williamite victory,?
Siege of Athens and Piraeus,22pxRoman Republic,Roman Victory,"20,000 Auxiliary"
Siege of Astorga,French Empire,Spanish victory,14–17 guns
Siege of Arcot,20pxBritish East India Company,Victory forBritish East India Company,500 soldiers
Siege of Arai,Miura clan,Hōjō victory,"6,000"
Siege of Aracillum,22pxCantabri,Roman victory,"15,000-25,000 warriors"
Siege of Aquileia,Citizens of Aquileia,victory to Senate forces,unknown
Siege of Apia,Allies:,Allied victory,1corvette
Siege of Antwerp,French Kingdom,French victory,"4,500"
Siege of Antioch,Roman Empire,Sassanidvictory,unknown
Siege of Angkor,Khmer Empire,*Khmer Empire collapses,Unknown
Siege of Angers,'French Royalists,Republican victory,15 000 to 20 000 men
Siege of Amirli,*16th Turkmen Brigade,(Allies break the siege),"Badr Brigades: 4,000"
Siege of Amiens,England,*Peace of Vervins,"* (4,200 English)"
Siege of Amida,Eastern Roman Empire,DecisiveSassanidvictory,Albani
Siege of Almeida,French Empire,French victory,"16,000 men, 100 cannons"
Siege of Allenstein,23pxTeutonic Order,"Polish victory, siege lifted","200 infantry, several hundred dismounted cavalry"
Siege of Alkmaar,Dutch Rebels,Decisive Dutch victory,"6,500 to 16,000 troops"
Siege of Alexandria,Ptolemaic Kingdom,Roman victory,1 legion (Legio VI Ferrata)
Siege of Alexandria,First French Republic,*Capitulation of Alexandria,"13,000"
Siege of Aleppo,"Byzantine Empire,",Decisive victoryby theMuslims,"17,000"
Siege of Aleppo,Muslim Brotherhood,*Syrian Muslim Brotherhood outlawed,"30,000"
Siege of Albarracín,22pxHouse of Lara,"Victory for theKingdom of Aragon, incorporation of Albarracín into the Kingdom of Aragon.",200 Knights
Siege of Al-Karak,border|22pxAyyubids,Strategic Crusader victory,"22,000 men"
Siege of Akasaka,20pxHōjō forces,"Hōjōvictory,Prince Moriyoshiand Masashige escape","10,000"
Siege of Aintab,France,French victory,"1,500 Armenian soldiers,"
Siege of Ahmednagar,*Daulat　Rao Scindia,British victory,"24,000"
Siege of Adrianople,22pxBulgarian Empire,Bulgarian victory,Unknown
Siege of Adoni,Hyderabad,Unknown,"30,000 Nizam cavalry and soldiers"
Siege of Acre,French Republic,Anglo-Ottoman victory,"12,000 reinforcement (7 May)"
Siege of Acre,22pxMamluk Sultanate,Mamlukvictory,"1,100 cavalry"
Siege of Acre,*border|18pxKnights Hospitaller,Crusader Victory,"*Garrison: 6,000"
Siege of Abu al-Duhur Airbase,(until late 2014),* Rebels capture three villages and the airbase,"1,000+ fighters"
Siege of Aachen,Free Imperial City of Aachen,Spanish victory,"15,000"
Siege of 's-Hertogenbosch,Spain,Spanish victory,"12,000–15,000"
Siege of 's-Hertogenbosch,Spain,Dutch victory,116 cannons
Siege of Đông Quan,Dai Viet,Vietnamese victory,unknown
Sicilian revolution of 1848,20pxCongress Poland,Revolution suppressed; more powers to the Sicilian local administration,"Ca. 20,000"
Sicilian revolt,"Roman Republicwith forces ofOctavian's Roman,Lepidus' RomanandMark Antony's Roman",Roman Republic victory,"More than 200,000"
Sicilian Expedition,"Athens, allies from theDelian League,Segesta","Decisive Athenian defeat, complete destruction of the Athenian expeditionary force",134triremes
Sichuan invasion,25pxChina,Chinese victory,"140,000 troops, 300 tanks, 500 planes"
Siberian Intervention,----Mongolia,Allied withdrawal,"1,500 Britons"
Siamese–Vietnamese War,Nguyễn dynasty,Vietnamese victory,ca 100 warships
Siamese–Cambodian War,20pxAyutthaya Kingdom,Siamese victory,150Junks
Siamese–Vietnamese War,Nguyễn dynasty,Vietnamese victory,ca 100 warships
Siamese–Cambodian War,20pxAyutthaya Kingdom,Siamese victory,150Junks
Shuangduiji Campaign,60px|Flag of the National Revolutionary Army,Communistvictory,"120,000"
Shoubak Revolt,Inhabitants of Shoubak,Rebellion brutally suppressed,100 armed horsemen
Short Hills raid,Hunters' Lodges,Government victory,13 Queen's Lancers
Shinpūren Rebellion,Imperial Japanese Army,Government victory; rebellion crushed,174
Shimonoseki Campaign,20pxChōshū Domain,Decisive Allied victory,"1,500"
Shimabara Rebellion,25pxProtestant Dutch,Tokugawavictory;Christianityin Japan driven underground,"Between 27,000 and 37,000"
Sherman's March to the Sea,CSA (Confederacy),Unionvictory,"12,466"
Shelling of Johnston and Palmyra,Empire of Japan,"*Minor damage to U.S. installations, both islands heavily strengthened",Marine 5-inch coastal guns
Shell House massacre,African National Congress,Amnesty granted to 11 people,"20,000-50,000"
Sheksna uprising,Green armies,Soviet (Bolshevik) victory,approx. 300
Sheikh Said rebellion,(Hormekan and Lolan tribes),Decisive Turkish victory. Revolt suppressed;Mosulprovince is assigned toMandatory Iraq,"15,000 men"
Sheikh Khazal rebellion,(until mid-1924),* Bakhtiaris defeated,274 soldiers (1922)
Sheemore ambush,(South Leitrim Brigade),IRA victory,30–40 (although many RIC fled the scene)
Shatoy ambush,22pxChechnya,Decisive separatist victory,43
Shapur II's Arab campaign,*Banu Abdul Qays,DecisiveSasanianvictory,Unknown
Shanghai massacre of 1927,50px|Flag of the Communist Party of ChinaCommunist Party of China(CPC) & Shanghai labor union militias,Beginning of theChinese Civil War,"approx. 5,000 soldiers of the 2nd Division of the 26th Army & members of various gangs"
Shanghai Campaign,22px123rd Army,Communistvictory,"210,000"
Shangdang Campaign,60px|Flag of the National Revolutionary Army,Communistvictory,"~35,000"
Shangani Patrol,22px|border|link=British South Africa Company,Matabelevictory,37 (3 broke out)
Shah Wali Kot Offensive,Taliban insurgents,Coalition victory,~100+ men
Shaghzay ambush,*Afghan National Police,Taliban victory,40
Shabin-Karahisar uprising,Hunchak,Suppression of the Resistance and massacre of the rest of the Armenians.,"1,000?"
Shaba I,'''Supported by:,*FNLC expelled from Shaba,"1,600–3,000 FNLC fighters"
Seymour Expedition,France,Chinese victory,112
Seventh Crusade,**Anjou,Decisive Muslim victory,"*2,400-2,800 knights"
Seven Days Battles,CSA (Confederacy),Confederatevictory,"* 105,445 (Army of the Potomac without Dix's Division);"
Serbo-Bulgarian War,Bulgaria,Decisive Bulgarian victory;,"50,000"
Serbian–Ottoman War,Principality of Serbia,Ottoman victory in the first stage (1876–28 February 1877);,"ca. 63,000"
Serbian nobility conflict,Altomanović supporters,New Nobility victory,High
Serbian–Ottoman War,Principality of Serbia,Ottoman victory in the first stage (1876–28 February 1877);,"ca. 63,000"
Serb Uprising of 1848–49,Austrian aid,Serbian autonomy,104 artillery guns
September 2012 Beytüşşebap attack,PKK,"Turkish Victory, Attack repulsed.",5000
September 1982 Rentería attack,Civil Guard,ETA victory,5
September 1964 South Vietnamese coup attempt,(ARVN) rebels,*,Ten battalions
Senussi Campaign,*,British-Italian victory,"At least 5,000 soldiers"
Selton Hill ambush,(Auxiliary Division),RIC victory,unknown
Seleucid–Mauryan war,Maurya Empire,"Mauryan Victory,Chandragupta Mauryagains all of theMacedoniansatrapies in theIndus River Valley,Seleucusreceives 500war elephants as part of peace deal.","200,000infantry, 40,000cavalry, 60,000 allies"
Sejny Uprising,1st Reserve Battalion,Lithuanians retreated behind theFoch Line; Poland secured Sejny,300 volunteers
Segovia Offensive,Nationalist Spain,Nationalist victory,3 divisions
Sectarian violence in Iraq,''',* Eventual improvements in public security,----
Second conflict in the Goryeo–Khitan War,Goryeo,Liao dynasty victory.,"400,000"
Second Zhili–Fengtian War,23pxFengtian clique,Fengtianvictory,"200,000"
Second War of Scottish Independence,15pxKingdom of England,"English strategic victory, Scottish practical victory.David IIretained the throne and independence in exchange for payment.","Up to 13,000"
Second War of Kappel,15pxLucerne,Catholic victory,"2,000"
Second Vienna Award,Hungary,Hungarian occupation of the region and annexation,First Army
Second Transjordan attack on Shunet Nimrin and Es Salt,*,Ottoman victory,"7,000 troops"
Second Tarnovo Uprising,Bulgarian Rebels,Decisive Ottoman victory,Unknown
Second Taranaki War,Māori of Taranaki,Indecisive,1500 (including women and children)
Second Taiwan Strait Crisis,People's Republic of China,"Ceasefire, status quo ante bellum","215,000"
Second Sumatran expedition,Chiefdom of Quallah Battoo,* Malays cease attacks on American vessels,2frigates
Second Sino-Japanese War,(withcollaborator support),* China was one of theBig Four of Alliesand becomes a permanent member of theU.N. Security Council,(ExcludingBurma campaignand Manchuria)
Second Siege of Zaragoza,Duchy of Warsaw,French victory,"1,400 cavalry"
Second Siege of Wadi Deif,*National Defense Force,"* Al-Nusra Front and allies capture the Wadi Deif and Hamadiyah bases, a string of villages and 14 checkpoints around the two bases",(December 2014)
Second Siege of Missolonghi,Greek revolutionaries,Greek victory,"13,000 troops"
Second Siege of Gerona,First French Empire,Spanish victory,"13,000"
Second Siege of Diu,border|25pxGujarat Sultanate,Portuguese victory,"10,000 men"
Second Siege of Badajoz,French Empire,French victory,"1st phase: 20,700"
Second Seminole War,Seminole,"Nominal end to conflict; no peace treaty; approximately 4,000 Seminoles forcibly transported to Indian Territory; approximately 350 Seminoles remained in Florida; unresolved conflict led to Third Seminole War in 1855.","900-1,400 warriors in 1835, less than 100 in 1842"
Second Schleswig War,Prussia,*Treaty of Vienna (1864),100+ guns
Second Republic of the Congo Civil War,Armed Forces of the Republic of the Congo(from October 1997),Return to power ofDenis Sassou Nguesso,"1,500Angolan Armed Forces"
Second Raid on Schweinfurt,Eighth Air Force,German victory,291 B-17 Flying Fortresses
Second Punic War,Aetolian League,"Romanvictory, Rome gains absolute domination of the western Mediterranean","*273,300 Reserves"
Second Perso-Turkic War,Hephthalites,DecisiveSasanianvictory,"300,000 men((likely exaggeration))"
Second Persian invasion of Greece,Greek city states includingAthensandSparta,Decisive Greek victory,"1,000Phocians"
Second Ostend Raid,border|22pxGerman Empire,HMS Vindictive sunk in Ostend harbour but only partially blocked the canal.,","
Second Opium War,*,*Convention of Peking,"13,127"
Second Mongol invasion of Poland,Mongol Empire,Mongol victory,"about 30,000 (threetumens)"
Second Mongol invasion of Hungary,18pxKingdom of Hungary,Decisive Hungarian victory; Mongol invasion repulsed,"30,000-200,000"
Second Mongol invasion of Burma,Myinsaing Kingdom,Burmese victory,"12,000"
Second Melillan campaign,Rif tribes,Spanish victory,"35,000"
Second Maroon War,Colony of Jamaica,Maroon defeat,"5,000"
Second Manchu invasion of Korea,Joseon,Qing victory,"140,000"
Second Madagascar expedition,France,French victory,"15,000 men"
Second Ivorian Civil War,Ivorian Popular Front,Gbagbo captured; Ouattara/UN/French victory,"10,000 (United Nations)"
Second Italo-Ethiopian War,*13pxItalian Eritrea,Decisive Italian victory,13 aircraft
Second Italian War of Independence,Austrian Empire,Allied victory,"170,000 infantry"
Second Iraqi–Kurdish War,Iraq,* Iraqi government re-establishes control over Kurdistan,(not all engaged)
Second Gulf of Sidra offensive,*Free Libyan Military,"*Anti-Gaddafi forces captureRa's Lanuf,Bin JawadandNofaliyain late August","1,000-5,000 fighters"
Second Guangxi Campaign,China,Decisive Chinese victory,"600,000"
Second Franco-Dahomean War,Dahomey,Dahomeyconquered and incorporated as a French protectorate,"1,200Dahomey Amazons"
Second Fiji Expedition,Fiji,American victory,10marines
Second Encirclement Campaign against the Shaanxi-Gansu Soviet,60px,Communistvictory,"14,000"
Second Encirclement Campaign against the Hubei-Henan-Anhui Soviet,80px|Flag of the National Revolutionary Army,Communistvictory,"100,000+"
Second Encirclement Campaign against the Honghu Soviet,80px,communistvictory,"5,000"
Second Encirclement Campaign against Jiangxi Soviet,60px,Red Army victory,"200,000"
Second Encirclement Campaign against Hubei–Henan–Shaanxi Soviet,60px,Communistvictory,"3,000"
Second Dranesville,Confederate States of America,Confederate Victory,160
Second Desmond Rebellion,23pxButlers of Ormond,English victory,Unknown
Second Crusade,*,* Beginning ofcrusader advances into Egypt,"French: 15,000 men"
Second Congo War,(alleged),* Continuation of theIturi conflict.,"----Interahamwe: 20,000+"
Second Chōshū expedition,23pxAizu Domain,Decisive Shogunal defeat,"100,000-150,000"
Second Chechen War,(1999–2007),* Establishment of a pro-RussianChechen government,(in 1999)
Second Chōshū expedition,23pxAizu Domain,Decisive Shogunal defeat,"100,000-150,000"
Second Carlist War,Carlists,Liberal victory,"Carlists: 10,000"
Second Boer War,*,British Empire victory,"103,000–153,000"
Second Battle of İnönü,Grand National Assembly,Decisive Turkish victory,"15,000"
Second Battle of the Stronghold,Modoc,tactical U.S. victory; Modoc escape,53
Second Battle of the Somme,*,Allied victory,Australian Corps
Second Battle of the Piave River,France,Decisive Italian victory,5 British divisions
Second Battle of the Odon,Germany,Operational Allied success,1 heavy tank battalion
Second Battle of the Marne,France,Decisive Allied victory,"1,047 field batteries"
Second Battle of the Java Sea,Imperial Japanese Navy,Japanese victory,1 heavy cruiser
Second Battle of the Corunna Road,Nationalist Spain,Indecisive,"17,000 infantry and cavalry (13 Dec)"
Second Battle of the Aisne,(Russian Expeditionary Force in France),German victory,38 divisions
Second Battle of Zurich,Austria,Decisive French victory,"32,000 Austrians"
Second Battle of Zrínyiújvár,Crimean Khanate,Hungarian-Croatian victory,"16,000"
Second Battle of Zawiya,* Foreignmercenaries,* Rebel forces capture the town andadvance on Tripoli,"1,000 conscripts"
Second Battle of Ypres,*,"See ""[[#Aftermath",2 French and 6 British divisions
Second Battle of Wissembourg,Austria,Strategic French victory,"35,000"
Second Battle of Winchester,CSA (Confederacy),Confederatevictory,"12,500"
Second Battle of Villers-Bretonneux,*,Allied victory,13A7V tanks
Second Battle of Vailele,Allies:,Mataafan/German victory,136warriors
Second Battle of Târgu Frumos,"22pxGermany,",German-Romanian victory,Unknown
Second Battle of Tuyutí,*15pxArgentine Army,* Paraguayan attack repelled.,"8-9,000 men"
Second Battle of Tucson,Apache,Spanish victory,10native scouts
Second Battle of Tripoli Harbor,23pxEyalet of Tripolitania,"* Grounded USS Philadelphia, crew and captain captured","1 brig,"
Second Battle of Topolobampo,Constitutionalists,"Constitutionalist tactical victory, Huertista strategic victory",1gunboat
Second Battle of Timbuktu,AQIM,Malian/French victory,unclear
Second Battle of Tikrit,''',* Allied forces are stalled 13–30 March,"(9,000 engaged)"
