col0,col1,col2,col3
Sacking of Bergen,*25pxGarrison of Bergen,"The Victual Brothers fleet raids, pillages, loots and burns Bergen.","Large, strong ships"
Sack of Wexford,English ParliamentarianNew Model Army,English Parliamentarians take town and massacre the garrison.,"6,000"
Sack of Thessalonica,Byzantine Empire,Norman victory; Thessalonica sacked,200 ships
Sack of Sandomierz,30pxKingdom of Poland,Capture and destruction of the city of Sandomierz,unknown
Sack of Rome,Visigoths,Visigoth Victory,"Possibly 40,000 soldiers"
Sack of Rome,*16pxHoly Roman Empire,"Successful sack, despite horrendous losses for The ImperialLandsknechts",189Swiss Guards
Sack of Magdeburg,22pxCatholic League,Destruction of the city,"2,400"
Sack of Kraków,30pxKingdom of Poland,Capture and destruction of most of the city,unknown
Sack of Damietta,Abbasid Caliphate,Byzantine victory,"85 ships, 5,000 men"
Sack of Cashel,English Parliamentarians,English Parliamentarians take the town and massacre its garrison,c.600 soldiers
Sack of Baturyn,30px|HetmanateCossack Hetmanate,Sack of the city by the Russian forces and extermination of its population,"~25,000"
Sack of Aquileia,Hun Confederation,Hunnic Victory,Unknown
Sack of Antwerp,23pxPeople of Antwerp,Decline of Antwerp as commercial hub,"20,000 (civilians included)"
Sack of Amorium,Abbasid Caliphate,City taken and razed by theAbbasids,"80,000"
Sabzevar expedition,Nader's Forces,*Tahmasp II of the Safavid dynasty becomes Nader'svassal,Unknown
Saar Offensive,France,French withdrawal,"2,400 tanks"
SY Quest incident,Somali pirates,*Capture and arrest of pirates,1aircraft carrier
Sơn Tây Campaign,23pxBlack Flag Army,French victory,"2,000 Chinese soldiers"
Rákóczi's War of Independence,*,Austrian victory,"ca. 1,500 French soldiers"
Rwandan Civil War,(1990-1991),* End ofRwandan Genocidein July 1994.,"20,000 RPF"
Russo-Turkish War,Bulgaria,"Treaty of San Stefano,Treaty of Berlin",190 cannons
Russo-Turkish War,Ottoman Empire,Russian victory,"100,000"
Russo-Turkish War,*Crimean Khanate,Decisive Russian victory,"At least 40,000Kalmykcavalry"
Russo-Turkish War,23pxCossack Hetmanate,Pavlovskand Mius,"14,000 (Only Crimean front)"
Russo-Turkish War,*Crimean Khanate,Indecisive,"12,000 (initially)"
Russo-Turkish War,*Crimean Khanate,Ottoman commercial victory,"20,000Turks"
Russo-Swedish War,Sweden,Inconclusive,"31,500 Russians, 12,000 Dano-Norwegians in western Sweden, hundreds of ships in various sizes at sea"
Russo-Swedish War,22 pxSwedish Empire,Status quo ante bellum,"42,000–45,000"
Russo-Persian War,22pxPersian Empire,Russian victory,"34,000"
Russo-Persian War,22pxPersia,Russian victory,"48,000 troops, 21,000 irregular cavalry"
Russo-Persian War,*25pxCossack Hetmanate,Russian Victory,"Cossacks: 22,000"
Russo-Japanese War,*,Japanese victory;Treaty of Portsmouth,"300,000–500,000"
Russo-Circassian War,22pxCaucasian Imamate(Western),"Russian victory, annexation of Circassia, mass expulsion","150,000 – 200,000."
Russian military intervention in Syria,*,"* Major pro-government strategic gains in Latakia, Palmyra and Aleppo theaters",----
Russian invasion of Manchuria,Imperial China,Russian victory,"100,000 Russian Army soldiers andCossacks"
Russian conquest of Bukhara,22pxEmirate of Bukhara,Russian victory,Unknown
Russian Revolution,*,*AbdicationofNicholas II,Imperial Russian Army
Russian Civil War,(Various anti-soviet factions also fought among each other.),"*Victory for the Red Army inRussia,Ukraine,Belarus,South Caucasus,Central Asia,Tuva, andMongolia;*Victory for pro-independence movements inFinland,Estonia,Latvia,Lithuania, andPoland",----
Rus'–Byzantine War,Byzantine Empire,Draw,"1,000 ships, c. 40,000 men"
Rus'–Byzantine War,Byzantine Empire,Rus' victory,"2,000 ships"
Rus'–Byzantine War,Byzantine Empire,Draw,"1,000 ships, c. 40,000 men"
Rus'–Byzantine War,Byzantine Empire,Rus' victory,"2,000 ships"
Rum Rebellion,Great Britain,Appointment ofLachlan MacquarieasGovernor,~ 400
Ruhr uprising,*Communist Party of Germany,Uprising crushed,"50,000"
Ruhr Pocket,(German resistance),DecisiveAlliedvictory,"300,000"
Royalton raid,Vermont Republic,British victory,1grenadier
Royalist attack on Chaves,Portuguese Republic,Decisive Republican victory,100 regular soldiers
Rout of Winchester,Angevins,Blesevin victory,Unknown
Rotterdam Blitz,Germany,884 civilian dead,No remaining operational fighter aircraft
Roquebert's expedition to the Caribbean,French Empire,British victory,Flûtes Loire and Seine with support from batteries on shore
Romanian occupation of Pokuttya,Romania,Romanian victory,7th Infantry division
Romanian armies in the Battle of Stalingrad,23pxCroatia,Decisive Soviet victory,"1,183 tanks"
Romanian War of Independence,Bulgaria,Romanian / Bulgarian / Russian victory,"186,000 troops"
Romania during World War I,Bulgaria,"* May 1918:Central Powersvictory,Treaty of Bucharest","1,000,000"
Romani ambush,Israel,Israeli victory,162nd Division
Roman invasion of Caledonia 208–210,Caledonians,Romans temporarily occupy Caledonia but withdraw toHadrian's Wall,"40,000+ (estimate)"
Roman conquest of Anglesey,Britons,Roman victory,?
Rising of the North,Elizabeth I of England,"Victory for the Elizabethan forces, strengthening Elizabeth's authority, weakening the aristocracy of the North.","4,600"
Rio de Janeiro Affair,Brazilian mutineers,*End of rebel blockade,1fort
Rineen ambush,(Mid Clare Brigade),RIC reprisals on local civilians,10 lorries of British troops (c. 100 men) arrived later
Rif War,(1925–1926),Dissolution of theRepublic of the Rif,+200aircraft
Rif Dimashq offensive,*Ahrar ash-Sham,* Government forces capture seven towns south and southeast of Damascus,"* 750–1,000 al-Nusra fighters"
Rif Dimashq offensive,*National Defense Force,Indecisive; Limited rebel gains,(reinforcements)
Rif Dimashq offensive,*Ahrar ash-Sham,* Government forces capture seven towns south and southeast of Damascus,"* 750–1,000 al-Nusra fighters"
Rif Dimashq offensive,*Ahrar ash-Sham,* Army launches a major offensive on rebel-held Darayya in mid-January,"*750–1,000 al-Nusra fighters"
Rif Dimashq offensive,*Ahrar ash-Sham,"*Ghouta gas attacksleave 281–1,729 people dead","*750–1,000 al-Nusra fighters"
Rif Dimashq offensive,*National Defense Force,"* Army and Hezbollah capture Mayda’a Al-Bahariyah,  Hawsh Al-Farah, Hawsh Nasri","15,000"
Rif Dimashq offensive,*Ahrar ash-Sham,* Rebels launchtheir own offensivein mid-November,"40,000+ soldiers"
Rif Dimashq offensive,*Jaysh al-Islam,"*Army captures Heteta al-Jersh,Adra, Tal Kurdi, Al-Rayhan, the al-Alia farms, Wadi ‘Ayn Tarma, Hosh Al-Farah, Al-Mayda'a, Balaa Al-Jadeeda and most of Jobar","30,000"
Rif Dimashq offensive,*Ahrar ash-Sham,* Rebels launchtheir own offensivein mid-November,"40,000+ soldiers"
Rif Dimashq offensive,*Jaysh al-Islam,"*Army captures Heteta al-Jersh,Adra, Tal Kurdi, Al-Rayhan, the al-Alia farms, Wadi ‘Ayn Tarma, Hosh Al-Farah, Al-Mayda'a, Balaa Al-Jadeeda and most of Jobar","30,000"
Rif Dimashq clashes,*Ahrar ash-Sham,*Damascus centre under government control,"50,000 soldiers and policemen"
Rhodesian Bush War,(11 November 1965 to 1 June 1979),"*Lancaster House Agreement, internationally recognised independence for theRepublic of Zimbabwe",----
Rhine Campaign of 1795,Electoral Bavaria,Austrian victory,"175,000"
Rhamu Incident,"Kenyan military,Kenyan Police",Somali army successfully crossed into theSidamoRegion ofEthiopia,1500
Reşadiye shooting,Kurdistan Workers' Party(PKK),PKK tactical victory,7
Revolutions and interventions in Hungary,----,"Hungarian Republic of Councils,","Czechoslovakia: 20,000"
Revolution of 1859,Conservativegovernment,Conservative government victory,"2,000"
Revolta da Armada,*15pxBrazilian Army,Loyalist victory,1fort
Revolt of the Three Feudatories,ChinggisidChahar Mongolrebels,Qing Empirevictory,Chahar Mongols
Revolt of the Batavi,22px|alt=|link=Roman Empire,Roman strategic victory; subjugation of the Batavi,"* One Batavialaand eightcohorts; 5,000+ Batavi (mostly cavalry)"
Revolt of the Altishahr Khojas,Altishahr Khojas,Khojadefeat,"(Khalkha Mongols,Dzungars,Eight Banners,Green Standard Army,, Hui Battalion (; Uygurs),,Solons,Kyrgyzs)"
Revolt of Babylon,Assyrians,DecisiveBabylonian victory; eviction of Assyrian troops,Unknown
Retreat to Montalban,22pxKatipunan,Spanish Victory,unknown
Restoration of Tahmasp II to the Safavid throne,*Ottoman Empire,(Tahmasp II is restored to the throne by Nader),"20-30,000"
Resistance at Nenjiang Bridge,"Imperial Japanese Army,Empire of Japan",Japanese victory,"2,500"
Rescue of Jessica Buchanan and Poul Hagen Thisted,Somali pirates,*Hostages freed,24 Navy SEALs
Rescue of Dustoff 65,23pxViet Cong,United States defensive victory,"C/2/502,101st Airborne Division"
Reprisal operations,*Palestinian fedayeen,Decisive Israeli victory,Unknown
Repatriation of Cossacks after World War II,Allied Forces,"45,000 - 50,000 repatriated Cossacks","&gt;50,000"
Relief of Qasr al-Bahili,TurgeshKhaganate,Arab victory; successful evacuation of Qasr al-Bahili,"100 families in the fort, ca. 1000 men in the relief force"
Relief of Newark,Parliamentarians,Royalistvictory,13 siege guns
Relief of Montgomery Castle,Parliamentarians,Parliamentarian victory,"1,400 cavalry,"
Relief of Goes,Dutch Rebels,Spanish victory,"3,000"
Red Turban invasions of Goryeo,Korea,Goryeovictory,"~20,000 (1359)"
Red River Canyon Affair,Apache,United States victory,200
Red River Campaign,Confederate States,Confederatevictory,"30,000"
Red Cloud's War,Lakota,"Lakota, Northern Cheyenne, and Northern Arapaho victory","1,500 to 2,000"
Red Army invasion of Georgia,Democratic Republic of Georgia,"Democratic Republic of Georgiagovernment exiled toLeuville-sur-Orge,Franceand theUnited Kingdom.","(20,000 men)"
Recovery of Ré island,20pxCity ofLa Rochelle,Victory of Louis XIII,20 Dutch warships
Recapture of Recife,*22pxBrazilian Colonial Forces,Decisive Portuguese victory,"2,500 men"
Recapture of Fort Zeelandia,England,English Victory,300 men
Recapture of Bahia,*,Spanish-Portuguese victory,"12,000 men"
Recapture of Angola,Portuguese Empire,Portuguese victory,"1,200 Dutch"
Rebellion of the Seven States,Han Dynasty,Han victory,"200,000 Wu troops"
Rebellion of the Alpujarras,22pxCastile-Aragon Union,Mass forced conversions of all Muslims in Granada.,"80,000"
Reşadiye shooting,Kurdistan Workers' Party(PKK),PKK tactical victory,7
Rand Rebellion,*CPSA,Political backlash against Smuts,"20,000"
Rajput Invasion of Gujarat,25pxRajput Confederates,"Decisive Rajput Victory, Gujarat Plundered by Rana Sanga","57,000 men"
Rajnandgaon ambush,(Chhattisgarh Police),Naxalite victory,300
Rainbow Bluff Expedition,CSA (Confederacy),Confederatevictory,"2Gunboats,WyalusingandOtsego, 1Tugboat,Bazely"
Raids on Boulogne,France,French victory,1 schooner
Raid on the Suez Canal,British Empire,British victory,"11,400 (400 officers and 11,000 soldiers)"
Raid on the Medway,England,Decisive Dutch victory,About 60 ships; 1500marines
Raid on York,"23px|alt=""The Pine Tree flag of New England""New England Colonies",French and native victory,200-300 Abenaki and Canadiens
Raid on Wells,"23px|alt=""The Pine Tree flag of New England""New England Colonies",English colonial victory,31 New England troops
Raid on Tabasco,England,English victory,180 soldiers
Raid on Symi,Germany,*Facilities destroyed,Garrison company
Raid on St. Augustine,*ApalacheeIndians,English victory,"1,000 troops"
"Raid on Scarborough, Hartlepool and Whitby",United Kingdom,German victory,1 armoured cruiser
Raid on Santorini,Germany,Allied victory,Garrison company
Raid on Salmon Falls,"23px|alt=""The Pine Tree flag of New England""New England",Acadian andWabanaki Confederacyvictory,unknown
Raid on Saint-Paul,22pxFrench Empire,British victory,"604 troops on shore,ship of the lineHMS Raisonnable,frigatesHMS Nereide,HMS Sirius,HMS Boadiceaand smaller vessels."
Raid on Ross,Chattan Confederation,unknown,Unknown
Raid on Puerto Caballos,England,English victory,1 prize frigate
Raid on Pebble Island,Argentina,British victory,45 SAS troopers and one Naval gunfire observer
Raid on Oyster River,23pxMassachusetts Bay Colony,New France andAbenakivictory,250 Abenaki Indians
Raid on Newry,Jacobiteforces,Williamite victory,"1,700+"
Raid on Nekhl,Ottoman Empire,Retreat of last Ottoman garrisons out of the Sinai,420 + and 3 aircraft
Raid on Nassau,Pro-Bourbon Spain,"Franco-Spanish victory, Nassau is briefly occupied and destroyed.",2Frigates
Raid on Manila,Spain,British victory at Manila; Spanish victory at Zamboanga,Defences of Manila
"Raid on Lunenburg, Nova Scotia",France,"French, Acadian,Wabanaki Confederacy(Mi'kmaq) victory",30
Raid on Kirkenes and Petsamo,Germany,Axis victory,15 Fulmar  escort fighters
Raid on Havre de Grace,United Kingdom,Successful British raid,150Royal Marines
Raid on Haverhill,"23px|alt=""The Pine Tree flag of New England""New England",French victory,250 native warriors and French Canadian militia
Raid on Haverhill,colonists,French and native victory,approximately 20
Raid on Groton,23pxProvince of Massachusetts Bay,New France andAbenakivictory,250 Abenaki Indians
Raid on Griessie,22px|link=Kingdom of Holland,British victory,Two out of commissionships of the lineand shore defences
Raid on Grand Pré,"23px|alt=""The Pine Tree flag of New England""New England",New England victory,500 New England volunteers and native warriors
Raid on Godfrey Ranch,Cheyenne,American victory,130warriors
Raid on Gananoque,United States,* Stores seized and government depot burned,About 200 regulars and militia
Raid on Fraustadt,Germany,*Geyersdorf briefly occupied,55th Poznan Infantry Regiment
Raid on Elizabethtown,United Kingdom,American victory,200 regulars and volunteers
Raid on Dover,"23px|alt=""The Pine Tree flag of New England""New England Colonies",French andWabanaki Confederacyvictory,unknown
Raid on Deerfield,"23px|alt=""The Pine Tree flag of New England""New England",French and Native American victory,20 outside militia
Raid on Dartmouth,Acadian militia,Acadian and Mi’kmaq victory,60 Acadian and Mi'kmaq
Raid on Dartmouth,Acadian militia,Mi’kmaq victory,40 Mi'kmaq
Raid on Chignecto,"23px|alt=""The Pine Tree flag of New England""New England",New England victory,"400 New England troops and native warriors,"
Raid on Canso,Wabanaki Confederacy(Mi'kmaq militia),French victory,*1 sloop
Raid on Brandenburg,Grand Duchy of LithuaniaandKingdom of Poland,Area looted and devastated,"1,200 Lithuanians"
Raid on Bir el Hassana,Ottoman Empire,Retreat of last Ottoman garrisons out of the Sinai,22 Ottoman troops plus armed Bedouins
Raid on Berlin,Austria,Berlin occupied for four days,"15,000 Austrians"
Raid on Batavia,22px|link=Kingdom of Holland,British victory,"Fourships of the line, twofrigatesand abrig"
Raid on Anuradhapura Air Force Base,*Air Tigers,Successful LTTE commando raid,2 light aircraft
Raid on Alexandria,United Kingdom,British victory,6 warships
Raid of Żejtun,Maltese civilians,Maltesevictory,"5,000–6,000 men"
Raid of the Redeswire,15pxKingdom of England,Scottish victory,Unknown
Raid of Scone,15pxKingdom of England,Decisive Scottish victory,Unknown
Raid of Żejtun,Maltese civilians,Maltesevictory,"5,000–6,000 men"
Raid at Renacer Prison,*Panama Defense Force,American victory,1 (LCM) landing craft medium
Raid at Paombong,22pxKatipunan,Tactical Filipino Victory,unknown
