col0,col1,col2,col3
Pruth River Campaign,*Crimean Khanate,Decisive Ottoman victory,"200,000"
Prussian invasion of Holland,Orangists,Orange Restoration.,"20,000 Prussian mercenaries"
Prunaru Charge,Bulgaria,Central Powers tactical victory,"5,000"
Prizren incident,German Army,KFOR troops secured Prizren,700 troops
Preston Somers Expedition,England,English victory,200-300 militia
Prayer Book Rebellion,SouthwesternCatholics,"Victory forEdwardianforces, rebellion suppressed, execution of rebel commanders","~7,000 rebels"
Praieira Revolt,*15pxNational Guard,Legalist victory,"2,800 insurgents"
Prague uprising,----,Armistice,"18,000"
Prague Offensive,*POHG,Decisive Allied victory,----
Poznań 1956 protests,Protesters,State military victory; beginning of thePolish October,"10,000 & 390 tanks"
Powder River Massacre,Cheyenne,United States Victory,"24 men, women and children"
Powder River Expedition,Arapaho,inconclusive,"2,300 soldiers, 179Indian scouts, 195 civilians"
Powder River Battles,Arapaho,strategic Native American victory,"2,000 soldiers and civilians"
Portuguese conquest of Goa,Bijapur Sultanate,Conquest ofGoaby the Portuguese,1500 Portuguese
Portuguese conquest of French Guiana,*Brazil,* Occupation of French Guiana by Portugal until 1817.,British forces:
Portuguese Colonial War,FLEC,*Fall of the Estado Novo regime (Carnation Revolution),"10,000 in Portuguese Guinea"
Pontiac's War,Delawares,Military stalemate; Native Americans concede British sovereignty but compel British policy changes,"~3,000 soldiers"
Polotsk Offensive,22pxNazi Germany,Soviet Victory,?
Political violence in Turkey,Devrimci Yol,1980 Turkish coup d'état,?
Polish–Ukrainian War,*Bukovina,Polish victory,"35,000"
Polish–Teutonic War,20pxKingdom of Poland,Treaty of Kraków,"tens of thousands, but likely under 50,000"
Polish–Swedish War,(Poland-Lithuania),Truce of Altmark,"23px49,480 troops"
Polish–Soviet War,Poland,* Polish forces prevent Soviet occupation of Poland,"From ~50,000 in early 1919 to almost 800,000 in summer 1920"
Polish–Russian War of 1792,15pxCommonwealth of Poland,"Russian victory,Second Partition of Poland","37,000"
Polish–Ottoman War,(in 1673),Ottoman victory,"12,000 Crown troops"
Polish–Austrian War,Austria,Treaty of Schönbrunn,"24,000 Polish soldiers"
Polish–Ukrainian War,*Bukovina,Polish victory,"35,000"
Polish–Teutonic War,20pxKingdom of Poland,Treaty of Kraków,"tens of thousands, but likely under 50,000"
Polish–Swedish War,(Poland-Lithuania),Truce of Altmark,"23px49,480 troops"
Polish–Soviet War,Poland,* Polish forces prevent Soviet occupation of Poland,"From ~50,000 in early 1919 to almost 800,000 in summer 1920"
Polish–Russian War of 1792,15pxCommonwealth of Poland,"Russian victory,Second Partition of Poland","37,000"
Polish–Ottoman War,(in 1673),Ottoman victory,"12,000 Crown troops"
Polish–Austrian War,Austria,Treaty of Schönbrunn,"24,000 Polish soldiers"
Pointe du Hoc,United States,Allied victory,1 observation bunker
Po Valley raid,12pxCarthage,Roman victory,"21,000 troops,"
Plum River raid,SaukorFox,No result,6; 3 present
Plitvice Lakes incident,22px|border|SAO KrajinaSAO Krajina,Croatian victory,100 troops
Platine War,**15pxMarine Corps,* Allied victory,"* 2,000+ Uruguayans"
Pitt River Expedition,Achomawi,United States victory,Kibbe Rangersand local posses
Pitchfork uprising,Peasant rebels,DecisiveRed Armyvictory,"50,000"
Pink's War,Mahsud tribesmen,Tribal leaders accept terms,Four tribes
Pinjarra massacre,British colonists,"British victory, Aboriginal people routed","25 soldiers, policemen and settlers"
Pingjin Campaign,*People's Liberation Army,"* Surrender ofBeiping,Tianjinand vast areas ofNorth China Plainto the Communists","1,000,000"
Pingdu Campaign,60px|Flag of the National Revolutionary Army,Communistvictory,"3,200"
Pilėnai,Grand Duchy of Lithuania,Decisive Teutonic victory,"200 nobles; 6,000 total soldiers"
Pikysyry maneuver,*,Allied victory,"2,000 men"
Pig War,United Kingdom,Bloodless war- San Juan Islands awarded to the United States following third-party arbitration.,"2,140 combatants; 5 warships mounting 70 cannon"
Philippine–American War,**Babaylanes,* American Occupation of the Philippines; dissolution of theFirst Philippine Republic.,"around 80,000–100,000"
Philippines Campaign,*,*DeposedSecond Philippine Republic,"1,250,000"
Philippines Campaign,*,Decisive Japanese victory;,108tanks
Philippine Revolution,*Filipino People,* Establishment of theFirst Philippine Republic.,"12,700-17,700 before the Revolution, around 55,000 (30,000 Spanish; 25,000 Filipino Loyalist) by 1898"
Philippine–American War,**Babaylanes,* American Occupation of the Philippines; dissolution of theFirst Philippine Republic.,"around 80,000–100,000"
Philadelphia campaign,15pxAnsbach-Bayreuth,British occupation then evacuation ofPhiladelphia,"Around 16,000+"
Pescadores Campaign,China,Decisive Japanese victory,"5,000 men and several coastal forts"
Pescadores Campaign,23pxFrance,Frenchvictory,"2,400 men and shore batteries"
Perusine War,Forces of Fulvia and Lucius Antonius,Roman victory,"125,000"
Persian Revolt,20pxPersis,DecisivePersianvictory.,"145,000"
Persian Expedition of 1796,23pxPersian Empire,Russian defeat,"50,000 (other estimates suggest 30,000-40,000)"
Persian Campaign,*,Allied victory,2nd Army
Perm Operation,22pxRed Army,Undecisive,"about 36,000"
Perejil Island crisis,Morocco,* Status quo ante bellum,* 1 gunboat
People's Liberation Army at Tiananmen Square protests of 1989,Chinese demonstrators,"End of student-led demonstrations, PLA retake Tiananmen Square and streets of Beijing","300,000 troops"
People's Crusade,Armenian Kingdom of Cilicia,DecisiveSeljuk Turksvictory,"(initially 40,000)"
Pennamite–Yankee War,Pennamites,* Land titles preserved and transferred to Pennsylvania as part of larger settlement,Unknown
Pecija's First Revolt,Local Serb peasants,Ottoman victory,"*1,000 (July 21)"
Peasants' revolt in Palestine,* 'Amr tribe ofHebron Hills,"* 10,000 peasants deported to Egypt",Tens of thousands of irregulars
Peasant Revolt of Babolna,Transylvanian aristocracy,Patrician victory,40 000 man
Peasant Rebellion of Sorokino,* ČON,Bolshevikvictory,"5,000–10,000"
Peach Tree War,*New Netherland,Native American victory,Around 600
Patrol of Buwat,MuslimsofMedina,Caravan takes unknown route,100 (1500-2500 Camels)
Patikul massacre,Moro National Liberation Front,Decisive MNLF victory,150 men
Pastry War,France,"* Mexican government accepts to pay damages of 600,000 pesos","3,000"
Passage of Humaitá,*,Brazilian victory,3 coastal battleships
Paris Commune,*French Armed Forces,Revolt suppressed,"170,000"
Paraguayan War,*,Allied victory,"* 150,000 Paraguayans (official troops, not counting militia and armed civilians)"
Paraguayan People's Army insurgency,*,Conflict ongoing,20-80 Paraguayan People's Army
Paraguayan Civil War,22pxParaguayan Communist Party,Government/Military andColorado Partyvictory,"20,000"
Paraguayan Civil War,Gondrists,Gondrist victory,"1,000 Marine Workers Union"
Paraguay campaign,border|22pxUnited Provinces of the Río de la Plata,"Paraguayan victory. Paraguay achieved independence from Buenos Aires. Months later, it would proclaim independence from Spain.","Around 1,000 - 2,000 men"
Panthay Rebellion,22pxPingnan Guo,Fall of Pingnan Guo,"Manchu, Han Chinese, and Loyalist Muslim troops"
Pancho Villa Expedition,----Carrancistas,* United States withdrawal in 1917.,"22,000 (Carrancistas)"
Palmyra offensive,*Ba'ath Brigades,* ISIL control of Syria increases to around 50% by the end of the offensive,"1,800–2,000+ (Palmyra city)"
Palmyra offensive,* Liwa Sayf al-Mahdi,* Syrian Army captures Palmyra city and its area,"2,000+ (per Syrian Army)"
Palmyra offensive,*Military of ISIL,*  The Syrian Army comes within 3–5 kilometers of Palmyra city,"1,800–2,000+ (Palmyra city)"
Palestinian insurgency in South Lebanon,22px|border,"*PLOousted fromLebanonin the1982 Lebanon War, relocated toTunis.","15,000 militants (1982)"
Palatinate campaign,17pxBrunswick-Lüneburg,* Imperial conquest of theUpper Palatinate,11.000 (Under general Córdoba in the Lower Palatinate in 1621)
Pakrac clash,22px|border|Yugoslav People's ArmyYugoslav People's Army,*Croatian special policeretake the town of Pakrac from Serb rebels,200 special police troops
Paknam incident,Kingdom of Siam,"French victory, French complete objective.",1aviso
Paiute War,Bannock,US Army victory,207cavalry
Package Q Strike,Iraq,US operational failure,10MiG-29s
Pacification of Rabaul,Imperial Japan,Allied victory; effectiveness of Japanese forces at Rabaul destroyed,IJAAFandIJNaircraft
Pacification of Manchukuo,Republic of China,Japanese/Manchurian victory,"Chinese: 300,000"
Pacific War,*,* Substantial weakening of Europeancolonial powersand the gradualdecolonization of Asia,",23px|link=,and other puppets: ~1,000,000+ (1945)"
PNS Mehran attack,22pxAl-Qaeda,*2 militants escaped,15 heavily armed terrorists
Owens Valley Indian War,Kawaiisu,United States victory,+500 Owens Valley Paiute
Overthrow of the Kingdom of Hawaii,Committee of Safety,"*50th, and last, territory granted Statehood (in August 21, 1959).",(several) Volunteers
Overland Campaign,CSA (Confederacy),Unionstrategic victory,"103,875–124,232 (""present for duty"")"
Ouaddai War,France,French victory; annexation ofOuaddai Empire,"50,000"
Ottoman–Wahhabi War,*border|22pxEgypt Eyalet,Decisive Ottoman victory,"20,000"
Ottoman–Safavid War,23pxSafavid Empire,Decisive Ottoman victory;,10 pieces of artillery
Ottoman–Persian War,Ottoman Empire,Indecisive,"Southern Persian Military, Zandieh Regiments,"
Ottoman–Persian War,36pxPersian Empire,Inconclusive,"375,000"
Ottoman–Mamluk War,22pxMamluk Sultanate,Ottoman incursions into Cilicia brought to a halt,"Around 60,000 men"
Ottoman–Hungarian Wars,27x17pxOttoman Empire,"Ottoman victory, Hungarian Kingdom partitioned","Capable of raising 100,000 men"
Ottoman–Hotaki War,Hotaki Empire,Hotakimilitary victory,Less numerous military force
Ottoman–Egyptian invasion of Mani,Egypt,Greek victory,"Diro: 1,500 men"
Ottoman invasion of the Balearic Islands,Spain,Ottoman victory;,"15,000 men"
Ottoman invasion of Otranto,22pxCrown of Aragon,Ottoman forces seize the city; Christian forces recapture the city,128 ships
Ottoman campaign against Hormuz,*Kingdom of Hormus,Ottoman force destroyed,25 galleys
Ottoman–Wahhabi War,*border|22pxEgypt Eyalet,Decisive Ottoman victory,"20,000"
Ottoman–Safavid War,23pxSafavid Empire,Decisive Ottoman victory;,10 pieces of artillery
Ottoman–Persian War,Ottoman Empire,Indecisive,"Southern Persian Military, Zandieh Regiments,"
Ottoman–Persian War,36pxPersian Empire,Inconclusive,"375,000"
Ottoman–Mamluk War,22pxMamluk Sultanate,Ottoman incursions into Cilicia brought to a halt,"Around 60,000 men"
Ottoman–Hungarian Wars,27x17pxOttoman Empire,"Ottoman victory, Hungarian Kingdom partitioned","Capable of raising 100,000 men"
Ottoman–Hotaki War,Hotaki Empire,Hotakimilitary victory,Less numerous military force
Ottoman–Egyptian invasion of Mani,Egypt,Greek victory,"Diro: 1,500 men"
Ostrogozhsk–Rossosh Offensive,Hungary,Soviet victory,Unknown
Oslo Mosquito raid,22pxGestapo,Failure,4 bombers
Order of battle for the Battle of the Somme,*,Inconclusive,"13 British, 11 French divisions 1 July"
Order of battle at the Battle of Stockach,French Directory,Austrian victory,"40,000 soldiers"
Orakzai and Kurram offensive,----,Pakistani victory,"Frontier Corpsand Regular Army: 45,000 9t"
Operativo Independencia,*Argentine Air Force,Argentine Army victory,* 100 fighters and 400 reservists (1974)
"Operations on the Ancre, January–March 1917",&British Empire,British victory,1st Army
Operation al-Shabah,*Iraqi Air Force,Several militant camps and weapons caches eliminated,"8,000"
Operation Zitronella,Free Norway,Germanvictory,152 soldiers
Operation Zipper,*7th Area Army,* Establishment ofBritish Military Administration,1 battleship
Operation Zarb-e-Azb,**,(as of October 2016),"*20,000–30,000"
Operation Zalzala,----,*Failure to killQari Hussain,"10-15,000 (possible)"
Operation Yevusi,Arab militias,Incomplete due to ceasefire imposed by British army.,Two brigades
Operation Winter Storm,Romania,* Axis failure to rescue6th Armyin Stalingrad pocket,(On 23 December)
Operation Winter '94,*22px|border|Croatian Defence Council|alt=|link=HVO,Croatian victory,"2,000–3,000 soldiers (HVO)"
Operation Whirlwind,22px|border|SAO KrajinaSAO Krajina,Croatiantactical defeat,unknown
Operation Whalers,Taliban insurgents,American Victory,"40 to 60, distributed in groups throughout the battlespace"
Operation Weserübung,*,* Occupation of Denmark and Norway,* 1 artillery battalion
Operation Wellhit,Canada,Allied victory,"10,000"
Operation Vrbas '92,Bosnia and Herzegovina,* Exodus of non-Serb civilians from Jajce,"3,400–5,500 troops"
Operation Viking Hammer,Ansar al-Islam,Coalition victory,600-800 fighters
Operation Vigorous,Australia,Axis victory,1 auxiliary ship
Operation Vigilant Sentinel,Iraq,Withdrawal of Iraqi forces from Kuwaiti border,"20,000+"
Operation Verano,22px|23px26th of July Movement,Rebel victory; rebels respond with counter-offensive,"14 battalions (12,000 men)"
Operation Varsity,22pxNazi Germany,Allied victory,"16,870ref|6th Airborne landed 7,220 men, 17th Airborne landed 9,650 men.|group=""Note"""
Operation Vantage,Iraq,IraqrecognisedKuwaitin 1963,*Kuwait 25th Commando Brigade
Operation Valiant Guardian,50pxRepublic of Iraq,"Uncovered over 250 caches, arrested over 250 suspected insurgents and discovered over 100 IED's","4,000"
Operation Vaksince,ARM,* Macedonian forces continue counterinsurgency campaign:,military: n/a
Operation Uzice,22px|border|ChetniksChetniks,PartisanandChetnikretreat and heavy losses; breakup and conflict between the two movements,100th Panzer Brigade(one battalion)
Operation Uranus,Hungary,Decisive Soviet victory,"1,143,500 personnel (including reserve)"
Operation Unified Protector,*,* No-fly zone established over Libya,See deployed forces
Operation Undergo,Canada,Allied victory,"7,500 in Calais"
Operation U-Go,*23pxAzad Hind,Decisive British victory,1 tank brigade
Operation Trio,*,See theAftermathsection,"around 4,000 men"
Operation Trikora,''Supported by:,"Indonesian victory,New York Agreement, Western New Guinea ceded to the United Nations","10,000 Soldiers"
Operation Traira,*15pxBrazilian Air Force,*Operation in response theBrazilian Armed Forceswith support from the Colombian government.,*17px1st Infantry Battalion of Jungles
Operation Tractable,Canada,Allied victory,1 Armoured Brigade
Operation Torch,*,* Anglo-American occupation of Morocco and Algeria,**10 other warships
Operation Together Forward,22pxNew Iraqi Army,Insurgent victory(Coalition operations are unsuccessful in securing Baghdad),"15,000"
Operation Tiderace,*10th Area Fleet,*Establishment ofBritish Military Administration,1 destroyer
Operation Tidal Wave,Bulgaria,Axis victory,177B-24s(162 over the target)
Operation Thunderbolt,*,United Nations victory,"94,147"
Operation Texas,23pxViet Cong,U.S./ARVN victory,21st Regiment
Operation Terminal,Vichy France,Vichy French victory,2 destroyers
Operation Tarnegol,Egypt,Partial Israeli success,1 Gloster Meteor NF. 13
Operation Tar Heels,Taliban insurgents,*American victory,30 US Marines
Operation Tanne Ost,23pxSoviet Air Force,Finnish victory,"1,612"
Operation Tailwind,25pxNorth Vietnam,U.S.-South Vietnamese victory,110Montagnards
Operation Swift,23pxViet Cong,US victory,1st Battalion 5th Marines
Operation Swath-10,SAO Western Slavonia,Croatian victory,"1,750 troops"
Operation Swarmer,"22pxAl Qaeda in Iraq,",Indecisive,200 Vehicles
Operation Summer Rains,Fatah,*End of Hamas rocketfire into Israel until May 2007 (though continued attacks by other groups),"3,000"
Operation Summer '95,*22px|border|Croatian Defence CouncilHVO,HVandHVOvictory,"5,500 troops"
Operation Sultan 10,25pxIraqi Air Force,Iranian victory,2F-14 Tomcatfighters
Operation Strike of the Sword,Afghanistan,"Partial strategic coalition victory, stalemate continues in some areas, particularly the Nawzad district","4,000 (USMC)"
Operation Storm-333,D.R. Afghanistan,*Installment of pro-SovietsocialistBabrak Karmal,2200
Operation Storm,AP Western Bosnia,*AP Western Bosniaabolished,"AP Western Bosnia: 4,000&ndash;5,000 soldiers"
Operation Steinbock,Germany,British victory,500+ Night fighters
Operation Steel,Kurdistan Workers' Party(PKK),*Insurgency is still active,"2,400-2,800"
Operation Starlite,22pxUnited States,Both sides claim victory,"1,500"
Operation Stampede 3,Iraq,Successful Allied raid,Not Reported
Operation Spring Awakening,Hungary,Soviet victory,"431,000 men (initially)"
Operation Southern Watch,(until 1998),Ended withInvasion of Iraq,"5,000"
Operation Southern Move,Army of Republika Srpska,*City ofBanja Lukathreatened,"11,000–12,000 troops"
Operation Southeast Croatia,*,Partisanwithdrawal,"2,000 troops"
Operation Sonnenblume,*,Axis victory,* 1 armoured brigade (understrength)
Operation Skorpion,23pxNazi Germany,Axis victory,Infantry battalion and supporting arms
Operation Sirat-e-Mustaqeem,----,*Destruction ofLeIcommand and training centers,Unknown
Operation Sinbad,Denmark,"Partial stabilisation of Basra, eventual British troop withdrawal","5,300"
Operation Simoom,'''Poland,Polish operatives successfully liberated American spies,6 American spies (mixCIAandDIA)
Operation Silver Fox,Germany,Soviet victory,*104th Rifle Division
Operation Silver Buckle,Supported by,"Royalist attack repulsed; however, at least six North Vietnamese battalions diverted fromOperation Lam Son 719",Regimental-size
