col0,col1,col2,col3
Operation Murat,PKK,Security Forces fail to capture Murat Karayılan,"40,000"
Operation Mountain Thrust,22pxal-Qaeda,Strategic Taliban Retreat,"1,100 (Australia)"
Operation Mountain Storm,(Special Police),Successful operation,at least 23
Operation Mountain Fury,22pxal-Qaeda,Coalition victory,"7,000 (4,000 Afghan and 3,000 ISAF)http://news.xinhuanet.com/english/2006-09/16/content_5099682.htm"
Operation Mouette,*France,Tactical French victory. Area temporarily occupied before French withdrawal.,1 regular division + regional forces
Operation Moshtarak,*,ISAF victory after prolonged fighting,"*1,200 (up to 4,200 available)"
Operation Morvarid,Iraq,*Blocking of the port ofAl Faw,2 missile boats
Operation Montana Mauler,North Vietnam,U.S. victory,"1st Battalion, 11th Infantry Regiment"
Operation Mole Cricket 19,Israel,Decisive Israeli victory,1Remotely Piloted Vehicles squadron
Operation Mistral 2,Army of Republika Srpska,"*Towns ofJajce,DrvarandŠipovocaptured",1 armoured battalion
Operation Minsk,22pxPoland,Polish victory,"14,000 men"
Operation Minden,*,United Nationsvictory,Three brigades
Operation Michael,*,See the [[#Aftermath,23 French divisions later
Operation Mersad,*,* Defeat of theMujahadeen-e-Khalq(MEK) and destruction of their army,"1,200,000 total"
Operation Medusa,25pxNATO ISAF:,Tactical Coalition victory,"1,200+"
Operation Medina,22pxUnited States,indecisive,1st Battalion 1st Marines
Operation Medak Pocket,*French Army,* Croatian withdrawal,"800 men, 70 tanks"
Operation Meade River,22pxViet Cong,U.S. victory,1st Battalion 1st Marines
Operation Masher,22pxNorth Vietnam,Allied victory,"1st Cavalry Division: 5,700"
Operation Martyr Muath,Islamic State,Jordanian victory,"200,000"
Operation Marne Torch,22pxAl-Qaeda in Iraq,Disruption of insurgent supply lines;,"3000 (2000 Coalition, 1000 Iraqi)"
Operation Marne Avalanche,Iraqi insurgency,Transitioned to Operation Marne Husky at the commencement ofOperation Phantom Strike,Unknown
Operation Marlborough,22pxAl-Qaeda in Iraq,Coalition victory,3
Operation Market Garden,Netherlands,Allied operational failure,1 armoured brigade
Operation Mar Lewe,Afghan National Army,British/ANA victory.,Unknown
Operation Maine Crag,North Vietnam,U.S. and South Vietnamese victory,1st Battalion 12th Marines
Operation Magistral,Afghan Mujahideen,Soviet-DRA victory,"20,000  Troops"
Operation MH - 2,----,* Macedonian forces continue counterinsurgency campaign:,military: n/a
Operation München,Germany,Romanian-German victory,"1,750 aircraft"
Operation Loyton,Nazi Germany,German victory,1 downed Airman622 SqnRoyal Canadian Air Force
Operation Lorraine,25pxFrench Union,Indecisive,"30,000"
Operation Lion's Leap,Mahdi Army,Indecisive,At least 2 Iraqi army brigades
Operation Linebacker II,25pxNorth Vietnam,Indecisive,100+ aircraft
Operation Linda Nchi,22px|border|link=JubalandAzania,*Al-Shabaab weakened,"Al-Shabaab: Total size of 3,000 ""hard-core fighters"", 2,000 ""allied militants"" at end of 2012"
Operation Libelle,Albanian Insurgents,German Success,> 100
Operation Lea,*French Indochina,Limited French tactical success,"15,000"
Operation Larchwood 4,22pxAl-Qaeda in Iraq,Coalition Victory: intelligence gathered led to the death of Abu Musab al-Zarqawi,Unknown total
Operation Lam Son II,South Vietnam,Anti-communist political victory,Around 30
Operation Lam Son 719,Kingdom of Laos,North Vietnamese strategic victory,"10,000 support troops (in South Vietnam)"
Operation Kryptonite,",",Coalition victory,300 total
Operation Koronis,Kingdom of Greece(National Army),"tactical Hellenic Army victory, strategically inconclusive","12,500"
Operation Koltso,Romania,Soviet victory,"212,000 troops, 6,860 guns and mortars, 257 tanks and 300 aircraft"
Operation King Dragon,*Myanmar Army,Burmese government victory,"1,000+"
Operation Khukri,*Ghana,*Besieged UN Forces extracted,**18th Grenadiers
Operation Kheibar,Iraq,* Iraqi counter-attack failed to materialize (plan aborted),"250,000"
Operation Kentucky,North Vietnam,U.S.tactical victory,5 Marine Battalions
Operation Karez,Afghan National Army,Tactical Coalition victory.,"150 militants, around 500 support fighters"
Operation Kaman 99,20pxIRIAF,Iranian victory,58F-4 Phantom IIs
Operation Kaika,Afghan National Army,US victory. Taliban retreat,"17 (United States),"
Operation Juno,Germany,German victory,----
Operation Jungle,CommunistPoland,Naval success,2E-boats
Operation Junction City,22pxNorth Vietnam,U.S. operational & strategic failure,240 helicopters
Operation Jericho,22pxGestapo,Success,2Fw 190
Operation Jefferson Glenn,22pxNorth Vietnam,U.S. and South Vietnamese victory,Unknown
Operation Jaywick,Z Special Unit,Allied victory,1 fishing boat
Operation Jayasikurui,Liberation Tigers of Tamil Eelam,"Sri Lankan military successful victory. LTTE lost their main strongholds, including Kilinochchi.",5 divisions
Operation Jaque,26pxNational Army of Colombia,15 hostages successfully rescued without any shots fired,4 Air crew
Operation Janbaz,24pxPakistan Army,*Pakistani hostages were rescued,10 TTP militants
Operation Jaguar,Adoo guerillas,British/Omani victory,5 Firquats
Operation Jacana,",",Coalition victory.,"45 Commando: 300 US Special Forces, Australian SAS, Norwegian FSK"
Operation JM,FARC,"*356 guerrilla base camps destroyed *Colombian military Confiscated 285 rifles, 232 small arms, 57 mortars, 4,162 grenades, 685,542 projectiles of different calibers, 30 tons of explosives of different types and some 4,528IEDs.",18.000 soldiers
Operation Ivy Blizzard,22pxNew Iraqi Army,resulted in the capture of 12 personnel and the confiscation of various weapons,Not Reported
Operation Ivory Coast,Combatants of unknown nationality,Mission failure,"12,000 troops"
Operation Iskra,Germany,Soviet strategic victory.,4600 artillery pieces
Operation Iron Justice,22pxNew Iraqi Government,"detained 43 people, and netted hundreds of weapons",Unknown
Operation Inherent Resolve,''',* Arming and support for local ground forces,"* 10,000–20,000"
Operation Infinite Reach,Harkat-ul-Mujahideen,"* Al-Qaeda suffers casualties and material damage, but its senior leaders survive","6 warships, 1 submarine"
Operation Imposing Law,*Islamic State of Iraq,"(Whole city, except for Sadr city and the southern portion, come under coalition control)","90,000"
Operation Ichi-Go,Republic of China,Japanese victory,"1,000,000 men"
Operation I-Go,Alliedforces including:,Inconclusive,350 aircraft
Operation Hydra,"(No.5,6, &8groups)","not effectivedespite ""severe damage done""","28Mosquitos, 10Beaufighters"
Operation Hurricane-91,SAO Western Slavonia,General ceasefire implemented,"13,500 troops"
Operation Hump,22pxAustralia,"United States/Australian victory, Vietcong retreats.",Total Force around 400
Operation Houndsworth,Nazi Germany,British and Allied success,"144 men 'A' Squadron,1st Special Air Service"
Operation Hornung,25px|borderBelarusian partisans,German victory,"Dirlewanger Special Battalion,Russian company,Combat Group Binz,Einsatzgruppe Bwith the collaboratorbatallion Rodianov"
Operation Hoover,Coalition:,Coalition victory.,"1,000 total"
Operation Hirondelle,*,Viet Minh caches destroyed; French withdrawal,"~2,000"
Operation Hiram,22px|borderDruze Unit,Israel captures theUpper Galileeand part ofSouthern Lebanon,"2–4,000"
Operation Hastings,22pxNorth Vietnam,South Vietnamese and U.S. victory,"(2/4, 3/4, 2/1, 1/3 and 3/5 Marine Battalions)"
Operation Harpoon,22pxal-Qaeda,Coalition victory,?
Operation Harling,EDES,Allied success,100
Operation Harekate Yolo,Coalition:,Tactical Coalition victory,"1,300 (Afghanistan)"
Operation Hannover,Nazi Germany,German victory,"20,000"
Operation Hammer,Afghan National Army,(Coalition forces took control of territory south of the Helmand river.),"1,500 (United Kingdom)"
Operation Hammer,Kurdistan Democratic Party(KDP),Decisive Turkish victory (Turkish claim),"10,000 village guards"
Operation Halmazag,Taliban insurgents,Coalition victory,150 Americans
Operation Halberd,Netherlands,British victory,1 aircraft carrier
Operation Green Sea,Guinean People's Militia,"Limited Portuguese success, all 26 Portuguese POWs rescued, PAIGC and Guinean ships and air force assets destroyed; failure to capture or killAmílcar CabralandAhmed Sékou Touré.",200 Guinean opponents
Operation Gothic Serpent,Italy,* U.N. withdrawal on 28 March 1995,"30,000+ all five U.N. nations"
Operation Gordian Knot,FRELIMO,Portuguese army seizes initiative from FRELIMO,8000
Operation Goranboy,Republic of Armenia,"Azerbaijan initially managed to break through theNKRdefenses and capture over 48% of formerNKAOterritory, but failed in their overall strategic goal.","""Aramo""detachment"
Operation Golden Pheasant,25pxHonduras,US/Honduras victory,"12,000"
Operation Gisela,Germany,Operation failed,Nachtjagdgeschwader 1
Operation Gibraltar,65px|border,Operational failure of Pakistan,"100,000 – 200,000"
Operation Gaugamela,22pxNew Iraqi Army,detained 154 terror suspects and seized hundreds of weapons,3000
Operation GYS,(IDF),Failure to accomplish objectives,3 battalions
Operation Friction,Republic of Kuwait,Canadianvictory,"1,000,000 reserves"
Operation Frankton,Germany,British victory,12E Boats
Operation Forty Stars,People's Mujahedin of Iran (PMOI),*Iranian defensive failure,"16,000 (PMOI claim)"
Operation Forsythe Park,25pxAl-Qaeda in Iraq,"Immediate relief of insurgent, Al Qaeda, and other criminal activities in the area",450
Operation Faustschlag,*,Decisive Central Powers victory,53 divisions
Operation Fath 1,Patriotic Union of Kurdistan(PUK),Iranian and Kurdish victory,*IRGC: 400 (not all of them engaged)
Operation Falcon Summit,Taliban insurgents,NATOvictory,"2,000"
Operation Entebbe,PFLP-EO,* 102 of 106 hostages rescued.,+100 Ugandan soldiers.
Operation Enduring Freedom – Trans Sahara,24pxAnsar Dine(from 2012),Conflict ongoing,"1,325+ American advisors & trainers;"
Operation Eland,*Rhodesian Air Force,Rhodesian victory,Rhodesia: 84
Operation Eagle Ares,22pxNew Iraqi Army,American victory,unknown
Operation Eagle's Summit,",",Coalition victory.,"ANA: 1,000"
Operation Eagle's Feather,Afghan Armed Forces,PolishDecisive victory,800Polish Armysoldiers
Operation Dragoon,*French colonial empire,Allied victory,"175,000–200,000 men"
Operation Dragon Rouge,Congo-Léopoldville,Operation successful; most hostages rescued,"1,800 Belgian and other European hostages"
Operation Dracula,*India,Alliedvictory,1 airborne battalion
Operation Downfall,Imperial Japan,"Cancelled after the unconditional Japanese surrender on August 15, 1945.","1,000,000 (projected)"
Operation Donnerkeil,Germany,German victory,252Bf 109andFw 190fighters
Operation Dingo,*Rhodesian Air Force,Decisive Rhodesian victory,"&gt;10,000 guerrillas/trainees + ZANLA political/civil elements"
Operation Dignity Battle,Libyan National Army,* Beginning ofSecond Libyan Civil War,4000+ rebels
Operation Diesel,Afghanistan,Decisive Coalition victory,700–800
Operation Desoto,23pxViet Cong,U.S. victory,12th Marines
Operation Desert Rat,Supported by,* 21 Communist espionage agents arrested byRoyal Lao Armed Forces,"50,000 total; exact numbers opposing RLF unknown"
Operation Density,22px|borderHezbollah,Israeli failure according to Hizbullah,Hizbullah Rockets Array
Operation Deliverance,United Somali Congress,*Decline of theCanadian Forces,1 Flying squadron
Operation Deliberate Force,----,*Bosnian Serbsreturn tonegotiations,12 105mm guns
Operation Deckhouse Five,22pxViet Cong,U.S. victory,1st Battalion 9th Marines
Operation Death to the Invader,(IDF),Failure to accomplish objectives,"4,800"
Operation Dawn of Gulf of Aden,Somali pirates,* All 21 hostages safely rescued,17~20 pirates
Operation Dawn 8: Gulf of Aden,*PASKAL,PASKAL victory,14PASKALoperators
Operation Dawn 2,Kurdistan Democratic Party(KDP),*Iraqi counter-attack fails,"1,500 militiamen"
Operation Dawn,Kurdistan Workers' Party(PKK),Turkish victory,100 village guards
Operation Dawn,Kurdistan Democratic Party(KDP),Turkish victory (Turkish claim),"10,000-12,000"
Operation Dawn-4,Patriotic Union of Kurdistan(PUK),Iranian victory,"108 infantry battalions, 7 armored battalions, 1 mechanized battalion, 25 commando battalions, 8Republican Guardbattalions, 7 artillery battalions"
