col0,col1,col2,col3,col4
T. G. Jayewardene,Sri Lanka,J. R. Jayewardene,1872-6-17,Ceylon Light Infantry
R. C. Moody,United Kingdom of Great Britain and Ireland,J. W. Webb-Jones,1813-02-13,"Royal Engineers, Columbia Detachment"
R. C. Jr.,Italian nationality law,L. Cadorna,1889-09-12,Ariete Armoured Division
O. A. Khan,Pakistan,A. Marshal,1953-07-03,"OCArrow Company, Armoured Corps"
M. Aurangzeb,Pakistani people,M. A. Khan,1928-05-28,Aide de Camp
J. Rowell,English Australian,S. Rowell,1851-01-20,4th Imperial Bushmen
H. Bakeri,Iran,M. Bakeri,1955-11-1,31st Ashura Division(deputy)
G. Rajapaksa,Sri Lanka,M. Rajapaksa,1949-06-20,1st Gajaba Regiment
G. Johnstone,United Kingdom,"Sir William Pulteney, 5th Baronet",1730-1-1,*
D. James,British people,A. James,1919-12-25,Motor Gun Boat79
