col0,col1,col2,col3
Z. A. Suleri,Structure of the Pakistan Army,Patna University,1965
Y. Khan,Baloch Regiment,Indian Military Academy,1939
W. C. Wickham,4th Virginia Cavalry,University of Virginia,1861
W. W. Quinn,United States Army Europe,United States Military Academy,1930
W. T. Ward,XX Corps,St. Mary's College,1847
W. T. Ellis,1st Kentucky Cavalry,Harvard Law School,1861
W. S. Richardson,1st Filipino Infantry Regiment,University of Cincinnati College of Law,1942
W. Perry,Military reserve force,Stanford University,1950
W. Milliken,United States Army Air Forces,Yale College,1942
W. McKinley,23rd Ohio Infantry,Allegheny College,1861
William Lorne Northmore Somerville,Military Intelligence Corps,Osgoode Hall Law School,1943
W. K. Brewster,United States Army Reserve,Southwestern Oklahoma State University,1966
W. J. Jefferson,United States Army Reserve,Georgetown University Law Center,1969
W. H. Harrison,Legion of the United States,University of Pennsylvania,1791
W. H. Gibson,49th Ohio Infantry,Ashland College,31
W. G. Stigler,90th Infantry Division,University of Oklahoma College of Law,1918
W. F. Smith,United States Navy Reserve,"University of California, Los Angeles",1942
W. F. Walsh,United States Army Air Forces,"University at Buffalo, The State University of New York",1941
W. E. Fears,United States Army Air Forces,Yale University,1943
William Derwood Cann Jr.,101st Airborne Division,Louisiana State University,1943
W. Darling,Black Watch,University of Edinburgh,1914
William C. Wampler Jr.,United States Army Reserve,University of Tennessee,1981
W. C. Wampler,United States Navy Reserve,Virginia Tech,1943
W. A. Trimble,8th Infantry Regiment,Transylvania University,1812
W. A. Redmond,Office of Naval Intelligence,Marquette University,1942
W. Watkins,Oklahoma Air National Guard,Oklahoma State University–Stillwater,1960
W. Rosenthal,170th Fighter Squadron,University of Illinois at Springfield,1971
W. Morse,Field Artillery Branch,Bachelor of Arts,1923
W. L. Kidwell,Military Police Corps,Bachelor of Science,1961
W. Gilchrest,2nd Battalion 1st Marines,Delaware State University,1964
W. R. Mansfield,Office of Strategic Services,Harvard University,1942
W. Mondale,Fort Knox,Macalester College,1951
W. K. Granger,11th Marine Regiment,Southern Utah University,1918
Walter B. Jones Jr.,North Carolina National Guard,Atlantic Christian College,1967
