col0,col1,col2,col3
Neocallitropsis,Cupressaceae,EN,IUCN3.1
Nageia wallichiana,Podocarpaceae,LR/lc,IUCN2.3
Nageia nagi,Podocarpaceae,NT,iucn3.1
Nageia motleyi,Podocarpaceae,LR/lc,IUCN2.3
Nageia maxima,Podocarpaceae,EN,IUCN3.1
Nageia formosensis,Podocarpaceae,DD,IUCN2.3
Nageia fleuryi,Podocarpaceae,NT,IUCN3.1
Microstrobos niphophilus,Podocarpaceae,LR/lc,IUCN2.3
Microbiota decussata,Cupressaceae,LC,IUCN3.1
Metasequoia glyptostroboides,Cupressaceae,EN,iucn3.1
Manoao,Podocarpaceae,LR/lc,IUCN2.3
Libocedrus yateensis,Cupressaceae,VU,IUCN2.3
Libocedrus plumosa,Cupressaceae,LR/nt,IUCN2.3
Libocedrus chevalieri,Cupressaceae,CR,IUCN3.1
Libocedrus bidwillii,Cupressaceae,LR/lc,IUCN2.3
Libocedrus austrocaledonica,Cupressaceae,NT,IUCN3.1
Lepidothamnus laxifolius,Podocarpaceae,LR/lc,IUCN2.3
Lepidothamnus intermedius,Podocarpaceae,LR/lc,IUCN2.3
Lepidothamnus fonkii,Podocarpaceae,VU,IUCN2.3
Larix × czekanowskii,Pinaceae,LR/lc,IUCN2.3
Larix sibirica,Pinaceae,LR/lc,IUCN2.3
Larix potaninii,Pinaceae,LR/lc,IUCN2.3
Larix olgensis,Pinaceae,VU,IUCN2.3
Larix occidentalis,Pinaceae,LR/lc,IUCN2.3
Larix mastersiana,Pinaceae,EN,IUCN3.1
Larix lyallii,Pinaceae,LR/lc,IUCN2.3
Larix laricina,Pinaceae,LR/lc,iucn2.3
Larix kaempferi,Pinaceae,LR/lc,IUCN2.3
Larix griffithii,Pinaceae,LR/lc,IUCN2.3
Larix gmelinii,Pinaceae,LR/lc,IUCN2.3
Larix decidua,Pinaceae,LR/lc,IUCN2.3
Larix × czekanowskii,Pinaceae,LR/lc,IUCN2.3
Lagarostrobos,Podocarpaceae,LR/cd,IUCN2.3
Knobcone pine,Pinaceae,LC,IUCN2.3
Keteleeria fortunei,Pinaceae,nt,IUCN3.1
Keteleeria evelyniana,Pinaceae,VU,IUCN3.1
Keteleeria davidiana,Pinaceae,LR/lc,IUCN2.3
Juniperus tibetica,Cupressaceae,LR/nt,IUCN2.3
Juniperus thurifera,Cupressaceae,LR/lc,IUCN2.3
Juniperus taxifolia,Cupressaceae,DD,IUCN3.1
Juniperus standleyi,Cupressaceae,EN,IUCN3.1
Juniperus squamata,Cupressaceae,LR/lc,IUCN2.3
Juniperus semiglobosa,Cupressaceae,LR/lc,IUCN2.3
Juniperus scopulorum,Cupressaceae,LR/lc,IUCN2.3
Juniperus saxicola,Cupressaceae,VU,IUCN2.3
Juniperus saltuaria,Cupressaceae,LR/lc,IUCN2.3
Juniperus saltillensis,Cupressaceae,LR/lc,IUCN2.3
Juniperus sabina,Cupressaceae,LR/lc,IUCN2.3
Juniperus rigida,Cupressaceae,LR/lc,IUCN2.3
Juniperus recurva,Cupressaceae,LR/lc,IUCN2.3
Juniperus pseudosabina,Cupressaceae,LR/lc,IUCN2.3
Juniperus przewalskii,Cupressaceae,LR/nt,IUCN2.3
Juniperus procumbens,Cupressaceae,LR/lc,IUCN2.3
Juniperus procera,Cupressaceae,LR/nt,IUCN2.3
Juniperus pingii,Cupressaceae,LR/nt,IUCN2.3
Juniperus pinchotii,Cupressaceae,LR/lc,IUCN2.3
Juniperus phoenicea,Cupressaceae,LR/lc,IUCN2.3
Juniperus oxycedrus,Cupressaceae,LR/lc,IUCN2.3
Juniperus osteosperma,Cupressaceae,LR/lc,IUCN2.3
Juniperus occidentalis,Cupressaceae,LR/lc,IUCN2.3
Juniperus monticola,Cupressaceae,LR/lc,IUCN2.3
Juniperus monosperma,Cupressaceae,LR/lc,IUCN2.3
Juniperus maritima,Cupressaceae,G3,TNC
Juniperus komarovii,Cupressaceae,LR/nt,IUCN2.3
Juniperus jaliscana,Cupressaceae,EN,IUCN3.1
Juniperus indica,Cupressaceae,LR/lc,IUCN2.3
Juniperus horizontalis,Cupressaceae,LR/lc,IUCN2.3
Juniperus gracilior,Cupressaceae,EN,IUCN3.1
Juniperus gamboana,Cupressaceae,VU,IUCN2.3
Juniperus formosana,Cupressaceae,LR/lc,IUCN2.3
Juniperus foetidissima,Cupressaceae,LR/lc,IUCN2.3
Juniperus flaccida,Cupressaceae,LR/lc,IUCN2.3
Juniperus excelsa,Cupressaceae,LR/lc,IUCN2.3
Juniperus durangensis,Cupressaceae,VU,IUCN2.3
Juniperus drupacea,Cupressaceae,LR/lc,IUCN2.3
Juniperus deppeana,Cupressaceae,LR/lc,IUCN2.3
Juniperus convallium,Cupressaceae,DD,IUCN2.3
Juniperus communis,Cupressaceae,LR/lc,IUCN2.3
Juniperus comitana,Cupressaceae,EN,IUCN3.1
Juniperus coahuilensis,Cupressaceae,LC,IUCN3.1
Juniperus chinensis,Cupressaceae,LR/lc,IUCN2.3
Juniperus cedrus,Cupressaceae,EN,iucn3.1
Juniperus californica,Cupressaceae,LR/lc,iucn2.3
Juniperus brevifolia,Cupressaceae,VU,IUCN3.1
Juniperus blancoi,Cupressaceae,VU,IUCN2.3
Juniperus bermudiana,Cupressaceae,CR,iucn2.3
Juniperus barbadensis,Cupressaceae,VU,IUCN2.3
Juniperus ashei,Cupressaceae,LR/lc,IUCN2.3
Juniperus angosturana,Cupressaceae,LR/lc,IUCN2.3
Jeffrey pine,Pinaceae,LR/lc,IUCN2.3
Halocarpus kirkii,Podocarpaceae,VU,IUCN2.3
Halocarpus biformis,Podocarpaceae,LR/lc,IUCN2.3
Halocarpus bidwillii,Podocarpaceae,LR/lc,IUCN2.3
Glyptostrobus pensilis,Cupressaceae,CR,IUCN3.1
Fraser fir,Pinaceae,EN,iucn3.1
Fokienia,Cupressaceae,LR/nt,IUCN2.3
Fitzroya,Cupressaceae,EN,iucn3.1
Falcatifolium taxoides,Podocarpaceae,LR/lc,IUCN2.3
Falcatifolium sleumeri,Podocarpaceae,NT,IUCN3.1
Falcatifolium papuanum,Podocarpaceae,LR/lc,IUCN2.3
Falcatifolium falciforme,Podocarpaceae,LR/lc,IUCN2.3
Falcatifolium angustum,Podocarpaceae,VU,IUCN2.3
Douglas fir,Pinaceae,LR/lc,IUCN2.3
Diselma,Cupressaceae,LR/lc,IUCN2.3
Dacrydium xanthandrum,Podocarpaceae,LR/lc,IUCN2.3
Dacrydium spathoides,Podocarpaceae,NT,IUCN3.1
Dacrydium pectinatum,Podocarpaceae,LR/lc,IUCN2.3
Dacrydium novo-guineense,Podocarpaceae,LR/lc,IUCN2.3
Dacrydium nidulum,Podocarpaceae,LR/lc,IUCN2.3
Dacrydium nausoriense,Podocarpaceae,EN,IUCN3.1
Dacrydium medium,Podocarpaceae,LR/lc,IUCN2.3
Dacrydium magnum,Podocarpaceae,LR/nt,IUCN2.3
Dacrydium lycopodioides,Podocarpaceae,LR/cd,IUCN2.3
Dacrydium leptophyllum,Podocarpaceae,VU,IUCN3.1
Dacrydium guillauminii,Podocarpaceae,CR,IUCN2.3
Dacrydium gracile,Podocarpaceae,VU,IUCN2.3
Dacrydium gibbsiae,Podocarpaceae,LC,IUCN3.1
Dacrydium ericioides,Podocarpaceae,VU,IUCN2.3
Dacrydium elatum,Podocarpaceae,LR/lc,IUCN2.3
Dacrydium cupressinum,Podocarpaceae,LR/lc,IUCN2.3
Dacrydium cornwalliana,Podocarpaceae,LC,IUCN3.1
Dacrydium comosum,Podocarpaceae,EN,IUCN3.1
Dacrydium beccarii,Podocarpaceae,LR/lc,IUCN2.3
Dacrydium balansae,Podocarpaceae,LR/lc,IUCN2.3
Dacrydium araucarioides,Podocarpaceae,LR/lc,IUCN2.3
Dacrycarpus vieillardii,Podocarpaceae,LR/lc,IUCN2.3
Dacrycarpus steupii,Podocarpaceae,LR/nt,IUCN2.3
Dacrycarpus kinabaluensis,Podocarpaceae,LC,IUCN3.1
Dacrycarpus imbricatus,Podocarpaceae,LR/lc,IUCN2.3
Dacrycarpus expansus,Podocarpaceae,LR/lc,IUCN2.3
Dacrycarpus dacrydioides,Podocarpaceae,LR/lc,IUCN2.3
Dacrycarpus cumingii,Podocarpaceae,LR/lc,IUCN2.3
Dacrycarpus compactus,Podocarpaceae,LR/lc,IUCN2.3
Dacrycarpus cinctus,Podocarpaceae,LR/lc,IUCN2.3
Cupressus torulosa,Cupressaceae,LR/nt,IUCN2.3
Cupressus stephensonii,Cupressaceae,CR,IUCN3.1
Cupressus sempervirens,Cupressaceae,LC,IUCN3.1
Cupressus sargentii,Cupressaceae,VU,IUCN3.1
Cupressus nootkatensis,Cupressaceae,lc,iucn2.3
Cupressus nevadensis,Cupressaceae,EN,iucn3.1
Cupressus macrocarpa,Cupressaceae,VU,iucn3.1
Cupressus macnabiana,Cupressaceae,LC,IUCN3.1
Cupressus lusitanica,Cupressaceae,LC,IUCN3.1
Cupressus guadalupensis,Cupressaceae,EN,iucn3.1
Cupressus goveniana,Cupressaceae,EN,IUCN3.1
Cupressus gigantea,Cupressaceae,VU,IUCN2.3
Cupressus funebris,Cupressaceae,LR/lc,IUCN2.3
Cupressus forbesii,Cupressaceae,vu,IUCN2.3
Cupressus dupreziana,Cupressaceae,EN,iucn3.1
Cupressus duclouxiana,Cupressaceae,DD,IUCN3.1
Cupressus chengiana,Cupressaceae,VU,IUCN2.3
Cupressus cashmeriana,Cupressaceae,NT,IUCN3.1
Cupressus bakeri,Cupressaceae,VU,iucn2.3
Cupressus atlantica,Cupressaceae,EN,iucn2.3
Cupressus arizonica var. glabra,Cupressaceae,NT,IUCN3.1
Cupressus arizonica,Cupressaceae,LC,IUCN3.1
Cupressus abramsiana,Cupressaceae,EN,iucn2.3
