col0,col1,col2,col3
W. P. Thayer,List of United States Navy aircraft squadrons,University of Kansas,1941
W. J. Talbert,Hampton's Legion,Erskine College,1864
V. Murthy,United States Public Health Service Commissioned Corps,Yale University,2014
V. Goode,Army National Guard,University of Richmond,1969
V. Boreing,24th Regiment Kentucky Volunteer Infantry,Tusculum College,1861
V. K. Singh,Rajput Regiment,United States Army War College,1970
Vice presidency of Al Gore,20th Engineer Brigade,Harvard College,1969
V. Snyder,1st Marine Division,Oregon Health & Science University,1967
V. Rawl,Judge Advocate General's Corps,College of Charleston,1968
"Tufton Beamish, Baron Chelwood",Royal Northumberland Fusiliers,"Royal Military College, Sandhurst",1937
T. Kelley,Army National Guard,"University of California, Berkeley",1994
T. Kelly,168th Engineer Brigade,University of Mississippi,1985
T. Rooney,"Judge Advocate General's Corps, United States Army",Syracuse University,2000
T. Harman,4th Infantry Division,Kansas State University,1963
T. Harkin,Guantanamo Bay Naval Base,Iowa State University,1962
T. Cotton,101st Airborne Division,Harvard University,2005
T. Corbett,Pennsylvania Army National Guard,St. Mary's University School of Law,1971
T. Carper,United States Navy Reserve,Ohio State University,1968
T. Barrett,"Grand Ledge, Michigan",Western Michigan University,1999
Togo D. West Jr.,"Judge Advocate General's Corps, United States Army",Howard University,1965
T. Akin,United States Army Corps of Engineers,Worcester Polytechnic Institute,1972
T. Wirth,United States Army Reserve,Harvard University,1961
T. Hugo,United States Army Reserve,College of William & Mary,1990
T. Holding,1st Commando Regiment,University of Melbourne,1991
T. Griffin,172nd Infantry Brigade,Hendrix College,1996
T. Z. Morrow,32nd Regiment Kentucky Volunteer Infantry,Centre College,1862
T. Tugendhat,Intelligence Corps,University of Bristol,2003
T. Tipton,1st Regiment Nebraska Volunteer Infantry,Allegheny College,1861
T. Pinckney,1st South Carolina Regiment,Oxford University,1775
T. J. Strait,24th South Carolina Infantry Regiment,Medical University of South Carolina,1862
T. Hollway,No. 100 Squadron RAAF,University of Melbourne,1942
T. Gill,24th Infantry Division,"University of California, Berkeley",1942
T. E. White,8th Cavalry Regiment,United States Military Academy,1967
T. McCulloh,Quartermaster Corps,Oxford University,1983
T. Sanford,517th Parachute Infantry Regiment,University of North Carolina at Chapel Hill,1942
T. Goddard,United States Navy Reserve,Harvard College,1970
"Terence O'Neill, Baron O'Neill of the Maine",6th Guards Tank Brigade,"Royal Military College, Sandhurst",1940
T. Stevens,United States Army Air Forces,"University of California, Los Angeles",1943
T. Poe,Air Force Reserve Command,University of Houston,1970
T. Kennedy,Supreme Headquarters Allied Powers Europe,Harvard University,1951
T. Duckworth,28th Infantry Division,University of Hawaii at Manoa,1992
S. Patrick,United States Navy Reserve,Georgetown University,1991
S. Sewall,95th Aero Squadron,Harvard College,1917
S. Robert,"3rd Battalion, Royal Australian Regiment",Queensland University of Technology,1988
S. J. McAuliffe,"Judge Advocate General's Corps, United States Army",Georgetown University Law Center,1973
S. Fulop,6th Engineer Support Battalion,Binghamton University,2002
S. Womack,Arkansas Army National Guard,Arkansas Tech University,1979
S. Buyer,"Judge Advocate General's Corps, U.S. Army","The Citadel, The Military College of South Carolina",1984
S. Hastings,Scots Guards,"Royal Military College, Sandhurst",1940
S. L. Warren,Manhattan Engineer District,Harvard University,1943
S. Bachus,Alabama Army National Guard,Auburn University,1969
S. Matsunaga,100th Infantry Battalion,Harvard Law School,1941
S. Aman,List of Pakistan Air Force squadrons,King's College London,1980
S. S. Turner,Army of Northern Virginia,Virginia Military Institute,1861
"Sir William Dugdale, 2nd Baronet",Grenadier Guards,"Balliol College, Oxford",1942
"Simon Brown, Baron Brown of Eaton-under-Heywood",Royal Artillery,University of Oxford,1955
S. B. Buckner,2nd Infantry Regiment,United States Military Academy,1844
S. Khanzada,13th Lancers,Islamia College University,1967
S. Halilović,Patriotic League,Military Academy,1971
S. Taylor,United States Navy SEALs,Harvard University,1997
S. Rigell,United States Marine Corps Reserve,Mercer University,1978
S. Holcomb,"Judge Advocate General's Corps, United States Army",University of Connecticut,1998
S. Brown,Army National Guard,Tufts University,1979
S. Fonseka,Sri Lanka Sinha Regiment,Ananda College,1970
"Samuel Hoare, 1st Viscount Templewood",Royal Army Service Corps,"New College, Oxford",1916
S. Alito,United States Army Reserve,Woodrow Wilson School of Public and International Affairs,1972
S. Y. Khan,Pakistan Army Armoured Corps,Rashtriya Indian Military College,1940
R. B. Hayes,23rd Ohio Infantry,Harvard Law School,1861
R. B. Long,United States Naval Reserve,Louisiana State University,1942
R. Dawes,6th Wisconsin Volunteer Infantry Regiment,Marietta College,1861
R. Boschwitz,Signal Corps,New York University,1954
R. Reagan,First Motion Picture Unit,Eureka College,1937
"Ronald Barnes, 3rd Baron Gorell",Rifle Brigade,"Balliol College, Oxford",1915
R. Paul,Air National Guard,Gettysburg College,1963
R. Wicker,United States Air Force Judge Advocate General's Corps,University of Mississippi,1976
R. Edwards,Fleet Air Arm,Britannia Royal Naval College,1963
R. Graziani,Tenth Army,Military Academy of Modena,1903
R. Alexander,Air Force Reserve Command,Louisiana Tech University,1965
R. Peel,Staffordshire Yeomanry,"Christ Church, Oxford",1820
R. P. Griffin,71st Infantry Division,Central Michigan University,1943
R. McNamara,United States Army Air Forces,Harvard University,1940
R. M. Kimmitt,101st Airborne Division,United States Military Academy,1969
"Robert Gibson, Lord Gibson",Royal Garrison Artillery,University of Glasgow,1915
R. Gammage,"Judge Advocate General's Corps, U.S. Navy",Texas A&M University-Corpus Christi,1959
R. E. Cramer,United States Army Reserve,University of Alabama,1976
