col0,col1,col2,col3
H. Macmillan,Grenadier Guards,"Balliol College, Oxford",1914
H. L. Ryan,USS Merrick,Bachelor of Laws,1944
H. C. Ostertag,27th Infantry Division,New York,1917
"Harold Alexander, 1st Earl Alexander of Tunis",Irish Guards,Harrow School,1911
H. v. Baalen,National Reserve Corps,Leiden University,1986
H. Gul,Pakistan Army Armoured Corps,Pakistan Military Academy,1956
H. Chitchian,Military intelligence,Amirkabir University of Technology,1980
H. Rogers,Kentucky Army National Guard,University of Kentucky,1956
H. M. Knight,Royal Australian Engineers,University of Melbourne,1940
H. J. Deckard,Indiana National Guard,University of Evansville,1966
H. F. Gierke III,1st Cavalry Division,University of North Dakota,1967
H. L. Acevedo,United States Army Reserve,Edmund A. Walsh School of Foreign Service,1972
G. Koerner,43rd Illinois Volunteer Infantry Regiment,Transylvania University,1861
G. Bell,Quartermaster Corps,Georgia Southwestern College,1942
G. Barrett,U.S. 1st Cavalry Division,The Citadel,1983
G. P. Catapang,AFP Northern Luzon Command,University of the Philippines,1981
G. Rajapaksa,Gajaba Regiment,Ananda College,1971
G. Samuels,Royal Artillery,"Balliol College, Oxford",1942
G. H. Mansfield,101st Airborne Division,Villanova University,1964
G. Miranda,AFP Northern Luzon Command,Philippine Military Academy,1983
G. English,United States Army Reserve,Southwestern Oklahoma State University,1965
G. J. Khan,Military Intelligence of Pakistan,Indian Military Academy,1944
G. LaValle,4th Marine Division,Geneva College,1956
G. Wallace,United States Army Air Corps,University of Alabama,1942
G. W. Johnson,4th Kentucky Infantry,Transylvania University,1862
G. W. Bush,147th Reconnaissance Wing,Harvard University,1968
G. Strahan,Royal Artillery,"Royal Military Academy, Woolwich",1857
G. P. Bush,United States Navy Reserve,Rice University,2007
G. McGovern,15th Expeditionary Mobility Task Force,Northwestern University,1943
G. Marshall,Infantry Branch,Virginia Military Institute,1902
G. L. Brown,Tuskegee Airmen,University of Colorado at Boulder,1944
G. J. Mitchell,Counterintelligence Corps,Georgetown University Law Center,1954
G. H. Wilson,United States Army Judge Advocate General's Corps,University of Oklahoma College of Law,1942
George H. W. Bush,Fast Carrier Task Force,Yale University,1942
G. E. Seney,101st Ohio Infantry,Norwalk Seminary,28
G. Deukmejian,Judge Advocate General's Corps,Siena College,1953
G. C. Chamberlain,9th Vermont Infantry,Newbury Seminary,1863
G. A. Marden,2nd United States Volunteer Sharpshooter Regiment,Dartmouth College,1861
G. V. Orden,Intelligence Corps,University of Sussex,1964
G. Peters,United States Navy Reserve,Alma College,1993
G. E. Gomez,United States Navy SEALs,Harvard Business School,1983
F. Federley,Uppland Regiment,Örebro University,1997
F. Steiwer,Field Artillery Branch,University of Oregon,1917
"Frederick Stanley, 16th Earl of Derby",Grenadier Guards,Eton College,1862
F. Mansfield,USS Vulcan,Boston University School of Law,1898
F. Metcalfe,Rifle Brigade,"Sidney Sussex College, Cambridge",1914
F. Viggers,Royal Artillery,Royal Military Academy Sandhurst,1972
F. Moss,United States Army Air Corps,University of Utah,1942
F. Lautenberg,Signal Corps,Columbia Business School,1942
