col0,col1,col2,col3
F. LaRose,101st Airborne Division,Ohio State University,1998
F. J. Larkin,United States Navy SEALs,Villanova University,1973
F. G. Clarke,Samuel W. Hale,Dartmouth College,1885
F. Field,Melbourne Cricket Ground,University of Melbourne,1942
F. D. Whitney,"Judge Advocate General's Corps, United States Army",University of North Carolina at Chapel Hill,1982
F. Church,Military intelligence,Stanford University,1943
F. Zeffirelli,British 24th Infantry Brigade,University of Florence,1942
F. Richards,Royal Green Jackets,"King's College, Cambridge",1967
"Francis Needham, 4th Earl of Kilmorey",King's Shropshire Light Infantry,Royal Military Academy Sandhurst,1901
"Francis Needham, 3rd Earl of Kilmorey",Yeomanry,"Christ Church, Oxford",1865
"Francis Douglas, 11th Marquess of Queensberry",Black Watch,Royal Military Academy Sandhurst,1915
F. Burt,No. 10 Squadron RAAF,University of Western Australia,1940
F. B. Pond,62nd Ohio Infantry,Oberlin College,1861
F. Piccoli,Alpini,Ca' Foscari University of Venice,1939
"Evelyn Baring, 1st Earl of Cromer",Royal Artillery,"Staff College, Camberley",1860
E. Wallach,Nevada National Guard,University of Arizona,1969
E. Mende,102nd Infantry Division,University of Cologne,1939
E. Shinseki,25th Infantry Division,Duke University,1965
E. Powell,Intelligence Corps,"Trinity College, Cambridge",1939
E. Faleomavaega,100th Infantry Battalion,Brigham Young University,1966
E. Hanger,Virginia Army National Guard,James Madison University,1971
E. S. Otis,140th New York Volunteer Infantry Regiment,Harvard Law School,1862
E. Richardson,4th Infantry Division,Harvard University,1942
E. Kirkby,Auxiliary Territorial Service,University of Sydney,1942
E. Barak,Sayeret Matkal,Hebrew University of Jerusalem,1959
E. Zorinsky,United States Army Reserve,Harvard University,1949
E. Tomkins,Intelligence Corps,"Trinity College, Cambridge",1940
E. Stanton,Royal Engineers,"Royal Military Academy, Woolwich",1844
E. Brooke,366th Infantry Regiment,Howard University,1941
E. Sogno,3rd Cavalry Division Amedeo Duca d'Aosta,Polytechnic University of Turin,1933
E. Whitfield,100th Infantry Division,University of Kentucky,1967
E. Rendell,United States Army Reserve,University of Pennsylvania,1968
E. Markey,United States Army Reserve,Boston College,1968
E. Koch,104th Infantry Division,New York University,1943
E. Derwinski,Infantry,Loyola University Chicago,1944
E. Bryant,Judge Advocate General's Corps,University of Mississippi,1970
E. Huntington,2nd Connecticut Regiment,Harvard College,1775
E. Warren,91st Division,"University of California, Berkeley",1917
E. Tanner,19th Special Forces Group,University of Utah,1969
D. D. Eisenhower,Infantry Branch,United States Military Academy,1915
D. Sandys,Royal Artillery,Eton College,1937
D. Hunter,United States Army Rangers,Western State University College of Law San Diego,1969
D. D. Hunter,1st Battalion 11th Marines,San Diego State University,2001
D. Collins,94th Airlift Wing,North Georgia College & State University,2002
D. Beattie,Royal Irish Regiment,"Royal Military College, Sandhurst",1982
D. Samuelson,Idaho,Knox College,1944
D. Gephardt,Missouri Air National Guard,Northwestern University,1965
D. Black,"Judge Advocate General's Corps, United States Army",Juris Doctor,1963
D. Altes,Panmunjon,University of Mississippi,1966
D. T. Gorski,United States Marines,LeMoyne College,1967
D. Thatcher,Royal Artillery,Mill Hill School,1938
D. Healey,Royal Engineers,"Balliol College, Oxford",1940
D. Hall,Royal New Zealand Corps of Signals,University of Otago,2000
D. Danesh-Jafari,Combat engineer,University of Tehran,1980
D. Knezek,3rd Battalion 24th Marines,University of Michigan-Dearborn,2006
"David Hope, Baron Hope of Craighead",Seaforth Highlanders,"St John's College, Cambridge",1957
D. Hollingsworth,25th Ohio Infantry,Mount Union College,1861
D. Fairbairn,No. 79 Squadron RAAF,University of Cambridge,1939
D. Reichert,Air Force Reserve Command,Concordia University,1971
D. Hobson,Ohio Air National Guard,Ohio State University,1958
D. M. Wilson,Royal Inniskilling Fusiliers,"Trinity College, Dublin",1914
D. Inouye,442nd Infantry Regiment,George Washington University Law School,1943
D. Akaka,United States Army Corps of Engineers,University of Hawaii at Mānoa,1945
D. Sullivan,United States Marine Corps Reserve,Harvard University,1993
D. Quayle,Army National Guard,DePauw University,1969
C. Vance,USS Hale,Yale University,1942
C. K. Davis,28th Wisconsin Volunteer Infantry Regiment,University of Michigan,1861
C. LeMay,Ohio National Guard,Ohio State University,1929
C. Blunt,13th/18th Royal Hussars,Durham University,1979
C. W. Pietsch,United States Army Reserve,Columbus School of Law,1974
C. Peterson,Army National Guard,Minnesota State University Moorhead,1963
C. Powell,23rd Infantry Division,City College of New York,1958
C. Lewis,The Rifles,Royal Military Academy Sandhurst,2006
C. Boulton,Royal Armoured Corps,"St John's College, Oxford",1948
C. Hawke,6th Division,"Kapunda, South Australia",1939
C. Hagel,9th Infantry Division,University of Nebraska Omaha,1967
C. L. Poorman,43rd Ohio Infantry,Cincinnati Law School,1861
C. Dodd,United States Army Reserve,Providence College,1969
C. Day,82nd Airborne Division,Yale University,2007
C. Collins,Army National Guard,Shenandoah University,1989
C. A. Arthur,New York Army National Guard,Union College,1858
C. Gonzalez,Texas Air National Guard,"St. Mary's University, Texas",1969
C. U. Gravatt,Medical Corps,College of Physicians and Surgeons,1870
C. Townsend,30th Ohio Infantry,Ohio University,10
C. Spry,6th Division,"Royal Military College, Duntroon",1929
C. Rangel,2nd Infantry Division,New York University,1948
C. R. Forbes,33rd Infantry Division,Columbia University,1894
C. P. Wickham,55th Ohio Infantry,Cincinnati Law School,1861
C. O. Andrews,Florida National Guard,University of Florida,1903
C. M. Anderson,71st Ohio Infantry,National Normal University,1861
C. G. Dawes,United States War Department,Marietta College,1917
C. E. Brown,63rd Ohio Infantry,Miami University,1861
C. E. Potter,US 28th Infantry Division,Eastern Michigan University,1942
C. E. Jefferson,United States Army Criminal Investigation Command,Paul Quinn College,1965
C. E. Erdmann,"Judge Advocate General's Corps, U.S. Air Force",University of Montana,1966
C. Anderson,93rd Ohio Infantry,Miami University,9
C. D. Andrus,United States Naval Reserve,Oregon State University,1951
C. Weinberger,41st Infantry Division,Harvard University,1941
C. Mather,Special Air Service,"Trinity College, Cambridge",1939
C. Newman,Royal Australian Engineers,"Royal Military College, Duntroon",1981
C. A. Robins,Medical Corps,William Jewell College,1918
B. Otter,Idaho Army National Guard,Boise State University,1968
B. Taylor,Alabama National Guard,University of Alabama,1998
B. Lentz,82nd Airborne Division,Georgetown University,1986
B. Guthrie,101st Airborne Division,United States Military Academy,1987
B. Bitler,Combat Logistics Battalion 1,"University of California, Berkeley",2003
B. Lushniak,United States Public Health Service Commissioned Corps,Harvard School of Public Health,1988
B. Scott,United States Army Reserve,Harvard College,1970
B. Shamansky,Counterintelligence Corps,Ohio State University,1950
B. Kerrey,United States Navy SEALs,University of Nebraska–Lincoln,1966
B. K. Sr.,2/9th Battalion,University of Queensland,1940
B. Katter,Royal Queensland Regiment,University of Queensland,1964
B. Dole,10th Mountain Division,University of Arizona,1942
B. Bennett,Chaplain Corps,University of Utah,1957
B. Gritz,5th Special Forces Group,University of Illinois at Urbana–Champaign,1957
B. Davis,USS Kitty Hawk,University of Tennessee,1963
B. Denny,1st Division,University of Adelaide,1915
B. Delahunt,United States Coast Guard Reserve,Middlebury College,1963
B. Blaikie,The Queen's Own Cameron Highlanders of Canada,University of Winnipeg,1967
B. Netanyahu,Sayeret Matkal,Harvard University,1967
B. Muse,King's Royal Rifle Corps,Duke University,1917
B. Harrison,Army of the Cumberland,Miami University,1862
B. Wallace,Scots Guards,Royal Military Academy Sandhurst,1991
B. Biden,Delaware Army National Guard,University of Pennsylvania,2002
B. Neven-Spence,Royal Army Medical Corps,University of Edinburgh,1911
"Basil Brooke, 1st Viscount Brookeborough",Royal Fusiliers,"Royal Military College, Sandhurst",1908
B. al-Assad,Republican Guard,Damascus University,1988
B. Goldwater,Air Force Reserve Command,University of Arizona,1941
B. Joyce,Royal Queensland Regiment,University of New England,1994
B. Chongxi,New Guangxi Clique,Baoding Military Academy,1911
A. Khan,14th Punjab Regiment,Aligarh Muslim University,1928
A. P. Gardner,31st Infantry Division,Harvard University,1898
A. Rahman,Frontier Force Regiment,St Paul's School,1940
A. Khan,No. 9 Squadron Griffins,Indian Military Academy,1940
A. Enrile,Commanding General of the Philippine Army,Philippine Military Academy,1962
A. Eve,United States Army,Bachelor of Science,1953
"Arthur Chichester, 4th Baron Templemore",Royal Fusiliers,"Royal Military College, Sandhurst",1907
A. Sharon,Golani Brigade,Hebrew University of Jerusalem,1948
Arenda L. Wright Allen,"Judge Advocate General's Corps, U.S. Navy",North Carolina Central University,1985
A. A. Phlegar,54th Virginia Infantry,Washington and Lee University,1862
Arch A. Moore Jr.,United States Navy Reserve,Lafayette College,1943
"Anthony Lloyd, Baron Lloyd of Berwick",Coldstream Guards,"Trinity College, Cambridge",1948
A. G. Brown,3rd Infantry Division,Harvard University,1984
A. Eden,King's Royal Rifle Corps,"Christ Church, Oxford",1915
A. Chornovil,Kaliningrad Oblast,Lviv State Medical Institute,1988
A. Stark,Green Howards,University of Edinburgh,1940
A. Robathan,Coldstream Guards,"Oriel College, Oxford",1974
A. Hastie,Special Air Service Regiment,University of New South Wales,2001
A. Koch,National Security Agency,"Concordia College, Moorhead",1992
A. Lipkin-Shahak,Paratroopers Brigade,Tel Aviv University,1962
Amir Abdullah Khan Niazi,Punjab Regiment,Indian Military Academy,1934
A. J. Edgerton,10th Minnesota Volunteer Infantry Regiment,Wesleyan University,1862
A. J. Aurakzai,Frontier Force Regiment,Pakistan Military Academy,1967
A. A. Al-Mousavi,Military intelligence,Shahid Beheshti University,1980
A. F. Mathews,59th Virginia Infantry,University of Virginia,1861
A. Davis,45th Virginia Infantry,Emory and Henry College,1861
A. Carr-Saunders,Royal Army Service Corps,"Magdalen College, Oxford",1914
A. B. Chandler,Urban A. Woodbury,"Randolph, Vermont",1895
A. Mollohan,United States Army Reserve,College of William and Mary,1970
A. K. Simpson,5th Infantry Regiment,University of Wyoming,1954
A. Currie,Royal Field Artillery,University of Melbourne,1915
A. Riley,United States Army Civil Affairs and Psychological Operations Command,Chicago State University,1972
A. Melvin,United States Navy Reserve,Thunderbird School of Global Management,1969
A. Gore,20th Engineer Brigade,Harvard University,1969
A. Neave,Royal Artillery,"Merton College, Oxford",1935
A. R. Khan,Pakistan Navy,Indian Naval Academy,1938
Aftab Ahmad Khan Sherpao,Pakistan Army Armoured Corps,Pakistan Military Academy,1965
A. Ames,5th Field Artillery Regiment,United States Military Academy,1861
Abu Belal Muhammad Shafiul Huq,Armoured corps,Bangladesh National University,1978
A. O. Shaw,20th Maine Volunteer Infantry Regiment,Columbia University College of Physicians and Surgeons,1862
A. Ayasrah,Royal Maintenance Corps,Quartermaster Center and School,1970
A. Q. Baloch,Baloch Regiment,Command and Staff College,1966
A. Gharabaghi,Army,Tehran,1936
A. Daggett,16th Maine Volunteer Infantry Regiment,Bates College,1861
A. P. Herbert,Royal Naval Division,"New College, Oxford",1914
