col0,col1,col2,col3,col4
T. Kennedy,V. R. Kennedy,"Hyannis Port, Massachusetts",Ted Kennedy Signature 2.svg,Edward Moore Kennedy
S. Shriver,E. K. Shriver,"Bethesda, Maryland",Sargent Shriver Signature.svg,Robert Sargent Shriver Jr.
R. B. Hayes,L. W. Hayes,Ohio,Rutherford Birchard Hayes Signature.svg,Rutherford Birchard Hayes
R. Nixon,P. Nixon,Manhattan,Richard Nixon Signature.svg,Richard Milhous Nixon
O. Palme,L. Palme,Stockholm,Olof Palme Signature.svg,Sven Olof Joachim Palme
M. L. Quezon,A. Quezon,Manila,Manuel Quezon Signature.svg,Manuel Luis Molina Quezon Sr.
L. B. Johnson,L. B. Johnson,Texas,Lyndon B. Johnson - Signature.svg,Lyndon Baines Johnson
K. Waldheim,E. Waldheim,Austria,Kurt Waldheim Signature.svg,Kurt Josef Waldheim
J. Connally,N. Connally,Houston,John B Connally sig.jpg,"John Bowden Connally, Jr."
J. A. Garfield,L. Garfield,"Elberon, New Jersey",James Abram Garfield Signature.svg,James Abram Garfield
H. Chávez,Marisabel Rodríguez de Chávez,Caracas,Hugo Chavez Signature.svg,Hugo Rafael Chávez Frías
G. Whitlam,M. Whitlam,Sydney,Gough Whitlam Signature.svg,Edward Gough Whitlam
G. A. Nasser,T. Kazem,Cairo,Nasser(PresidentofEgypt).jpg,Gamal Abdel Nasser Hussein
"Arthur Wellesley, 1st Duke of Wellington","Catherine Wellesley, Duchess of Wellington",England,"Arthur Wellesley, 1st Duke of Wellington Signature.svg",Arthur Wesley
A. Burr,E. Jumel,New York,Aaron Burr Signature2.svg,Aaron Burr Jr.
