col0,col1,col2,col3
Cryptomeria,Cupressaceae,LR/nt,IUCN2.3
Coulter pine,Pinaceae,NT,IUCN3.1
Chamaecyparis thyoides,Cupressaceae,LC,IUCN2.3
Chamaecyparis taiwanensis,Cupressaceae,VU,iucn3.1
Chamaecyparis pisifera,Cupressaceae,lc,IUCN3.1
Chamaecyparis obtusa,Cupressaceae,LR/nt,IUCN2.3
Chamaecyparis lawsoniana,Cupressaceae,NT,iucn3.1
Chamaecyparis formosensis,Cupressaceae,EN,IUCN3.1
Cephalotaxus wilsoniana,Cephalotaxaceae,EN,iucn3.1
Cephalotaxus sinensis,Cephalotaxaceae,LR/lc,iucn2.3
Cephalotaxus oliveri,Cephalotaxaceae,VU,iucn2.3
Cephalotaxus mannii,Cephalotaxaceae,VU,iucn2.3
Cephalotaxus latifolia,Cephalotaxaceae,LR/lc,iucn2.3
Cephalotaxus lanceolata,Cephalotaxaceae,VU,iucn2.3
Cephalotaxus harringtonii,Cephalotaxaceae,LR/lc,iucn2.3
Cephalotaxus hainanensis,Cephalotaxaceae,EN,iucn3.1
Cephalotaxus griffithii,Cephalotaxaceae,LR/nt,iucn2.3
Cephalotaxus fortunei,Cephalotaxaceae,LR/lc,iucn2.3
Cedrus libani,Pinaceae,VU,IUCN3.1
Cedrus deodara,Pinaceae,LC,IUCN3.1
Cedrus atlantica,Pinaceae,EN,IUCN3.1
Cathaya,Pinaceae,vu,IUCN3.1
Caribbean pine,Pine,VU,iucn2.3
Calocedrus rupestris,Cupressaceae,EN,iucn3.1
Calocedrus macrolepis,Cupressaceae,NT,IUCN3.1
Calocedrus formosana,Cupressaceae,EN,IUCN3.1
Calocedrus decurrens,Cupressaceae,LR/lc,IUCN2.3
Callitris verrucosa,Cupressaceae,LR/lc,IUCN2.3
Callitris sulcata,Cupressaceae,EN,iucn3.1
Callitris roei,Cupressaceae,VU,IUCN2.3
Callitris rhomboidea,Cupressaceae,LR/lc,IUCN2.3
Callitris preissii,Cupressaceae,LR/lc,IUCN2.3
Callitris oblonga,Cupressaceae,VU,IUCN2.3
Callitris neocaledonica,Cupressaceae,LR/cd,IUCN2.3
Callitris muelleri,Cupressaceae,LR/lc,IUCN2.3
Callitris monticola,Cupressaceae,VU,IUCN2.3
Callitris macleayana,Cupressaceae,LR/lc,IUCN2.3
Callitris endlicheri,Cupressaceae,LR/lc,IUCN2.3
Callitris drummondii,Cupressaceae,VU,IUCN2.3
Callitris columellaris,Cupressaceae,LR/lc,IUCN2.3
Callitris canescens,Cupressaceae,LR/lc,IUCN2.3
Callitris baileyi,Cupressaceae,VU,IUCN2.3
Blue spruce,Pinaceae,LC,IUCN3.1
Bishop pine,Pinaceae,VU,IUCN3.1
Austrotaxus,Taxaceae,LR/nt,IUCN2.3
Austrocedrus,Cupressaceae,VU,IUCN2.3
Athrotaxis selaginoides,Cupressaceae,VU,IUCN3.1
Athrotaxis laxifolia,Cupressaceae,VU,IUCN3.1
Athrotaxis cupressoides,Cupressaceae,VU,IUCN3.1
Araucaria subulata,Araucariaceae,LR/cd,IUCN2.3
Araucaria scopulorum,Araucariaceae,EN,IUCN3.1
Araucaria schmidii,Araucariaceae,VU,IUCN2.3
Araucaria rulei,Araucariaceae,EN,IUCN3.1
Araucaria nemorosa,Araucariaceae,CR,IUCN3.1
Araucaria muelleri,Araucariaceae,EN,IUCN3.1
Araucaria montana,Araucariaceae,VU,IUCN2.3
Araucaria luxurians,Araucariaceae,EN,IUCN3.1
Araucaria laubenfelsii,Araucariaceae,LR/cd,IUCN2.3
Araucaria hunsteinii,Araucariaceae,LR/nt,IUCN2.3
Araucaria humboldtensis,Araucariaceae,EN,IUCN2.3
Araucaria heterophylla,Araucariaceae,VU,IUCN3.1
Araucaria cunninghamii,Araucariaceae,LC,IUCN3.1
Araucaria columnaris,Araucariaceae,LC,IUCN2.3
Araucaria biramulata,Araucariaceae,VU,IUCN2.3
Araucaria bidwillii,Araucariaceae,LR/lc,IUCN2.3
Araucaria bernieri,Araucariaceae,VU,IUCN2.3
Araucaria araucana,Araucariaceae,EN,iucn3.1
Araucaria angustifolia,Araucariaceae,CR,iucn3.1
Amentotaxus yunnanensis,Taxaceae,VU,IUCN3.1
Amentotaxus poilanei,Taxaceae,VU,IUCN3.1
Amentotaxus hatuyenensis,Taxaceae,EN,IUCN3.1
