col0,col1,col2,col3
W. S. Harpe,1988,1988-12-5,United States of America
W. S. Cunningham,1950,1986-3-3,United States of America
W. W. Brown,19,1916-2-25,Union
W. D. Watson,1946,1994-12-19,United States of America
W. Brown,1865,1900-1-24,Union
W. Nicholson,1927,1947-6-9,United Kingdom
Wilmot Gibbes de Saussure,1865,1886-2-1,Confederate States of America
W. Fawkes,1911,1926-5-29,United Kingdom
W. Sidat-Singh,1943,1943-5-9,United States
W. L. Jackson,1936,1998-3-23,United States of America
W. Hosenfeld,1917,1952-8-13,German Empire
W. Kahle,1918,2000-0-0,Germany
"Willy F. James, Jr.",1945,1945-4-8,United States of America
W. Coppens,1940,1986-12-21,Belgium
W. Clarke,1892,1909-5-26,United Kingdom
W. W. Bradley,1946,1954-8-27,United States of America
W. Pearse,1916,1916-5-4,Irish Volunteers
W. McKnight,1939,1941-1-12,/
W. C. Bianchi,1945,1945-1-9,United States of America
W. Zion,1904,1919-3-25,United States of America
W. Young,1918,2007-7-24,United Kingdom
W. Young,1777,1847-2-11,United Kingdom of Great Britain and Ireland
W. Young,1761,1821-10-25,United Kingdom
William Y. W. Ripley,1861,1905-12-16,25pxUnited States of America
W. Y. Smith,1983,2016-1-19,United States
W. Y. Slack,1846,1862-3-21,Confederate States of America
W. Y. Humes,1861,1883-9-11,Confederate States of America
W. Wright,1919,1990-4-26,United Kingdom
W. W. Kimball,1910,1930-1-26,United States of America
W. W. Adams,1839,1888-5-1,Confederate States of America
W. Whelan,1865,1865-6-11,United States of America
W. Westmoreland,1972,2005-7-18,United States of America
W. Westerhold,1865,1910-5-12,Union
W. Wells,1866,1892-4-29,Union
W. W. Godfrey,1939,1952-0-0,United Kingdom
W. W. Wotherspoon,1873,1921-10-21,United States
W. W. Burns,1889,1892-4-19,Union
W. W. Winegar,1865,1916-1-1,United States
W. W. Seay,1968,1968-8-25,United States of America
W. W. Outerbridge,1957,1986-9-20,United States
W. W. Orme,1864,1866-9-13,Union
W. W. Morris,1864,1865-12-11,United States of America
W. W. Momyer,1973,2012-8-10,United States of America
W. W. McCammon,1866,1903-3-27,Union
W. W. Loring,1861,1886-12-30,Confederate States of America
W. W. Henry,1865,1915-8-31,Union
W. W. Fraser,1865,1915-2-9,United States
W. W. Creamer,1942,1942-6-4,United States of America
W. W. Cooke,1863,1876-6-25,Union
W. W. Averell,1855,1900-2-3,Union
W. W. Allen,1861,1894-11-21,Confederate States of America
William Victor Trevor Rooper,1917,1917-10-9,United Kingdom
W. Vale,1946,1981-11-29,United Kingdom
W. Twiss,1939,1962-0-0,United Kingdom
W. Turner,1928,1989-0-0,British Army
W. T. Rossell,1913,1919-10-11,United States of America
W. Thwaites,1929,1947-6-22,United Kingdom
W. T. Bate,1857,1857-12-29,United Kingdom
W. Thornton,1835,1840-0-0,United Kingdom
W. Thompson,1947,1950-8-6,United States of America
W. T. Smith,1918,1994-0-0,Australia
W. T. Clark,1866,1905-10-12,Union
William Thomas Campbell Grower,1861,1864-0-0,Union
W. T. Barnes,1920,1921-11-28,United Kingdom
W. T. Sherman,1853,1891-2-14,United States
W. T. Wofford,1847,1884-5-22,Confederate States of America
William T. Whisner Jr.,1972,1989-7-21,United States
William T. Perkins Jr.,1966,1967-10-12,United States of America
William T. H. Brooks,1841,1870-7-19,Union
W. T. Carneal,1944,1944-7-7,United States of America
W. Symonds,1856,1856-3-30,United Kingdom
W. Strugnell,1945,1977-0-0,United Kingdom
W. S. Abert,1867,1867-8-25,United States
W. S. Parsons,1953,1953-12-5,United States of America
W. Staveley,1989,1997-10-13,United Kingdom
William St Colum Bland,1920,1950-0-0,United Kingdom
W. S. Fielding-Johnson,1918,1953-2-10,United Kingdom
W. S. Smith,1854,1916-3-4,Union
W. Sinclair-Burgess,1937,1964-4-3,Australia
W. Sidebottom,1920,1920-12-8,United Kingdom
W. Sickles,1865,1938-9-26,Union
W. Shubrick,1861,1874-5-27,United States of America
W. Shone,1907,1938-0-0,United Kingdom
W. Shemin,1919,1973-8-15,United States of America
W. Sharp,1746,1780-1-1,23pxFrance
W. Scurry,1913,1963-12-28,Australia
W. Scott,1862,1862-4-17,Union
W. Sawelson,1918,1918-10-26,United States of America
W. Salmond,1902,1932-11-8,United Kingdom
W. S. Tilton,1861,1889-3-23,Union
W. S. Sitman,1951,1951-2-14,United States of America
W. S. Harney,1863,1889-5-9,Union
W. R. Shafter,1901,1906-11-12,Union
W. R. Creswell,1879,1933-4-20,United Kingdom
W. R. Mends,1825,1897-6-26,United Kingdom
W. R. Button,1921,1921-4-15,United States
W. R. Hall,1919,1943-10-22,/British Empire
W. R. Scurry,1846,1864-4-30,Confederate States of America
