col0,col1,col2,col3
W. Mounsey,1780,1830-9-25,United Kingdom ofGreat Britain and Ireland
William Mordaunt Marsh Edwards,1896,1912-9-17,United Kingdom
"William Montrose Graham, Jr.",1898,1916-1-16,Union
W. M. Thomson,1934,1963-7-23,United Kingdom
W. Molesworth,1941,1955-10-22,United Kingdom
W. Miller,1919,1962-4-12,United Kingdom
W. Mervine,1809,1868-9-15,United States
W. M. Alexander,1919,1988-10-4,United Kingdom
W. Meldrum,1920,1964-2-13,New Zealand
W. Meggitt,1927,1927-1-28,United Kingdom
W. M. Dunn,1863,1887-7-24,Union
W. McKean,1862,1865-4-22,United States
W. McFadzean,1916,1916-7-1,United Kingdom
W. M. Dye,1870,1899-11-13,Egyptian Army
W. McComb,1861,1918-7-12,Confederate States of America
W. McBryar,1901,1941-3-8,United States of America
W. M. Fry,1934,1992-8-4,United Kingdom
W. May,1863,1930-10-7,United Kingdom
W. M. Bryant,1969,1969-3-24,United States of America
W. M. Fordham,1932,1959-12-9,United Kingdom
W. Marland,1865,1905-4-17,United States of America
"William Mansfield, 1st Baron Sandhurst",1876,1876-6-23,United Kingdom
W. M. Davis,1918,1918-10-8,Canada
W. MacRae,1865,1882-2-11,Confederate States of America
W. M. Wherry,1899,1918-11-3,Union
W. M. Hobby,1942,1942-11-13,United States of America
W. M. Gardner,1846,1901-6-16,Confederate States of America
W. M. Folger,1905,1928-7-22,United Statesof America
W. M. Carr,1870,1884-5-2,United States
W. M. Callaghan,1957,1991-7-8,United States of America
W. Lumley,1825,1850-12-15,United Kingdom
W. Lukin,1814,1833-1-12,Great Britain
W. Ludlow,1901,1901-8-30,United States of America
W. Ludgate,1865,1912-6-14,Union
W. L. Grant,1877,1929-1-30,United Kingdom
W. L. Hill,1904,1922-8-2,United States of America
W. Lowe,1881,1944-2-7,United Kingdom
W. L. Marshall,1863,1920-7-2,United States of America
W. Lithgow,1734,1798-12-20,22px|border|link=British AmericaBritish America
W. L. Wells,1918,1918-5-6,United Kingdom
W. L. Cabell,1861,1911-2-21,Confederate States of America
W. L. Harrison,1919,1960-1-6,King George Vof theBritish Empire
W. L. Davidson,1781,1781-1-1,United States of America
W. Leahy,1918,1918-8-11,Australia
W. Lawless,1814,1824-1-17,24pxFirst French Empire
W. L. Jordan,1918,1931-1-1,*
W. Lambton,1920,1936-10-11,United Kingdom
W. Laing,1864,1864-9-29,Union
W. L. Stoughton,1861,1888-6-6,Union
W. L. McMillen,1865,1902-2-8,Union
W. Knox,1910,1916-12-14,United Kingdom
W. K. Lye,1973,2009-0-0,Canada
W. King-Hall,1881,1886-7-29,United Kingdom
W. Kennison,1868,1868-0-0,United States of America
W. Kennedy,1901,1916-10-9,United Kingdom
W. K. Harrison,1918,1928-8-15,United States of America
W. K. Legge,1926,1946-0-0,United Kingdom
W. K. Nakamura,1944,1944-7-4,United States of America
W. K. Jones,1936,1998-4-15,United States of America
W. J. Sewell,1861,1901-12-27,Union
W. J. Franks,1865,1880-4-18,Union
W. J. Hope,1830,1831-5-2,United Kingdom
W. Johnson,1862,1875-10-10,*
W. J. English,1941,1941-7-4,United Kingdom
W. James,1984,2015-10-16,Australia
W. J. Palmer,1865,1909-3-13,Union
W. J. Yokes,1942,1942-10-19,United States of America
W. J. Pattison,1943,1943-3-10,United States of America
W. J. Landram,1846,1895-10-11,Union
W. J. Fetterman,1866,1866-12-21,Union
W. J. Evans,1978,2000-12-12,United States
W. J. Crawford,1945,2000-3-15,United Statesof America
W. J. Carson,1864,1913-12-13,United States of America
W. J. Bordelon,1941,1943-11-20,United States of America
W. J. Archinal,1865,1919-5-10,Union
W. H. Hall,1866,1878-6-25,United Kingdom
W. H. Young,1861,1901-11-28,Confederate States of America
W. H. Livens,1914,1964-2-1,United Kingdom
W. H. Stewart,1885,1901-11-13,United Kingdom
W. Hotham,1779,1848-5-31,United Kingdom of Great Britain and Ireland
W. Horrocks,1887,1941-1-26,United Kingdom
W. Holmes,1945,1969-0-0,United Kingdom
W. Holmes,1917,1917-7-2,Australia (1901–17)
W. Hoffman,1870,1884-0-0,Union
W. Hicks,1819,1874-1-11,United Kingdom
W. Hicks,1883,1883-11-5,25pxKhedivate of Egypt
W. H. Bixby,1913,1928-9-29,United States of America
W. H. Strahan,1915,1915-4-25,Australia
