col0,col1,col2,col3
U. Doubleday,1865,1893-2-11,United States of America
U. M. Moore,1942,1942-6-4,United States of America
U. Kleemann,1945,1963-1-1,(to 1918)
U. Graf,1945,1950-3-3,25pxGerman Empire
"Ulrich Frédéric Woldemar, Comte de Lowendal",1755,1755-5-27,(1707–1708)
U. Dahlgren,1862,1864-3-2,Union
U. L. Amoss,1961,1961-0-0,United States
U. Yūsaku,1933,1933-11-8,Empire of Japan
U. Arisawa,1917,1921-11-30,Empire of Japan
U. Kojirō,1923,1945-2-14,Empire of Japan
U. S. Grant Sharp Jr.,1968,2001-12-12,United States of America
T. Masamichi,1906,1906-1-4,Empire of Japan
T. T. Đính,1966,2013-11-21,"Army of the Republic of Vietnam,Cần Lao Party"
T. Tzur,1963,2004-12-28,British Army
T. H. Bell,1861,1902-9-1,Confederate States of America
T. W. Leonard,1944,1944-11-6,United States
T. Bey,1456,1456-1-1,Ottoman Empire
T. Covre,1943,1961-7-2,Kingdom of Italy
T. B. Pun,1959,2011-4-20,British India
T. Gougelmann,1972,1976-0-0,United States of America
T. N. Muthaliff,19,2005-5-31,Sri Lanka
T. Sakuma,1910,1910-4-15,Empire of Japan
T. Akinaga,1945,1978-12-26,Empire of Japan
T. Ishii,1941,1951-1-16,Empire of Japan
T. Shidei,1945,1945-8-18,Empire of Japan
T. Katsuyoshi,1908,1912-1-15,Empire of Japan
T. Mitsuharu,1915,1920-11-17,Empire of Japan
T. Kōzō,1898,1898-2-1,Empire of Japan
T. Seymour,1846,1891-10-30,Union
T. O. Olson,1944,1944-1-31,United States
T. Kimbro,1944,1944-12-19,United States of America
T. H. Landon,1963,1986-1-27,United States of America
T. A. McGill,1944,1944-3-4,United States of America
T. N. Dupuy,1952,1995-6-5,United States of America
T. Rujanović,1910,1910-0-0,*Internal Macedonian Revolutionary Organization (1895–1904)
T. E. Watkins,1950,1950-9-3,United States
T. Moșoiu,1932,1932-8-15,Romanian Army
T. Voorhees,1952,1974-9-25,United States of America
T. Griffiss,1942,1942-2-15,United States of America
