col0,col1,col2,col3
T. C. Noel,1918,1918-8-22,United Kingdom
T. Mascardo,1901,1932-7-7,23pxKatipunan(Magdalo)
T. P. Secundus,94,97-1-1,Roman Empire
T. Weeratunga,1985,2003-11-0,Sri Lanka
T. R. Stanley,1861,1874-7-6,Union
T. Onwuatuegwu,1966,1970-1-9,(1961-1966)
T. F. O'Keefe,1974,1984-10-14,United States
T. Creasey,1985,1986-10-5,United Kingdom
T. Andrews,1864,1868-3-11,Union
T. Perennis,185,185-1-1,Roman Empire
Tigellinus,62,69-1-1,Roman Empire
T. Rubin,1953,2015-12-5,United States of America
T. M. Brébant,1908,1965-2-20,18pxFrench Army
T. A. Jenkins,1828,1893-8-9,United States
T. B. Brown,1861,1861-5-22,Union
T. Røhn,1903,1963-9-20,*
T. Bonde,1963,1969-10-18,Sweden
T. Capper,1915,1915-9-27,United Kingdom
T. t. Slav,820,823-1-1,Byzantine army
T. Williams,1832,1862-8-5,Union
T. Williams,1814,1841-10-8,United Kingdom
T. W. Sweeny,1846,1892-4-10,Fenian Brotherhood
T. Wilkinson,1871,1887-9-22,United Kingdom
T. Welsh,1848,1863-8-14,Union
T. Weir,1861,1876-12-9,Union
T. Washington,1929,1954-12-15,United States of America
T. W. Steed,1954,1973-10-21,United States of America
T. W. Sherman,1836,1879-12-31,Union
T. W. Hyde,1865,1899-12-14,Union
