col0,col1,col2,col3
T. W. Fowler,1944,1944-6-3,United States of America
T. W. Egan,1866,1887-1-1,United States of America
T. W. Bennett,1969,1969-2-11,United States of America
T. T. Crittenden,1847,1905-9-5,Union
Thomas Tupper Carter-Campbell of Possil,1887,1900-1-14,United Kingdom
T. Toohey,1865,1918-11-19,Union
T. Symonds,1883,1894-11-14,United Kingdom
T. Snow,1920,1940-8-30,/British Empire
T. Sherwin,1865,1914-12-19,Union
T. S. Hutchison,1892,1936-3-11,United Statesof America
T. S. Wallace,1918,1935-10-8,23pxCanada
T. Saumarez,1845,1845-3-4,United Kingdom
T. S. Pasley,1869,1884-2-13,United Kingdom
T. S. Rodgers,1919,1931-2-28,United States of America
T. S. Moorman,1970,1997-12-23,United States of America
T. S. Crow,1982,2008-11-30,United States of America
T. Rose,1927,1968-6-20,United Kingdom
T. R. Bugeaud,1849,1849-6-10,18pxFrance
T. Ricketts,1916,1967-2-10,Newfoundland
T. R. Hawkins,1865,1870-1-1,Union
T. P. Jullien,1798,1798-8-2,*
T. Proctor,1781,1806-3-16,United States
T. Price,1883,1911-7-3,United Kingdom
T. Polk,1778,1794-1-25,Continental Congress
T. Plunkett,1864,1885-3-10,United States of America
T. P. Dockery,1861,1898-2-27,Confederate States of America
"Thomas Pitt, 2nd Baron Camelford",1799,1804-3-10,United Kingdom ofGreat Britain and Ireland
T. Phillips,1661,1693-11-22,Kingdom of England
T. Perrott,1913,1919-1-1,United Kingdom
T. Pears,1877,1892-1-17,United Kingdom
T. P. Gerrity,1968,1968-2-24,United States of America
Thomas P. Noonan Jr.,1969,1969-2-5,United States of America
Thomas Orde Lawder Wilkinson,1916,1916-7-5,22pxCanada
T. O. Seaver,1865,1912-7-11,Union
T. O. Osborn,1861,1904-3-27,United States of America
T. Nash,1918,1918-10-23,United Kingdom
T. N. Barnes,1977,2003-3-17,United States
T. M. Douglas,1846,1868-0-0,25pxEast India Company
T. Marshall,1846,1853-3-28,United States of America
T. M. Harris,1866,1906-9-30,Union
"Thomas Maitland, 11th Earl of Lauderdale",1873,1878-9-1,United Kingdom
T. Mackenzie,1813,1813-9-20,United Kingdom
T. M. Wilhoite,1942,1942-11-8,United States of America
T. Macdonough,1810,1825-11-10,of America
T. MacDonagh,1916,1916-5-3,Irish Volunteers
T. M. Logan,1861,1914-8-11,Confederate States of America
T. M. Anderson,1900,1917-5-8,Union
T. Luke,1935,1935-6-1,United Kingdom
T. Louis,1807,1807-5-17,United Kingdom
"Thomas Lopton Campbell, Jr.",1861,1893-9-22,Republic of Texas
Thomas Lincoln Casey Sr.,1895,1896-3-25,Union
T. Lewis,1919,1961-6-21,United Kingdom
T. Lethbridge,1843,1892-12-30,United Kingdom
T. L. Crittenden,1848,1893-10-23,Union
T. L. Mesurier,1918,1918-5-26,United Kingdom
T. Laycock,1795,1823-11-7,British Empire
T. Latter,1853,1853-12-8,20pxEast India Company
T. L. Ridge,1964,1999-8-13,United States of America
T. L. Purdom,1919,2000-0-0,United Kingdom
T. L. Kane,1863,1883-12-26,Union
T. Kirby-Green,1944,1944-3-29,United Kingdom
T. K. Smith,1861,1887-12-14,Union
T. Kent,1916,1916-5-9,Irish Volunteers
T. Jones,1885,1892-12-11,*
T. J. Cochrane,1856,1872-10-19,United Kingdom
T. Jesup,1860,1860-6-10,United States
T. J. Maling,1849,1849-1-22,United Kingdom
T. J. Hutton,1909,1981-1-1,United Kingdom
T. J. Wood,1845,1906-2-26,Union
T. J. McMahon,1969,1969-3-19,United States of America
T. J. McKean,1831,1870-4-19,Union
T. J. McHugh,1970,2000-2-1,United States of America
T. J. Higgins,1865,1917-8-15,Union
T. J. Callan,1881,1908-5-5,United States of America
T. J. Amory,1851,1864-10-7,Union
T. Hurd,1768,1823-4-29,United Kingdom ofGreat Britain and Ireland
T. Hunter,1917,1917-12-5,United Kingdom
T. Humphreys,1937,1955-1-1,United Kingdom
T. H. Cushing,1784,1822-10-19,United States of America
T. Higgins,1929,1953-9-22,United Kingdom
T. Harvey,1841,1841-5-28,United Kingdom
T. Harrison,1861,1891-7-14,Confederate States of America
T. Harris,1853,1861-3-4,United States of America
T. H. Hubbard,1862,1915-5-19,Union
T. H. Ruger,1854,1907-6-3,Union
T. H. Neill,1883,1885-3-12,Union
T. H. Miller,1979,2007-11-27,United States of America
T. H. Green,1949,1971-3-27,United States of America
T. Griffiths,1886,1947-11-16,Australian Army
T. Gerrard,1923,1923-7-14,United Kingdom
"Thomas George Lanphier, Sr.",1929,1972-10-9,United States
T. G. Pitcher,1878,1895-10-21,Union
T. G. Stevenson,1864,1864-5-10,Union
T. G. Lawler,1864,1908-2-3,Union
T. F. Stephenson,1917,1917-11-20,United Kingdom
T. F. Kennedy,1846,1846-5-15,United Kingdom ofGreat Britain and Ireland
T. F. Toon,1861,1902-2-19,Confederate States of America
T. Eyles,1835,1835-9-29,United Kingdom ofGreat Britain and Ireland
T. E. Jr.,1862,1896-1-21,Union
T. Evans,1865,1866-1-1,Union
T. E. Wardle,1926,1944-5-9,United Kingdom
T. E. Hogg,1863,1898-12-8,Confederate States of America
T. E. Chickering,1864,1871-2-14,Union
T. Eckert,1866,1910-10-20,Union
T. Eaton,1771,1809-6-1,Continental Congress
T. Eadie,1909,1974-11-14,United States of America
Thomas E. G. Ransom,1861,1864-10-29,Union
T. E. Creek,1969,1969-2-13,United States
T. E. Corcoran,1865,1904-3-12,Union
T. E. Bourke,1946,1978-1-9,United States
T. E. Atkinson,1864,1868-0-0,United States
T. E. Atkins,1945,1999-9-15,23pxUnited States of America
T. Dundas,1778,1841-3-29,United Kingdom ofGreat Britain and Ireland
T. Duncan,1873,1887-1-7,Union
T. Devin,1878,1878-4-4,Union
T. D. Pearse,1789,1789-0-0,23pxEast India Company
T. Davis,1865,1919-3-24,United States
T. Daly,1971,2004-1-5,Australia
T. D. Howie,1932,1944-7-17,United States of America
T. Custer,1876,1876-6-25,Union
T. Cruse,1918,1943-6-8,United States of America
T. Cosgrove,1865,1912-3-27,United States of America
T. Corbett,1943,1980-12-30,United Kingdom
T. Clark,1775,1792-12-25,United States
T. Chamberlain,1866,1896-8-12,*Union
T. Cadell,1892,1919-4-6,United Kingdom
T. C. Neibaur,1919,1942-12-23,United States of America
T. C. Kinkaid,1950,1972-11-17,United States of America
T. B. Martin,1786,1854-10-25,United Kingdom
T. Brodie,1957,1993-9-1,United Kingdom
T. Brereton,1832,1832-1-1,Great Britain
T. Bourne,1864,1888-3-22,Union
T. B. Strange,1885,1925-7-9,Dominion of Canada
T. Bertie,1773,1825-6-13,United Kingdom ofGreat Britain and Ireland
T. Beach,1863,1864-8-24,United Kingdom
T. Barkell,1919,2000-0-0,Australia
T. B. Sulivan,1846,1857-0-0,United Kingdom
T. Baker,1845,1845-1-26,United Kingdom ofGreat Britain and Ireland
T. Baker,1944,1944-7-7,United States of America
T. B. Howard,1916,1920-11-10,United Statesof America
T. Ashe,1917,1917-9-25,Irish Republican Brotherhood
T. Allcock,1866,1891-12-28,Union
T. A. Rowley,1848,1892-5-14,Union
T. A. Smyth,1861,1865-4-9,Union
T. A. Davies,1829,1899-8-19,Union
T. A. Harris,1848,1895-4-9,Confederate States of America
T. A. Emmet,1798,1827-11-14,United Irishmen
T. Adams,1764,1764-1-1,Great Britain
T. A. Butler,1874,1901-5-17,United Kingdom
T. A. Morris,1836,1904-4-1,Union
T. A. Blasdel,1865,1932-1-1,Union
Thomas-Antoine de Mauduit du Plessis,1777,1791-3-1,Kingdom of France
T. Dumas,1801,1806-2-26,French First Republic
T. T. Garrard,1847,1902-3-15,Union
T. L. Dickey,1864,1885-7-22,United States
T. H. Holmes,1829,1880-6-21,Confederate States of America
T. F. Rodenbough,1870,1912-12-19,Union
T. Manetas,1920,1947-1-1,Second Hellenic Republic
T. W. Parker,1969,1994-5-27,United States of America
T. W. Goldin,1877,1935-2-15,United States of America
"Theodore W. Brevard, Jr.",1865,1882-6-20,Confederate States of America
T. V. Kirk,1941,2014-7-28,United States of America
T. Schwan,1901,1926-5-27,25pxUnion
T. S. Westhusing,2005,2005-6-5,United States of America
T. S. Coberly,1942,2011-3-26,United States of America
T. Runyon,1864,1896-1-27,Union
T. O'Hara,1848,1867-6-6,"United States of America,Confederate States of America"
T. L. Futch,1954,1992-1-18,United States of America
T. Hyatt,1865,1900-5-7,United States
T. Hallett,1894,1956-12-16,United Kingdom
T. G. Ellyson,1928,1928-2-27,United States of America
T. F. Jewell,1904,1932-7-26,Union
T. E. Chandler,1945,1945-1-7,United States of America
T. D. Broughton,1929,1944-0-0,United Kingdom
T. Bachenheimer,1944,1944-11-22,United States of America
T. A. Baldwin,1903,1925-9-1,United States of America
