col0,col1,col2,col3
Amentotaxus formosana,Taxaceae,VU,iucn3.1
Amentotaxus assamica,Taxaceae,EN,IUCN3.1
Amentotaxus argotaenia,Taxaceae,VU,IUCN2.3
Agathis spathulata,Araucariaceae,LR/nt,IUCN2.3
Agathis silbae,Araucariaceae,VU,IUCN2.3
Agathis robusta,Araucariaceae,LC,IUCN3.1
Agathis philippinensis,Araucariaceae,VU,IUCN2.3
Agathis ovata,Araucariaceae,LR/cd,IUCN2.3
Agathis orbicula,Araucariaceae,VU,IUCN2.3
Agathis moorei,Araucariaceae,VU,IUCN2.3
Agathis montana,Araucariaceae,CR,IUCN3.1
Agathis microstachya,Araucariaceae,NT,IUCN3.1
