col0,col1,col2,col3
T. Croneiss,1918,1942-11-7,Germany
T. S. Clarkson,1864,1915-1-16,Union
T. Parker,1943,1943-7-20,United States of America
T. B. Glover,1881,1932-0-0,United States of America
T. M. Brébant,1908,1965-2-20,18pxFrench Army
T. Marxuach,1922,1939-11-8,Spain (1900–1901)
T. Nagata,1935,1935-8-12,Empire of Japan
T. Komatsu,1945,1970-11-15,Empire of Japan
T. T. Kawamura,1969,1969-3-20,United States of America
T. Spencer,1939,2009-2-8,United Kingdom
T. C. Graves,1968,1968-2-16,United States of America
T. Begley,1864,1864-8-25,United States of America
T. V. Martinoli,1938,1944-8-25,Italy
T. Magbanua,1900,1947-8-1,*Visayan Region
T. Sejko,1960,1961-5-31,Albanian Armed Forces
T. Toyoda,1941,1961-11-21,Empire of Japan
T. H. Cann,1918,1963-1-26,United States of America
T. Gueritz,1973,2008-12-21,United Kingdom
T. W. Lawson,1945,1992-1-19,United States of America
T. Thorn,1946,1946-2-12,United Kingdom
T. T. Tanouye,1944,1944-9-6,United States of America
T. Briggs,1973,2008-10-4,United Kingdom
T. Belcher,1966,1966-11-19,United States of America
T. Rauparaha,1848,1849-11-27,Ngāti Toa
T. Marxuach,1922,1939-11-8,Spain (1900–1901)
Taza,1876,1876-1-1,Chiricahua Apache Indians
Tatzates,785,785-1-1,Abbasid Caliphate(782–785)
T. Krpeyan,1991,1991-4-30,Armenian Revolutionary Federation
T. Naofumi,1871,1907-3-6,Empire of Japan(1877-1907)
T. Katō,1942,1942-5-22,Empire of Japan
T. H. Bliss,1920,1930-11-9,United States of America
T. Konević,1916,1916-1-6,*Internal Macedonian Revolutionary Organization (?1900–1903)
T. Rajić,1815,1815-6-6,Revolutionary Serbia
T. Shaoguang,1863,1863-12-7,Qing Empire(to 1849)
T. Oishi,1946,1946-2-13,Empire of Japan
Tam Dalyell of the Binns,1685,1685-1-1,Russia(1654 to 1660)
T. S. Parmar,1992,1992-10-15,Babbar Khalsa International
T. M. Papineau,1917,1917-10-30,Britain
T. Hobbs,1893,1938-4-21,Australian Army
T. Hattori,1945,1960-4-30,Empire of Japan
T. Ōnishi,1945,1945-8-16,Empire of Japan
T. Kunikane,1914,1931-11-17,Empire of Japan
T. Sakurada,1945,1943-9-10,Empire of Japan
T. Mori,1945,1945-8-15,Empire of Japan
T. Yasuda,1945,1964-8-23,Empire of Japan
T. Takagi,1944,1944-7-8,Empire of Japan
T. Okumura,1943,1943-9-22,Empire of Japan
T. Nara,1933,1962-12-21,Empire of Japan
T. Jōjima,1945,1967-10-9,Empire of Japan
T. Tomonosuke,1916,1916-1-11,Empire of Japan
T. Hishikari,1894,1952-7-31,Empire of Japan
T. Takeshi,1937,1949-1-13,Empire of Japan
T. Kinashi,1944,1944-7-26,Empire of Japan
T. Wachi,1914,1978-10-30,Empire of Japan
T. Sinani,2001,2001-7-29,*18pxNational Liberation Army(NLA) (2001)
T. Kusimov,1969,1986-5-10,Soviet Union
T. Sawicz,1947,2011-10-19,","
T. Anders,1946,1995-7-7,Poland
T. Birru,1975,1975-3-19,"Ethiopian Empire,Oromo Liberation Army"
T. Daigo,1947,1947-12-6,Empire of Japan
T. Hanaya,1945,1957-8-28,Empire of Japan
T. Shūta,1904,1904-8-31,Empire of Japan
T. Koichirō,1923,1929-2-15,Empire of Japan
T. Goree,1865,1905-3-5,20pxConfederate States of America
T. B. Simatupang,1959,1990-1-1,Indonesia
T. Masamichi,1906,1906-1-4,Empire of Japan
T. T. Đính,1966,2013-11-21,"Army of the Republic of Vietnam,Cần Lao Party"
S. Suzuki,1945,1945-4-19,Empire of Japan
S. Takagi,1945,1979-7-27,Empire of Japan
S. Petelicki,1999,2012-6-16,Poland
S. Askerî,1915,1915-4-14,22pxOttoman Empire
S. Nyiri,1911,1911-5-5,Austria-Hungary
S. Belitska,1923,1939-12-7,Austria-Hungary
S. Mowry,1858,1871-10-15,United States
S. G. Hill,1864,1864-12-15,Union
S. D. Rhodes,1865,1904-8-29,United States
S. Churchill,1812,1862-12-7,United States of America
S. B. Jr.,1865,1922-5-12,United States of America
S. Antolak,1944,1944-5-24,23pxUnited States of America
S. Thayer,1863,1872-9-7,United States of America
S. S. Woods,1945,1989-3-31,United States of America
S. Pope,1946,1980-11-5,United Kingdom
S. P. Smith,1918,1918-4-6,United Kingdom
S. M. Brown,1918,1952-4-7,United Kingdom
S. Liversedge,1919,1979-0-0,United Kingdom
S. Knowles,1950,2012-7-31,United Kingdom
S. Herring,1904,1951-5-27,Australian Army
S. Dowse,1946,2008-4-10,British Empire
S. Dacres,1817,1884-3-8,United Kingdom
S. Carlin,1909,1941-5-9,United Kingdom
S. A. Oades,1919,1961-1-13,United Kingdom
S. Kovpak,1925,1967-12-11,Russian Empire
S. Lucas,1918,2008-11-4,Australia
S. Shramchenko,1921,1958-6-24,border|25pxUkrainian People's Republic
S. Lampell,1972,2007-6-28,Sweden
S. M. Collins,1985,1985-7-12,United States of America
S. Kimura,1945,1980-3-16,Empire of Japan
