col0,col1,col2,col3
"Sir John Doyle, 1st Baronet",1820,1834-8-8,United Kingdom of Great Britain and Ireland
"Sir John Braithwaite, 1st Baronet",1801,1803-8-16,United Kingdom
"Sir John Beresford, 1st Baronet",1835,1844-10-2,United Kingdom
"Sir James Outram, 1st Baronet",1860,1863-3-11,22x25pxEast India Company
"Sir Isaac Coffin, 1st Baronet",1839,1839-7-23,United Kingdom ofGreat Britain and Ireland
"Sir Henry Wilson, 1st Baronet",1922,1922-6-22,United Kingdom
Sir Henry William Carr,1793,1821-8-10,23pxBritish Army
"Sir Henry Baker, 2nd Baronet",1846,1859-11-2,United Kingdom
"Sir Harry Smith, 1st Baronet",1805,1860-10-12,United Kingdom
"Sir George Walker, 1st Baronet",1842,1842-11-14,United Kingdom
"Sir George Collier, 1st Baronet",1824,1824-3-24,United Kingdom ofGreat Britain and Ireland
"Sir George Cockburn, 10th Baronet",1846,1853-8-19,/British Empire
"Sir Edward Hamilton, 1st Baronet",1851,1851-3-21,United Kingdom ofGreat Britain and Ireland
"Sir Edward Buller, 1st Baronet",1824,1824-4-15,United Kingdom ofGreat Britain and Ireland
"Sir Donald Stewart, 1st Baronet",1885,1900-3-26,United Kingdom
"Sir Charles Pole, 1st Baronet",1770,1830-9-6,United Kingdom
"Sir Charles Ogle, 2nd Baronet",1848,1858-6-16,United Kingdom
"Sir Charles Monro, 1st Baronet",1920,1929-12-7,United Kingdom
"Sir Charles Madden, 2nd Baronet",1965,2001-4-23,United Kingdom
"Sir Charles Madden, 1st Baronet",1930,1935-6-5,United Kingdom
"Sir Charles Knowles, 2nd Baronet",1768,1831-11-28,United Kingdom ofGreat Britain and Ireland
"Sir Charles Douglas, 1st Baronet",1789,1789-3-17,"Great Britain, Holland, Russia"
"Sir Charles Cotton, 5th Baronet",1812,1812-2-23,United Kingdom
"Sir Alexander Milne, 1st Baronet",1876,1896-12-29,United Kingdom
Sir Alexander Maitland Sharp Bethune,1943,1997-5-20,23pxBritish Army
"Sir Alexander Campbell, 1st Baronet",1824,1824-12-11,(from 1801)
"Sir Albemarle Bertie, 1st Baronet",1812,1824-2-24,United Kingdom
Sinbad,1948,1951-12-30,United States
S. Suhler,1865,1895-1-1,Union
S. G. Griffin,1865,1902-1-14,Union
S. Achikgyozyan,1991,1991-4-30,Armenian Revolutionary Federation
S. Thayer,1781,1800-10-14,British America
S. M. Levy,1805,1807-3-1,United States of America
S. Nenadović,1815,1815-7-26,Serbian revolutionaries
S. S. Herrera,1946,2007-11-26,United States of America
S. L. Copeland,1973,2001-12-4,United States of America
S. H. Stringham,1861,1876-2-7,United States
S. Duncan,1834,1834-9-14,United States of America
S. Casey,1868,1882-1-22,Union
S. Bent,1861,1887-8-26,United States
S. Betke,1973,1988-12-20,(to 1945)
S. Webster,1950,1984-4-5,United Kingdom
S. Smith,1814,1840-5-26,United Kingdom
S. Phillips,1945,2015-9-26,USA
S. Meyrick,1940,1973-12-18,United Kingdom
S. Knights,1919,1968-4-1,United Kingdom
S. G. Francis,1925,1955-3-29,United Kingdom
S. D. Jackman,1861,1886-6-2,*
S. Cowan,1916,1916-11-17,United Kingdom
S. Clive,1934,1959-10-7,United Kingdom
S. Burbank,1829,1882-12-7,Union
S. Bailey,1939,1942-3-27,United Kingdom
S. Iwasa,1945,1969-7-12,Empire of Japan
S. Peard,1776,1832-12-27,United Kingdom ofGreat Britain and Ireland
S. Galica,1927,1927-1-1,(1915–1927)
S. Yokoyama,1945,1961-1-6,Empire of Japan
S. Takasu,1944,1944-9-2,Empire of Japan
S. Kawase,1945,1946-7-20,Empire of Japan
S. Takasu,1944,1944-9-2,Empire of Japan
S. Nakamine,1944,1944-6-2,United States of America
S. Mazeh,1955,2000-1-1,*
S. Tadashige,1935,1968-4-4,Empire of Japan
S. Hayao,1920,1923-1-8,Empire of Japan
S. Miwa,1945,1959-2-27,Empire of Japan
S. Suzuki,1945,1957-6-11,Empire of Japan
S. Shimada,1904,1976-6-7,Empire of Japan
S. Ōmori,1942,1942-10-26,Empire of Japan
