col0,col1,col2,col3
R. Prich,1935,1940-0-0,Poland
R. Perešin,1995,1995-5-2,Croatia(1991–1995)
R. Maister,1923,1934-7-26,Austria-Hungary
R. Höss,1945,1947-4-16,Nazi Germany
R. Heynsen,1919,1974-5-26,(to 1918)
R. Höss,1945,1947-4-16,Nazi Germany
R. Eickemeyer,1799,1825-9-9,22pxElectorate of Mainz
R. Berthold,1919,1920-3-15,German Empire
R. R. Ibárruri,1942,1942-9-14,(1936–1939)
R. R. Jr.,1963,2003-11-24,United States of America
Royal R. Ingersoll II,1942,1942-6-6,United States of America
R. R. Ingersoll,1909,1931-4-21,United States of America
R. E. Ingersoll,1946,1976-5-20,United States of America
R. W. Chappell,1946,1982-2-7,United Kingdom
R. Tackett,1962,2003-5-23,United States of America
R. Stone,1865,1905-8-5,Union
R. Orrock,1976,2002-7-11,United Kingdom
"Roy Orestus Hale, Jr.",1942,1942-0-0,United States of America
R. McConnell,1919,1945-4-0,Canada
R. M. Voris,1941,2005-8-10,United States of America
R. Manzer,1919,1956-8-26,Canada
R. M. Wheat,1967,1967-8-11,United States
R. Longmore,1919,2001-6-21,Australia
R. Halliday,1978,2007-11-23,United Kingdom
R. Courlander,1941,1979-0-0,(to 1941)
R. Cisneros,1968,1968-9-11,United States of America
R. C. Kirtland,1938,1941-5-2,United States of America
R. Burston,1905,1960-8-21,Australia
R. Brown,1918,1944-3-9,Canada
R. A. Gano,1964,1971-1-20,United States of America
R. Daly,1924,1924-6-5,United Kingdom
R. S. Wortley,1919,1926-12-29,United Kingdom
R. Lamson,1866,1903-8-14,United States of America
"Rosslyn Wemyss, 1st Baron Wester Wemyss",1919,1933-5-24,United Kingdom
R. T. Dwyer,1974,2001-10-8,United States of America
R. F. Gray,1945,1945-2-27,United States of America
R. E. Rowell,1946,1947-9-6,United States of America
R. Donnelly,1780,1840-9-30,United Kingdom
R. W. Turner,1920,1919-6-1,United Kingdom
R. Urquhart,1960,1968-1-1,United Kingdom
R. Thornely,1919,1949-4-29,United Kingdom
R. Sykes,1920,1977-9-15,England
R. McClintock,1922,1922-7-22,United Kingdom
R. Mauduit,1928,1928-3-13,United Kingdom
R. M. Fletcher,1919,1952-1-20,United Kingdom
R. Lane,1909,1937-0-0,United Kingdom
R. L. Coker,1969,1969-3-24,United States of America
R. Ivelaw-Chapman,1957,1978-4-28,United Kingdom
R. Forrest,1975,2005-3-25,United Kingdom
R. F. Marryott,1990,2005-6-4,United States of America
R. Bannerman,1945,1978-8-2,New Zealand
R. B. Ayres,1847,1888-12-4,Union
R. v. Ungern-Sternberg,1921,1921-9-15,23px|borderBogd Khaanate of Mongolia
R. Shukhevych,1950,1950-3-5,National Government(1941)
R. L. Knight,1941,1941-9-27,United Kingdom
R. Griffiths-Marsh,1945,2012-12-29,Australia
R. Gibbs,1979,2004-10-31,United Kingdom
R. Corbineau,1954,1954-5-7,France
R. Sugiyama,1945,1947-6-6,Empire of Japan
R. Amerasekera,19,1974-3-20,Ceylon
R. Blood,1944,1944-2-18,United States of America
R. o. Lauria,1302,1305-1-19,Kingdom of Sicily
R. d. Flor,1305,1305-4-30,Catalan Company
R. Wilson,1941,1966-0-0,United Kingdom
R. Jones,1851,1889-1-26,*
R. Jones,1812,1852-7-15,United States of America
R. Hay,1917,1917-7-17,United Kingdom
R. H. Sheaffe,1835,1851-7-17,United Kingdom
R. Curtis,1816,1816-11-14,United Kingdom
R. Bushell,1944,1944-3-29,United Kingdom
R. Bower,1960,1990-0-0,United Kingdom
R. Backhouse,1939,1939-7-15,United Kingdom
R. Brinkerhoff,1866,1911-6-4,United States of America
R. P. Hernández,1951,2013-12-21,United States of America
R. Taylor,1997,2002-9-1,Australia
R. S. Foss,1941,1941-12-7,United States of America
R. M. Davis,1967,1967-9-6,United States of America
Rodney J. T. Yano,1969,1969-1-1,United States of America
R. R. Allen,1954,1970-2-1,United States
R. D. Macdonald,1979,2001-1-19,United Kingdom
R. D. Evans,1908,1912-1-3,Union
R. McNair,1945,1996-5-18,United Kingdom
R. Hoare,1902,1959-2-6,United Kingdom
