col0,col1,col2,col3
Robert F. R. Lewis,1881,1881-2-23,United States of America
R. F. McDermott,1968,2006-8-28,United States of America
R. E. Bush,1945,2005-11-8,United States of America
R. Emmet,1803,1803-9-20,United Irishmen
R. E. Dornin,1965,1982-0-0,United States
R. E. Wood,1915,1969-11-6,United States
R. E. Roeder,1944,1944-9-28,United States of America
R. E. Lee,1861,1870-10-12,*
R. E. Huyser,1981,1997-9-22,United States of America
R. E. Hogaboom,1959,1993-11-11,United States of America
R. E. Galer,1957,2005-6-27,United States of America
R. E. Clary,1828,1890-1-19,Union
R. D. Oliver,1779,1850-9-1,United Kingdom
R. Digby-Jones,1900,1900-1-6,United Kingdom
R. D. Conrad,1947,1949-7-26,United States of America
R. D. Johnston,1861,1919-2-1,*
R. D. Russ,1991,1997-5-22,United States
R. D. Reem,1950,1950-11-6,United States of America
R. D. Lilley,1861,1886-11-12,Confederate States of America
R. D. Booker,1943,1943-4-9,United States of America
R. Craig,1943,1943-7-11,United States of America
R. Cowdin,1863,1874-7-9,Union
R. Cottrell-Hill,1959,1965-1-1,United Kingdom
R. Corbet,1810,1810-9-13,United Kingdom
R. Coote,1885,1898-3-17,United Kingdom
R. Collins,1938,1950-1-1,United Kingdom
R. C. Dawkins,1955,1985-0-0,United Kingdom
R. Cassels,1941,1959-1-1,United Kingdom
R. C. Reynolds,1811,1811-12-24,United Kingdom
R. Carney,1955,1990-6-25,United Statesof America
R. Calder,1818,1818-9-1,United Kingdom
R. C. Tyler,1865,1865-4-16,Confederate States of America
R. C. Schenck,1863,1890-3-23,Union
R. C. Murray,1970,1970-6-7,United States of America
R. C. Miller,1965,1998-1-1,United States
R. C. Mathis,1982,2016-4-27,United States of America
R. C. MacKenzie,1967,1995-2-24,Republic of Rhodesia
R. C. Burke,1968,1968-5-17,United States
R. C. Buchanan,1830,1878-11-29,Union
R. B. Beath,1865,1914-11-25,Union
R. Burnett,1902,1959-7-2,United Kingdom
R. Bullock,1856,1905-7-27,Confederate States of America
"Robert Bridgeman, 2nd Viscount Bridgeman",1951,1982-11-17,United Kingdom
R. Brichenok,1953,1972-2-5,→
R. Bray,1971,1983-0-0,United Kingdom
R. B. Brazier,1942,1942-6-4,United States of America
R. Biddulph,1904,1918-11-18,United Kingdom
R. B. Young,1781,1846-11-26,United Kingdom
R. Barlow,1843,1843-5-11,United Kingdom
R. B. Long,1821,1825-3-2,United Kingdom
R. B. Williams,1946,1977-2-10,United States
R. B. Rheault,1969,2013-10-16,United States of America
R. Auld,1911,1911-1-1,United Kingdom
R. Anderson,1863,1871-10-26,Union
R. Allen,1878,1886-8-5,Union
R. A. Cameron,1861,1894-3-15,Union
R. A. Owens,1943,1943-11-1,United States of America
R. A. Lower,1864,1918-1-31,Union
R. A. Birkbeck,1931,1938-1-9,United Kingdom
R. A. Belet,1942,1942-9-12,United States of America
R. Lockhart,1948,1981-0-0,United Kingdom
R. B. Worgan,1930,1934-2-6,United Kingdom
R. Edwards,1945,2000-6-1,Australia
R. L. Pitts,1967,1967-10-31,United States of America
R. Andō,1945,1946-4-19,Empire of Japan
R. McLean,1933,1933-11-12,United States of America
R. Åkerman,1963,1981-6-23,Sweden
R. v. Schubert,1867,1933-5-13,German Empire
R. Worsley,1942,2013-2-23,United Kingdom
Richard Worsam Meade II,1826,1870-4-16,Union
R. Winters,1946,2011-1-2,United States of America
R. Willis,1867,1896-9-10,Union
R. W. Young,1889,1919-12-27,United States of America
R. W. Suesens,1942,1943-11-1,United States of America
R. Waterhouse,1865,1876-3-20,Confederate States of America
R. Warren,1870,1875-7-29,United Kingdom
R. W. Fellows,1966,1998-8-7,United States of America
R. V. Hamilton,1894,1912-9-17,United Kingdom
R. Verderber,1902,1955-9-8,Austria-Hungary
R. Trant,1986,2007-10-3,United Kingdom
R. Tracey,1902,1907-0-0,United Kingdom
R. Taylor,1865,1879-4-12,Confederate States of America
R. Taylor,1783,1829-1-19,United States of America
R. Taylor,1865,1890-1-1,United States
R. T. Davis,2003,2003-7-15,-United States of America
R. Symonds-Tayler,1952,1971-1-1,United Kingdom
R. Sorge,1916,1944-11-7,(starting 1920)
R. Smeeton,1964,1992-3-29,United Kingdom
R. Seuss,1945,1963-9-26,(to 1918)
R. S. Dundas,1861,1861-6-3,United Kingdom
R. S. Ewell,1840,1872-1-25,Confederate States of America
R. Raymond-Barker,1918,1918-4-20,United Kingdom
R. R. Callahan,1967,1967-6-6,United States of America
R. Phillimore,1929,1940-11-8,United Kingdom
R. Peek,1974,2010-8-28,Australia
R. Parker,1775,1780-5-8,United States
R. P. Klocko,1941,2011-4-19,United States of America
R. P. Keirn,1942,2000-5-22,United States of America
R. N. Batchelder,1896,1901-1-4,United States of America
R. M. Gano,1865,1913-3-27,Confederate States of America
R. Montgomery,1772,1775-12-31,United Colonies
R. M. McCool,1974,2008-3-5,United States of America
R. Marshall,1946,1973-8-3,United States of America
R. Maitland,1763,1763-2-21,23pxEast India Company
R. M. Trevethan,1935,1971-12-30,United Kingdom
R. M. Rowell,1942,1942-5-8,United States of America
R. L. Tea,1888,1911-9-14,Union
R. Linke,1945,1995-12-31,(to 1933)
R. Lee,1777,1837-8-5,United Kingdom
"Richard Lawley, 4th Baron Wenlock",1904,1918-7-25,United Kingdom
R. Lane-Poole,1939,1971-0-0,United Kingdom
R. Kirkby,1703,1703-4-16,Kingdom of England
R. K. Sorenson,1946,2004-10-9,United States of America
R. J. Audet,1945,1945-3-3,22pxCanada
Richard James Holwell Birch,1862,1875-2-25,22x20px|borderEast India Company
R. J. Tallman,1972,1972-7-9,United States of America
R. J. Seitz,1975,2013-6-8,United States
R. J. Naughton,2003,2011-2-25,United States of America
R. J. Meadows,1977,1995-7-29,United States of America
R. I. Dodge,1848,1895-6-16,United States
R. Humpton,1758,1804-12-21,Great Britain
R. H. Thompson,1987,2016-2-21,United States
R. Hill,1918,1918-9-17,United Kingdom
R. H. Dulany,1861,1906-10-31,Confederate States of America
R. Hamilton,1865,1881-1-20,Union
R. H. Cosgriff,1865,1910-11-2,Union
R. H. Anderson,1842,1879-6-26,Confederate States of America
R. Grindall,1805,1820-5-23,Great Britain
R. Griffith,1846,1862-6-29,United States of America
R. Gasson,1864,1864-9-29,United States of America
R. G. Wilson,1950,1950-10-21,United States of America
R. G. Stilwell,1938,1991-12-25,United States of America
R. G. Desautels,1952,1953-1-1,United States of America
R. F. Martin,1954,2006-9-1,United Kingdom
R. F. Jolly,1939,1939-10-16,United Kingdom
R. Etchberger,1968,1968-3-11,United States of America
Richard Ernest William Turner,1919,1961-6-19,Canada
R. Enderlin,1861,1930-2-11,United States
R. E. Nugent,1951,1979-11-5,United States
R. E. Kraus,1944,1944-10-3,United States of America
R. E. Hawes,1952,1968-12-30,United States
R. E. Fleming,1942,1942-6-5,United States of America
R. E. Bush,1942,2004-6-7,United States of America
R. Doyle,1807,1807-6-27,United States of America
R. Dennis,1866,1889-4-14,United States
R. Delafield,1866,1873-11-5,Union
R. D. Thomas,1857,1857-8-21,United Kingdom
R. Dacres,1837,1837-1-22,Great Britain
R. Dacres,1817,1886-12-6,United Kingdom
R. D. Kisling,1973,1985-11-3,United States
R. D. Dunphy,1864,1904-11-23,United States
R. Cowan,1944,1944-12-17,United States of America
R. Coulter,1848,1908-10-14,United States of America
R. Conner,1865,1923-11-4,Union
R. C. Saufley,1916,1916-6-9,United States of America
R. C. Mangrum,1967,1985-9-28,United States of America
R. C. Drum,1889,1909-10-15,Union
R. Byron,1814,1837-0-0,United Kingdom
R. Byrnes,1864,1864-6-10,United States of America
