col0,col1,col2,col3
R. Busteed,1862,1898-9-14,United States of America
R. B. Munday,1931,1932-7-11,United Kingdom
R. Bull,1942,1942-2-5,United States of America
R. Binder,1865,1912-2-26,Union
R. Barrett,1872,1898-3-20,United States of America
R. B. Paddock,1901,1901-3-9,United States of America
R. B. Garnett,1841,1863-7-3,Confederate States of America
R. B. Anderson,1944,1944-2-1,United States of America
R. Arnold,1882,1882-11-8,Union
R. A. Jaccard,1942,1942-9-15,United States of America
R. A. Pittman,1968,2016-10-13,United States
R. Åkerman,1963,1981-6-23,Sweden
R. E. Graves,1863,1863-9-20,CSA
R. McGrigor,1955,1959-12-3,United Kingdom
"Reuben D. Mussey, Jr.",1861,1892-5-29,Union
R. Laverdure,1914,1914-11-13,France
R. F. Lecomte,1785,1793-10-15,First French Republic
R. Fonck,1918,1953-6-18,France
René Edward De Russy,1865,1865-11-23,United States of America
R. Doumer,1917,1917-4-26,France
R. Gagnon,1946,1979-10-12,United States of America
R. Zhu,1867,1867-1-1,Nien Rebellion(to 1867)
R. Laverdure,1914,1914-11-13,France
R. F. Lecomte,1785,1793-10-15,First French Republic
R. Fonck,1918,1953-6-18,France
René Edward De Russy,1865,1865-11-23,United States of America
R. Doumer,1917,1917-4-26,France
R. v. Woyrsch,1911,1920-8-6,(to 1918)
R. J. Keppler,1942,1942-11-13,United States
R. Rodríguez,1971,1971-1-15,United States of America
R. B. Lowry,1880,1880-11-25,United States of America
R. Waaler,1919,1979-2-5,United States of America
R. Servaes,1948,1978-11-18,United Kingdom
R. R. Myers,1967,2005-10-23,United States of America
R. Pinney,1884,1943-2-18,United Kingdom
R. Maxwell,1945,1941-4-1,United Kingdom
R. Makepeace,1918,1918-5-28,United Kingdom
R. Kerr,1949,1974-11-1,United Kingdom
R. Hobbs,1960,1977-0-0,United Kingdom
R. G. Malcolm,1917,1918-12-16,George Vof theBritish Empire
R. F. Nicholson,1864,1939-12-19,United Statesof America
R. Charley,1919,1986-0-0,United Kingdom
R. C. Harmon,1960,1992-10-23,United States
R. B. Stephens,1931,1955-4-6,United Kingdom
R. Brie,1922,1988-0-0,United Kingdom
R. Bacon,1909,1947-1-1,United Kingdom
R. B. Desiderio,1950,1950-11-27,United States of America
R. Buller,1901,1908-6-2,/British Empire
R. H. Mulock,1935,1961-1-23,George Vof theBritish Empire
R. Pellegrin,1988,1988-1-1,25pxManuel Rodríguez Patriotic Front
R. Zussman,1944,1944-9-21,United States of America
R. Westerling,1950,1987-11-26,Netherlands
R. P. Rodgers,1911,1925-12-28,United States of America
R. O. Beaudoin,1945,1945-4-6,United States of America
R. Murray,1935,2004-11-11,United States of America
Raymond M. Clausen Jr.,1970,2004-5-30,United States of America
R. Lygo,1978,2012-3-7,United Kingdom
R. Leane,1938,1962-6-25,Australian Army
R. L. Knight,1945,1945-4-25,United States of America
R. J. Reeves,1969,1998-11-16,United States of America
R. Harvey,1962,1996-11-18,United States of America
R. Hart,1963,1999-8-6,United Kingdom
R. G. Murphy,1951,2007-4-6,United States of America
R. F. Jr.,1942,1942-9-14,United States of America
R. Duc,1940,1950-9-19,France
R. D. Tarbuck,1950,1986-11-15,United States of America
R. Couraud,1944,1977-1-1,France
R. W. Herndon,1942,1942-9-14,United States of America
R. K. Edwards,1942,1942-9-12,United States of America
R. E. Eubanks,1944,1944-7-23,United States of America
R. A. Robinson,1957,1976-3-26,United States of America
R. M. Tompkins,1971,1999-1-1,United States of America
R. Delić,2000,2010-4-16,Republic of Bosnia and Herzegovina
R. J. Moses,1865,1893-10-13,20pxConfederate States of America
R. Stojsavljevic,1925,1930-9-2,Austria
R. Salan,1959,1984-7-3,"20pxFrance,"
R. Magrin-Vernerey,1964,1964-6-3,French Army
R. P. Madalana,2009,2009-4-28,Sri Lanka
R. Zane,1918,1918-10-24,United States
R. R. Bruce,1918,1957-12-29,Australia
R. M. Holder,1942,1942-6-5,United States of America
R. C. Berkeley,1939,1960-1-31,United States of America
R. B. Marcy,1832,1887-11-22,Union
R. S. Mackenzie,1862,1889-1-19,Union
Ramón Power y Giralt,1809,1813-6-10,Spanish Navy
R. Núñez-Juárez,1952,1952-8-9,United States of America
R. A. Caamaño,1930,1930-11-26,Spain
R. S. Subejano,1948,1988-9-16,United States of America
R. Parameshwaran,1987,1987-11-25,Republic of India
R. R. Rane,1968,1994-7-11,India
R. S. Thakuri,1974,2002-4-15,"INA, India"
R. D. Katari,1962,1983-0-0,(1927-1947)
Ramón Power y Giralt,1809,1813-6-10,Spanish Navy
R. Núñez-Juárez,1952,1952-8-9,United States of America
R. A. Caamaño,1930,1930-11-26,Spain
R. W. Miller,1778,1799-5-14,United Kingdom ofGreat Britain and Ireland
R. W. Christie,1949,1987-12-19,United States of America
R. W. Cousins,1975,2009-8-5,United States of America
R. U. Hyde,1947,1970-5-12,United States of America
R. Talbot,1918,1918-10-25,United States of America
R. S. Keyser,1937,1955-4-19,United States of America
R. Parr,1976,2012-12-7,United States of America
R. M. Rich,1939,1942-6-18,United States of America
R. Leatham,1946,1954-3-10,United Kingdom
R. Ignatowski,1945,1945-3-7,United States of America
R. Houser,1961,2001-2-1,United States of America
R. H. Spanjer,1978,1999-2-8,United States of America
R. H. Johnson,1968,1968-3-5,United States of America
R. Gibson,1974,2009-1-2,United States of America
R. G. Neppel,1946,1987-1-27,United States of America
R. F. Stearley,1954,1973-2-3,United States of America
R. Earle,1927,1939-2-13,United States of America
R. E. Dias,1969,1969-11-11,United States
R. Cheli,1944,1944-3-6,United States of America
R. Canine,1957,1969-3-8,United States of America
R. B. Deedes,1946,1954-3-3,United Kingdom
R. Rhodes,1961,2007-11-26,United States of America
R. E. Colston,1861,1896-7-29,Confederate States of America
R. S. Adhikari,1999,1999-5-30,Republic of India
R. V. Belyayeva,1943,1943-7-19,Soviet Union
R. Beqiri,2001,2001-8-1,*18pxNational Liberation Army(NLA) (2001)
R. Colvin,1944,1954-2-22,United Kingdom
R. Ileto,1978,2003-6-19,22x20px|borderRepublic of the Philippines
R. Conti,1814,1814-0-0,Spanish Army
