col0,col1,col2,col3
M. Bevin,United States Army,Kentucky Governor's Mansion,1967-01-09
M. Spencer,United States Army,Louisiana,1892-06-11
M. T. Culpepper,United States Army,Louisiana,1908-11-26
M. Abney,United States Army,"Newport, Rhode Island",1949-11-10
M. Hagedorn,United States Navy,"Meridian, Idaho",1956-03-02
M. L. Feldman,"Judge Advocate General's Corps, United States Army",Louisiana,1934-01-28
M. Parker,United States Marine Corps,South Carolina,1922-04-25
M. Chrisman,United States Army,Arkansas,1933-05-01
M. White,Texas National Guard,Houston,1940-03-17
M. Miloscia,United States Air Force,"Federal Way, Washington",1958-09-13
M. Lippert,United States Navy,Seoul,1973-02-28
M. Lancaster,Royal Engineers,"Olney, Buckinghamshire",1970-05-12
M. Kirk,United States Navy,"Fort Sheridan, Illinois",1959-09-15
M. Green,United States Army,"Ashland City, Tennessee",1964-11-8
M. Dudenhefer,United States Marine Corps,"Stafford, Virginia",1952-09-25
M. Cole,United States Navy,"Spotsylvania County, Virginia",1958-06-06
M. Amodei,United States Army,"Carson City, Nevada",1958-06-12
M. Civera,United States Air Force,"Upper Darby Township, Pennsylvania",1946-06-19
M. Simon,United States Army,"Falls Church, Virginia",1970-07-01
M. Hernandez,Royal Netherlands Army,Netherlands,1974-04-20
M. Steele,United States Navy,"Sioux Falls, South Dakota",1940-02-06
M. Hebert,United States Navy,"Alexandria, Louisiana",1926-10-25
M. Ahmadinejad,Army of the Guardians of the Islamic Revolution,Tehran,1956-10-28
M. Shirley,United States Army,"Rexburg, Idaho",1933-07-24
L. Ireland,United States Army,"Pullman, West Virginia",1942-0-0
L. A. Davis,Arkansas Army National Guard,Arkansas,1933-07-07
L. J. Michot,United States Marine Corps,Louisiana,1922-11-05
L. A. Bafalis,United States Army,Florida,1929-09-28
L. O. Aulds,United States Navy,Louisiana,1925-08-14
L. F. Wheat,United States Army,Louisiana,1923-04-27
L. Murphy,United States Air Force,"Tucson, Arizona",1933-11-02
L. Glasgow,United States Army,"Baton Rouge, Louisiana",1914-03-29
L. Brezhnev,Red Army,Moscow,1906-12-19
L. Christian,United States Air Force,"Spokane Valley, Washington",1965-09-22
L. Braithwaite,Royal Canadian Air Force,Etobicoke,1923-10-23
L. Boswell,United States Army,"Des Moines, Iowa",1934-01-10
L. B. Jordan,United States Army,"Boise, Idaho",1899-05-15
L. T. McCarthy,United States Air Force,"San Francisco, California",1930-08-15
L. E. Blaylock,United States Air Force,Arkansas,1918-12-08
L. Zeldin,United States Army,"Shirley, New York",1980-01-30
L. Tafanelli,Kansas Army National Guard,"Ozawkie, Kansas",1961-03-09
L. Leffingwell,United States Navy,"Austin, Texas",1939-10-13
Le Roy D. Downs,United States Army,Connecticut,1900-04-11
L. Lewis,United States Army,Virginia,1767-04-04
L. Curtis,United States Navy,Massachusetts,1893-09-03
L. Scott,United States Air Force,"Reno, Nevada",1963-8-25
L. Williams,United States Army,"Tunnelton, West Virginia",1943-11-17
L. Parker,United States Navy,"Alexandria, Louisiana",1922-04-01
L. LaRocco,United States Army,"McCall, Idaho",1946-08-25
L. Craig,United States Army National Guard,"Eagle, Idaho",1945-07-20
L. Bucshon,United States Navy Reserve,"Newburgh, Indiana",1962-05-31
L. G. Jr.,United States Army,Florida,1924-06-13
L. Carson,United States Army,Louisiana,1947-08-21
L. E. Putney,United States Air Force,"Bedford, Virginia",1928-06-27
"L. "". Napper",United States Navy,Louisiana,1925-01-19
K. Olson,United States Air Force,"Soldotna, Alaska",1948-03-24
K. Lay,Myanmar Army,Yangon,1931-10-31
K. Jong-nam,Korean People's Army,Macau,1971-05-10
K. Il-sung,Red Army,Pyongyang,1912-04-15
K. Dekanoidze,Ministry of Internal Affairs,Ukraine,1977-01-20
K. Scarce,Royal Australian Navy,Adelaide,1952-05-04
K. Craig,United States Army,"Huntington, West Virginia",1968-07-28
K. Bentivolio,Michigan Army National Guard,"Milford, Michigan",1951-10-06
K. Sheets,United States Marine Corps,Texas,1976-11-06
K. Osterberger,United States Army,"Baton Rouge, Louisiana",1930-04-03
Kenneth L. Odinet Sr.,United States Army,Louisiana,1930-10-09
K. Stolle,United States Navy,"Virginia Beach, Virginia",1954-07-07
K. Ito,United States Air Force,"Kaneohe, Hawaii",1944-04-29
K. Hechler,United States Army,"Slanesville, West Virginia",1914-09-20
K. Andrus,United States Army,"Lava Hot Springs, Idaho",1935-07-14
K. M. Pyburn,United States Army,"Shreveport, Louisiana",1910-12-21
K. Farnham,United States Naval Reserve,"Elgin, Illinois",1947-09-22
K. McCrimmon,Royal Canadian Air Force,"Woodlawn, Ontario",1959-0-0
K. D. Beyer,United States Air Force,"Lower Saucon Township, Pennsylvania",1962-06-15
K. Camper,United States Army,"Memphis, Tennessee",1958-01-15
K. Habibollahi,Imperial Iranian Navy,United States,1930-02-01
J. Hobson,United States Army,"Southwest, Washington, D.C.",1922-0-0
J. A. Garcia,United States Army,Texas,1941-07-02
J. Diez,United States Air Force,Louisiana,1944-08-18
J. Pichardo,Air National Guard,"Providence, Rhode Island",1966-10-21
J. E. Serrano,United States Army,New York,1943-10-24
J. Manolić,Yugoslav Partisans,Croatia,1920-03-22
J. Chamberlain,Union Army,Maine,1828-09-08
J. Zarelli,United States Navy,"Ridgefield, Washington",1961-10-07
J. P. Kolter,United States Army,"New Brighton, Pennsylvania",1926-09-03
J. P. Johnson,United States Air Force,"Abingdon, Virginia",1931-12-12
"Joseph O. Rogers, Jr.",United States Army,South Carolina,1921-10-08
J. Hogan,United States Navy,Las Vegas Valley,1937-08-10
"Joseph F. Mullins, Jr.",United States Marine Corps,Florida,1927-06-04
J. Clancy,United States Secret Service,Washington D.C.,1946-04-06
J. Bouchard,United States Navy,"Virginia Beach, Virginia",1954-07-17
J. Tosado,United States Navy,Massachusetts,1953-12-18
J. E. Serrano,United States Army,New York,1943-10-24
J. Paton,United States Army Reserve,"Tucson, Arizona",1971-06-10
J. Corzine,United States Marine Corps,"Hoboken, New Jersey",1947-01-01
J. Windle,Tennessee Army National Guard,"Livingston, Tennessee",1962-05-21
J. Williams,United States Army,Colonel John Williams House,1778-01-29
J. Watkins,United States Army,"Midlothian, Virginia",1947-03-01
J. Warner,United States Marine Corps,Virginia,1927-02-18
J. W. Davis,National Guard of the United States,"Pawtucket, Rhode Island",1826-03-07
J. W. Bricker,United States Army,Ohio,1893-09-06
J. T. Wood,United States Army,"Coeur d'Alene, Idaho",1878-11-25
J. Steen,United States Army Reserve,"San Antonio, Texas",1949-0-0
J. Spratt,United States Army,"York, South Carolina",1942-11-01
J. Shimkus,United States Army Reserve,"Collinsville, Illinois",1958-02-21
J. Sharp,United States Army,"Austin, Texas",1950-07-28
J. Salazar,United States Army,"Manassa, Colorado",1953-07-21
J. S. Tanner,United States Navy,"Union City, Tennessee",1944-09-22
J. S. Edwards,United States Marine Corps,Virginia,1943-10-06
J. R. Blue,United States Army,West Virginia,1905-10-13
J. Pappageorge,United States Army,"Troy, Michigan",1931-07-19
J. P. MacBeth,Royal Canadian Navy,Ontario,1921-11-19
J. Otto,United States Army,Texas,1948-1-1
J. Murtha,United States Marine Corps,"Johnstown, Pennsylvania",1932-06-17
J. McCoy,United States Air Force,"Tulalip, Washington",1943-10-29
J. Magufuli,National Service,Dar es Salaam,1959-10-29
J. Linder,United States Air Force,"Duluth, Georgia",1942-09-09
J. L. Brownlee,United States Army,"Great Falls, Virginia",1965-01-31
J. J. Doles,United States Army,Louisiana,1895-04-26
J. Huffman,United States Army,"The Dalles, Oregon",1957-1-1
J. Hornaman,United States Army,"Millcreek Township, Erie County, Pennsylvania",1947-02-13
J. Harper,United States Air Force,Kentucky,1930-05-03
"John Hall Buchanan, Jr.",United States Navy,"Birmingham, Alabama",1928-03-19
J. Glenn,United States Marine Corps,"Columbus, Ohio",1921-07-18
J. George,"Isle of Wight County, Virginia","Isle of Wight County, Virginia",1603-1-1
J. G. Good,United States Navy,"Beaver, Pennsylvania",1926-05-17
J. Flerlage,United States Marine Corps,"Jefferson County, Colorado",1958-01-29
J. Fleming,United States Navy,"Minden, Louisiana",1951-07-05
J. Fishwick,United States Navy,Virginia,1916-09-29
J. E. Peterson,United States Army,"Pleasantville, Venango County, Pennsylvania",1938-12-25
"John E. Lyle, Jr.",United States Army,Texas,1910-09-04
J. Davoren,United States Navy,"Dennis, Massachusetts",1915-07-27
J. Davidson,United States Navy,Illinois,1924-08-31
J. Cosgrove,United States Navy,"Chesapeake, Virginia",1954-06-07
J. Conyers,United States Army,"Detroit, Michigan",1929-05-16
J. Carroll,United States Army,"Honokaa, Hawaii",1929-12-18
J. C. West,United States Army,"Camden, South Carolina",1922-08-27
"John C. Harvey, Jr.",United States Navy,"Vienna, Virginia",1951-12-17
J. C. Bowen,Canadian Expeditionary Force,Edmonton,1872-10-03
J. B. Hussey,United States Army Reserve,Louisiana,1930-9-26
J. Boccieri,United States Air Force,"Poland, Ohio",1969-10-05
J. Biddle,United States Army,"Detroit, Michigan",1792-03-02
J. Bell,United States Air Force,"South Riding, Virginia",1963-01-29
J. B. White,United States Army,West Virginia,1868-08-24
J. B. White,United States Army,"Romney, West Virginia",1794-08-04
J. A. Volpe,United States Navy,United States,1908-12-08
J. T. May,United States Army,Virginia,1937-06-08
J. M. Kilgore,United States Army Air Corps,Texas,1918-12-10
J. Knollenberg,United States Army,"Bloomfield Township, Oakland County, Michigan",1933-11-28
J. E. Kernan,United States Navy,"South Bend, Indiana",1946-04-08
J. Deshotel,United States Air Force Reserve,Texas,1951-12-03
J. Arpaio,United States Army,Arizona,1932-06-14
J. Higdon,United States Army,Kentucky,1953-07-15
J. Duncan,United States Army,"Knoxville, Tennessee",1947-07-21
J. Carter,United States Navy,Georgia,1924-10-01
J. Lee,United States Air Force,"Elizabethtown, Kentucky",1937-03-27
J. Hall,United States Army,"Albuquerque, New Mexico",1947-11-29
J. Stamas,United States Army,"Midland, Michigan",1965-02-17
J. Sheets,United States Army,Arkansas,1931-03-29
J. Ramstad,United States National Guard,"Minnetonka, Minnesota",1946-05-06
J. Nickels,United States Army,"Sherwood, Arkansas",1947-09-10
J. Mitchell,United States Army,"Leesville, Louisiana",1946-03-31
J. McDermott,United States Navy,Seattle,1936-12-28
J. Martin,United States Army,Atlanta,1945-08-22
J. Marshall,United States Army,"Macon, Georgia",1948-03-31
J. Marriott,United States Army,"Blackfoot, Idaho",1934-12-10
J. Kolbe,United States Navy,"Tucson, Arizona",1942-06-28
J. Jones,United States Army,"Boise, Idaho",1942-05-13
J. Howell,United States Air Force,"St. Charles, Michigan",1949-04-29
J. Herring,United States Army,Mississippi,1938-1-1
J. Hendren,United States Air Force,"Benton County, Arkansas",1963-08-12
J. G. Tucker,United States Marine Corps Reserve,"Little Rock, Arkansas",1943-06-13
J. Caldwell,United States Air Force,Oklahoma,1936-0-0
J. Banks,United States Navy,"Columbia City, Indiana",1979-07-16
J. E. Patterson,United States Marine Corps,"Austin, Texas",1946-11-15
J. C. II,United States Army,"Smithton, Illinois",1969-02-13
"J. "". Gisclair",United States Air Force,"Lafourche Parish, Louisiana",1948-02-07
J. Crowley,Union Army,"Lowell, Massachusetts",1832-01-12
J. Bratlie,Norwegian Army,Utøya,1856-01-17
J. Carroll,United States Navy,"Fleming Island, Florida",1959-08-27
J. Piccola,United States Air Force,"Susquehanna Township, Dauphin County, Pennsylvania",1948-05-16
J. P. Victory,Louisiana National Guard,Louisiana,1946-01-29
J. Reardon,United States Navy,"Portland, Oregon",1947-0-0
J. Holy,United States Army,"Four Lakes, Washington",1955-10-25
J. Gorell,United States Navy,"Camarillo, California",1970-11-06
J. Frederick,United States Navy,"Montclair, Virginia",1975-09-23
J. Denham,Air Force Reserve Command,"Atwater, California",1967-07-29
J. Baxter,United States Air Force,Washington,1960-09-19
J. Ives,United States Army,"Wheaton, Illinois",1965-10-04
J. Rodne,United States Marine Corps,"Snoqualmie, Washington",1966-03-21
J. Chen,United States Navy,California,1978-02-23
Jared Y. Sanders Jr.,France,"Baton Rouge, Louisiana",1892-04-20
J. v. Zanen,Royal Netherlands Air Force,Netherlands,1961-09-04
J. W. Trimble,United States Army,Arkansas,1894-02-03
J. V. Stanton,United States Air Force,"Potomac, Maryland",1932-02-27
J. U. Downs,United States Army,North Carolina,1941-09-15
J. R. Nowlin,United States Army,"San Antonio, Texas",1937-11-21
J. R. Fannin,Louisiana National Guard,"Jackson Parish, Louisiana",1949-05-30
