col0,col1,col2,col3
J. R. Eubank,United States Army,"Alexandria, Louisiana",1914-12-08
J. Patrick,Idaho Army National Guard,"Twin Falls, Idaho",1945-07-01
J. N. Lee,United States Army,Louisiana,1923-10-19
J. Monroe,Continental Army,Ash Lawn–Highland,1758-04-28
"James Molyneaux, Baron Molyneaux of Killead",Royal Air Force,County Antrim,1920-08-27
J. Madison,Virginia Army National Guard,Montpelier,1750-3-5
J. M. Goslin,United States Army,Louisiana,1915-08-27
J. M. Collins,United States Army,Texas,1916-04-29
James L. Cathey Jr.,United States Air Force,Louisiana,1919-09-18
J. E. Nugent,United States Navy,Texas,1922-06-24
J. D. Cain,United States Army,"Beauregard Parish, Louisiana",1938-10-13
J. C. Tappan,Confederate States Army,Arkansas,1825-09-09
J. C. Russell,United States Marine Corps,"St. Louis County, Missouri",1928-11-04
J. Boyce,United States Navy,"Baton Rouge, Louisiana",1922-10-06
J. Allred,United States Navy,Texas,1899-03-29
J. A. McClure,United States Navy,"Payette, Idaho",1924-12-27
J. Adcock,United States Army,Louisiana,1917-08-09
J. W. Cameron,United States Coast Guard,Louisiana,1913-04-17
J. Kikwete,Tanzanian Army,Msoga,1950-10-07
J. Lambie,Australian Army,"Burnie, Tasmania",1971-02-26
J. Miller,United States Army,"Manassas, Virginia",1967-04-30
J. McGregor,United States Marine Corps,"Bridgeport, Connecticut",1934-09-22
J. M. Campbell,United States Marine Corps,"Albuquerque, New Mexico",1916-09-10
J. E. Hightower,United States Navy,"Austin, Texas",1926-09-06
J. Bowen,Rhode Island Army National Guard,"Providence, Rhode Island",1739-06-02
J. T. Rutherford,United States Marine Corps,Virginia,1921-05-30
J. K. Nix,United States Army,"Baton Rouge, Louisiana",1934-10-06
J. J. Garrahy,United States Air Force,"East Greenwich, Rhode Island",1930-11-26
J. C. Boggs,United States Army,"Cheswold, Delaware",1909-05-15
J. Allen Frear Jr.,United States Army,Delaware,1903-03-07
"I. "". Curtis",United States Army,"Alexandria, Louisiana",1932-09-11
I. Parsons,Virginia militia,"Romney, West Virginia",1752-01-27
I. B. Thompson,United States National Guard,"Luverne, Alabama",1889-04-09
I. Kasidiaris,Hellenic Army,Greece,1980-11-29
H. Crawford,United States Marine Corps,"Novi, Michigan",1941-10-23
H. Blackwell,United States Army Reserve,"Valdese, North Carolina",1944-07-14
H. Lind,United States Navy,United States,1957-10-03
H. Melcher,Union Army,Maine,1841-06-30
H. L. Fuller,American Expeditionary Force,Louisiana,1899-01-05
H. Myint,Myanmar Army,Yangon,1948-0-0
H. Welker,United States Army Air Forces,"Payette, Idaho",1906-12-11
H. Goldner,United States Navy,"St. Petersburg, Florida",1916-11-12
H. O'Conor,United States Navy,Maryland,1896-11-17
H. J. Wallenstein,United States Army,"Delray Beach, Florida",1917-08-01
H. Dixon,United States Navy,"Alexandria, Louisiana",1949-07-29
H. Bautista,Philippine Army,Quezon City,1968-05-12
H. Rice,United States Army,Boston,1786-01-15
H. M. Britt,United States Army,Arkansas,1919-06-19
H. L. Marsh,United States Army,"Richmond, Virginia",1933-12-10
"Henry E. Brown, Jr.",United States National Guard,"Hanahan, South Carolina",1935-12-20
H. Dworshak,United States Army,"Burley, Idaho",1894-08-29
H. C. Sevier,United States Army,Louisiana,1896-01-24
H. Burns,United States Army,"Bossier Parish, Louisiana",1947-03-02
H. Bethard,United States Navy,Louisiana,1924-12-09
H. B. Pierce,Union Army,"Abington, Massachusetts",1841-08-06
Henry A. du Pont,United States Army,"Greenville, Delaware",1838-07-30
H. Santana,United States Navy,"Detroit, Michigan",1972-07-10
H. Morgan,United States Navy,"Gloucester County, Virginia",1930-08-18
H. Milk,United States Navy,San Francisco,1930-05-22
H. L. Carey,United States Navy,Arkansas,1915-01-19
H. R. Purkey,United States Army,"Virginia Beach, Virginia",1934-07-13
H. M. Wurzbach,United States Army,Texas,1874-05-19
H. K. White,United States Navy,"Gilbert, West Virginia",1946-02-05
"Harry C. Goode, Jr.",United States Army,Florida,1938-03-06
H. M. III,United States Marine Corps,"Wilmington, Delaware",1940-03-15
H. N. Jr.,United States Army Reserve,Massachusetts,1960-07-04
H. Metts,Rhode Island National Guard,"Providence, Rhode Island",1947-10-06
H. H. Budge,United States Navy,"Boise, Idaho",1910-11-21
H. Wick,Iowa Air National Guard,"Sioux Falls, South Dakota",1944-10-31
H. Rogers,Army National Guard,"Somerset, Kentucky",1937-12-31
H. L. Mitchell,United States Army,Louisiana,1895-08-17
H. F. Pettit,United States Air Force,Kentucky,1930-08-24
G. Sockrider,United States Army,Louisiana,1921-11-05
G. Hall,United States Navy,New York,1910-10-08
G. B. Sr.,Continental Army,Delaware,1742-04-07
G. Barrett,United States Army,South Carolina,1961-02-14
G. Honasan,Philippine Army,Manila,1948-03-14
G. Brower,United States Navy,Nevada,1964-02-08
G. Ball,United States Air Force,"Carmel, New York",1977-09-16
Graydon K. Kitchens Jr.,United States Army,Louisiana,1936-07-19
G. Davis,United States Army,California,1942-12-26
G. W. White,United States Army,Florida,1924-09-16
G. Helsel,United States Army,"Poquoson, Virginia",1947-01-09
G. Mills,Canadian Forces Military Police,"Orono, Ontario",1928-03-30
G. Teodoro,Philippine Air Force,Philippines,1964-06-14
"G. "". Wilson",United States Air Force,New Jersey,1947-03-17
G. Kahele,United States Marine Corps,"Hilo, Hawaii",1942-05-15
G. Dozier,United States Air Force,"Baton Rouge, Louisiana",1934-03-19
G. Lewis,United States Air Force,Texas,1936-08-22
G. Jeddi,Islamic Republic of Iran Air Force,Hamadan,1945-1-1
G. LaValle,United States Marine Corps,"Rochester, Pennsylvania",1932-01-25
"Gerald Grosvenor, 6th Duke of Westminster",British Army,"Eaton Hall, Cheshire",1951-12-22
G. Garson,U.S. Air Force,Upper East Side,1932-08-03
George W. Hardy Jr.,United States Army,Louisiana,1900-01-15
G. W. D'Artois,United States Marine Corps,Louisiana,1925-12-25
G. W. Bush,Texas Air National Guard,Dallas,1946-07-06
G. V. Hansen,United States Air Force,"Pocatello, Idaho",1930-09-14
G. T. Smith,United States Navy,Georgia,1916-10-15
G. Ryan,United States Army,"Kankakee, Illinois",1934-02-24
G. Nigh,United States Navy,"Oklahoma City, Oklahoma",1927-06-09
G. Mathews,Continental Army,Georgia,1739-08-30
G. M. Foote,United States Marine Corps,Alexandria Garden District,1919-11-04
