col0,col1,col2,col3
C. Reed,United States Navy,"Marion, Iowa",1972-1-1
C. Coutu,United States Air Force,"Norwich, Connecticut",1976-08-28
C. Swartz,Union Army,Connecticut,1846-06-15
C. McDaniel,United States Army,"Taylor Mill, Kentucky",1977-07-19
C. Stewart,United States Air Force,"Farmington, Utah",1960-07-15
C. Gibson,United States Army,"Kinderhook, New York",1964-05-13
C. Collins,United States Army,"Winchester, Virginia",1971-03-22
C. Carney,United States Navy,"Dimock Township, Pennsylvania",1959-03-02
C. Moon-soon,Republic of Korea Army,Korea,1956-02-04
C. Cravaack,United States Navy,"Lindstrom, Minnesota",1959-01-29
C. A. Clark,United States Army,"Boise, Idaho",1883-08-20
C. Gonzalez,United States Air National Guard,"San Antonio, Texas",1945-05-05
C. Sargent,United States Navy,"Franklin, Tennessee",1945-02-03
C. Rangel,United States Army,"Manhattan, New York",1930-06-11
C. R. Herring,United States Navy,"Alexandria, Louisiana",1945-01-14
C. Pingle,Canadian Expeditionary Force,Alberta,1880-10-16
C. Holcomb,United States Air Force Reserve,Texas,1933-1-1
C. H. Marks,United States Marine Corps,"Prince George County, Virginia",1921-1-31
C. G. Edwards,Georgia National Guard,"Savannah, Georgia",1878-07-02
C. Foti,United States Army,Louisiana,1937-11-30
C. Evers,United States Army,Mississippi,1922-09-11
Charles Emery Tooke Jr.,United States Navy,Louisiana,1912-07-19
C. E. McKenzie,United States Army,Louisiana,1896-10-03
C. E. Jefferson,United States Army,"Rockford, Illinois",1945-03-31
C. B. Clark,United States Army,Wisconsin,1844-08-24
C. A. Wickliffe,United States Army,Wickland,1788-06-08
C. A. Stott,Union Army,"Lowell, Massachusetts",1835-08-18
C. A. Ray,United States Army,Maryland,1945-1-1
C. A. Marvin,United States Air Force,"Minden, Louisiana",1929-07-18
C. Magendanz,United States Navy,"Mirrormont, Washington",1967-05-24
C. R. Blair,United States Navy,"Alexandria, Louisiana",1916-04-02
C. D. Andrus,United States Navy,"Boise, Idaho",1931-08-25
C. S. Long,United States Navy,"Washington, D.C.",1924-02-07
C. Ross,United States Army,"Blue Springs, Missouri",1946-12-15
C. Uresti,United States Marine Corps,Texas,1963-09-12
C. Bilbao,United States Navy,"Emmett, Idaho",1936-11-14
C. Pouliot,Canadian Army,Quebec,1897-11-29
C. Antoine,United States Army,Louisiana,1836-9-1
C. O. Simpkins Sr.,United States Air Force,Louisiana,1925-01-13
C. J. Bolin,United States Navy,Louisiana,1924-12-01
C. A. Robins,United States Army,"Lewiston, Idaho",1884-12-08
C. A. Bottolfsen,United States Army,"Arco, Idaho",1891-10-10
B. M. Tunnell,United States Navy Air Corps,"Austin, Texas",1925-10-14
B. Otter,United States Army,State of Idaho Executive Residence,1942-05-03
B. Lentz,United States Army,"Swarthmore, Pennsylvania",1964-6-5
B. M. Cutting,United States Army,"Santa Fe, New Mexico",1888-06-23
B. W. Stewart,United States Army,"Freeport, Illinois",1957-10-25
B. Paxton,United States Army,"Poca, West Virginia",1947-01-21
B. Wenstrup,United States Army Reserve,"Cincinnati, Ohio",1958-06-17
B. Klippert,Washington Army National Guard,"Kennewick, Washington",1957-06-27
B. A. Tackett,United States Army,Arkansas,1911-05-09
B. Rush,United States Army,"Chicago, Illinois",1946-11-23
B. Turner,United States Army,"Breezy Point, Queens",1941-05-02
B. Tata,United States Army,"Virginia Beach, Virginia",1930-01-27
B. Miller,United States Army Reserve,"Henderson, Nevada",1945-03-30
B. M. Sr.,United States Navy,Washington,1926-04-20
B. Katter,Australian Army Reserve,"Charters Towers, Queensland",1945-05-22
B. Herron,United States Marine Corps,"Bethel, Alaska",1951-03-09
B. Haukoos,United States Navy,"Albert Lea, Minnesota",1931-06-21
B. Hall,United States Air Force,Texas,1942-03-05
B. Etheridge,United States Army,"Lillington, North Carolina",1941-08-07
B. Cohee,United States Navy,Arkansas,1938-08-17
B. Bastian,United States Air Force,"Friedens, Pennsylvania",1938-10-21
B. Armstrong,United States Navy,"Austin, Texas",1932-11-07
B. Ackal,Louisiana Army National Guard,Louisiana,1934-11-25
B. Bayh,United States Army,"Easton, Maryland",1928-01-22
B. Guin,United States Marine Corps,Louisiana,1927-11-14
B. Workman,United States Army,South Carolina,1940-07-03
B. V. Gerpen,Air National Guard,"Tyndall, South Dakota",1949-03-16
B. Nelson,United States Army,"Miami, Florida",1942-09-29
B. Killen,United States Navy,"Boise, Idaho",1938-11-05
B. Garrard,United States Air Force,"Klamath Falls, Oregon",1940-05-10
B. Frenzel,United States Naval Reserve,"McLean, Virginia",1928-07-31
B. DeWeese,United States Marine Corps,"Waynesburg, Pennsylvania",1950-04-18
B. DeSteph,United States Navy,"Virginia Beach, Virginia",1964-10-28
B. Clements,United States Army Corps of Engineers,Texas,1917-04-13
B. Adam,United States Army,Mississippi,1894-01-12
B. Stevenson,United States Army,"Rupert, Idaho",1936-02-09
B. Adams,Louisiana National Guard,Louisiana,1916-10-23
B. G. Brown,Union Army,"St. Louis, Missouri",1826-05-28
B. B. Blackburn,United States Navy,Georgia,1927-02-14
B. Reyes,United States Marine Corps,Houston,1947-02-16
B. Gordon,United States Army,"Murfreesboro, Tennessee",1949-01-24
B. R. Patton,United States Army,"Union Parish, Louisiana",1920-09-15
"B. H. ""Johnny"" Rogers",United States Army,Louisiana,1905-10-05
A. M. Kyu,Myanmar Army,Naypyidaw,1947-12-21
"Austin Van Catterton, Sr.",United States Army,Florida,1913-01-26
A. T. Lin,Myanmar Army,Yangon,1949-07-10
A. P. Martin,Union Army,Massachusetts,1835-11-23
A. Eve,United States Army,"Buffalo, NY",1933-03-23
A. Williams,United States Army,"Rexburg, Idaho",1898-05-21
A. F. Gregorio,United States Navy,Oregon,1931-09-11
A. Trillanes,Philippine Navy,Caloocan City,1971-08-06
A. F. Keeler,United States Army,"South Norwalk, Connecticut",1887-09-22
A. Santabarbara,United States Army Reserve,Rotterdam,1972-09-14
