col0,col1,col2,col3,col4
United States Air Force,HH-60 Pave Hawk,General Dynamics F-16 Fighting Falcon,C-17 Globemaster III,The Pentagon
Turkish Air Force,Bell UH-1 Iroquois,F-16 Fighting Falcon,C-130 Hercules,Ankara
Serbian Air Force and Air Defence,Mil Mi-8,Mikoyan MiG-29,An-2,Zemun
Royal Thai Air Force,Eurocopter EC725,General Dynamics F-16 Fighting Falcon,Airbus A320 family,Bangkok
Royal Canadian Air Force,Bell 206,McDonnell Douglas CF-18 Hornet,De Havilland Canada DHC-6 Twin Otter,National Defence Headquarters
Royal Bahraini Air Force,Bell 212,Northrop F-5,BAe 146,Bahrain International Airport
Royal Air Force,Aérospatiale SA 330 Puma,Eurofighter Typhoon,Lockheed Martin C-130J Super Hercules,London
Philippine Air Force,Sikorsky S-70,FA-50,C-130 Hercules,Villamor Air Base
Korean People's Army Air Force,Mil Mi-2,MiG-21,Ilyushin Il-76,North Korea
Kenya Air Force,McDonnell Douglas MD 500 Defender,Northrop F-5,Harbin Y-12,Nairobi
Islamic Republic of Iran Air Force,Bell 206,MiG-29,Boeing 707,Tehran
Indian Air Force,Mil Mi-24,HAL Tejas,Boeing 737,New Delhi
Czech Air Force,Mil Mi-8,JAS 39 Gripen,Airbus A320 family,Prague
Carrier Strike Group 9,SH-60 Seahawk,F/A-18E/F Super Hornet,Grumman C-2 Greyhound,Naval Base San Diego
