col0,col1,col2,col3
T. S. Poudel,Sandhikharka,12 (US),Black
T. Okamoto,New York City,(US) 9; (EU) 40; (UK) 6.5,Black
S. Dehler,West Hollywood,10,Blonde
S. Maxwell,"Los Angeles, California",(US) 7.5 / (EU) 38 / (UK) 5,Blonde
S. Nessman,Tofino,12 (US),Brown
R. Pickering,Switzerland,10 (US) / 43.5 (EU) / 9.5 (UK),Brown
P. Hoarau,New York City,(US) 7.5 / (EU) 38 / (UK) 5,Light brown
N. Githinji,Nairobi,4.0 UK / 5.5 US / 37.0 Euro,Black
N. Leopold,New York City,(US) 8.5 / (EU) 39 / (UK) 6,Blonde
L. B. Smith,Los Angeles,12 (US) / 46 (EU),Naturally ash blonde
