col0,col1,col2,col3
J. Saner,United Kingdom,39.5 EU,dark brown
H. Mahogany,San Francisco,Men's 10.5 / Women's 12,Brown
H. Stewart-Whyte,Hampstead,10,Brown
F. Lachowski,Brooklyn,"45 (EU), 11.5 (U.S.), 10 (UK)",Brown
E. Chen,Paris,(US) 8 / (EU) 39 / (UK) 6,Black
E. Sandberg,New York City,"9.5 US, 41 EU, 7 UK",Red / blonde
D. Kroes,Amsterdam,(US) 9; (EU) 40,Blonde
D. Merryman,"Fort Lauderdale, Florida",7,Auburn
D. Braga,New York City,(US) 7.5 / (EU) 38 / (UK) 5,Dark brown
B. Malcolm,New York City,(US) 9 / (EU) 40 / (UK) 6.5,Blonde
A. Valade,New York City,(US) 8 / (EU) 38.5 / (UK) 5.5,Light brown
