col0,col1,col2,col3
Y. Ebihara,K. Ogihara,Miyazaki Prefecture,Brown
Y. L. Bon,S. L. Bon,England,Brown
Y. B. Zohar,G. Zo-aretz,Israel,Brown
U. Sharma,S. J. Joshi,Delhi,Brown
Twiggy,L. Lawson,London,Blue
T. Jensen,A. S. Jr.,United States,Brown
T. Praver,D. Fuller,San Diego,Green
T. Sorokko,S. Sorokko,Russia,Blue/green
T. Bardsley,P. Bardsley,England,Brown
S. Meis,Rafael van der Vaart,Breda,Blue-gray
S. Koponen,T. Riggs,Finland,Hazel/Green
S. Holmes,D. McKagan,"Bowling Green, Ohio",Brown
S. Seymour,P. Brant,San Diego,Blue-Green
S. M. Wilson,P. Rana,England,Blue
S. Murdoch,L. Murdoch,London,Blue
S. Aldridge,I. Wace,London,Green
R. Williams,G. Dourdan,Chicago,Dark Brown
R. Durham,M. Wahlberg,Florida,Green
R. Roberts,A. Niccol,Vancouver,Blue-green
R. Hunter,R. Stewart,Auckland,Blue
Princess Salwa Aga Khan,Prince Rahim Aga Khan,Seattle,Blue/Green
P. Miller,B. Miller,Viña del Mar,Brown
P. Todd,M. Cavendish,London,Blue
P. Boyd,G. Harrison,Somerset,Blue
P. Hansen,K. Richards,Staten Island,Blue
P. Mikula,K. Król,Rzeszów,Hazel
P. Lakshmi,S. Rushdie,Chennai,Brown
N. Morić,F. Corona,Croatia,Blue
N. Taylor,B. Lamar,Florida,Hazel
N. M. Murphy,E. Murphy,United States,Blue
N. Vodianova,V. Portman,Soviet Union,Blue
N. Sorrell,V. Reeves,England,Blue
M. Bohadana,B. Kobo,Beersheba,Brown
M. Kerr,O. Bloom,Sydney,Blue
Minki van der Westhuizen,E. Joubert,South Africa,Green
M. Marsh,W. Haining,Greater Manchester,Blue
M. Alves,G. Oseary,Brazil,Green
M. Satta,K. Boateng,Boston,Green
M. Sullivan,S. Alvey,"Lake Forest, Illinois",Blue
M. Colombari,A. Costacurta,Italy,Blue
M. Miller,G. Guess,"Santa Cruz, California",Hazel
M. Graaf,M. Hedman,Gothenburg,Blue
L. Hearst,C. Hardwick,"Wilton, Connecticut",Green
L. d. Oliveira,E. Batista,Nova Friburgo,Brown
L. Bernal,M. Arteta,Argentina,Blue Green
L. Guerrero,S. Erickson,Chicago,Brown
L. Davies,P. Yanowitz,Florida,Green
L. Butcher,M. P. White,London,green
L. Abargil,Š. Jasikevičius,Israel,Brown
L. Aldridge,C. Followill,Los Angeles,Brown
L. Stone,D. Walliams,Netherlands,Brown
Lana,Rusev,"Gainesville, Florida",Hazel
K. McMenamy,M. Aldridge,"Easton, Pennsylvania",Blue
K. Hume,D. Leitch,Scotland,Blue
K. L. Simmons,R. Simmons,Missouri,Brown
K. Moss,J. Hince,England,Hazel
K. Elson,J. White,England,Blue
J. McCormick,E. Vedder,Los Angeles,Green
J. Hall,R. Murdoch,United States,Blue
J. Ainsley,G. Ritchie,Southend-on-Sea,Brown
I. Fontana,H. Castelli,Brazil,Blue
Iman,D. Bowie,Mogadishu,Dark brown
H. Rhoda,S. Avery,"Chevy Chase, Maryland",Blue
H. Svedin,L. Figo,Sollefteå,Blue
H. Klum,Seal,North Rhine-Westphalia,Hazel
H. Stewart-Whyte,Y. Noah,East Sussex,Green
H. Davis,D. Jeter,"Saint Thomas, U.S. Virgin Islands",Green
G. Bündchen,T. Brady,Rio Grande do Sul,*Blue/Green
G. Ewbank,B. Gagliasso,Brazil,Blue
G. Lok,L. Lai,Macau,Brown
F. Tavares,M. Rosa,Brazil,Brown
E. Herzigová,T. Torres,Czech Socialist Republic,Blue / green
E. Cañadas,M. Vanderloo,Spain,Blue
E. Lefébure,D. Hallyday,Rouen,Blue
E. McNaught,Example,Australia,Brown
E. Wiklund,H. Wiklund,Stockholm,Blue
E. Heming,B. Willis,Malta,Dark chestnut
E. Benítez,R. Seikaly,Mexico,Hazel
E. Macpherson,G. Bensimon,Australia,Brown
E. Gregoraci,F. Briatore,Calabria,Brown
E. Dessy,K. Dibiasi,Italy,Blue
E. Irwin,J. Mellencamp,"Gilbertsville, Pennsylvania",Blue
D. Y. Ruhee,M. Ali,Bangladesh,Brown
D. Deckers,R. Krajicek,Netherlands,blue
D. Dimitrovska,O. Amidžić,Požarevac,Black
C. Austin,Ice-T,Palos Verdes Peninsula,Gray/Blue
C. Schiffer,M. Vaughn,Düsseldorf,Blue
C. Crawford,R. Gerber,Illinois,Brown
C. Turlington,E. Burns,"Walnut Creek, California",Green
C. Teigen,J. Legend,"Delta, Utah",Brown
