col0,col1,col2,col3,col4
E. Hosk,Swedes,1988-11-07,1988-11-07,2002–present
D. Y. Ruhee,Bangladesh,1988-0-0,1988-0-0,2006–present
Debbie van der Putten,Netherlands,1985-1-1,1985-1-1,2007–present
D. Gharibyan,Armenians,1990-05-29,1990-05-29,since 2007 to present day
D. Strokous,Russia,1990-09-25,1990-09-25,2007–present
C. Arce,Bolivia,1988-0-0,1988-0-0,2009–present
C. Lewis,United States,1979-11-14,1979-11-14,2000 - present
C. Murphy,United States,1973-8-11,1973-8-11,1990–
C. Swanepoel,South African people,1988-10-20,1988-10-20,2003–present
C. Alborzian,British-Iranian,1967-02-26,1967-02-26,1986–2005
B. Beattie,Australian,1994-0-0,1994-0-0,2015–present
A. Gani,Dutch East Indies,1991-08-13,1991-08-13,2009–present
A. Pratt,New Zealander,1990-04-26,1990-04-26,2005&ndash;-present
A. Jagodzińska,Poland,1987-09-12,1987-09-12,"2003–2006, 2008–present"
A. Kowal,Poles,1991-11-28,1991-11-28,2012–present
A. Reed,United States,1985-03-06,1985-03-06,2004 – present
A. Lagum,Ugandan people,1992-12-03,1992-12-03,2014–present
