col0,col1,col2,col3,col4,col5,col6,col7
Vratislaus II of Bohemia,Bretislaus I of Bohemia,A. o. Hungary,Bohemia,Bohemia,1035-1-1,1092-1-14,1035-1-1
Titus,Vespasian,M. Furnilla,Rome,Aquae Cutiliae,39-12-30,81-9-13,39-12-30
S. I,G. Hatun,A. Hatun,Amasya,Çorlu,1465-10-10,1520-9-22,1465-10-10
Rama II of Siam,Amarindra,S. Sulalai,Ayutthaya Kingdom,Rattanakosin Kingdom,1767-02-24,1824-07-21,1767-02-24
Philip II of Macedon,Amyntas III of Macedon,Cleopatra Eurydice of Macedon,Pella,Vergina,-382-1-1,-336-1-1,-382-1-1
Ottokar II of Bohemia,Wenceslaus I of Bohemia,K. o. Slavonia,Městec Králové,"Dürnkrut, Austria",1233-1-1,1278-9-2,1233-1-1
Otho,L. Otho,P. Sabina,Ferento,Brescello,32-4-28,69-4-16,32-4-28
M. R. Pahlavi,R. Shāh,Fawzia Fuad of Egypt,Tehran,Egypt,1919-10-26,1980-07-27,1919-10-26
M. I,Huitzilihuitl,C. I,Tenochtitlan,Tenochtitlan,1398-0-0,1469-1-1,1398-0-0
L. Verus,A. Pius,Lucilla,Rome,Altinum,130-12-15,169-1-1,130-12-15
Leo VI the Wise,B. I,E. Baïana,Istanbul,Constantinople,866-9-19,912-5-11,866-9-19
J. Nepos,Nepotianus,Wife of Julius Nepos,Dalmatia,Dalmatia,430-1-1,480-5-9,430-1-1
Itzcoatl,Acamapichtli,Huacaltzintli,Tenochtitlan,Tenochtitlan,1380-1-1,1440-1-1,1380-1-1
I. I. Angelos,A. D. Angelos,M. o. Hungary,Constantinople,Constantinople,1155-1-1,1204-1-28,1155-1-1
H. t. Great,A. t. Idumaean,Mariamne,Ashkelon,Jericho,-73-1-1,-4-1-1,-73-1-1
Domitian,Vespasian,D. Longina,Rome,Rome,51-10-24,96-9-18,51-10-24
Casimir I the Restorer,M. I. Lambert,Maria Dobroniega of Kiev,Kraków,Poznań,1016-7-25,1058-11-28,1016-7-25
Caracalla,S. Severus,F. Plautilla,Lyon,Haran,188-4-4,217-4-8,188-4-4
Bolesław I the Brave,Mieszko I of Poland,J. o. Hungary,Poznań,Gniezno,967-1-1,1025-6-17,967-1-1
Bolesław II the Generous,Casimir I the Restorer,W. o. Kiev,Kingdom of Poland,Ossiach,1041-2-1,1081-4-3,1041-2-1
B. I. Wrymouth,W. I. Herman,S. o. Berg,Kraków,Sochaczew,1086-8-20,1138-10-28,1086-8-20
Bolesław I the Brave,Mieszko I of Poland,J. o. Hungary,Poznań,Gniezno,967-1-1,1025-6-17,967-1-1
Bolesław II the Generous,Casimir I the Restorer,W. o. Kiev,Kingdom of Poland,Ossiach,1041-2-1,1081-4-3,1041-2-1
B. I. Wrymouth,W. I. Herman,S. o. Berg,Kraków,Sochaczew,1086-8-20,1138-10-28,1086-8-20
Acamapichtli,O. Iztahuatzin,T. Miyahuatzin,Tenochtitlan,Tenochtitlan,1400-1-1,1395-1-1,1400-1-1
Abd al-Malik ibn Marwan,M. I,A. b. Yazid,Medina,Al-Sinnabra,646-1-1,705-10-4,646-1-1
