col0,col1,col2,col3
Vandiemenia,Metzgeriaceae,CR,IUCN2.3
Tortula ruralis,Pottiaceae,G5,TNC
Thamnobryum fernandesii,Neckeraceae,EN,IUCN2.3
Thamnobryum angustifolium,Neckeraceae,CR,IUCN2.3
Taxitheliella richardsii,Sematophyllaceae,CR,IUCN2.3
Takakia ceratophylla,Takakiaceae,VU,IUCN2.3
Symbiezidium madagascariensis,Lejeuneaceae,EN,IUCN2.3
Stephensoniella brevipedunculata,Exormothecaceae,EN,IUCN2.3
Spruceanthus theobromae,Lejeuneaceae,CR,IUCN2.3
Sphagnum novo-caledoniae,Sphagnaceae,VU,IUCN2.3
Sphagnum fuscum,Sphagnaceae,en,iucn3.1
Sphagnum cuspidatum,Sphagnaceae,lc,iucn3.1
Sphaerolejeunea umbilicata,Lejeuneaceae,CR,IUCN2.3
Sphaerocarpos drewei,Sphaerocarpaceae,EN,iucn2.3
Sewardiella,Petalophyllaceae,VU,IUCN2.3
Sciaromiopsis sinensis,Amblystegiaceae,EN,IUCN2.3
Schistochila undulatifolia,Schistochilaceae,CR,IUCN2.3
Schistochila macrodonta,Schistochilaceae,EN,IUCN2.3
Scaphophyllum speciosum,Solenostomataceae,VU,IUCN2.3
Scapania sphaerifera,Scapaniaceae,NT,IUCN3.1
Riccia atlantica,Ricciaceae,VU,IUCN2.3
Radula visiniaca,Radulaceae,EX,IUCN2.3
Radula jonesii,Radulaceae,VU,IUCN2.3
Ptilidium californicum,Ptilidiaceae,G3,TNC
Polytrichum commune,Polytrichaceae,G5,TNC
Plagiochila wolframii,Plagiochilaceae,CR,IUCN2.3
Pinnatella limbata,Neckeraceae,CR,IUCN2.3
Orthotrichum truncato-dentatum,Orthotrichaceae,EN,IUCN2.3
Orthotrichum scanicum,Orthotrichaceae,VU,IUCN2.3
Ochyraea tatrensis,Amblystegiaceae,CR,IUCN2.3
Nowellia wrightii,Cephaloziaceae,VU,IUCN2.3
Neomacounia,Neckeraceae,EX,IUCN2.3
Neckeropsis pocsii,Neckeraceae,CR,IUCN2.3
Nardia huerlimannii,Solenostomataceae,VU,IUCN2.3
Myriocoleopsis fluviatilis,Lejeuneaceae,VU,IUCN2.3
Myriocolea irrorata,Lejeuneaceae,CR,IUCN2.3
Molendoa ogalalensis,Pottiaceae,CR,IUCN2.3
Mitrobryum koelzii,Dicranaceae,EN,IUCN2.3
Marsupella profunda,Gymnomitriaceae,LR/lc,IUCN2.3
Lycopodiella inundata,Lycopodiaceae,G5,TNC
Luteolejeunea herzogii,Lejeuneaceae,LC,IUCN3.1
Leucoperichaetium eremophilum,Grimmiaceae,VU,IUCN2.3
Leptolejeunea tridentata,Lejeuneaceae,CR,IUCN2.3
Lepidozia azorica,Lepidoziaceae,LR/lc,IUCN2.3
Kurzia sinensis,Lepidoziaceae,CR,IUCN2.3
Jamesoniella undulifolia,Jungermanniaceae,VU,IUCN2.3
Jaffueliobryum arsenei,Grimmiaceae,EN,IUCN2.3
Huperzia nutans,Huperziaceae,CR,IUCN3.1
Herbertus borealis,Herbertaceae,LR/lc,IUCN2.3
Hattoria,Scapaniaceae,VU,IUCN2.3
Haesselia roraimensis,Cephaloziaceae,VU,IUCN2.3
