col0,col1,col2,col3,col4
Ł. Romanek,Knurów,"Wilcza, Silesian Voivodeship",2006-06-02,1983-08-21
Å. Thelning,Vårgårda,Särö,1979-02-16,1892-10-24
Z. Kawecki,Husiatyn,Katyn,1940-1-1,1902-5-21
Z. Podlecki,Lithuanian Soviet Socialist Republic,Gdańsk,2009-01-08,1940-01-19
Y. Goor,Verviers,Belgium,1958-03-20,1884-11-30
Y. Viebke,Ängelholm,Kristianstad,1988-12-29,1912-01-13
Y. Canutt,Washington,California,1986-05-24,1895-11-29
X. Lesage,Saumur,Gisors,1968-8-3,1885-10-25
W. v. Essen,Tidaholm,Österåker,1972-04-10,1879-02-16
W. Müseler,Berlin,Göttingen,1952-1-1,1887-1-1
W. Haas,Augsburg,West Germany,1956-11-13,1927-05-30
W. Villa,Castelnuovo Rangone,Modena,2002-6-18,1943-8-13
W. Schneider,Germany,Germany,2010-03-27,1927-01-15
W. Kilmister,New Zealand,New Zealand,1973-1-1,1908-1-1
W. Handley,Birmingham,Cumberland,1941-11-15,1902-04-05
V. Palomo,Barcelona,Girona,1985-2-11,1948-5-26
V. Paznikov,Novosibirsk,Novosibirsk,2008-1-1,1949-1-1
V. Huxley,Brisbane,Brisbane,1982-06-24,1906-09-23
V. Palomo,Barcelona,Girona,1985-2-11,1948-5-26
U. Masetti,Parma,Maranello,2006-5-28,1926-5-4
T. Redmond,New Zealand,England,1997-09-17,1927-06-16
T. Sylvan,Visby,Stockholm,1970-04-26,1895-01-28
T. Aquino,"Woodland Hills, Los Angeles","Piru, California",2014-02-02,1992-05-24
Tommaso Lequio di Assaba,Cuneo,Rome,1965-12-17,1893-10-21
T. Phillis,Sydney,Isle of Man,1962-06-06,1934-04-09
T. Herron,Lisburn,Portrush,1979-5-26,1948-12-14
T. Farndon,Coventry,England,1935-08-30,1910-09-11
T. Mellors,England,Birmingham,1946-6-7,1907-04-10
T. Provini,Cadeo,Bologna,2005-1-6,1933-5-29
S. Hislop,Hawick,Teviothead,2003-07-30,1962-01-11
S. Elder,California,California,1957-08-08,1904-08-04
S. Andrews,Worcester,Belfast,2014-05-19,1982-08-14
S. Svensson,Flen,Stockholm,1969-01-13,1912-09-27
S. Tomizawa,"Asahi, Chiba",Italy,2010-09-05,1990-12-10
S. Kulesza,Radom,Los Angeles,1983-5-14,1900-10-23
S. Herrero,Madrid,"Douglas, Isle of Man",1970-6-10,1943-5-9
R. Hollaus,"Traisen, Austria",Monza,1954-9-11,1931-9-4
R. Lippert,Leipzig,Bielefeld,1945-4-1,1900-10-29
R. Ferri,Milan,Trento,2015-5-13,1928-11-23
R. Colombo,Italy,Belgium,1957-07-06,1927-01-05
R. Holden,England,Isle of Man,1996-05-31,1958-12-17
R. Dunlop,Ballymoney,Coleraine,2008-05-15,1960-11-25
R. Dados,Lublin,Lublin,2004-03-30,1977-02-15
R. Mardanshin,USSR,Russia,2005-01-19,1963-12-24
R. Sainct,Saint-Affrique,Egypt,2004-9-29,1970-4-14
R. Tormo,"Canals, Valencia",Valencia,1998-12-27,1952-9-7
R. Pasolini,Italy,Italy,1973-05-20,1938-07-18
R. Armstrong,Liverpool,Brighton,1979-11-24,1928-9-1
R. Duggan,New South Wales,New South Wales,1950-01-20,1913-0-0
R. Amm,Salisbury,Imola,1955-04-11,1927-12-10
R. Torras,Barcelona,El Vendrell,1965-5-30,1942-12-22
R. Bryans,Belfast,Belfast,2014-08-06,1941-03-07
R. Olson,Kristianstad,Bromma,1955-07-10,1880-08-10
R. Kurmański,Poland,Zielona Góra,1922-08-04,1982-08-22
P. Demeuter,Belgium,Germany,1934-07-02,1904-05-09
P. Harris,Staffordshire,Shropshire,2013-02-22,1927-08-06
Pierre Bertran de Balanda,Toulouse,Marseille,1946-3-28,1887-9-28
P. Bishop,"Bow, London",Belgium,1970-07-14,1912-0-0
P. Craven,Liverpool,Edinburgh,1963-09-24,1934-06-21
P. Pons,Paris,Northampton,1980-8-10,1952-12-24
P. Pileri,Terni,Terni,2007-2-12,1944-7-31
O. a. Ström,Stockholm,Stockholm,1952-03-13,1867-07-08
O. Tenni,Italy,Bern,1948-06-30,1905-07-24
O. Stahre,Lerum,Blentarp,1988-03-07,1909-04-19
O. Bridewell,Wiltshire,Leicestershire,2007-07-20,1985-12-10
O. Chevallier,Vendôme,Marseille,1980-4-6,1949-2-6
N. Numata,Japan,Japan,2007-09-04,1966-04-26
N. Abe,Setagaya,Japan,2007-10-07,1975-09-07
N. Boocock,Wakefield,Queensland,2015-04-03,1937-09-17
N. Pagani,Milan,Lombardy,2003-10-19,1911-10-11
N. Street,Melbourne,Melbourne,2011-10-06,1931-01-15
M. Hailwood,Birmingham,Birmingham,1981-03-23,1940-04-02
M. Ahola,Hämeenlinna,Barcelona,2012-1-15,1974-12-13
M. Rougerie,"Montreuil, Seine-Saint-Denis",Rijeka,1981-5-31,1950-4-21
M. Frutschi,Geneva,Le Mans,1983-04-03,1953-01-06
M. Ferjan,Ljubljana,Gorzów Wielkopolski,2011-05-22,1977-01-05
M. Finnegan,"Lusk, County Dublin",Northern Ireland,2008-05-03,1979-10-08
M. Okoniewski,Poland,Poland,2006-02-10,1956-02-10
M. Lambert,Geneva,Isle of Man,1961-6-12,1935-1-1
M. Simoncelli,Cattolica,Sepang,2011-10-23,1987-01-20
M. Papa,Perugia,Adro,1999-9-9,1958-3-16
L. Carreira,Lisbon,Macau,2012-11-15,1976-12-31
L. Salom,"Palma, Majorca",Barcelona,2016-06-03,1991-08-07
L. Arcangeli,Forlì,Monza,1931-5-23,1894-1-1
L. Carreira,Lisbon,Macau,2012-11-15,1976-12-31
L. d. Champsavin,Assérac,Nantes,1916-12-20,1867-11-24
L. V. Praag,Sydney,"Greenslopes, Queensland",1987-05-15,1908-12-17
L. Liberati,Terni,Terni,1962-03-05,1926-09-20
L. Graham,England,Isle of Man,1953-06-12,1911-09-14
L. Richardson,England,Poland,2012-05-13,1979-04-25
L. Frost,Colorado,"Cheyenne, Wyoming",1989-07-30,1963-10-12
K. Takahashi,"Saitama, Saitama",Japan,2011-04-24,1987-09-03
K. McCarthy,Melbourne,"Ipswich, Queensland",2004-08-15,1966-11-18
K. Newcombe,"Nelson, New Zealand",Oxford,1973-08-14,1944-01-02
K. Hyung-chil,Gwangju,Doha,2006-12-07,1959-7-1
K. L. Breton,New South Wales,New South Wales,1951-01-06,1924-08-15
K. Moran,California,California,2010-04-04,1960-09-21
K. Campbell,Australia,France,1958-07-13,1931-10-02
K. Harris,Sheffield,Isle of Man,2014-06-03,1979-10-21
K. Hansen,Linköping,Stockholm,1959-04-05,1890-07-30
K. Schummelketel,Breda,Harderwijk,1981-01-08,1897-09-24
J. v. Platthy,Karancskeszi,Budapest,1990-12-20,1900-12-17
J. Drapál,Budapest,Piešťany,1985-8-11,1948-2-3
J. N. Morenés,Madrid,Madrid,1974-12-13,1897-12-8
J. Newbold,Jacksdale,Northern Ireland,1982-05-15,1952-12-14
J. Hartle,Chapel-en-le-Frith,"Scarborough, North Yorkshire",1968-08-31,1933-12-22
J. Dunlop,Ballymoney,Tallinn,2000-07-02,1952-02-25
J. Taylor,East Lothian,Imatra,1982-08-15,1954-03-09
J. Garriga,Barcelona,Barcelona,2015-8-27,1963-3-29
J. Guthrie,Scotland,Chemnitz,1937-08-08,1897-05-23
J. Keene,"Aitkin County, Minnesota","Homer, Alaska",2009-01-13,1923-10-20
J. Beltoise,Paris,Dakar,2015-01-05,1937-04-26
J. Huleš,Písek,Písek,2004-7-7,1974-7-2
J. Saarinen,Finland,Italy,1973-05-20,1945-12-11
J. Lundblad,Linköping,Stockholm,1940-11-24,1887-04-11
J. Young,Adelaide,Adelaide,1987-08-28,1925-01-31
J. Middelburg,Naaldwijk,Groningen,1984-4-3,1952-4-30
J. Findlay,Shepparton,Vaucresson,2007-5-19,1935-2-5
J. v. Platthy,Karancskeszi,Budapest,1990-12-20,1900-12-17
J. Drapál,Budapest,Piešťany,1985-8-11,1948-2-3
I. Palazzese,Alba Adriatica,Germany,1989-05-28,1962-01-02
I. Letham,Australia,Australia,1995-03-11,1899-05-23
I. Stoll,Brand,Czechoslovakia,1958-08-24,1930-02-11
I. Plechanov,Ufa,Ufa,2007-8-2,1933-7-26
H. Fügner,Chemnitz,Chemnitz,2014-11-22,1923-03-11
H. P. Müller,Germany,Ingolstadt,1975-12-30,1909-11-21
H. Linkenbach,Barmen,Stade,1959-6-30,1889-4-8
H. Leliwa-Roycewicz,"Janopol, Lublin Voivodeship",Warsaw,1990-6-18,1898-7-30
