col0,col1,col2,col3,col4
Charles Pahud de Mortanges,The Hague,Leiden,1971-4-8,1896-5-13
C. Marion,Saint-Germain-en-Laye,Annecy,1944-11-16,1887-1-14
C. v. Dongen,Rotterdam,Capelle aan den IJssel,2011-12-23,1932-1-1
C. Bandirola,Voghera,Voghera,1981-9-21,1915-9-25
C. S. Clancy,"Epping, New Hampshire","Alexandria, Virginia",1971-1-0,1890-08-08
C. G. Lewenhaupt,Örebro,Stockholm,1935-05-11,1884-01-07
Carl Freiherr von Langen,Klein Belitz,Potsdam,1934-8-2,1887-7-25
C. Stjernswärd,Kristianstad,Skanör,1981-03-18,1905-07-20
B. Ruffo,Verona,Verona,2007-2-10,1920-12-9
B. McIntyre,Glasgow,Chester,1962-08-15,1928-11-28
B. Brown,Australia,Stuttgart,1960-07-23,1930-05-09
B. Anderson,Hendon,Northampton,1967-08-14,1931-05-19
B. Wilkinson,New South Wales,New South Wales,1940-07-27,1911-08-27
B. Sanders,New South Wales,England,1985-04-23,1955-09-09
B. Lomas,"Milford, Derbyshire",Mansfield,2007-08-14,1928-03-08
B. Ivy,Maidstone,East Germany,1969-07-12,1942-08-27
B. Swain,England,England,2007-05-15,1936-01-22
B. Martínez,Spain,"Monterey, California",2015-07-19,1980-01-10
B. L. Hieatt,"Reading, Berkshire",Brooklands,1930-05-03,1909-0-0
B. Drinkwater,England,Isle of Man,1949-06-09,1910-02-13
B. Sheene,London,Sydney,2003-03-10,1950-09-11
A. Ståhle,Helsingborg,Malmö,1987-11-21,1891-02-01
A. v. Pongracz,Bielsko-Biała,Vienna,1942-1-13,1864-6-25
A. Francke,Stockholm,Stockholm,1973-03-11,1904-05-06
A. Artesiani,Italy,Bologna,2005-03-16,1922-01-21
A. Colenbrander,Dutch East Indies,Arnhem,1929-09-24,1889-05-03
