col0,col1,col2,col3,col4
A. Bergamonti,Gussola,Riccione,1971-4-4,1939-3-18
A. Antonelli,Castiglione del Lago,Volokolamsky District,2013-07-21,1988-01-17
A. Gernandt,Råneå,Lidingö,2000-11-02,1920-04-30
A. Gladyshev,Rubtsovsk,Moscow,1984-02-19,1947-0-0
A. Perilli,Italy,Assen,2004-09-05,1983-12-30
A. Alvisi,Vicenza,Naples,1951-5-9,1887-2-12
A. Burns,California,"Toledo, Ohio",1921-08-14,1898-08-12
A. Shepherd,Appleby-in-Westmorland,Kendal,2007-07-16,1935-9-28
A. Cowland,Cornwall,Northamptonshire,2005-1-1,1941-03-17
A. v. Lennep,Den Helder,The Hague,1974-12-17,1898-02-23
Adolph van der Voort van Zijp,North Sumatra,Monaco,1978-3-8,1892-9-1
A. Funk,Austria,Austria,2010-01-27,1951-07-01
A. Królikiewicz,Lviv,Konstancin-Jeziorna,1966-5-4,1894-12-9
Ł. Romanek,Knurów,"Wilcza, Silesian Voivodeship",2006-06-02,1983-08-21
Å. Thelning,Vårgårda,Särö,1979-02-16,1892-10-24
