col0,col1,col2,col3
Á. Bautista,Spanish people,Gresini Racing,1984-11-21
Á. Rins,Spain,Pons Racing,1995-12-08
Á. Márquez,Spain,Marc VDS Racing Team,1996-04-23
Y. Takahashi,Japan,Moriwaki,1984-06-12
X. Vierge,Spain,Tech 3,1997-04-30
W. Dunlop,Northern Ireland,Yamaha YZF-R6,1985-07-23
V. Rossi,Italy,Yamaha Motor Racing,1979-02-16
T. Koyama,Japan,Yusuke Teshima,1983-03-19
T. Nagashima,Japan,Ajo Motorsport,1992-07-02
S. Gimbert,France,Honda Racing Corporation,1977-09-09
S. Manzi,Italy,Aspar Racing Team,1999-03-29
S. Bradl,Germany,Gresini Racing,1989-11-29
S. Corsi,Italian people,Speed Up,1987-04-24
S. Sunderland,United Kingdom,Red Bull,1989-04-15
S. S. Kumar,India,Yusuke Teshima,1991-12-15
S. Gimbert,France,Honda Racing Corporation,1977-09-09
R. L. Hayden,United States,Pops Yoshimura,1983-05-30
R. Sato,Japan,Youichi Ui,2000-03-05
R. d. Puniet,France,KTM,1981-02-14
R. D. Rosa,Italy,Althea Racing,1987-03-25
P. J. Jacobsen,United States,Ten Kate Racing,1993-08-07
N. Haga,Japan,Yukio Kagayama,1975-3-2
N. Bulega,Italy,Sky Racing Team by VR46,1999-10-16
N. Hayden,United States,Ten Kate Racing,1981-07-30
N. A. Malki,Qatar,BMW Motorrad,1983-11-30
N. Uramoto,Japan,Yukio Kagayama,1994-07-24
M. D. Meglio,France,Aprilia,1988-01-17
M. Kallio,Finnish people,KTM,1982-11-08
Michael van der Mark,Netherlands,Ten Kate Racing,1992-10-26
M. R. Rinaldi,Italy,Ducati Corse,1995-12-21
M. Laverty,United Kingdom,TAS Racing,1981-06-07
M. Neukirchner,Germany,Yamaha Austria Racing Team,1983-04-20
M. Barton,Australia,Phillip Island circuit,1996-02-04
M. Bezzecchi,Italy,Aspar Racing Team,1998-11-12
L. Marini,Italy,Forward Racing,1997-08-10
L. Zanetti,Italy,MV Agusta Reparto Corse,1987-08-10
L. Savadori,Italy,IodaRacing Project,1993-04-04
L. D. Porta,Italy,Sky Racing Team by VR46,1997-06-22
L. Baldassarri,Italy,Forward Racing,1996-11-06
L. Camier,English people,MV Agusta,1986-08-04
L. Mercado,Argentina,Ducati Corse,1992-02-15
K. I. Pawi,Malaysians,Tadayuki Okada,1998-09-20
K. Windham,United States,Geico,1978-02-28
K. Nakasuga,Japan,Yamaha Motor Company,1981-08-09
K. Abraham,Czech Republic,Shaun Muir Racing,1990-01-02
J. Cluzel,France,MV Agusta,1988-10-12
J. F. Guevara,Spain,Aleix Espargaró,1995-08-19
J. Brookes,Australian,Shaun Muir Racing,1983-04-28
J. Navarro,Spain,Emilio Alzamora,1996-02-03
J. Martín,Spain,Aspar Racing Team,1998-01-29
J. Lorenzo,Spanish people,Yamaha Motor Racing,1987-05-04
J. Torres,Spain,Althea Racing,1987-08-27
J. McGuinness,England,Honda,1972-04-16
J. Westmoreland,English people,Keith Flint,1988-06-24
J. Johnson,United States,Kawasaki Ninja 650R,1984-07-17
J. Miller,2013 Australian motorcycle Grand Prix,Marc VDS Racing Team,1995-01-18
I. Silva,Spain,Yamaha Austria Racing Team,1982-06-12
I. Hutchinson,England,TAS Racing,1979-08-12
H. Barberá,Spain,Avintia Racing,1986-11-02
H. Aoyama,Japan,Honda Racing Corporation,1981-10-25
H. Barberá,Spain,Avintia Racing,1986-11-02
G. Agassiz,Canada,Monster Energy,1990-01-08
G. Rodrigo,Argentina,Aleix Espargaró,1996-10-12
