col0,col1,col2,col3
F. Morbidelli,Italy,Marc VDS Racing Team,1994-12-04
F. Bagnaia,Italy,Aspar Racing Team,1997-01-14
F. D. Giannantonio,Italy,Gresini Racing,1998-10-10
E. Rabat,Spain,Marc VDS Racing Team,1989-05-25
E. Bastianini,Italy,Gresini Racing,1997-12-30
E. Vázquez,Spain,KTM,1986-09-02
E. Pons,Spain,Pons Racing,1995-06-16
D. Ellison,United Kingdom,Seton Tuning,1977-11-14
D. Webb,United Kingdom,Mahindra Racing,1991-03-22
D. Petrucci,Italy,Pramac Racing,1990-10-24
D. Pedrosa,Spaniards,Repsol Honda,1985-09-29
C. Edwards,United States,Yamaha Factory Racing,1974-02-27
C. Martin,United Kingdom,Kawasaki Motors Racing,1981-01-24
B. Deegan,United States,Chip Ganassi Racing,1975-05-09
B. Smith,English people,Tech 3,1990-11-28
B. Bendsneyder,Netherlands,Ajo Motorsport,1999-03-04
A. Canet,Spain,Emilio Alzamora,1999-09-30
A. Sissis,Australia,Sheffield Tigers,1995-06-15
A. Canet,Spain,Emilio Alzamora,1999-09-30
A. Bou,Spanish people,Montesa Honda,1986-10-17
A. West,Australia,Team Pedercini,1981-07-17
A. Migno,Italy,Sky Racing Team by VR46,1996-01-10
A. Espargaró,Spain,Suzuki MotoGP,1989-07-30
A. Techer,France,Yusuke Teshima,1994-09-08
A. Norrodin,Malaysia,Caterham Moto Racing Team,1998-06-13
Á. Bautista,Spanish people,Gresini Racing,1984-11-21
Á. Rins,Spain,Pons Racing,1995-12-08
Á. Márquez,Spain,Marc VDS Racing Team,1996-04-23
