col0,col1,col2,col3,col4
P. Birger,Argentina,1966-3-9,0,1924-1-7
M. Fohr,United States,1994-1-14,0,1912-6-17
M. Spence,United Kingdom,1968-5-7,0,1936-12-30
M. Nazaruk,United States,1955-5-1,0,1921-10-2
M. Magill,United States,2006-8-31,0,1920-2-8
M. Hawthorn,United Kingdom,1959-1-22,3,1929-4-10
M. Donohue,United States,1975-8-19,0,1937-3-18
M. Balsa,France,1984-8-11,0,1909-1-1
M. Ayulo,United States,1955-5-16,0,1921-10-20
M. Winkelhock,Germany,1985-8-12,0,1951-10-6
M. Hellings,United States,1951-11-11,0,1915-9-14
L. Bianchi,Belgian,1969-3-30,0,1934-11-10
L. Chiron,Monaco,1979-6-22,0,1899-8-3
L. Thorne,United Kingdom,1993-7-13,0,1916-6-23
L. Sutton,United States,2006-12-4,0,1925-8-9
L. Duncan,United States,1998-8-1,0,1911-7-25
L. Wallard,United States,1963-11-29,1,1910-9-7
L. Crockett,United States,1955-3-20,0,1926-10-23
L. Reventlow,United States,1972-07-24,0,1936-02-24
L. Macklin,United Kingdom,2002-8-29,0,1919-9-2
K. Twisk,Netherlands,1999-3-4,0,1930-7-13
K. Wharton,United Kingdom,1957-1-12,0,1916-3-21
K. Richardson,United Kingdom,1997-6-27,0,1911-8-21
K. Andrews,United States,1957-5-15,0,1920-6-15
J. Bianchi,French people,2015-7-17,0,1989-8-3
J. Larson,United States,1966-6-11,0,1923-1-21
J. M. Fangio,Argentine,1995-7-17,24,1911-6-24
J. Jover,Spain,1960-6-28,0,1903-11-23
J. Chitwood,United States,1988-1-3,0,1912-4-14
J. McDowell,United States,1952-6-8,0,1915-1-29
J. Tolan,United States,1986-6-6,0,1917-10-22
J. James,United Kingdom,2002-1-27,0,1914-5-10
J. James,United States,1952-11-5,0,1925-5-23
J. Bonnier,Sweden,1972-6-11,1,1930-1-31
J. Stewart,United Kingdom,2008-1-3,0,1931-3-6
J. Reece,United States,1958-9-28,0,1929-11-17
J. Jackson,United States,1984-11-24,0,1910-7-25
J. Rigsby,United States,1952-8-31,0,1923-6-6
J. Rathmann,United States,2011-11-23,1,1928-7-16
J. Clark,1967 British Grand Prix,1968-4-7,25,1936-3-4
J. U. Jr.,United States,1959-5-17,0,1932-11-15
J. Holmes,United States,1995-3-1,0,1920-9-4
J. Turner,United States,2004-9-12,0,1920-2-12
J. McGrath,United States,1955-11-6,0,1919-10-8
J. Fairman,British Grand Prix,2002-2-7,0,1913-3-15
I. Ireland,United Kingdom,1993-10-22,1,1930-6-12
I. Raby,United Kingdom,1967-11-7,0,1921-9-22
H. Lang,Germany,1987-10-19,0,1909-4-6
H. Banks,United States,1994-12-18,0,1913-6-14
H. Glöckler,Germany,1993-12-18,0,1909-1-13
H. Walter,Switzerland,2009-5-12,0,1927-7-28
H. Sharp,United States,1993-5-7,0,1928-1-1
H. Stuck,Germany,1978-2-9,0,1900-12-27
H. Cole,United States,1970-11-12,0,1912-11-20
G. Mairesse,1951 French Grand Prix,1954-4-24,0,1910-8-10
G. Nilsson,Sweden,1978-10-20,1,1948-11-20
G. Whitehead,United Kingdom,1981-1-15,0,1922-4-15
G. Hill,United Kingdom,1975-11-29,14,1929-2-15
G. Villeneuve,Canadians,1982-5-8,6,1950-1-18
G. Mitter,Germany,1969-8-1,0,1935-8-30
G. Fonder,United States,1958-6-14,0,1917-6-22
G. Connor,United States,2001-3-28,0,1906-8-16
G. Amick,United States,1959-4-4,0,1924-10-24
G. Crossley,United Kingdom,2002-1-7,0,1921-5-11
G. Hartley,United States,1993-3-13,0,1926-1-28
F. Armi,United States,1992-11-28,0,1918-10-12
E. Bauer,Germany,1958-6-3,0,1912-7-17
E. McCoy,United States,2001-2-4,0,1921-2-19
E. Andres,United States,1999-7-20,0,1911-7-22
E. George,United States,1976-5-31,0,1928-7-15
E. Elisian,United States,1959-8-30,0,1926-12-9
D. Dinsmore,United States,1985-10-12,0,1913-4-10
D. Pironi,France,1987-8-23,3,1952-3-26
D. Titterington,United Kingdom,2002-4-13,0,1928-5-1
D. Taylor,United Kingdom,1962-6-2,0,1921-6-12
D. Poore,United Kingdom,1987-2-12,0,1916-8-19
D. Wilson,United States,1971-4-23,0,1927-3-11
D. Prophet,United Kingdom,1981-3-29,0,1937-10-9
C. Harrison,United Kingdom,1981-1-21,0,1906-7-6
C. Griffith,United States,1996-1-23,0,1916-2-6
C. Biondetti,Italy,1955-2-24,0,1898-8-18
C. Daigh,United States,2008-4-29,0,1923-11-29
C. Arnold,United States,1997-9-4,0,1926-5-30
C. Lawrence,United Kingdom,2011-8-13,0,1933-7-27
C. Miller,United States,1953-5-15,0,1902-7-19
C. Green,United States,1951-7-29,0,1919-9-30
C. Scarborough,United States,1953-5-30,0,1914-7-3
C. Forberg,United States,2000-1-17,0,1911-3-4
Carel Godin de Beaufort,Netherlands,1964-8-2,0,1934-4-10
C. Niday,United States,1988-2-14,0,1914-4-29
B. Halford,United Kingdom,2001-12-2,0,1931-5-18
B. Ball,United States,1954-2-27,0,1925-8-26
B. Veith,United States,2006-3-29,0,1926-11-1
B. Scott,United States,1954-7-5,0,1928-10-4
B. Garrett,United States,1999-2-15,0,1933-4-24
B. Devore,United States,1985-8-12,0,1910-9-12
B. Schindler,United States,1952-9-20,0,1909-3-6
B. Moss,United Kingdom,2010-1-13,0,1933-9-4
B. Mackey,United States,1951-7-29,0,1927-12-15
B. Homeier,United States,2001-5-5,0,1918-8-31
B. Levrett,United States,2002-3-13,0,1914-2-14
A. Owen,United Kingdom,2002-4-27,0,1915-3-23
A. Cross,United States,2005-4-15,0,1918-1-24
A. Bisch,United States,1958-7-4,0,1926-11-10
A. S. Brown,United Kingdom,1958-5-19,0,1927-5-13
A. Linden,United States,1987-2-10,0,1922-4-5
A. Wicky,Switzerland,2016-5-14,0,1928-5-22
A. Testut,Monaco,2005-9-24,0,1926-4-13
A. Wicky,Switzerland,2016-5-14,0,1928-5-22
A. Testut,Monaco,2005-9-24,0,1926-4-13
A. Ascari,Italy,1955-5-26,13,1918-7-13
A. Stacey,United Kingdom,1960-6-19,0,1933-8-29
A. Keller,United States,1961-11-19,0,1920-4-11
É. Bayol,France,1995-5-25,0,1914-2-28
