col0,col1,col2,col3
T. Milton,United States,"Mount Clemens, Michigan","St. Paul, Minnesota"
R. Mulford,United States,"Asbury Park, New Jersey",Brooklyn
P. Ozanne,Guernsey,"Newmarket, Suffolk",Channel Islands
N. White,United States,Salt Lake City,San Diego
Murder of Mido Macia,Mozambique,South Africa,Mozambique
M. A. Avanzo,Italy,Italy,Italy
L. Moore,United States,"Atlanta, Georgia","Hinton, Oklahoma"
J. Marcelo,Filipino people,"Speedway, Indiana",Philippines
J. Snyder,United States,"Cahokia, Illinois",Chicago
H. Wilcox,United States,"Tyrone, Pennsylvania","Crawfordsville, Indiana"
H. Hartz,United States,Indianapolis,"Pomona, California"
G. Andersen,Norwegian-American,"Logansport, Indiana",Horten
G. G. Trissino,Italia,Italy,Italy
G. Eyston,United Kingdom,Lambeth,"Bampton, Oxfordshire"
E. Cooper,United States,"Atwater, California","Broken Bow, Nebraska"
A. Laurel,Filipino people,Macau,Batangas
