col0,col1,col2,col3,col4
"Warren Township, New Jersey",155,50877000,50678000,199000
"Bridgewater Township, New Jersey",42,84200000,82974000,1225064
"Lucas Valley-Marinwood, California",188,14832000,14832000,0
"Wyckoff, New Jersey",100,17112051,16956652,155399
"Berkeley Heights, New Jersey",120,16228865,16086416,142000
"Ewing Township, New Jersey",38,40400000,39497000,903000
"Elko New Market, Minnesota",295,8700000,8700000,0
"Skagway, Alaska",10,1200000000,1170000000,30000000
Thunder Bay,199,447500000,328240000,119000000
"Big Delta, Alaska",302,158248273,142967343,15280929
"Bethel, Alaska",0,126100000,111800000,14300000
"Anvik, Alaska",15,30820858,24600000,6215971
"Aniak, Alaska",14,22791895,16834922,5900000
"Anchor Point, Alaska",35,235400000,235100000,258998
"Anchorage, Alaska",31,5098650594,4415152731,683497862
"Allakaket, Alaska",121,11136948,9300000,1812991
"Wiseman, Alaska",359,202278071,202278071,0
"Willow, Alaska",64,1794500000,1773623857,20719904
"Wainwright, Alaska",7,109900000,45500000,64490703
"Valdez, Alaska",29,717600000,574900000,142700000
"Unalakleet, Alaska",2,13208939,7400000,5900000
"Ugashik, Alaska",9,644100000,605798219,38072825
"Togiak, Alaska",0,586000000,115000000,470900000
"Teller, Alaska",0,5438975,4920977,500000
"Tanana, Alaska",63,40300000,29900000,10359952
"Susitna, Alaska",10,411290111,409736119,1553992
"Seward, Alaska",0,55684744,37295828,18388915
"Selawik, Alaska",0,8805959,6474970,2300000
"Ruby, Alaska",75,19600000,19600000,0
"Quinhagak, Alaska",4,13600000,12100000,1500000
"Prudhoe Bay, Alaska",9,1445213365,1078100000,367200000
"Prudhoe Bay, Alaska",9,1445213365,1078100000,367200000
"Port Heiden, Alaska",28,133000000,131300000,1700000
"Point Hope, Alaska",2,16575923,16316925,200000
"Palmer, Alaska",71,9700000,9700000,0
"Nuiqsut, Alaska",7,23827890,23827890,0
"Northway Junction, Alaska",516,22200000,21900000,258998
"Nondalton, Alaska",79,22700000,21600000,1000000
"Nome, Alaska",6,55900000,32374851,23500000
"Nenana, Alaska",106,15798927,15539928,100000
"Marshall, Alaska",35,12172944,12172944,0
