col0,col1,col2,col3,col4
"Koyukuk, Alaska",35,16300000,16057926,0
"Koyuk, Alaska",10,12172944,12172944,0
"Kotzebue, Alaska",6,74200000,69900000,4300000
"Kivalina, Alaska",3,10000000,4800000,5179976
"Kenai, Alaska",21,91944577,77400000,14503933
"Huslia, Alaska",47,44500000,42475805,1812991
"Hughes, Alaska",114,8000000,8000000,0
"Homer, Alaska",28,69437581,35819535,33618045
"Holy Cross, Alaska",41,96865555,81000000,16000000
"Glennallen, Alaska",437,297500000,295500000,2000000
"Fort Yukon, Alaska",130,19165912,18100000,1035995
"Fairbanks, Alaska",135,84600000,82500000,2071990
"Egegik, Alaska",3,347000000,84900000,262100000
"Eek, Alaska",0,2589988,2330989,258998
"Dillingham, Alaska",28,94100000,86900000,7200000
"Deering, Alaska",2,13600000,13208939,258998
"Cold Bay, Alaska",42,183630157,140800000,42900000
"Chuathbaluk, Alaska",46,13400000,9000000,4500000
"Chicken, Alaska",511,298884627,298884627,0
"Haines, Alaska",10,55684744,34964839,20719904
"Pateros, Washington",245,1269094,1269094,0
"Gold Beach, Oregon",15,7148367,6550000,595697
"Lovell, Wyoming",1167,2848986,2848986,0
"Kaycee, Wyoming",1417,1060000,1035995,25899
"Greybull, Wyoming",1154,4739678,4710000,25899
"Big Piney, Wyoming",2079,1165494,1165494,0
"Alpine, Wyoming",1716,1810000,1810000,0
"Yakima, Washington",324,71716770,70395876,1320000
"Wenatchee, Washington",237,20800000,20120000,699296
"Washougal, Washington",24,16316925,14037735,2279189
"Wallula, Washington",128,258998,258998,0
"Vancouver, Washington",52,129136807,120330000,8805959
"Touchet, Washington",135,3100000,3100000,0
"Taholah, Washington",2,5179976,4400000,776996
"Sultan, Washington",32,8158462,8158462,0
"Starbuck, Washington",192,540000,540000,0
"Spokane, Washington",561,155450000,153456795,1990000
"Ridgefield, Washington",34,18596114,18337115,258998
"Richland, Washington",117,101290000,92510000,8780000
"Orting, Washington",57,7250000,7070000,180000
"Orchards, Washington",68,14000000,14000000,0
"Mountlake Terrace, Washington",138,10800000,10515351,280000
"Morton, Washington",288,2149690,2120000,25899
"Monroe, Washington",21,15820000,15669428,155399
"Marblemount, Washington",96,6400000,6100000,258998
"Lyle, Washington",61,8800000,8800000,0
"Longview, Washington",6,38305924,37528927,776996
"Lake Forest Park, Washington",21,9450000,9140000,310000
"La Crosse, Washington",451,2020000,2020000,0
"Kelso, Washington",22,22010000,21080000,930000
"Kalama, Washington",11,9064958,9064958,0
"Greenwater, Washington",517,3884982,3884982,0
"Eatonville, Washington",244,4765578,4710000,50000
"Desert Aire, Washington",173,15500000,8500000,6992967
"Dayton, Washington",505,3700000,3700000,0
"Darrington, Washington",168,4325280,4270000,50000
"Concrete, Washington",84,3210000,3159785,50000
"Clallam Bay, Washington",9,1460000,1460000,0
"Castle Rock, Washington",17,5670000,5154076,492097
"Camas, Washington",22,39497318,34938939,4558379
"Burbank, Washington",113,38800000,34400000,4400000
"Brewster, Washington",248,3080000,3080000,0
"Bellevue, Washington",25,94456866,82800000,11650000
"Rush Valley, Utah",1537,47396782,47396782,0
"Provo, Utah",1387,114400000,107900000,6500000
"Murray, Utah",1310,24863885,24863885,0
"Logan, Utah",1381,48000000,46500000,1500000
"Centerville, Utah",1334,15539928,15539928,0
"Bear River City, Utah",1297,4100000,4100000,0
"Alta, Utah",2609,10500000,10500000,0
"Woodburn, Oregon",60,13908236,13908236,0
"Willamina, Oregon",68,2486388,2380000,100000
"West Linn, Oregon",32,20849404,19140000,1709392
"Warrenton, Oregon",2,45739190,33070000,12665041
"Waldport, Oregon",3,7820000,7170000,647497
"Vale, Oregon",683,2950000,2950000,0
"Unity, Oregon",1231,1680000,1657592,25899
"Umatilla, Oregon",98,11990000,11447747,540000
"Troutdale, Oregon",9,15590000,15380000,207199
"Tillamook, Oregon",7,4400000,4400000,0
"The Dalles, Oregon",33,17119821,16446424,670000
"Sweet Home, Oregon",163,14890000,13726936,1165494
"Sunriver, Oregon",1269,23200000,22900000,400000
"Sumpter, Oregon",1349,5646174,5646174,0
"Sublimity, Oregon",167,2408688,2408688,0
"Springfield, Oregon",138,40790000,40766412,25899
"Silverton, Oregon",76,8987258,8880000,100000
"Seaside, Oregon",5,10720000,10200000,517997
"Scio, Oregon",96,980000,980000,0
"Scappoose, Oregon",18,7120000,7120000,0
"Salem, Oregon",46,125480000,124060000,1420000
"Roseburg, Oregon",160,26417878,25925780,490000
"Rose Lodge, Oregon",54,24800000,24800000,0
"Rogue River, Oregon",306,2510000,2510000,0
"Richland, Oregon",680,207199,207199,0
"Reedsport, Oregon",3,5980000,5309475,670000
"Prineville, Oregon",874,28280000,28280000,0
"Portland, Oregon",15,375548275,344468418,30000000
"Port Orford, Oregon",17,4169880,4040000,129499
"Pilot Rock, Oregon",498,3807282,3755482,50000
"Pacific City, Oregon",3,9841954,9582956,258998
"Oregon City, Oregon",42,24060000,23439392,620000
"Oceanside, Oregon",45,2589988,2589988,0
"Oakridge, Oregon",377,5697973,5438975,258998
"North Powder, Oregon",992,1657592,1657592,0
"Newport, Oregon",40,27427974,23439392,3988581
"Nehalem, Oregon",3,620000,620000,0
"Myrtle Point, Oregon",39,4195780,4169880,25899
"Myrtle Creek, Oregon",201,6500000,6500000,0
"Monmouth, Oregon",65,5800000,5800000,0
"Milwaukie, Oregon",13,12560000,12480000,77699
"Milton-Freewater, Oregon",326,5150000,5150000,0
"Mehama, Oregon",192,1294994,1200000,0
"Medford, Oregon",421,66666293,66640000,25899
"McMinnville, Oregon",47,27400000,27400000,0
"Maupin, Oregon",409,3755482,3625983,129499
"Lowell, Oregon",226,3080000,2250000,828796
"Lostine, Oregon",975,776996,776996,0
"Lincoln City, Oregon",1,14710000,14630000,77699
"Langlois, Oregon",27,3690000,3690000,0
"Lakeside, Oregon",7,5930000,5179976,750000
"Lake Oswego, Oregon",75,29396365,27660000,1735292
"Klamath Falls, Oregon",1249,53509154,51307664,2200000
"Junction City, Oregon",99,6110000,6110000,0
"Johnson City, Oregon",18,180000,180000,0
"Jefferson, Oregon",73,1990000,1968390,25899
"Independence, Oregon",51,7300000,7070000,230000
"Huntington, Oregon",645,1940000,1940000,0
"Hillsboro, Oregon",59,62807211,62781311,25899
"Hermiston, Oregon",195,20227807,20227807,0
"Gresham, Oregon",91,60680000,60087724,595697
"Grants Pass, Oregon",292,28567568,28150000,410000
"Grand Ronde, Oregon",104,1700000,1700000,0
"Glide, Oregon",210,26300000,26158879,200000
"Gladstone, Oregon",17,6420000,6215971,207199
"Gaston, Oregon",91,725196,725196,0
"Forest Grove, Oregon",64,15229130,14866531,360000
"Florence, Oregon",4,15200000,13726936,1476293
"Fairview, Oregon",34,9270000,8000000,1269094
"Eugene, Oregon",131,113286079,113230000,50000
"Elkton, Oregon",42,670000,595697,77699
"Eagle Point, Oregon",399,7666364,7666364,0
"Durham, Oregon",60,1060000,1060000,0
"Drain, Oregon",88,1579892,1579892,0
"Dayton, Oregon",48,2175590,2175590,0
"Dayville, Oregon",722,1370000,1370000,0
"Cove, Oregon",874,1990000,1990000,0
"Cottage Grove, Oregon",195,9760000,9738355,25899
"Corvallis, Oregon",71,37036829,36596531,440000
"Coos Bay, Oregon",7,41180000,27450000,13726936
"Coburg, Oregon",121,2460000,2460000,0
"Clatskanie, Oregon",17,3080000,3080000,0
"Chiloquin, Oregon",1274,2120000,2120000,0
"Central Point, Oregon",387,10100000,10100000,0
