col0,col1,col2,col3,col4
"Cave Junction, Oregon",480,4710000,4687878,25899
"Canyonville, Oregon",228,2510000,2510000,0
"Canby, Oregon",46,9816054,9710000,100000
"Burns, Oregon",1264,9190000,9190000,0
"Brookings, Oregon",39,10200000,10020000,180000
"Bend, Oregon",1104,86168904,85495507,670000
"Bandon, Oregon",6,8158462,7170000,980000
"Astoria, Oregon",7,26180000,15950000,10230000
"Ashland, Oregon",594,17068021,17068021,0
"Arlington, Oregon",86,6215971,4610000,1605792
"Albany, Oregon",64,45970000,45428391,540000
"Owyhee, Nevada",1645,585100000,583500000,1600000
"North Platte, Nebraska",854,34679940,34187843,490000
"Harrison, Nebraska",1482,800000,800000,0
"Haigler, Nebraska",999,620000,620000,0
"Benkelman, Nebraska",910,2070000,2070000,0
"Bismarck, North Dakota",513,80885328,79900000,980000
"Belfield, North Dakota",787,2820000,2797187,25899
"Twin Bridges, Montana",1410,2486388,2486388,0
"Troy, Montana",548,2020000,1968390,50000
"Thompson Falls, Montana",779,4480000,4480000,0
"Terry, Montana",686,1838891,1838891,0
"Superior, Montana",841,3030000,2719487,310000
"Miles City, Montana",722,8650000,8650000,0
"Cardwell, Montana",1306,5956972,5900000,0
"Butte, Montana",1687,1856503477,1854690485,1700000
"Broadus, Montana",922,880000,880000,0
"Bigfork, Montana",907,96600000,80900000,15700000
"White Bird, Idaho",481,180000,180000,0
"Weiser, Idaho",648,8750000,8750000,0
"Victor, Idaho",1894,8909559,8909559,0
"Stanley, Idaho",1905,1605792,1579892,25899
"Soda Springs, Idaho",1759,11888045,11758546,129499
"Salmon, Idaho",1202,6138271,6030000,100000
"St. Anthony, Idaho",1513,4010000,3960000,50000
"Riggins, Idaho",555,1165494,1110000,50000
"Rexburg, Idaho",1482,25485483,25278283,207199
"Priest River, Idaho",651,9945554,9557056,388498
"Preston, Idaho",1437,17249320,17220000,25899
"Pocatello, Idaho",1360,83863815,83449416,410000
"Pinehurst, Idaho",677,2719487,2719487,0
"Payette, Idaho",655,9997354,9970000,25899
"New Meadows, Idaho",1178,1370000,1346793,25899
"Mud Lake, Idaho",1459,410000,410000,0
"Moyie Springs, Idaho",675,3936781,3936781,0
"Malad City, Idaho",1387,4299380,4299380,0
"Lewiston, Idaho",227,46723385,44625495,2097890
"Kooskia, Idaho",394,1787091,1680000,100000
"Island Park, Idaho",1918,17530000,17197521,336698
"Inkom, Idaho",1385,1940000,1916591,25899
"Idaho Falls, Idaho",1434,59050000,57886234,1165494
"Homedale, Idaho",680,3807282,3807282,0
"Harrison, Idaho",672,1968390,1787091,180000
"Hamer, Idaho",1463,490000,490000,0
"Hagerman, Idaho",900,1550000,1500000,50000
"Genesee, Idaho",816,1709392,1709392,0
"Elk City, Idaho",1221,6500870,6490510,10359
"Castleford, Idaho",1179,230000,230000,0
"Cascade, Idaho",1450,12587342,10800000,1787091
"Burley, Idaho",1268,16679523,15850000,828796
"Blackfoot, Idaho",1370,15720000,15099630,620000
"Banks, Idaho",878,5824883,5721283,103599
"Kremmling, Colorado",2229,3366984,3366984,0
"Greeley, Colorado",1419,77699643,77440644,200000
"Weed, California",1043,12417000,12405000,12000
"Smith River, California",15,10321000,10282252,38000
"Redway, California",163,3291874,3237485,54389
"Orick, California",7,12561000,12291000,269358
"Orick, California",7,12561000,12291000,269358
"Millville, California",155,21271572,20839000,432528
"Manton, California",612,45899769,45832429,67000
"Janesville, California",1292,34185253,34154000,31079
"Hyampom, California",458,52506828,52506828,0
"Gasquet, California",117,12488922,12317983,170939
"Fall River Mills, California",973,7127647,6715000,411808
"Cottonwood, California",128,5993000,5993000,0
"Belden, California",676,1878000,1579000,300000
"Anderson, California",131,17145000,16503404,642000
"Alturas, California",1331,6342000,6306000,36000
"Yakutat, Alaska",21,24509000000,19810819055,4695648444
"Skagway, Alaska",10,1200000000,1170000000,30000000
"Sitka, Alaska",7,12460432798,7433265876,5027166922
"Klukwan, Alaska",82,4900000,3107985,1700000
"Biggs Junction, Oregon",67,2071990,2071990,0
"Juneau, Alaska",17,8430400000,7033630711,1394300000
"Alamo Lake, Arizona",401,120595026,113801487,6793538
"Tropic, Utah",1922,21755900,21700000,0
"St. George, Utah",871,168000000,162200000,1200000
"Hanksville, Utah",1309,5000000,4900000,100000
"Delta, Utah",1413,8200000,8200000,0
"Terlingua, Texas",881,28500000,28500000,0
"Quemado, Texas",238,258998,258998,0
"Presidio, Texas",786,6700000,6700000,0
"Muleshoe, Texas",1156,8805959,8805959,0
"Lubbock, Texas",992,320000000,317040000,2960000
"Kenton, Oklahoma",1319,1850000,1850000,0
"Yerington, Nevada",1338,22300000,22300000,0
"Minden, Nevada",1439,11100000,11100000,0
"Carson City, Nevada",1463,406628133,375548275,33669845
"Socorro, New Mexico",1402,37295828,37295828,100000
"Pecos, New Mexico",2110,4402979,4402979,0
"Black Rock, New Mexico",1966,4402979,4400000,200000
"Oberlin, Kansas",780,4946877,4946877,0
"Lakin, Kansas",915,2538188,2538188,0
"Garden City, Kansas",865,22840000,22840000,0
"Ouray, Colorado",2375,2071990,2071990,0
"Leadville, Colorado",3094,2848986,2848986,0
"Glenwood Springs, Colorado",1755,12431942,12400000,0
"Delta, Colorado",1486,36300000,35600000,700000
"Blue River, Colorado",3058,5956972,5697973,258998
"Basalt, Colorado",2015,4920977,4920977,0
"Yuba City, California",17,37958865,37756846,201000
"Yountville, California",29,3965271,3965271,0
"Woodside, California",117,30385740,30385740,0
"Woodland, California",21,39634000,39634000,0
"Woodlake, California",134,7159000,5821000,1338000
"Willits, California",423,7259736,7246786,12949
"Whittier, California",111,37000000,37000000,41000
"Watsonville, California",8,17567889,17319000,248638
"Walnut Grove, California",3,28292000,26419000,1872000
"Visalia, California",100,93928000,93876000,51200
"Valley Ford, California",15,6842000,6842000,0
"Vallejo, California",21,128204411,79253636,48691776
"Tulare, California",88,54431190,54211041,220148
"Truckee, California",1773,87162000,83713000,3449000
"Traver, California",88,2183359,2183359,0
"Tracy, California",15,57339746,56987000,352000
"Terminous, California",-2,2530418,2530418,0
"Temecula, California",309,78132171,78090731,41439
"Sunol, California",81,71908429,71874000,33669
"Sunnyvale, California",38,58764240,56946068,1818000
"Stonyford, California",360,7503195,7503195,0
"Stockton, California",3,167708000,159723000,7984933
"Springville, California",312,10877950,10833920,44000
"South Lake Tahoe, California",1901,43001572,26316869,16684703
"South Gate, California",35,19044000,18741153,303000
"Sonoma, California",25,7101747,7101747,0
"Soledad, California",57,11825000,11432000,393000
"Solana Beach, California",21,9386000,9115000,269358
"Sebastopol, California",24,4799000,4799000,0
"Sea Ranch, California",32,41906007,41797228,108779
"Saratoga, California",128,32069232,32069232,0
"Santa Rosa, California",49,107481000,106950000,530947
"Santa Ana, California",35,71271000,70628000,642317
"San Rafael, California",13,58072713,42657000,15415609
"San Pablo, California",15,6822000,6822000,0
"San Jose, California",25,466109000,457200241,8906969
"San Gregorio, California",20,43252801,43252801,0
"San Carlos, California",10,14350000,14343000,7000
"San Andreas, California",309,21740360,21698920,41000
"Salmon Creek, California",14,2885246,2885246,0
"St. Helena, California",77,13019000,12913000,106000
"Sacramento, California",9,259270759,253598685,5672073
"Ross, California",10,4030021,4030021,0
"Rohnert Park, California",32,18149000,18136000,12949
"Rodeo, California",4,11996824,9704685,2291000
"Ripon, California",21,14231984,13739000,492097
"Richmond, California",14,135922576,77875000,58046813
"Redwood City, California",6,89677000,50297000,39380000
"Portola Valley, California",139,23550761,23547000,2589
"Point Reyes Station, California",11,9364000,9364000,0
"Pleasanton, California",106,62847000,62452000,395000
"Pleasant Hill, California",15,18315000,18315000,0
"Pinole, California",7,35159088,13786506,21372000
"Philo, California",100,5275000,5275000,0
"Petaluma, California",9,37526337,37249000,277128
"Palo Alto, California",9,66787000,61858000,4928747
"Pacifica, California",24,32789000,32784000,5000
"Pacheco, California",22,1916591,1916591,0
"Oroville, California",50,33698335,33651715,46619
"Orinda, California",150,32887000,32848000,38849
"Oceanside, California",20,109230158,106798000,2431998
"Occidental, California",181,12861880,12861880,0
"Oakland, California",13,202024000,144485000,57539175
"Oakhurst, California",693,15555468,15537000,18129
"Oakdale, California",47,15784000,15655000,129000
"Novato, California",9,72407000,71068000,1339000
"North San Juan, California",662,6272000,6272000,0
"Newman, California",27,5444000,5444000,0
"Needles, California",150,81001878,79792353,1209000
"National City, California",20,23609000,18847000,4762000
"Napa, California",6,47000000,46202797,797000
"Muir Beach, California",95,1276000,1276000,0
"Mountain View, California",32,31786924,31066907,720000
"Mountain Mesa, California",804,2152280,2152280,0
"Morgan Hill, California",106,33363000,33363000,0
"Moorpark, California",156,33149000,32579460,569000
"Monte Rio, California",13,5119000,4930000,189000
"Mono City, California",2062,14048000,14048000,0
"Milpitas, California",6,35328000,35200000,128000
"Mendota, California",53,8497750,8489981,7769
"Mendocino, California",46,19217711,5845603,13372108
"Mecca, California",-57,18023000,18023000,0
"Martinez, California",7,34019000,31419145,2600000
"Marina, California",13,25286053,23006864,2279189
"Maricopa, California",269,3890000,3890000,0
"Malibu, California",32,51354000,51242000,111369
"Los Altos Hills, California",89,22797000,22797000,0
