col0,col1,col2,col3,col4
"Fremont, California",17,226882958,200600000,26300000
"Fort Bragg, California",25,7205346,7119877,85469
"Forestville, California",52,13615000,13615000,0
"Folsom, California",67,62939000,56837289,6101000
"Farmersville, California",109,5848193,5848193,0
"Fairfax, California",35,5707000,5707000,0
"El Sobrante, California",56,7161317,7161317,0
"East Palo Alto, California",6,6765048,6487920,277128
"Dublin, California",111,38621902,38611000,10359
"Dos Palos, California",35,3496000,3496000,0
"Delano, California",96,37179279,37044000,134679
"Danville, California",109,46692305,46692305,0
"Crockett, California",39,2745387,2745387,0
"Cotati, California",34,4876947,4869000,7769
"Corte Madera, California",11,11410000,8193000,3216000
"Colusa, California",14,4750038,4750038,0
"Coalinga, California",205,15927000,15847000,80000
"Cloverdale, California",102,6857000,6857000,0
"Clearlake, California",431,27404000,26233989,1170000
"Clayton, California",120,9935000,9935000,0
"Chula Vista, California",20,134922840,128543699,6379140
"Chino, California",221,76798327,76764657,33000
"Carpinteria, California",10,24012000,6697000,17315000
"Cantua Creek, California",89,9833000,9833000,0
"Brisbane, California",32,51999000,8017000,43980588
"Boulder Creek, California",145,19455000,19455000,0
"Boonville, California",116,14353714,14353714,0
"Bolinas, California",10,15089270,15089270,0
"Bodega Bay, California",17,32436000,21613000,10823000
"Bloomfield, California",17,21091000,21074000,17000
"Berkeley, California",52,45832429,27117175,18715254
"Beckwourth, California",1496,30263000,30250000,12949
"Bakersfield, California",123,371945602,368203069,3742000
"Baker, California",287,6961888,6961888,0
"Auburn, California",373,18559854,18487335,71000
"Antioch, California",13,75324000,73422000,1901051
"Albion, California",53,4796657,4700828,95829
"Yuma, Arizona",42,276351731,276200000,200000
"Winkelman, Arizona",600,1812991,1812991,0
"Paulden, Arizona",1343,162600000,162392254,200000
"Patagonia, Arizona",1235,3300000,3300000,0
"Houck, Arizona",1839,110000000,110000000,60000
"Greer, Arizona",2546,1400000,1400000,0
"Fillmore, California",138,8715000,8712000,2589
"Holbrook, Arizona",1548,39885816,39885816,0
"Columbia, Connecticut",167,56979738,55300000,1553992
"Colchester, Connecticut",167,128981407,127100000,1812991
"Bridgeport, Connecticut",0,50200000,41400000,8800000
"Bolton, Connecticut",221,38072825,37295828,700000
"Ashford, Connecticut",161,102300000,100491538,1800000
"Three Rivers, Massachusetts",99,8800000,8287961,500000
"Wheeling, West Virginia",209,41465709,35715936,5749773
"Wausau, Wisconsin",367,51900000,48639976,3260000
"Solon Springs, Wisconsin",341,5956972,4066281,1890000
"Shullsburg, Wisconsin",298,2870000,2870000,0
"Shell Lake, Wisconsin",377,26417878,15047830,11370000
"Sheboygan Falls, Wisconsin",200,14010000,13675137,336698
"Prescott, Wisconsin",217,7666364,6708069,958295
"Lincoln, Vilas County, Wisconsin",499,96200000,84300000,11900000
"La Crosse, Wisconsin",203,58378332,53146556,5230000
"Fulton, Wisconsin",262,85210608,82600000,2589988
"Fern, Wisconsin",402,91100000,88000000,3000000
"Diamond Bluff, Wisconsin",316,47396782,43200000,4300000
"Bradley, Wisconsin",440,164600000,144262337,20201907
"Argonne, Wisconsin",506,280495712,280236713,200000
"Westmore, Vermont",356,97000000,89354589,7510965
"Stratton, Vermont",975,121470442,120100000,1294994
"Shrewsbury, Vermont",537,130000000,129600000,258998
"Peru, Vermont",502,96700000,96400000,300000
"Orleans, Vermont",363,1800000,1800000,0
Newport,208,19683909,15539928,4100000
"Mount Holly, Vermont",515,128400000,127400000,1000000
"Londonderry, Vermont",583,92900000,92400000,500000
"Island Pond, Vermont",365,11800000,10800000,1000000
"Craftsbury, Vermont",272,102822527,101700000,1035995
"Clarendon, Vermont",163,81700000,81700000,0
"Beecher Falls, Vermont",324,3392884,3268564,124319
"Yankton, South Dakota",369,21885399,21260000,620000
"Chamberlain, South Dakota",427,20305506,17197521,3107985
"Providence, Rhode Island",22,53353755,47914780,5438975
"Pawtucket, Rhode Island",10,23309892,22532896,700000
"Williamsport, Pennsylvania",157,24604887,23000000,1700000
"Wilkes-Barre, Pennsylvania",160,18600000,17700000,776996
"Watsontown, Pennsylvania",146,2330989,1800000,517997
"Sunbury, Pennsylvania",137,5697973,5438975,258998
"Stillwater, Pennsylvania",216,8170000,8060000,110000
"Shickshinny, Pennsylvania",156,1300000,1200000,100000
"Scranton, Pennsylvania",227,65889297,65330000,543897
"Sayre, Pennsylvania",235,5270000,5240000,40000
"Rupert, Pennsylvania",155,2400000,2300000,100000
"Pillow, Pennsylvania",166,1280000,1280000,0
"Old Forge, Lackawanna County, Pennsylvania",223,9064958,9064958,0
"Nanticoke, Pennsylvania",212,9323957,9064958,258998
"Muncy Creek Township, Lycoming County, Pennsylvania",160,53612753,52058761,1500000
"Mount Pleasant Township, Wayne County, Pennsylvania",434,149000000,146000000,2800000
"Moosic, Pennsylvania",249,17093921,16834922,258998
"Montoursville, Pennsylvania",163,10800000,10359952,300000
"Milton, Pennsylvania",153,9700000,9000000,700000
"Millersburg, Pennsylvania",131,1970000,1970000,0
"Mill Village, Pennsylvania",367,2380000,2380000,0
"Linglestown, Pennsylvania",164,9900000,9900000,0
"Lake City, Pennsylvania",219,4680000,4660000,20000
"Jersey Shore, Pennsylvania",184,3107985,3107985,0
"Harrisburg, Pennsylvania",97,26900000,20978903,8546960
"Franklin Township, Lycoming County, Pennsylvania",277,63400000,63400000,0
"Ellwood City, Pennsylvania",269,6100000,5956972,100000
"Easton, Pennsylvania",64,12000000,11000000,1000000
"Duryea, Pennsylvania",189,14900000,14400000,500000
"Dupont, Pennsylvania",219,3900000,3900000,0
"Dunmore, Pennsylvania",305,23309892,23050894,258998
"Catawissa, Pennsylvania",158,1390000,1330000,60000
"Carrolltown, Pennsylvania",648,1800000,1800000,0
"Canadohta Lake, Pennsylvania",425,3800000,3100000,700000
"Briar Creek, Pennsylvania",150,4800000,4300000,500000
"Brady Township, Lycoming County, Pennsylvania",200,22273897,22273897,0
"Bloomsburg, Pennsylvania",161,12140000,11270000,880000
"Athens, Pennsylvania",230,4720000,4650000,70000
"Allentown, Pennsylvania",103,46500000,45900000,517997
"Smithville, Ohio",324,3237485,3210000,25899
"Sandy Township, Tuscarawas County, Ohio",346,62600000,62600000,0
"Rose Township, Carroll County, Ohio",302,91980000,91930000,50000
"Rocky River, Ohio",210,14529833,12276543,2250000
"Munson Township, Geauga County, Ohio",369,67080692,66200000,776996
"Minerva, Ohio",321,5775673,5775673,0
"Loudonville, Ohio",294,6785768,6730000,50000
"Lorain, Ohio",185,62520000,61305018,1217294
"Hartville, Ohio",356,6680000,6680000,0
"Hanover Township, Columbiana County, Ohio",374,94200000,92700000,1400000
"Green Township, Harrison County, Ohio",365,92203576,92203576,0
"Fox Township, Carroll County, Ohio",384,93650000,93630000,20000
"Flushing, Ohio",391,1579892,1579892,0
"Eastlake, Ohio",188,16910000,16575923,336698
"Dover, Ohio",267,14996031,14737032,258998
"Coshocton, Ohio",235,21237902,20927103,310000
"Cambridge, Ohio",252,16446424,16446424,0
"Brook Park, Ohio",242,19500000,19500000,0
"Bridgeport, Ohio",199,3570000,3548283,25899
"Whitesboro, New York",128,2800000,2800000,0
"White Plains, New York",64,25600000,25300000,300000
"Westerlo, New York",348,151600000,149900000,1700000
"West Haverstraw, New York",32,3884982,3884982,0
"Wawarsing, New York",366,346700000,338511446,8028963
"Watkins Glen, New York",141,5697973,4800000,1000000
"Washingtonville, New York",92,6474970,6474970,0
"Voorheesville, New York",103,5438975,5438975,0
"Victor, New York",233,93100000,92980573,25899
"Veteran, New York",398,99600000,99300000,400000
"Tyre, New York",131,85728606,77958642,7700000
Tonawanda,174,10600000,9800000,776996
"Syracuse, New York",115,66400000,65000000,1400000
"Sylvan Beach, New York",113,2000000,1812991,0
"Sunset Bay, New York",176,1800000,1700000,100000
"Stockport, New York",39,34100000,30200000,3900000
"Stockbridge, New York",192,82000000,82000000,0
"Smithfield, New York",402,62936711,62936711,0
"Sleepy Hollow, New York",27,13200000,5900000,7251966
"Shandaken, New York",410,310280575,310280575,0
"Scarsdale, New York",66,17093921,17093921,0
"Sand Lake, New York",250,93498570,91167581,2330989
"Rifton, New York",54,3100000,3100000,0
"Richmond, New York",253,114736473,109815495,4900000
"Richland, New York",117,155600000,148100000,7510965
"Prattsburgh, New York",591,133902385,133900000,0
