col0,col1,col2,col3,col4
"Harman, West Virginia",719,828796,828796,0
"Grantsville, West Virginia",217,1217294,1139594,77699
"Glenville, West Virginia",220,2690000,2589988,100000
"Glasgow, West Virginia",196,1217294,1217294,0
"Gauley Bridge, West Virginia",246,4220000,4090000,129499
"Flatwoods, West Virginia",326,1709392,1709392,0
"Fairmont, West Virginia",299,23309892,22325697,980000
"Elkins, West Virginia",587,8880000,8880000,0
"Durbin, West Virginia",836,1476293,1476293,0
"Clarksburg, West Virginia",302,25226484,25226484,0
"Charleston, West Virginia",181,84589011,81636425,2950000
"Ceredo, West Virginia",167,5850000,3960000,1890000
"Cairo, West Virginia",199,1240000,1217294,25899
"Burnsville, West Virginia",246,2820000,2745387,77699
"Bowden, West Virginia",675,321158,321158,0
"Bolt, West Virginia",605,14118025,14102485,15539
"Bluefield, West Virginia",795,22947294,22947294,0
"Belle, West Virginia",182,2020000,1787091,230000
"Virginia Beach, Virginia",3,1287224090,644907039,642317051
"Radford, Virginia",640,26417878,25640882,776996
"Marshall, Virginia",208,7490000,7470000,20000
"Goshen, Virginia",427,4402979,4402979,0
"Glen Lyn, Virginia",509,1812991,1553992,200000
"Front Royal, Virginia",173,24600000,24000000,517997
"Utopia, Texas",415,7600000,7600000,0
"Seguin, Texas",159,49700000,49209774,400000
"San Marcos, Texas",188,78600000,78300000,300000
"San Leon, Texas",3,13400000,12600000,700000
"Sabinal, Texas",291,3100000,3100000,0
"New Braunfels, Texas",192,116400000,115100000,1300000
"New Berlin, Texas",174,7251966,7251966,0
"Mount Calm, Texas",184,2071990,2071990,0
"Moore, Texas",202,15800000,15800000,0
"La Vernia, Texas",149,4920977,4920977,0
"Kingsland, Texas",255,25300000,23300000,2000000
"Junction, Texas",519,5900000,5900000,0
"Geronimo, Texas",177,23800000,23800000,0
"Sevierville, Tennessee",275,51799762,51500000,258998
"Roan Mountain, Tennessee",786,17093921,17093921,0
"Lenoir City, Tennessee",249,16057926,16057926,0
"Knoxville, Tennessee",270,269800000,255200000,14600000
"Kingsport, Tennessee",369,116549464,114218475,2330989
"Gray, Tennessee",480,3884982,3884982,0
"Elizabethton, Tennessee",465,25600000,25200000,400000
"Columbia, South Carolina",89,349389396,342396428,6992967
"Clemson, South Carolina",220,20500000,19300000,1200000
"Calhoun Falls, South Carolina",160,9000000,8800000,200000
"Ponce, Puerto Rico",15,501421698,297330635,204091063
"Point Marion, Pennsylvania",246,1217294,1010095,181299
Philadelphia,11,366742316,347300000,19400000
"Westport, Oklahoma",269,21900000,10300000,11600000
"Tonkawa, Oklahoma",299,14500000,14500000,0
"Zanesville, Ohio",206,31440000,30480000,958295
"Warren Township, Belmont County, Ohio",394,91300000,90400000,1000000
"Powhatan Point, Ohio",207,4220000,3807282,410000
"Nelsonville, Ohio",206,12949940,12665041,280000
"Millersport, Ohio",274,2330000,2250000,77699
"Middleport, Ohio",173,4920000,4660000,258998
"Lee Township, Athens County, Ohio",238,65500000,64500000,1000000
"Fairfield Township, Washington County, Ohio",259,63700000,63700000,0
"Dayton, Ohio",224,146330000,144130000,2200000
"Columbus, Ohio",274,577850000,562467717,15380000
"Chester Township, Meigs County, Ohio",188,117844459,117844459,0
"Chesapeake, Ohio",168,1450000,1217294,230000
"Bloomfield Township, Jackson County, Ohio",241,100400000,100232539,0
"Barnesville, Ohio",387,5050000,5020000,25899
"Athens Township, Athens County, Ohio",193,96000000,94700000,1200000
"Antioch, Ohio",326,280000,280000,0
"Westville, New Jersey",7,3568000,2652000,916000
"Upper Pittsgrove Township, New Jersey",39,104857000,104449000,408000
"Pennsville Township, New Jersey",4,63682627,55107177,8575000
"Elsinboro Township, New Jersey",3,34511000,30864888,3646000
"Rosman, North Carolina",672,1035995,1035995,0
"Raleigh, North Carolina",96,375000000,369000000,2500000
"Plymouth, North Carolina",3,10000000,10000000,0
"New Bern, North Carolina",3,76900000,73100000,3700000
"Kernersville, North Carolina",316,45100000,44900000,300000
"Durham, North Carolina",123,280400000,278100000,2400000
"Canton, North Carolina",797,9841954,9841954,0
"Boone, North Carolina",1015,15720000,15720000,0
"Blowing Rock, North Carolina",1086,7900000,7800000,100000
"Black Mountain, North Carolina",733,17400000,17360000,40000
"Osyka, Mississippi",81,2589988,2589988,0
"Willow Springs, Missouri",387,9190000,9140000,50000
"Waynesville, Missouri",245,16705423,16627723,77699
"Van Buren, Missouri",143,5179976,5179976,0
"Spanish Lake, Missouri",164,19424910,19100000,400000
"Seligman, Missouri",467,3237485,3237485,0
"Platte City, Missouri",249,9450000,9349857,100000
"Pineville, Missouri",274,8050000,8050000,0
"Osceola, Missouri",228,2430000,2356889,77699
"Marshfield, Missouri",455,13027640,13027640,0
"Louisiana, Missouri",148,8857759,8106662,750000
"Knob Noster, Missouri",245,7536865,7459165,77699
"Kansas City, Missouri",277,826280000,815716755,10567151
"Florida, Missouri",200,258998,258998,0
"Camdenton, Missouri",317,14190000,14190000,0
"Cabool, Missouri",391,10100000,9945554,155399
"Arnold, Missouri",184,30920000,29990000,930000
"Waterview, Maryland",2,1282044,1269094,12949
"Solomons, Maryland",0,6000000,5200000,900000
"Severn, Maryland",49,45900000,45900000,0
"Rosedale, Maryland",6,18388915,17800000,517997
"Rockville, Maryland",137,35146138,34990000,155399
"Point of Rocks, Maryland",76,2850000,2850000,0
"Mount Vernon, Maryland",2,41180810,33928844,7200000
"Mount Airy, Maryland",238,10700000,10670000,30000
"Millington, Maryland",6,1787091,1735292,50000
"Kemp Mill, Maryland",102,6200000,6200000,0
"Hyattsville, Maryland",32,6990000,6915268,77699
"Havre de Grace, Maryland",17,17845018,14240000,3600000
"Frederick, Maryland",92,59890000,59410000,480000
"Edgemere, Maryland",6,53300000,27971871,25300000
"Delmar, Maryland",14,4480000,4450000,25899
"Crownsville, Maryland",36,13200000,13200000,0
"Church Creek, Maryland",0,880000,880000,0
"Centreville, Maryland",14,6345470,6345470,0
"Carney, Maryland",107,18100000,18100000,0
"Bladensburg, Maryland",15,2615887,2589988,25899
Baltimore,0,238537904,209530038,28748868
"Shreveport, Louisiana",43,312900000,272900000,40000000
"Paintsville, Kentucky",187,13726936,13726936,0
"Oneida, Kentucky",237,5428615,5291345,137269
"Louisa, Kentucky",178,3600000,3366984,0
"Goose Creek, Kentucky",128,200000,200000,0
"Catlettsburg, Kentucky",168,4300000,3300000,1000000
"Wichita, Kansas",395,423696154,412559206,11136948
"White Cloud, Kansas",269,1890000,1890000,0
"Sterling, Kansas",499,4428879,4325280,100000
"Solomon, Kansas",356,2200000,2200000,0
"Powhattan, Kansas",366,360000,360000,0
"Perry, Kansas",259,1990000,1990000,0
"New Cambria, Kansas",363,569797,569797,0
"Neodesha, Kansas",246,3600000,3496483,100000
"Marion, Kansas",399,7740000,7718164,25899
"Manhattan, Kansas",310,48665876,48588176,77699
"Madison, Kansas",334,1579892,1579892,0
"Larned, Kansas",611,6190000,6190000,0
"Kiowa, Kansas",405,2770000,2770000,0
"Kansas City, Kansas",264,332500000,323256416,9246257
"Junction City, Kansas",335,31649654,31468355,180000
"Independence, Kansas",245,20070000,20046507,25899
"Hutchinson, Kansas",467,58920000,58766830,155399
"Eudora, Kansas",253,7610000,7485065,129499
"Eureka, Kansas",328,5905172,5905172,0
"Emporia, Kansas",349,30920000,30639559,280000
"Cawker City, Kansas",455,2589988,2589988,0
"Cassoday, Kansas",448,1010000,1010000,0
"Augusta, Kansas",388,12300000,10955649,1346793
"Arkansas City, Kansas",341,24290000,24240000,50000
"Mooreland, Indiana",346,360000,360000,0
"Evansville, Indiana",117,115565269,114347975,1217294
"Columbus, Indiana",192,72230000,71220000,1010000
"Bethel Township, Posey County, Indiana",116,51333564,49416973,1916591
"Anna, Illinois",185,9116758,9064958,51799
