col0,col1,col2,col3,col4
"Point Reyes Station, California",11,9364000,9364000,0
"Point Pleasant, West Virginia",173,8028963,6215971,1810000
"Point Marion, Pennsylvania",246,1217294,1010095,181299
"Point Hope, Alaska",2,16575923,16316925,200000
"Pocatello, Idaho",1360,83863815,83449416,410000
"Plymouth, North Carolina",3,10000000,10000000,0
"Pleasanton, California",106,62847000,62452000,395000
"Pleasant Hill, California",15,18315000,18315000,0
"Plattsmouth, Nebraska",299,8050000,8028963,25899
Plattsburgh,42,17000000,13100000,3884982
"Platte City, Missouri",249,9450000,9349857,100000
"Plainfield Township, Kent County, Michigan",202,94534566,90908582,3600000
"Plainfield, New Jersey",28,15626000,15599000,27000
