col0,col1,col2,col3,col4
"Lake Elsinore, California",395,107968834,93778289,14190000
"Lake City, Pennsylvania",219,4680000,4660000,20000
"Laguna Niguel, California",121,38551000,38417293,134000
Lagos,41,1171280000,999600000,171680000
"La Vernia, Texas",149,4920977,4920977,0
"La Honda, California",217,11038000,10999000,38849
"La Habra, California",91,19103752,19088000,15539
"La Crosse, Wisconsin",203,58378332,53146556,5230000
"La Crosse, Washington",451,2020000,2020000,0
"Kremmling, Colorado",2229,3366984,3366984,0
"Koyukuk, Alaska",35,16300000,16057926,0
"Koyuk, Alaska",10,12172944,12172944,0
"Kotzebue, Alaska",6,74200000,69900000,4300000
"Kooskia, Idaho",394,1787091,1680000,100000
"Knoxville, Tennessee",270,269800000,255200000,14600000
"Knowlton Township, New Jersey",160,65601808,64099615,1502193
"Knob Noster, Missouri",245,7536865,7459165,77699
"Klukwan, Alaska",82,4900000,3107985,1700000
"Klamath Falls, Oregon",1249,53509154,51307664,2200000
"Kivalina, Alaska",3,10000000,4800000,5179976
"Kiowa, Kansas",405,2770000,2770000,0
"Kingsport, Tennessee",369,116549464,114218475,2330989
"Kingsland, Texas",255,25300000,23300000,2000000
"Kings Beach, California",1905,8906969,8906969,0
"Killen, Alabama",185,4920977,4920977,0
"Keystone Heights, Florida",42,2880000,2850000,30000
"Keyport, New Jersey",7,3804692,3613033,191659
"Kernersville, North Carolina",316,45100000,44900000,300000
"Keokuk, Iowa",174,27402074,23646591,3755482
"Kenwood, California",128,13371000,13371000,0
"Kenton, Oklahoma",1319,1850000,1850000,0
"Kensington, California",178,2476028,2452718,23309
"Kenai, Alaska",21,91944577,77400000,14503933
"Kemp Mill, Maryland",102,6200000,6200000,0
"Kelso, Washington",22,22010000,21080000,930000
"Keene, New York",413,405600000,403900000,1800000
"Keeler, California",1097,3372164,3372164,0
"Kaycee, Wyoming",1417,1060000,1035995,25899
"Kansas City, Missouri",277,826280000,815716755,10567151
"Kansas City, Kansas",264,332500000,323256416,9246257
"Kalama, Washington",11,9064958,9064958,0
"Juneau, Alaska",17,8430400000,7033630711,1394300000
"Junction City, Oregon",99,6110000,6110000,0
"Junction City, Kansas",335,31649654,31468355,180000
"Junction, Texas",519,5900000,5900000,0
"Julian, California",1288,20302916,20302916,0
"Jordan Township, Lycoming County, Pennsylvania",384,53600000,53600000,0
"Johnston, Iowa",252,47578081,44440000,3130000
"Johnson City, Oregon",18,180000,180000,0
"Jersey Shore, Pennsylvania",184,3107985,3107985,0
"Jersey City, New Jersey",6,54596000,38316000,16280665
"Jenner, California",3,6209000,5464000,745000
"Jefferson, Oregon",73,1990000,1968390,25899
"Java, New York",463,122500000,121988439,517997
"Janesville, California",1292,34185253,34154000,31079
"Jacksonville, Florida",4,2265203601,1934721118,330482482
"Jackson, Alabama",71,41000000,40500000,500000
"Island Pond, Vermont",365,11800000,10800000,1000000
"Island Park, Idaho",1918,17530000,17197521,336698
"Irwindale, California",142,24897000,22859000,2038000
"Irvine, California",17,172115000,171213754,901000
Iquitos,104,1213409429,783730402,341878430
"Ione, California",91,12379000,12341000,38849
"Inkom, Idaho",1385,1940000,1916591,25899
"Independence, Oregon",51,7300000,7070000,230000
"Independence, Kansas",245,20070000,20046507,25899
"Imperial Beach, California",6,11616000,10776940,838000
"Idaho Falls, Idaho",1434,59050000,57886234,1165494
"Hyattsville, Maryland",32,6990000,6915268,77699
"Hyampom, California",458,52506828,52506828,0
"Hutchinson, Kansas",467,58920000,58766830,155399
"Huslia, Alaska",47,44500000,42475805,1812991
"Huron, California",113,4120671,4120671,0
"Huntington Beach, California",11,82574000,69277001,13296998
"Huntington, Oregon",645,1940000,1940000,0
"Huntertown, Indiana",255,9867854,9840000,25899
"Hume, New York",420,99300000,98160549,1035995
"Hughes, Alaska",114,8000000,8000000,0
"Hubbard Township, Hubbard County, Minnesota",433,93200000,84900000,8287961
"Houck, Arizona",1839,110000000,110000000,60000
"Hopland, California",153,9254000,9129000,124319
"Hopkinton, Massachusetts",124,72900000,68800000,4143980
"Hopewell Township, Mercer County, New Jersey",66,152578789,150299600,2279000
"Homer, Alaska",28,69437581,35819535,33618045
"Homedale, Idaho",680,3807282,3807282,0
"Holy Cross, Alaska",41,96865555,81000000,16000000
"Holland, Massachusetts",226,33900000,32100000,1800000
"Holbrook, Arizona",1548,39885816,39885816,0
"Hinton, West Virginia",445,7847663,5749773,2097890
"Hillsdale, Michigan",341,16030000,15330000,699296
"Hillsboro, Oregon",59,62807211,62781311,25899
"Highlands, New York",309,86686902,78761538,7925363
"Hermiston, Oregon",195,20227807,20227807,0
Herkimer,117,6474970,6215971,258998
"Hercules, California",24,47083393,16070876,31012000
"Hendricks, West Virginia",523,880000,880000,0
"Hendricks, Minnesota",544,2538188,2486388,50000
"Henagar, Alabama",441,57800000,57700000,100000
"Helena, Alabama",127,44288796,44200000,0
"Healdsburg, California",32,11561000,11543000,18000
"Hayward, California",32,165106562,117386000,47720530
"Hawthorne, New Jersey",25,8712720,8635020,77699
"Havre de Grace, Maryland",17,17845018,14240000,3600000
"Harwinton, Connecticut",242,80500000,79512634,776996
"Hartville, Ohio",356,6680000,6680000,0
"Harts, West Virginia",192,24086889,23800000,258998
"Hartland, Connecticut",161,89600000,85700000,3900000
"Harrison, Nebraska",1482,800000,800000,0
"Harrison, Idaho",672,1968390,1787091,180000
"Harrisburg, Pennsylvania",97,26900000,20978903,8546960
"Harpers Ferry, West Virginia",149,1579892,1370000,207199
"Harman, West Virginia",719,828796,828796,0
"Hanover Township, Columbiana County, Ohio",374,94200000,92700000,1400000
"Hanksville, Utah",1309,5000000,4900000,100000
Hancock,281,4250000,3890000,360000
"Hancock, Massachusetts",322,92600000,92400000,200000
"Hamilton City, California",46,807000,807000,0
"Hamer, Idaho",1463,490000,490000,0
"Hamburg, New York",223,107100000,107000000,100000
"Half Moon Bay, California",22,16689883,16638083,51799
"Haines, Alaska",10,55684744,34964839,20719904
"Haigler, Nebraska",999,620000,620000,0
"Hagerman, Idaho",900,1550000,1500000,50000
"Guilford, Connecticut",17,128700000,121900000,6900000
"Greybull, Wyoming",1154,4739678,4710000,25899
"Gresham, Oregon",91,60680000,60087724,595697
"Greer, Arizona",2546,1400000,1400000,0
"Greenwater, Washington",517,3884982,3884982,0
"Greenville, Orange County, New York",299,78994637,78400000,700000
"Greenport, Columbia County, New York",28,53100000,48200000,4900000
"Green Township, Harrison County, Ohio",365,92203576,92203576,0
"Greeley, Colorado",1419,77699643,77440644,200000
"Great Falls, Montana",1014,57650000,56435840,1217294
"Grayson, California",15,6601879,6601879,0
"Gray, Tennessee",480,3884982,3884982,0
"Graton, California",32,4089591,4089591,0
"Grantsville, West Virginia",217,1217294,1139594,77699
"Grants Pass, Oregon",292,28567568,28150000,410000
"Grant Township, Newaygo County, Michigan",245,93400000,92980573,400000
"Grandville, Michigan",184,19865208,18829213,1035995
"Grand Ronde, Oregon",104,1700000,1700000,0
"Grand Haven, Michigan",201,19060000,14940000,4118081
Amsterdam,-2,219320000,165760000,53560000
"Goshen, Virginia",427,4402979,4402979,0
"Goose Creek, Kentucky",128,200000,200000,0
"Goleta, California",6,20654000,20467000,186479
"Gold Beach, Oregon",15,7148367,6550000,595697
"Glide, Oregon",210,26300000,26158879,200000
"Glenwood Springs, Colorado",1755,12431942,12400000,0
