col0,col1,col2,col3,col4
"Glenville, West Virginia",220,2690000,2589988,100000
"Glennallen, Alaska",437,297500000,295500000,2000000
"Glen Lyn, Virginia",509,1812991,1553992,200000
"Glen Ellen, California",77,5446744,5444155,2589
"Glasgow, West Virginia",196,1217294,1217294,0
"Gladstone Township, Henderson County, Illinois",167,127272015,121315043,5956972
"Gladstone, Oregon",17,6420000,6215971,207199
"Gilroy, California",60,41843847,41817948,25899
"Geronimo, Texas",177,23800000,23800000,0
"Genesee, Idaho",816,1709392,1709392,0
"Gauley Bridge, West Virginia",246,4220000,4090000,129499
"Gaston, Oregon",91,725196,725196,0
"Gasquet, California",117,12488922,12317983,170939
"Garden City, Kansas",865,22840000,22840000,0
"Galt, California",14,15394889,15361219,33669
"Galien, Michigan",203,1087795,1087795,0
"Fulton, Wisconsin",262,85210608,82600000,2589988
"Frontier, North Dakota",276,490000,490000,0
"Front Royal, Virginia",173,24600000,24000000,517997
"Fridley, Minnesota",262,28200000,26340000,1860000
"French Creek, New York",430,93960000,93910000,50000
"Fremont, California",17,226882958,200600000,26300000
"Fredon Township, New Jersey",252,46617000,45894589,722000
"Frederick, Maryland",92,59890000,59410000,480000
"Franklin Township, Lycoming County, Pennsylvania",277,63400000,63400000,0
"Franklin Lakes, New Jersey",159,25503612,24291498,1214000
"Franklin, New Hampshire",94,75400000,70700000,4800000
"Fox Township, Carroll County, Ohio",384,93650000,93630000,20000
"Fort Yukon, Alaska",130,19165912,18100000,1035995
"Fort Smith, Arkansas",141,167313231,159802266,10000000
"Fort Bragg, California",25,7205346,7119877,85469
"Forestville, California",52,13615000,13615000,0
"Forest Grove, Oregon",64,15229130,14866531,360000
"Forest, Fond du Lac County, Wisconsin",309,93498570,91167581,2200000
"Folsom, California",67,62939000,56837289,6101000
"Flushing, Ohio",391,1579892,1579892,0
"Florida, Missouri",200,258998,258998,0
"Florence, Oregon",4,15200000,13726936,1476293
"Flatwoods, West Virginia",326,1709392,1709392,0
Fishkill,79,82900000,70800000,12100000
"Fillmore, California",138,8715000,8712000,2589
"Fern, Wisconsin",402,91100000,88000000,3000000
"Fenner, New York",451,80548630,80548630,0
"Felton, Delaware",17,1553992,1553992,0
"Farmington, Connecticut",49,74500000,72600000,2000000
"Farmersville, California",109,5848193,5848193,0
"Faribault, Minnesota",302,40585113,39678617,906495
"Fargo, Georgia",34,7140000,7110000,30000
"Fall River Mills, California",973,7127647,6715000,411808
"Falconer, New York",384,2800000,2800000,0
"Fairview, Oregon",34,9270000,8000000,1269094
"Fairmont, West Virginia",299,23309892,22325697,980000
"Fairfield Township, Washington County, Ohio",259,63700000,63700000,0
"Fairfield Township, Tuscarawas County, Ohio",330,57238737,57100000,200000
"Fairfax, California",35,5707000,5707000,0
"Fairbanks, Alaska",135,84600000,82500000,2071990
"Fair Lawn, New Jersey",21,13470528,13309948,160579
"Exeter Township, Wyoming County, Pennsylvania",302,8805959,8028963,776996
"Ewing Township, New Jersey",38,40400000,39497000,903000
"Evansville, Indiana",117,115565269,114347975,1217294
"Eureka, Kansas",328,5905172,5905172,0
"Eugene, Oregon",131,113286079,113230000,50000
"Eudora, Kansas",253,7610000,7485065,129499
"Emporia, Kansas",349,30920000,30639559,280000
"Elsinboro Township, New Jersey",3,34511000,30864888,3646000
"Ellwood City, Pennsylvania",269,6100000,5956972,100000
"Elkton, Oregon",42,670000,595697,77699
"Elko New Market, Minnesota",295,8700000,8700000,0
"Elkins, West Virginia",587,8880000,8880000,0
"Elk City, Idaho",1221,6500870,6490510,10359
"Elizabethton, Tennessee",465,25600000,25200000,400000
"El Sobrante, California",56,7161317,7161317,0
"Egegik, Alaska",3,347000000,84900000,262100000
"Eek, Alaska",0,2589988,2330989,258998
"Edison, New Jersey",11,79351000,77543000,1807811
"Edgemere, Maryland",6,53300000,27971871,25300000
"Eatonville, Washington",244,4765578,4710000,50000
