col0,col1,col2,col3,col4
Wright Pass,Marie Byrd Land,Marie Byrd Land,Marie Byrd Land,Marie Byrd Land
Wolverine Pass,British Columbia Interior,British Columbia Interior,British Columbia Interior,British Columbia
Webster Pass,Marie Byrd Land,Marie Byrd Land,Marie Byrd Land,Marie Byrd Land
Warner Pass,British Columbia,British Columbia,British Columbia,British Columbia
Wapiti Pass,British Columbia,British Columbia Interior,British Columbia Interior,British Columbia Interior
Vermilion Pass,British Columbia,British Columbia,British Columbia,British Columbia
Tyoax Pass,British Columbia,British Columbia,British Columbia,British Columbia
Tonquin Pass,British Columbia,British Columbia,British Columbia,British Columbia
Taylor Pass,British Columbia Interior,British Columbia,British Columbia Interior,British Columbia Interior
Surrey Lake Summit,British Columbia,British Columbia,British Columbia,British Columbia
Sunday Summit,British Columbia,British Columbia Interior,British Columbia,British Columbia
Summit Pass,British Columbia,British Columbia,British Columbia,British Columbia Interior
Strawn Pass,Marie Byrd Land,Marie Byrd Land,Marie Byrd Land,Marie Byrd Land
Sinclair Pass,British Columbia,British Columbia Interior,British Columbia Interior,British Columbia Interior
Sifton Pass,British Columbia,British Columbia,British Columbia,British Columbia
Rožca,Slovenia,Slovenia,Slovenia,Slovenia
Richter Pass,British Columbia,British Columbia,British Columbia,British Columbia
Relief Pass,Antarctica,Oates Land,Oates Land,Oates Land
Reece Pass,Marie Byrd Land,Marie Byrd Land,Marie Byrd Land,Marie Byrd Land
Railroad Pass,British Columbia,British Columbia,British Columbia,British Columbia
Pennask Summit,British Columbia,British Columbia,British Columbia,British Columbia
Parker Pass,Marie Byrd Land,Marie Byrd Land,Marie Byrd Land,Marie Byrd Land
Palliser Pass,British Columbia,British Columbia,British Columbia,British Columbia
Muncho Pass,British Columbia,British Columbia,British Columbia,British Columbia
Monkman Pass,British Columbia Interior,British Columbia Interior,British Columbia,British Columbia
Monashee Pass,British Columbia,British Columbia,British Columbia,British Columbia
Metsantan Pass,British Columbia,British Columbia,British Columbia,British Columbia
McGregor Pass,British Columbia,British Columbia,British Columbia,British Columbia
McGillivray Pass,British Columbia Interior,British Columbia,British Columbia,British Columbia Interior
Kotal-e Khushk,Afghanistan,Afghanistan,Afghanistan,Afghanistan
Kiwi Pass,Antarctica,Antarctica,Oates Land,Antarctica
Kakwa Pass,British Columbia,British Columbia,British Columbia,British Columbia
