col0,col1,col2,col3
"Utica, New York",United States Democratic Party,1,138
"Tampa, Florida",B. Buckhorn,1,14
St. Louis,F. G. Slay,1,142
"San Juan, Puerto Rico",C. Y. Cruz,1,7
"Rochester, New York",L. Warren,1,153
"Racine, Wisconsin",J. Dickert,1,188
"Ponce, Puerto Rico",M. Meléndez,1,15
Philadelphia,J. Kenney,1,11
Penang,L. G. Eng,1,735
Penang,L. G. Eng,1,735
New Orleans,M. Landrieu,1,-2
Minneapolis,B. Hodges,1,252
"Macon, Georgia",R. Reichert,1,116
Kuala Lumpur,Mhd Amin Nordin Abdul Aziz,1,66
Kolkata,R. Mallik,1,9
Karachi,A. Vohra,1,8
