col0,col1,col2,col3,col4,col5
Zygomaticus major muscle,Buccal branch of the facial nerve,12551382,m_22,108,383
Vertical muscle of tongue,Hypoglossal nerve,12551359,m_22,242,1131
Triceps brachii muscle,Radial nerve,12551300,m_22,124,444
Trapezius muscle,Accessory nerve,12551283,m_22,121,432
Transversus thoracis muscle,Intercostal nerves,12551274,m_22,117,403
Transversospinales,Posterior ramus of spinal nerve,12551199,m_22,115,400
Transverse perineal muscles,Pudendal nerve,12551254,m_22,120,429
Transverse muscle of tongue,Hypoglossal nerve,12551229,m_22,242,1130
Transverse muscle of auricle,Facial nerve,12551217,m_22,229,1035
Transverse abdominal muscle,Iliohypogastric nerve,12551205,m_22,118,414
Tragicus,Facial nerve,12551194,m_22,229,1035
Tibialis posterior muscle,Tibial nerve,12551177,m_22,129,484
Tibialis anterior muscle,Deep fibular nerve,12551168,m_22,129,480
Thyrohyoid muscle,Cervical nerve,12551152,m_22,112,394
Thyroepiglottic muscle,Recurrent laryngeal nerve,12618027,p_07,236,1083
Thyroarytenoid muscle,Recurrent laryngeal nerve,12551138,m_22,236,1083
Thenar eminence,Median nerve,12801990,t_07,126,546
Teres minor muscle,Axillary nerve,12551124,m_22,123,441
Teres major muscle,Cervical spinal nerve 6,12551115,m_22,123,442
Tensor veli palatini muscle,Medial pterygoid nerve,12551105,m_22,243,1139
Tensor tympani muscle,Medial pterygoid nerve,12551096,m_22,231,1046
Tensor fasciae latae muscle,Superior gluteal nerve,12551088,m_22,128,476
Supraspinatus muscle,Suprascapular nerve,12551039,m_22,123,440
Supinator muscle,Deep branch of the radial nerve,12551025,m_22,125,454
Superior rectus muscle,Oculomotor nerve,12550523,m_22,227,1022
Superior pharyngeal constrictor muscle,Pharyngeal plexus of vagus nerve,12548650,m_22,244,1143
Superior oblique muscle,Trochlear nerve,12549898,m_22,227,1022
Superior longitudinal muscle of tongue,Hypoglossal nerve,12549716,m_22,242,1130
Subscapularis muscle,Cervical spinal nerve 6,12551017,m_22,123,440
Subcostalis muscle,Intercostal nerves,12551003,m_22,117,403
Subclavius muscle,Subclavian nerve,12550995,m_22,122,438
Stylopharyngeus muscle,Glossopharyngeal nerve,12550987,m_22,244,1143
Stylohyoid muscle,Facial nerve,12550977,m_22,112,392
Styloglossus,Hypoglossal nerve,12550968,m_22,242,1130
Sternothyroid muscle,Ansa cervicalis,12550960,m_22,112,393
Sternocleidomastoid muscle,Accessory nerve,12550942,m_22,111,390
Stapedius muscle,Facial nerve,12550929,m_22,230,1046
Splenius cervicis muscle,Posterior rami,12550921,m_22,115,397
Splenius capitis muscle,Cervical spinal nerve 4,12550912,m_22,115,397
Spinalis,Posterior branch of spinal nerve,12550873,m_22,115,399
Serratus anterior muscle,Long thoracic nerve,12550741,m_22,122,438
Semitendinosus muscle,Sciatic nerve,12550732,m_22,128,479
Semimembranosus muscle,Sacral spinal nerve 2,12550673,m_22,128,479
Sartorius muscle,Femoral nerve,12547605,m_22,128,470
Salpingopharyngeus muscle,Vagus nerve,12550620,m_22,244,1143
Rotatores muscles,Posterior rami,12550562,m_22,115,400
Risorius,Buccal branch of the facial nerve,12550552,m_22,108,385
Rhomboid minor muscle,Dorsal scapular nerve,12550544,m_22,121,434
Rhomboid major muscle,Dorsal scapular nerve,12550536,m_22,121,434
Rectus capitis posterior minor muscle,Suboccipital nerve,12550468,m_22,116,401
Rectus capitis posterior major muscle,Dorsal ramus,12550460,m_22,116,401
Rectus capitis lateralis muscle,Cervical spinal nerve 1,12550452,m_22,113,395
Rectus abdominis muscle,Thoraco-abdominal nerves,12550436,m_22,118,415
Quadratus lumborum muscle,Twelfth thoracic,12550391,m_22,118,420
Quadratus femoris muscle,Nerve to quadratus femoris,12550374,m_22,128,477
Pyramidalis muscle,Subcostal nerve,12550348,m_22,118,416
Psoas major muscle,Lumbar plexus,12550274,m_22,127,467
Pronator teres muscle,Median nerve,12550260,m_22,125,446
