col0,col1,col2,col3,col4,col5
Pronator quadratus muscle,Median nerve,12550251,m_22,125,449
Procerus muscle,Buccal branch of the facial nerve,12550241,m_22,107,382
Posterior cricoarytenoid muscle,Recurrent laryngeal nerve,12548696,m_22,236,1082
Posterior auricular muscle,Posterior auricular nerve,12548458,m_22,229,1035
Popliteus muscle,Tibial nerve,12550232,m_22,129,484
Platysma muscle,Cervical branch,12646241,p_23,110,387
Plantaris muscle,Tibial nerve,12550213,m_22,129,483
Plantar interossei muscles,Lateral plantar nerve,12549417,m_22,131,495
Piriformis muscle,Sacral spinal nerve 2,12550205,m_22,128,476
Peroneus tertius,Deep fibular nerve,12549015,m_22,129,482
Peroneus longus,Superficial fibular nerve,12549005,m_22,129,486
Pectoralis minor muscle,Medial pectoral nerve,12550138,m_22,122,438
Pectoralis major muscle,Cervical spinal nerve 5,12550129,m_22,122,436
Pectineus muscle,Femoral nerve,12550120,m_22,128,472
Palmaris longus muscle,Median nerve,12550072,m_22,125,446
Palmaris brevis muscle,Superficial branch of ulnar nerve,12550063,m_22,126,463
Palatopharyngeus muscle,Pharyngeal branch of vagus nerve,12550054,m_22,243,1140
Palatoglossus muscle,Vagus nerve,12550045,m_22,243,1139
Orbicularis oris muscle,Cranial nerve,12550006,m_22,108,384
Orbicularis oculi muscle,Zygomatic branches of the facial nerve,12549996,m_22,106,380
Omohyoid muscle,Ansa cervicalis,12549956,m_22,112,392
Occipitofrontalis muscle,Facial nerve,12549942,m_22,105,378
Occipitalis muscle,Posterior auricular nerve,12549942,m_22,105,379
Obliquus capitis superior muscle,Suboccipital nerve,12549857,m_22,116,402
Obliquus capitis inferior muscle,Suboccipital nerve,12549849,m_22,116,402
Oblique muscle of auricle,Posterior auricular nerve,12549839,m_22,229,1035
Oblique arytenoid,Recurrent laryngeal nerve,12548427,m_22,236,1082
Nasalis muscle,Buccal branch of the facial nerve,12549831,m_22,107,382
Mylohyoid muscle,Inferior alveolar nerve,12549818,m_22,112,393
Muscles of mastication,Mandibular nerve,12549778,m_22,109,385
Multifidus muscle,Posterior branch of spinal nerve,12549804,m_22,115,400
Middle pharyngeal constrictor muscle,Pharyngeal plexus of vagus nerve,12548641,m_22,244,1143
Mentalis,Mandibular branch,12549795,m_22,108,383
Medial rectus muscle,Oculomotor nerve,12550510,m_22,227,1022
Medial pterygoid muscle,Mandibular nerve,12550302,m_22,109,387
Masseter muscle,Mandibular nerve,12549768,m_22,109,385
Lumbricals of the hand,Median nerve,12549749,m_22,126,464
Levatores costarum muscles,Posterior ramus of spinal nerve,12549574,m_22,117,403
Levator veli palatini,Vagus,12549638,m_22,243,1139
Levator scapulae muscle,Dorsal scapular nerve,12549630,m_22,121,435
Levator palpebrae superioris muscle,Oculomotor nerve,12549616,m_22,227,1021
Levator muscle of thyroid gland,Ansa cervicalis,12549591,m_22,272,1270
Levator labii superioris,Zygomatic branch of the facial nerve,12549597,m_22,108,383
Levator ani,Coccygeal plexus,12549567,m_22,119,422
Levator anguli oris,Buccal branches,12549558,m_22,108,383
Latissimus dorsi muscle,Thoracodorsal nerve,12549548,m_22,121,432
Lateral rectus muscle,Abducens nerve,12550497,m_22,227,1022
Lateral pterygoid muscle,Lateral pterygoid nerve,12550292,m_22,109,386
Ischiocavernosus muscle,Pudendal nerve,12549534,m_22,120,428
Iris sphincter muscle,Short ciliary nerve,12550831,m_22,225,1013
Iris dilator muscle,Long ciliary nerves,12548821,m_22,225,1013
Intertransversarii,Ventral rami,12549464,m_22,115,401
Interspinales muscles,Posterior rami,12549431,m_22,115,400
Internal obturator muscle,Nerve to obturator internus,12549929,m_22,128,477
Internal intercostal muscles,Intercostal nerves,12549376,m_22,117,403
Internal anal sphincter,Pelvic splanchnic nerves,12550809,m_22,120,426
Infraspinatus muscle,Suprascapular nerve,12549360,m_22,123,441
Infrahyoid muscles,Ansa cervicalis,12549354,m_22,112,393
Inferior rectus muscle,Inferior branch of oculomotor nerve,12550484,m_22,227,1022
Inferior pharyngeal constrictor muscle,Pharyngeal plexus of vagus nerve,12548631,m_22,244,1142
Inferior oblique muscle,Oculomotor nerve,12549875,m_22,227,1023
Inferior longitudinal muscle of tongue,Hypoglossal nerve,12549707,m_22,242,1130
Inferior gemellus muscle,Nerve to quadratus femoris,12549165,m_22,128,477
Iliopsoas,Lumbar spinal nerve 1,12549330,m_22,127,467
Iliocostalis,Posterior ramus of spinal nerve,12549288,m_22,115,399
Iliacus muscle,Femoral nerve,12549271,m_22,127,467
Hypothenar eminence,Deep branch of ulnar nerve,12440437,h_23,126,546
Hyoglossus,Hypoglossal,12549261,m_22,242,1129
Helicis minor,Posterior auricular nerve,12549253,m_22,229,1035
Helicis major,Facial nerve,12549245,m_22,229,1035
Hamstring,Sciatic nerve,12407578,h_02,128,478
Gracilis muscle,Anterior branch of obturator nerve,12549236,m_22,128,471
Gluteus maximus muscle,Sacral spinal nerve 2,12549211,m_22,128,474
Geniohyoid muscle,Cervical spinal nerve 1,12549193,m_22,112,393
Genioglossus,Hypoglossal nerve,12549183,m_22,242,1129
Frontalis muscle,Facial nerve,12549942,m_22,105,379
Flexor pollicis longus muscle,Anterior interosseous nerve,12549138,m_22,125,449
Flexor hallucis longus muscle,Tibial nerve,12549120,m_22,129,485
Flexor hallucis brevis muscle,Medial plantar nerve,12549111,m_22,131,493
Flexor digitorum superficialis muscle,Median nerve,12549098,m_22,125,448
Flexor digitorum profundus muscle,Median nerve,12549089,m_22,125,448
Flexor digitorum longus muscle,Tibial nerve,12549081,m_22,129,485
Flexor digitorum brevis muscle,Medial plantar nerve,12549073,m_22,131,491
