col0,col1,col2,col3
Casey Jones,California,Grateful Dead,R. Hunter
Box of Rain,California,Grateful Dead,P. Lesh
Black Crow Blues,1964 in music,Tom Wilson,B. Dylan
Beside You,New York City,Lewis Merenstein,V. Morrison
Ballerina,New York City,Lewis Merenstein,V. Morrison
Are You Hung Up?,Capitol Studios,Frank Zappa,F. Zappa
Anthem,Morrisound Recording,Morrisound Recording,J. Schaffer
After Hours,Hollywood,The Velvet Underground,L. Reed
Absolutely Free,Capitol Studios,Frank Zappa,F. Zappa
A Whole New World,New York,Alan Menken,T. Rice
A Criminal Mind,Tittenhurst Park,David Tickle,L. Gowan
