col0,col1,col2,col3
Ángela,K. Santander,Tres mujeres,La Mentira
Zyuden Sentai Kyoryuger,T. Sahashi,Ressha Sentai ToQger,Tokumei Sentai Go-Busters
Zoboomafoo,S. Jarvis,Wild Kratts,Kratts' Creatures
Yusra dan Yumna,B. Romeo,Tukang Bubur Naik Haji The Series,Binar Bening Berlian
Young Maverick,D. Buttolph,Maverick,Maverick
"You're the Greatest, Charlie Brown",E. Bogas,"She's a Good Skate, Charlie Brown","What a Nightmare, Charlie Brown!"
"You're in the Super Bowl, Charlie Brown",V. Guaraldi,"It Was My Best Birthday Ever, Charlie Brown","It's Christmastime Again, Charlie Brown"
"You're in Love, Charlie Brown",V. Guaraldi,"He's Your Dog, Charlie Brown","It's the Great Pumpkin, Charlie Brown"
"You're a Good Sport, Charlie Brown",V. Guaraldi,"It's Arbor Day, Charlie Brown","Be My Valentine, Charlie Brown"
"You're a Good Man, Charlie Brown",J. Raposo,"Happy New Year, Charlie Brown!","Snoopy's Getting Married, Charlie Brown"
"You're Not Elected, Charlie Brown",V. Guaraldi,"There's No Time for Love, Charlie Brown","Play It Again, Charlie Brown"
Yogi's Treasure Hunt,H. Curtin,The New Yogi Bear Show,Galaxy Goof-Ups
Yogi's Space Race,H. Curtin,Galaxy Goof-Ups,Yogi's Gang
Yogi's Gang,H. Curtin,Yogi's Space Race,Yogi Bear & Friends
Yogi's Ark Lark,H. Curtin,Mad Mad Mad Monsters,The Brady Kids
Yae no Sakura,R. Sakamoto,Gunshi Kanbei,Taira no Kiyomori
Xanadu,A. Lifeson,Closer to the Heart,A Farewell to Kings
X-Men,S. Levy,X-Men: Evolution,X-Men: Pryde of the X-Men
Wyrd Sisters,K. Hopwood,Terry Pratchett's Hogfather,Soul Music
Wonders of the Universe,S. Tongue,Wonders of Life,Wonders of the Solar System
Wild Down Under,A. Johnston,Europe: A Natural History,Wild New World
Wild Caribbean,D. Lowe,Wild China,Europe: A Natural History
Wild Africa,C. Gunning,Wild New World,Congo
Wicked Annabella,R. Davies,Monica,All of My Friends Were There
"Why, Charlie Brown, Why?",D. Newman,Snoopy's Reunion,"It's the Girl in the Red Truck, Charlie Brown"
Who Pays the Ferryman?,Y. Markopoulos,The Aphrodite Inheritance,The Lotus Eaters
"What a Nightmare, Charlie Brown!",V. Guaraldi,"You're the Greatest, Charlie Brown","It's Your First Kiss, Charlie Brown"
"What Have We Learned, Charlie Brown?",J. Munsen,"It's Flashbeagle, Charlie Brown","It's an Adventure, Charlie Brown"
Waltz for Debby,B. Evans,Our Delight,Speak Low
Walking with Beasts,B. Bartlett,Walking with Monsters,Walking with Dinosaurs
Voltron Force,S. Andrews,Voltron: Legendary Defender,Voltron
Vivir a destiempo,J. A. Lührs,Hombre Tenías que Ser,Los Rey
Viver a Vida,V. d. Moraes,Passione,Caminho das Índias
V The Final Battle,D. McCarthy,V,V
Uyirmei,D. Kumar,Annakodiyum Aindhu Pengalum,Nenjathai Killadhe
Unpretty Rapstar 2,Deux,Unpretty Rapstar 3,Unpretty Rapstar
Una Maid en Manhattan,M. Flores,Rosa Diamante,Mi Corazón Insiste… en Lola Volcán
Ultraman Retsuden,T. Sahashi,Ultraman Orb,Ultra Galaxy Mega Monster Battle: Never Ending Odyssey
Ultraman Nexus,K. Kawai,Ultraman Max,Ultra Q: Dark Fantasy
Ultraman Mebius,T. Sahashi,Ultraseven X,Ultraman Max
Ultraman Max,K. Haishima,Ultraman Mebius,Ultraman Nexus
Ultraman Gaia,T. Sahashi,Ultraman Nice,Ultraman Dyna
Ultra Galaxy Mega Monster Battle,T. Sahashi,Ultra Galaxy Mega Monster Battle: Never Ending Odyssey,Ultraseven X
Tú y yo,J. Sebastian,Sentimientos Ajenos,Cañaveral de Pasiones
Turks & Caicos,P. Englishby,Salting the Battlefield,Page Eight
Trumpton,F. Phillips,Chigley,Camberwick Green
Tropicaliente,E. Ramalho,Irmãos Coragem,Sonho Meu
Tres mujeres,R. Arjona,Ramona,Ángela
Tratame bien,F. Páez,Para vestir santos,Socias
Tormenta en el paraíso,G. M. Zignago,Juro Que Te Amo,Muchachitas como tú
Timon & Pumbaa,E. John,The Lion King 1½,The Lion King
"Tim and Eric Awesome Show, Great Job!",D. Wood,Check It Out! with Dr. Steve Brule,Tom Goes to the Mayor
Thunderbirds,B. Gray,Captain Scarlet and the Mysterons,Stingray
This is Emily Yeung,K. Macpherson,This is Daniel Cook,Miffy and Friends
This Is England '88,L. Einaudi,This Is England '90,This Is England '86
This Is England '86,L. Einaudi,This Is England '88,This Is England
"There's No Time for Love, Charlie Brown",V. Guaraldi,A Charlie Brown Thanksgiving,"You're Not Elected, Charlie Brown"
The Year Without a Santa Claus,M. Laws,A Miser Brothers' Christmas,Santa Claus Is Comin' to Town
The World's Greatest Super Friends,H. Curtin,Super Friends,Challenge of the Super Friends
The Wiz Live!,L. Vandross,Hairspray Live!,Peter Pan Live!
The Wind in the Willows,K. Hopwood,"Oh, Mr. Toad",The Wind in the Willows
The Trials of Life,G. Fenton,Life in the Freezer,The Living Planet
