col0,col1,col2,col3
The Tonight Show Starring Johnny Carson,P. Anka,The Tonight Show with Jay Leno,Tonight Starring Jack Paar
The Tom and Jerry Show,H. Curtin,The Tom and Jerry Comedy Show,Tom and Jerry filmography
The Tom and Jerry Comedy Show,R. Ellis,Tom & Jerry Kids,The Tom and Jerry Show
The Spider and the Fly,M. Jagger,One More Try,Play with Fire
The Spectacular Spider-Man,T. T. Box,Ultimate Spider-Man,Spider-Man: The New Animated Series
The Scooby & Scrappy-Doo/Puppy Hour,H. Curtin,The Puppy's Further Adventures,The Richie Rich/Scooby-Doo Show
The Scooby-Doo Show,H. Curtin,Scooby-Doo and Scrappy-Doo,The New Scooby-Doo Movies
The Return of the Condor Heroes,J. Koo,New Heavenly Sword and Dragon Sabre,The Legend of the Condor Heroes
The Return of Ultraman,K. Sugiyama,Ultraman Ace,Ultra Seven
The Rebels,G. Fried,The Seekers,The Bastard
The Raccoons on Ice,K. Gillis,The Raccoons and the Lost Star,The Christmas Raccoons
The Raccoons: Let's Dance!,K. Gillis,The Raccoons,The Raccoons and the Lost Star
The Pink Panther,H. Mancini,Pink Panther and Pals,Pink Panther and Sons
The Penguins of Madagascar,A. Berry,Merry Madagascar,Madagascar: Escape 2 Africa
The Oaks Trilogy,M. Price,Lightfields,Marchlands
The Nightmare Room,K. Carter,R. L. Stine's The Haunting Hour: The Series,Goosebumps
The New Yogi Bear Show,J. Debney,Yo Yogi!,Yogi's Treasure Hunt
The New Worst Witch,A. Flynn,The Worst Witch,Weirdsister College
The New Perry Mason,E. Hagen,Perry Mason,Perry Mason
The New Fred and Barney Show,H. Curtin,Fred and Barney Meet The Thing,Fred Flintstone and Friends
The New Batman Adventures,D. Elfman,Batman Beyond,Batman: The Animated Series
The New Adventures of Jonny Quest,H. Curtin,Jonny's Golden Quest,Jonny Quest
The Mummy: The Animated Series,C. Lerios,The Mummy: Tomb of the Dragon Emperor,The Mummy Returns
The Mayfair Set,J. Barry,The Century of the Self,The Living Dead
The Many Loves of Dobie Gillis,M. Shulman,Telefilm,The Affairs of Dobie Gillis
"The Mad, Mad, Mad Comedians",M. Laws,Santa Claus Is Comin' to Town,Mad Monster Party
The Looney Tunes Show,A. Sturmer,Wabbit,Loonatics Unleashed
The Look of Love,B. Bacharach,What's New Pussycat?,Herb Alpert & The Tijuana Brass
The Living Planet,E. Parker,The Trials of Life,Life on Earth
The Life of Mammals,D. Jones,Life in the Undergrowth,The Life of Birds
The Librarian: Return to King Solomon's Mines,J. LoDuca,The Librarian: Curse of the Judas Chalice,The Librarian: Quest for the Spear
The Librarian: Curse of the Judas Chalice,J. LoDuca,The Librarians,The Librarian: Return to King Solomon's Mines
The Legend of Korra,J. Zuckerman,The Legend of Korra,Avatar: The Last Airbender
The Land Before Time,C. Lerios,The Land Before Time: Journey of the Brave,The Land Before Time XIII: The Wisdom of Friends
The Jeffersons,J. Barry,Checking In,All in the Family
The Huckleberry Hound Show,H. Curtin,The Quick Draw McGraw Show,The Ruff & Reddy Show
The Harlem Globetrotters on Gilligan's Island,G. Fried,Gilligan's Planet,The Castaways on Gilligan's Island
The Golden Palace,A. Gold,The Golden Girls: Their Greatest Moments,The Golden Girls
"The Flintstone Kids' ""Just Say No"" Special",H. Curtin,I Yabba-Dabba Do!,The Flintstones' 25th Anniversary Celebration
The Flintstone Kids,H. Curtin,Dino: Stay Out!,The Flintstone Funnies
The Flintstone Comedy Show,H. Curtin,The Flintstone Funnies,Fred and Barney Meet the Shmoo
The First Easter Rabbit,M. Laws,The Easter Bunny Is Comin' to Town,Here Comes Peter Cottontail
The Elements: Fire,B. Wilson,In Blue Hawaii,Wind Chimes
The Condor Heroes 95,W. Chau,The Heaven Sword and Dragon Saber,The Legend of the Condor Heroes
The Color of Passion,N. Schajris,Yo no creo en los hombres,"De que te quiero, te quiero"
The City,S. Schreer,Port Charles,Loving
The Brady Kids,R. Ellis,The Brady Bunch Hour,The Brady Bunch
The Brady Bunch Hour,G. Wyle,The Brady Bunch,The Brady Kids
The Brady Bunch,S. Schwartz,A Very Brady Christmas,The Brady Bunch Hour
The Black Adder,H. Goodall,Blackadder II,The Black Adder
The Biggest Loser Australia,A. Roachford,The Biggest Loser Australia,The Biggest Loser Australia
The Best Is Yet to Come,C. Coleman,The Good Life,I Wanna Be Around
The Berenstain Bears Play Ball,E. Lawrence,The Berenstain Bears,The Berenstain Bears' Comic Valentine
The Berenstain Bears Meet Bigpaw,E. Lawrence,The Berenstain Bears' Easter Surprise,The Berenstain Bears' Christmas Tree
The Berenstain Bears,E. Lawrence,The Berenstain Bears,The Berenstain Bears Play Ball
The Berenstain Bears' Easter Surprise,E. Lawrence,The Berenstain Bears' Comic Valentine,The Berenstain Bears Meet Bigpaw
The Berenstain Bears' Comic Valentine,E. Lawrence,The Berenstain Bears Play Ball,The Berenstain Bears' Easter Surprise
The Beiderbecke Tapes,C. Morehouse,The Beiderbecke Connection,The Beiderbecke Affair
The Batman,T. Edge,Batman: The Brave and the Bold,Batman Beyond
The Baseball Network,S. Schreer,Major League Baseball on Fox,Major League Baseball on CBS
The Avengers: Earth's Mightiest Heroes,G. Michelmore,Avengers Assemble,Wolverine and the X-Men
The Amazing Spider-Man,S. Phillips,Spider-Man,Spidey Super Stories
The All New Popeye Hour,H. Curtin,Popeye and Son,Popeye the Sailor
The Adventures of Super Mario Bros. 3,M. Tavera,Super Mario World,The Super Mario Bros. Super Show!
The Adventures of Robin Hoodnik,H. Curtin,Lassie and the Spirit of Thunder Mountain,Oliver and the Artful Dodger
The Adventures of Jimmy Neutron: Boy Genius,B. Causey,Planet Sheen,Jimmy Neutron: Boy Genius
The 13 Ghosts of Scooby-Doo,H. Curtin,A Pup Named Scooby-Doo,The New Scooby and Scrappy-Doo Show
Teresa,G. Trevi,Ni contigo ni sin ti,"Zacatillo, un lugar en tu corazón"
Teenage Mutant Ninja Turtles,R. Schuckett,Teenage Mutant Ninja Turtles,Teenage Mutant Ninja Turtles
Taira no Kiyomori,T. Yoshimatsu,Yae no Sakura,Gō
Tú y yo,J. Sebastian,Sentimientos Ajenos,Cañaveral de Pasiones
Superhjältejul,P. Ågren,Hotell Gyllene knorren,Skägget i brevlådan
Supercar,B. Gray,Fireball XL5,Four Feather Falls
Super Sleuth Christmas Movie,A. Sturmer,Tigger and Pooh and a Musical Too,Pooh's Heffalump Halloween Movie
Super Friends,H. Curtin,Super Friends: The Legendary Super Powers Show,The World's Greatest Super Friends
Super Friends: The Legendary Super Powers Show,H. Curtin,The Super Powers Team: Galactic Guardians,Super Friends
Suave Veneno,D. Filho,Terra Nostra,Torre de Babel
Stuart Little: The Animated Series,V. D. Parks,Stuart Little 3: Call of the Wild,Stuart Little
Strawberry Shortcake in Big Apple City,H. Kaylan,Strawberry Shortcake: Pets on Parade,The World of Strawberry Shortcake
Strawberry Shortcake: Pets on Parade,R. Muller,Strawberry Shortcake: Housewarming Surprise,Strawberry Shortcake in Big Apple City
Strawberry Shortcake: Housewarming Surprise,J. Sebastian,Strawberry Shortcake and the Baby Without a Name,Strawberry Shortcake: Pets on Parade
Stingray,B. Gray,Thunderbirds,Fireball XL5
Stargate SG-1,J. Goldsmith,Stargate: The Ark of Truth,Stargate
Star Wars: The Clone Wars,J. Williams,Star Wars Rebels,Star Wars: Clone Wars
Star Wars: Clone Wars,J. Williams,Star Wars: The Clone Wars,Star Wars: Episode II – Attack of the Clones
Star Trek: Voyager,J. Goldsmith,Star Trek: Enterprise,Star Trek: Deep Space Nine
Star Trek: The Next Generation,A. Courage,Star Trek: Deep Space Nine,Star Trek: Phase II
Star Trek: Enterprise,B. Tyler,Star Trek: Discovery,Star Trek: Voyager
Star Trek: Deep Space Nine,D. McCarthy,Star Trek: Voyager,Star Trek: The Next Generation
Spoon,D. M. Band,The Last Stop,Pig
Spider-Man and His Amazing Friends,J. Douglas,Spider-Man,Spider-Man
Spider-Man Unlimited,S. Levy,Spider-Man: The New Animated Series,Spider-Man
Spider-Man,S. Levy,Spider-Man Unlimited,Spider-Man and His Amazing Friends
Spider-Man,J. Douglas,Spider-Man and His Amazing Friends,Spider-Man
Spider-Man: The New Animated Series,J. Digweed,The Spectacular Spider-Man,Spider-Man Unlimited
Space Ghost Coast to Coast,S. Sharrock,Perfect Hair Forever,Space Ghost
Soy tu dueña,J. Sebastian,Triunfo del amor,Corazón salvaje
Soul Music,K. Hopwood,Wyrd Sisters,Welcome to the Discworld
"Someday You'll Find Her, Charlie Brown",E. Bogas,A Charlie Brown Celebration,"It's Magic, Charlie Brown"
Snoopy's Reunion,J. Munsen,"It's Spring Training, Charlie Brown","Why, Charlie Brown, Why?"
"Snoopy's Getting Married, Charlie Brown",J. Munsen,"You're a Good Man, Charlie Brown","It's Flashbeagle, Charlie Brown"
Snoopy!!! The Musical,D. Goyette,"It's the Girl in the Red Truck, Charlie Brown","Happy New Year, Charlie Brown!"
Skylark,D. Shire,"Sarah, Plain and Tall: Winter's End","Sarah, Plain and Tall"
Sin pecado concebido,C. Ponce,El Manantial,El derecho de nacer
Si Dios me quita la vida,B. Silvetti,María la del Barrio,Imperio de Cristal
Shuriken Sentai Ninninger,K. Yamashita,Doubutsu Sentai Zyuohger,Ressha Sentai ToQger
"She's a Good Skate, Charlie Brown",E. Bogas,"Life Is a Circus, Charlie Brown","You're the Greatest, Charlie Brown"
Sharpe's Waterloo,D. Muldowney,Sharpe's Challenge,Sharpe's Justice
Sharpe's Siege,J. Tams,Sharpe's Mission,Sharpe's Regiment
Sharpe's Revenge,J. Tams,Sharpe's Justice,Sharpe's Mission
Sharpe's Regiment,J. Tams,Sharpe's Siege,Sharpe's Sword
Sharpe's Mission,J. Tams,Sharpe's Revenge,Sharpe's Siege
Sharpe's Justice,D. Muldowney,Sharpe's Waterloo,Sharpe's Revenge
Sharpe's Enemy,J. Tams,Sharpe's Honour,Sharpe's Company
Sharpe's Eagle,J. Tams,Sharpe's Company,Sharpe's Rifles
Sharpe's Company,J. Tams,Sharpe's Enemy,Sharpe's Eagle
Sharpe's Challenge,D. Muldowney,Sharpe's Peril,Sharpe's Waterloo
Sete Pecados,Z. Duncan,Beleza Pura,Pé na Jaca
Senhora do Destino,M. Rita,América,Celebridade
Seijuu Sentai Gingaman,T. Sahashi,Kyuukyuu Sentai GoGoFive,Denji Sentai Megaranger
Scooby-Doo! Mystery Incorporated,M. Sweet,"Be Cool, Scooby-Doo!",Shaggy & Scooby-Doo Get a Clue!
Scooby-Doo! Legend of the Phantosaur,R. J. Kral,Scooby-Doo! Music of the Vampire,Scooby-Doo! Camp Scare
School's Out,A. Sky,Degrassi: The Next Generation,Degrassi High
Scary Scooby Funnies,H. Curtin,Scooby's Mystery Funhouse,The Scooby & Scrappy-Doo/Puppy Hour
Santa Diabla,C. Ponce,Camelia la Texana,El Señor de los Cielos
Salomé,J. Gabriel,La Otra,La Intrusa
Sale of the Century,J. Grimsley,Temptation,Great Temptation
Sabrina Goes to Rome,D. Lux,"Sabrina, Down Under",Sabrina the Teenage Witch
Ryōmaden,N. Satō,Gō,Tenchijin
Rudolph and Frosty's Christmas in July,J. Marks,Rudolph the Red-Nosed Reindeer and the Island of Misfit Toys,Rudolph's Shiny New Year
Rudolph's Shiny New Year,J. Marks,Rudolph and Frosty's Christmas in July,Rudolph the Red-Nosed Reindeer
Rubí,Reyli,Apuesta por un amor,Amarte es mi Pecado
Rosie Won't You Please Come Home,R. Davies,Dandy,Party Line
Roots: The Next Generations,G. Fried,Roots: The Gift,Roots
Rock of Love with Bret Michaels,B. Michaels,I Love Money,Rock of Love with Bret Michaels
Robot Chicken: Star Wars Episode III,L. Claypool,Robot Chicken DC Comics Special,Robot Chicken: Star Wars Episode II
Robot Chicken: Star Wars Episode II,L. Claypool,Robot Chicken: Star Wars Episode III,Robot Chicken: Star Wars
Rescue from Gilligan's Island,G. Fried,The Castaways on Gilligan's Island,Gilligan's Island
Relaciones peligrosas,Samo,Pablo Escobar: El Patrón del Mal,La casa de al lado
Red Nose Day 2007,L. Zeppelin,Red Nose Day 2009,Comic Relief
Rambo: The Force of Freedom,S. Levy,Rambo III,Rambo: First Blood Part II
Rain on the Roof,G. Fenton,Cream in My Coffee,Blade on the Feather
Quererte así,J. A. Lührs,Destino,Huérfanas
Pé na Jaca,Z. Possi,Sete Pecados,Cobras & Lagartos
Páginas da Vida,T. Jobim,Paraíso Tropical,Belíssima
Pumpkinhead: Ashes to Ashes,R. Lord,Pumpkinhead: Blood Feud,Pumpkinhead II: Blood Wings
"Pueblo chico, infierno grande",J. C. Calderón,La jaula de oro,Te sigo amando
Prófugas del destino,J. A. Lührs,Emperatriz,Vidas Robadas
Power Rangers in Space,S. Levy,Power Rangers Lost Galaxy,Power Rangers Turbo
Power Rangers Zeo,S. Levy,Power Rangers Turbo,Mighty Morphin Alien Rangers
Power Rangers Wild Force,L. Rosner,Power Rangers Ninja Storm,Power Rangers Time Force
Power Rangers Turbo,R. Wasserman,Power Rangers in Space,Power Rangers Zeo
Power Rangers Time Force,S. Levy,Power Rangers Wild Force,Power Rangers Lightspeed Rescue
Power Rangers Samurai,R. Wasserman,Power Rangers Megaforce,Mighty Morphin Power Rangers
Power Rangers Megaforce,R. Wasserman,Power Rangers Dino Charge,Power Rangers Samurai
Power Rangers Lost Galaxy,S. Levy,Power Rangers Lightspeed Rescue,Power Rangers in Space
Power Rangers Lightspeed Rescue,S. Levy,Power Rangers Time Force,Power Rangers Lost Galaxy
Power Rangers Dino Charge,R. Wasserman,Power Rangers Ninja Steel,Power Rangers Megaforce
Porto dos Milagres,G. Costa,O Clone,Laços de Família
Pole to Pole,P. Kingsland,Full Circle with Michael Palin,Michael Palin: Around the World in 80 Days
"Play It Again, Charlie Brown",L. v. Beethoven,"You're Not Elected, Charlie Brown","It Was a Short Summer, Charlie Brown"
Planet Earth,G. Fenton,Frozen Planet,The Blue Planet
Pinky and the Brain,G. Goodwin,"Pinky, Elmyra & the Brain",Animaniacs
Pink Panther and Sons,H. Mancini,The Pink Panther,The Pink Panther Show
Pig,D. M. Band,Spoon,The Dreaming Tree
Peyton Place,F. Waxman,Return to Peyton Place,Return to Peyton Place
Peter Pan Live!,A. Green,The Wiz Live!,The Sound of Music Live!
Pet Sounds,B. Wilson,"Caroline, No",I Just Wasn't Made for These Times
Perro amor,C. Ponce,El fantasma de Elena,"Niños Ricos, Pobres Padres"
Patito Feo,B. Asnicar,Atracción x4,Floricienta
Password Plus and Super Password,S. Productions,Million Dollar Password,Password
Parenthood,M. Daring,Parenthood,Parenthood
Paraíso Tropical,M. Bethânia,Duas Caras,Páginas da Vida
Papaya Coconut,I. Forsman,Papaya Coconut,Papaya Coconut
Pé na Jaca,Z. Possi,Sete Pecados,Cobras & Lagartos
Páginas da Vida,T. Jobim,Paraíso Tropical,Belíssima
Once Upon a Time... Space,M. Legrand,Once Upon a Time... Life,Once Upon a Time... Man
Once Upon a Time... Life,M. Legrand,Once Upon a Time... The Americas,Once Upon a Time... Space
Oliver and the Artful Dodger,H. Curtin,The Adventures of Robin Hoodnik,Willie Mays and the Say-Hey Kid
