col0,col1,col2,col3
Ningalkkum Aakaam Kodeeshwaran,K. Strachan,Star Singer,Star Singer
Ni contigo ni sin ti,P. Aguilar,Amorcito corazón,Teresa
Newhart,H. Mancini,Bob,The Bob Newhart Show
New York Goes to Hollywood,I. Coppola,New York Goes to Work,I Love New York
Nero Wolfe,J. Addison,A Nero Wolfe Mystery,Nero Wolfe
My Date with a Vampire II,Y. Nishimura,My Date with a Vampire III,My Date with a Vampire
Murder in Peyton Place,L. Rosenthal,Peyton Place: The Next Generation,Peyton Place
Mujer de madera,C. Castro,La Madrastra,Mariana de la Noche
Muchachitas como tú,Belinda,Tormenta en el paraíso,Amar Sin Límites
Morelia,J. A. Lührs,Cañaveral de Pasiones,Agujetas de color de rosa
Mis amigos de siempre,T. Biónica,Noche y día,Solamente Vos
Mighty Morphin Alien Rangers,S. Levy,Power Rangers Zeo,Mighty Morphin Power Rangers
Metti Oli,Dhina,Muthaaram,Magal
Melvin Purvis: G-Man,B. Cobert,The Kansas City Massacre,Dillinger
Melrose Place,M. Tavera,90210,"Beverly Hills, 90210"
Maverick,D. Buttolph,Maverick,Conflict
Maude,D. Grusin,Good Times,All in the Family
María la del Barrio,E. Estefan,La antorcha encendida,Si Dios me quita la vida
María Isabel,K. Santander,La usurpadora,La jaula de oro
Mariana de la Noche,J. Gabriel,Mujer de madera,Amor real
María la del Barrio,E. Estefan,La antorcha encendida,Si Dios me quita la vida
María Isabel,K. Santander,La usurpadora,La jaula de oro
Majka,Ł. Targosz,Prosto w serce,BrzydUla
Mahou Sentai Magiranger,K. Yamashita,GoGo Sentai Boukenger,Tokusou Sentai Dekaranger
Madagascar,S. Class,Wild Arabia,South Pacific
Luke Cage,A. S. Muhammad,Iron Fist,Jessica Jones
Love to Say Dada,B. Wilson,Good Vibrations,Mrs. O'Leary's Cow
Love Comes Softly,K. Thorne,Love's Enduring Promise,Love's Everlasting Courage
Lou Grant,S. Walker,Mary and Rhoda,The Mary Tyler Moore Show
"Lost Worlds, Vanished Lives",T. Oldfield,The Trials of Life,The First Eden
"Lola, érase una vez",P. Damián,Amor sin maquillaje,Código postal
Llena de amor,L. Fonsi,Una familia con suerte,Hasta que el dinero nos separe
List of The Alfred Hitchcock Hour episodes,C. Gounod,Alfred Hitchcock Presents,Alfred Hitchcock Presents
Lilo & Stitch: The Series,M. Tavera,Lilo & Stitch 2: Stitch Has a Glitch,Lilo & Stitch
Life in the Undergrowth,B. Salisbury,Life in Cold Blood,The Life of Mammals
Life in the Freezer,G. Fenton,The Private Life of Plants,The Trials of Life
"Life Is a Circus, Charlie Brown",E. Bogas,"It's Magic, Charlie Brown","She's a Good Skate, Charlie Brown"
Let's Go Away for Awhile,B. Wilson,Sloop John B,I'm Waiting for the Day
Leaving So Soon?,T. Rice-Oxley,A Bad Dream,Nothing in My Way
League of Super Evil,S. Andrews,Rated A for Awesome,Storm Hawks
Laverne & Shirley in the Army,H. Curtin,Mork & Mindy/Laverne & Shirley/Fonz Hour,The Fonz and the Happy Days Gang
Late Night with Jimmy Fallon,T. Roots,Late Night with Seth Meyers,Late Night with Conan O'Brien
Late Night with Conan O'Brien,H. Shore,Late Night with Jimmy Fallon,Late Night with David Letterman
Las dos caras de Ana,Camila,Bajo las riendas del amor,Heridas de amor
Las Bravo,A. Argüelles,Así en el Barrio como en el Cielo,Siempre Tuya Acapulco
Lady of the Island,G. Nash,Helplessly Hoping,Wooden Ships
La viuda joven,C. &. Nacho,El árbol de Gabriel,La mujer perfecta
La verdad oculta,M. Alejandro,Mundo de fieras,Alborada
La mujer de Judas,J. A. Lührs,Los Rey,Cielo Rojo
La impostora,A. Guzmán,Reina de corazones,Marido en alquiler
La Madrastra,J. A. Lührs,La esposa virgen,Mujer de madera
La Diosa Coronada,L. Díaz,Alguien Te Mira,¿Dónde Está Elisa?
Kyuukyuu Sentai GoGoFive,T. Watanabe,Mirai Sentai Timeranger,Seijuu Sentai Gingaman
Kung Tayo'y Magkakalayo,R. Valera,Noah,Dahil May Isang Ikaw
Kung Fu Panda Holiday,H. Jackman,Kung Fu Panda 2,Secrets of the Furious Five
Knowing Me Knowing You with Alan Partridge,ABBA,I'm Alan Partridge,Knowing Me Knowing You with Alan Partridge
Know Your Enemy,Rage Against the Machine,Wake Up,Bullet in the Head
Klasses julkalender,J. Schaffer,Tomtemaskinen,Sunes jul
Kite,K. Bush,The Man with the Child in His Eyes,Strange Phenomena
Katorse,T. Paner,Tanging Yaman,Boys Over Flowers
Kamen Rider X,S. Kikuchi,Kamen Rider Amazon,Kamen Rider V3
Kamen Rider Wizard,K. Nakagawa,Kamen Rider Gaim,Kamen Rider Fourze
Kamen Rider W,K. Nakagawa,Kamen Rider OOO,Kamen Rider Decade
Kamen Rider V3,S. Kikuchi,Kamen Rider X,Kamen Rider
Kamen Rider Super-1,S. Kikuchi,Kamen Rider ZX,Kamen Rider
Kamen Rider Stronger,S. Kikuchi,Kamen Rider,Kamen Rider Amazon
Kamen Rider OOO,K. Nakagawa,Kamen Rider Fourze,Kamen Rider W
Kamen Rider Kiva,T. Saito,Kamen Rider Decade,Kamen Rider Den-O
Kamen Rider Kabuto,K. Haishima,Kamen Rider Den-O,Kamen Rider Hibiki
Kamen Rider Hibiki,T. Sahashi,Kamen Rider Kabuto,Kamen Rider Blade
Kamen Rider Gaim,K. Yamashita,Kamen Rider Drive,Kamen Rider Wizard
Kamen Rider Fourze,S. Naruse,Kamen Rider Wizard,Kamen Rider OOO
Kamen Rider Drive,K. Nakagawa,Kamen Rider Ghost,Kamen Rider Gaim
Kamen Rider Den-O,T. Sahashi,Kamen Rider Kiva,Kamen Rider Kabuto
Kamen Rider Decade,K. Nakagawa,Kamen Rider W,Kamen Rider Kiva
Kamen Rider Amazon,S. Kikuchi,Kamen Rider Stronger,Kamen Rider X
Kamen Rider Agito,T. Sahashi,Kamen Rider Ryuki,Kamen Rider Kuuga
Kamen Rider 555,H. Matsuo,Kamen Rider Blade,Kamen Rider Ryuki
Kamen Rider,S. Kikuchi,Kamen Rider Super-1,Kamen Rider Stronger
Kallai Mattum,H. Reshammiya,Oh Ho Sanam,Ulaga Nayagan
Kaizoku Sentai Gokaiger,K. Yamashita,Tokumei Sentai Go-Busters,Tensou Sentai Goseiger
Justice League,L. Ritmanis,Justice League Unlimited,Static Shock
Juro Que Te Amo,D. Bisbal,Verano de Amor,Tormenta en el Paraiso
Julpussar och stjärnsmällar,B. Isfält,Marias barn,Trolltider
Juana Iris,G. Moroder,Muchachita,Los años felices
Joe 90,B. Gray,The Secret Service,Captain Scarlet and the Mysterons
Jessica Jones,S. Callery,Luke Cage,Daredevil
Jesse Stone: Thin Ice,J. Beal,Jesse Stone: No Remorse,Jesse Stone: Sea Change
Jesse Stone: Sea Change,S. Copeland,Jesse Stone: Thin Ice,Jesse Stone: Death in Paradise
Jesse Stone: No Remorse,J. Beal,Jesse Stone: Innocents Lost,Jesse Stone: Thin Ice
Jesse Stone: Night Passage,J. Beal,Jesse Stone: Death in Paradise,Stone Cold
Jesse Stone: Innocents Lost,J. Beal,Jesse Stone: Benefit of the Doubt,Jesse Stone: No Remorse
Jesse Stone: Death in Paradise,J. Beal,Jesse Stone: Sea Change,Jesse Stone: Night Passage
Jesse Stone: Benefit of the Doubt,J. Beal,Jesse Stone: Lost in Paradise,Jesse Stone: Innocents Lost
Jeff Dunham's Very Special Christmas Special,B. Haner,The Jeff Dunham Show,Jeff Dunham: Spark of Insanity
Ja'mie: Private School Girl,C. Lilley,Jonah from Tonga,Angry Boys
"It Was a Short Summer, Charlie Brown",V. Guaraldi,"Play It Again, Charlie Brown","He's Your Dog, Charlie Brown"
"It Was My Best Birthday Ever, Charlie Brown",V. Guaraldi,"It's the Pied Piper, Charlie Brown","You're in the Super Bowl, Charlie Brown"
"It's the Great Pumpkin, Charlie Brown",V. Guaraldi,"You're in Love, Charlie Brown",Charlie Brown's All-Stars
"It's the Easter Beagle, Charlie Brown",V. Guaraldi,"Be My Valentine, Charlie Brown","It's a Mystery, Charlie Brown"
"It's an Adventure, Charlie Brown",D. Goyette,"What Have We Learned, Charlie Brown?","Is This Goodbye, Charlie Brown?"
"It's a Mystery, Charlie Brown",V. Guaraldi,"It's the Easter Beagle, Charlie Brown",A Charlie Brown Thanksgiving
"It's Your First Kiss, Charlie Brown",V. Guaraldi,"What a Nightmare, Charlie Brown!","It's Arbor Day, Charlie Brown"
"It's Your 20th Television Anniversary, Charlie Brown",V. Guaraldi,"You Don't Look 40, Charlie Brown","Happy Birthday, Charlie Brown"
"It's Spring Training, Charlie Brown",H. Mancini,"It's Christmastime Again, Charlie Brown",Snoopy's Reunion
"It's Magic, Charlie Brown",E. Bogas,"Someday You'll Find Her, Charlie Brown","Life Is a Circus, Charlie Brown"
"It's Flashbeagle, Charlie Brown",D. Goyette,"Snoopy's Getting Married, Charlie Brown","What Have We Learned, Charlie Brown?"
"It's Christmastime Again, Charlie Brown",V. Guaraldi,"You're in the Super Bowl, Charlie Brown","It's Spring Training, Charlie Brown"
"It's Arbor Day, Charlie Brown",V. Guaraldi,"It's Your First Kiss, Charlie Brown","You're a Good Sport, Charlie Brown"
Ishq-e-Benaam,S. A. Bagga,Haya Ke Daaman Main,Akeli
"Is This Goodbye, Charlie Brown?",J. Munsen,"It's an Adventure, Charlie Brown",A Charlie Brown Celebration
Indiscipline,T. Levin,Thela Hun Ginjeet,Matte Kudasai
Inday Bote,V. Ganda,Pasión de Amor,Bagito
Império,T. Beatles,Babilônia,Em Família
If There Be Thorns,D. Pipes,Seeds of Yesterday,Petals on the Wind
Idhayam,Srinivas,Nadhaswaram,Madhavi
I Yabba-Dabba Do!,J. Debney,Hollyrock-a-Bye Baby,"The Flintstone Kids' ""Just Say No"" Special"
"I Want a Dog for Christmas, Charlie Brown",D. Benoit,"He's a Bully, Charlie Brown","Lucy Must Be Traded, Charlie Brown"
I Love Money,D. Radlauer,Megan Wants a Millionaire,Flavor of Love
I Just Fall in Love Again,S. Dorff,"Don't Cry for Me, Argentina",All You Get from Love Is a Love Song
I've Got You Under My Skin,C. Porter,I Thought About You,Our Love Is Here to Stay
Hyakujuu Sentai Gaoranger,K. Nakagawa,Ninpuu Sentai Hurricaneger,Mirai Sentai Timeranger
Huntley-Brinkley Report,L. v. Beethoven,NBC Nightly News,Camel News Caravan
Human Universe,P. Sheppard,Forces of Nature,Wonders of Life
Hollyrock-a-Bye Baby,J. Debney,A Flintstone Family Christmas,I Yabba-Dabba Do!
High School Musical 2,D. N. Lawrence,High School Musical 3: Senior Year,High School Musical
Heridas de amor,R. Montaner,Las dos caras de Ana,Peregrina
Here Come the Seventies,J. Mills-Cockell,Target: The Impossible,The Fabulous Sixties
Here's Lucy,W. Hatch,Life with Lucy,The Lucy Show
"Henry IV, Part I and Part II",S. Warbeck,Henry V,Richard II
"Help Me, Rhonda",B. Wilson,"Dance, Dance, Dance",When I Grow Up
"He's a Bully, Charlie Brown",D. Benoit,"Happiness Is A Warm Blanket, Charlie Brown","I Want a Dog for Christmas, Charlie Brown"
"He's Your Dog, Charlie Brown",V. Guaraldi,"It Was a Short Summer, Charlie Brown","You're in Love, Charlie Brown"
Have a Little Faith,E. Shearmur,A Smile as Big as the Moon,Beyond the Blackboard
"Happy New Year, Charlie Brown!",D. Goyette,Snoopy!!! The Musical,"You're a Good Man, Charlie Brown"
"Happy Birthday, Charlie Brown",V. Guaraldi,"It's Your 20th Television Anniversary, Charlie Brown","Happy Anniversary, Charlie Brown"
"Happy Anniversary, Charlie Brown",V. Guaraldi,"Happy Birthday, Charlie Brown",Charlie Brown and Charles Schulz
"Happiness Is a Warm Blanket, Charlie Brown",M. Mothersbaugh,The Peanuts Movie,"He's a Bully, Charlie Brown"
Hanna–Barbera's World of Super Adventure,H. Curtin,The Funtastic World of Hanna-Barbera,Fred Flintstone and Friends
Hanako to Anne,Y. Kajiura,Massan,Gochisōsan
