col0,col1,col2,col3
DreamWorks Dragons,J. Powell,How to Train Your Dragon 2,How to Train Your Dragon
Dragon's Lair,J. Debney,Dragon's Lair II: Time Warp,Dragon's Lair
Dos hogares,Anahí,Abismo de pasión,Triunfo del amor
Don't Talk 2 Strangers,Prince,Girl 6,How Come U Don't Call Me Anymore?
Descendants,D. N. Lawrence,Descendants: Wicked World,Descendants: School of Secrets
Degrassi: The Next Generation,S. Stohn,Degrassi: Next Class,Degrassi High
Death on the Nile,C. Gunning,The Hollow,Sad Cypress
De pura sangre,W. A. Mozart,La gloria y el infierno,Angélica
Dallas: War of the Ewings,J. Immel,Dallas,Dallas: J.R. Returns
Dallas: J.R. Returns,J. Immel,Dallas: War of the Ewings,Dallas
Daisy of Love,Morningwood,I Love Money,Rock of Love with Bret Michaels
Da Cor do Pecado,L. Mello,Começar de Novo,Kubanacan
Cuando me enamoro,E. Iglesias,La fuerza del destino,Mar de amor
Corazón salvaje,J. A. Lührs,"Dos mujeres, un camino",Entre la vida y la muerte
Chōriki Sentai Ohranger,S. Yokoyama,Gekisou Sentai Carranger,Ninja Sentai Kakuranger
Chōjin Sentai Jetman,K. Toyama,Kyōryū Sentai Zyuranger,Chikyu Sentai Fiveman
Choushinsei Flashman,K. Tanaka,Hikari Sentai Maskman,Dengeki Sentai Changeman
Chiquititas,C. Morena,Cúmplices de um Resgate,Carrossel
Cheyenne,W. Lava,The Dakotas,Warner Brothers Presents
Charlie Brown and Charles Schulz,V. Guaraldi,"Happy Anniversary, Charlie Brown",A Boy Named Charlie Brown
Charlie Brown's All-Stars,V. Guaraldi,"It's the Great Pumpkin, Charlie Brown",A Charlie Brown Christmas
Challenge of the Super Friends,H. Curtin,The World's Greatest Super Friends,The All-New Super Friends Hour
Chōriki Sentai Ohranger,S. Yokoyama,Gekisou Sentai Carranger,Ninja Sentai Kakuranger
Chōjin Sentai Jetman,K. Toyama,Kyōryū Sentai Zyuranger,Chikyu Sentai Fiveman
Celebrity MasterChef Australia,K. Perry,MasterChef Australia,MasterChef Australia
Celebridade,The Love Unlimited Orchestra,Senhora do Destino,Mulheres Apaixonadas
Care Bears: Adventures in Care-a-lot,J. Rothman,Care Bears: Welcome to Care-a-Lot,The Care Bears
Captain Scarlet and the Mysterons,B. Gray,Joe 90,Thunderbirds
Caprica,B. McCreary,Battlestar Galactica: Blood & Chrome,Battlestar Galactica
Caminos de Guanajuato,J. A. Jiménez,Amores Roubados,Amor à Vida
Caminho das Índias,V. Bhardwaj,Viver a Vida,A Favorita
Cachito de cielo,P. Fernández,La mujer del Vendaval,Amorcito corazón
CNNNN,A. Hansen,The Chaser Decides,The Election Chaser
Buscando el paraíso,A. Ibarra,Agujetas de color de rosa,Apasionada
Buffy the Vampire Slayer,W. Murphy,Buffy the Vampire Slayer Season Eight,Buffy the Vampire Slayer
Boston Med,M. Puckett,NY Med,Hopkins
Bodas de odio,G. Verdi,La pasión de Isabela,En busca del paraíso
Blue in Green,B. Evans,All Blues,Freddie Freeloader
Blackadder the Third,H. Goodall,Blackadder: The Cavalier Years,Blackadder II
Blackadder II,H. Goodall,Blackadder the Third,The Black Adder
Blackadder Goes Forth,H. Goodall,Blackadder: Back & Forth,Blackadder's Christmas Carol
Blackadder: The Cavalier Years,H. Goodall,Blackadder's Christmas Carol,Blackadder the Third
Blackadder's Christmas Carol,H. Goodall,Blackadder Goes Forth,Blackadder: The Cavalier Years
Billy & Mandy: Wrath of the Spider Queen,D. Neumann,Underfist: Halloween Bash,Billy and Mandy's Big Boogey Adventure
Big Generator,A. White,Shoot High Aim Low,Rhythm of Love
Ben 10: Omniverse,P. Gripp,Ben 10,Ben 10: Ultimate Alien
Ben 10: Alien Force,A. Sturmer,Ben 10: Ultimate Alien,Ben 10
Belíssima,C. Veloso,Páginas da Vida,América
Behind My Camel,A. Summers,Too Many Puppies,"De Do Do Do, De Da Da Da"
Beavis and Butt-Head,M. Judge,Daria,Liquid Television
"Be My Valentine, Charlie Brown",V. Guaraldi,"You're a Good Sport, Charlie Brown","It's the Easter Beagle, Charlie Brown"
Battlestar Galactica,B. McCreary,Caprica,Battlestar Galactica
Battlestar Galactica: Razor,B. McCreary,He That Believeth in Me,Crossroads
Batman Beyond,S. Walker,The Batman,Batman: The Animated Series
Batman: The Brave and the Bold,A. Sturmer,Beware the Batman,The Batman
Balada por un amor,B. Silvetti,Destino,Lo blanco y lo negro
Bakuryū Sentai Abaranger,K. Haneda,Tokusou Sentai Dekaranger,Ninpuu Sentai Hurricaneger
Babylon 5: The Legend of the Rangers,C. Franke,Babylon 5: The Lost Tales,Crusade
Babylon 5,C. Franke,Crusade,Babylon 5: The Gathering
BBC News at Nine,D. Lowe,Outside Source,BBC News
