col0,col1,col2,col3
Đ. Đogani,S. Delibašić,Serbia,Hamit Ðogaj
V. Williams,R. Fox,United States,Vanessa Lynn Williams
V. Ravichandran,List of Kannada films of 1986,India,Veerasamy Ravichandran
S. Loren,C. Ponti,Italian nationality law,Sofia Villani Scicolone
S. R. Cowell,H. Cowell,Americans,Sidney William Hawkins
Shadia,E. Hamdy,Egypt,Fatima Ahmad Kamal
S. Montiel,A. Mann,Spain,María Antonia Abad Fernández
S. V. Gómez,Antonia Garcia de Videgain,Spanish people,Salvador Videgain Gómez
Ruslana,O. Ksenofontov,Ukrainians,Ruslana Stepanivna Lyzhychko
R. Gunathilake,C. Perera,Sri Lanka,Mario Glory Rookantha Goonatillake
R. Wells,L. Kirk,United States,Robert Levinson
R. Dees,J. McWhirter,Americans,Rigdon Osmond Dees III
R. Burton,E. Taylor,Welsh people,Richard Walter Jenkins
P. Kirkorov,A. Pugacheva,Russia,Philipp Bedrosovich Kirkorov
N. Aunor,C. d. Leon,Filipinos,Nora Cabaltera Villamayor
M. Patinkin,K. Grody,United States,Mandel Bruce Patinkin
L. Vondráčková,T. Plekanec,Czechs,Lucie Vondráčková
L. Falana,1. i. film,United States,Loletha Elayne Falana
L. Myers,J. Trivers,United States,Elizabeth Myers
L. Renaud,L. Gasté,French nationality law,Jacqueline Ente
L. Hayton,L. Horne,United States,Leonard George Hayton
L. Horne,L. Hayton,United States,Lena Mary Calhoun Horne
K. Hye-sun,A. Jae-hyun,Koreans,Ku Hye-sun
K. Bertarelli,E. Bertarelli,Swiss people,Kirsty Roper
K. Doğulu,B. Saat,Turkey,Kenan Cihan Doğulu
K. Black,L. M. Kit Carson,United States,Karen Blanche Ziegler
J. A. Santos,R. Agoncillo,Filipino people,Judy Anne Lumagui Santos
J. Heesters,L. Ghijs,Netherlands,Johan Marius Nicolaas Heesters
J. Penna,S. Penna,Brazil,Jônatas de Moura Penna
I. Villania,D. Arellano,Filipino Australian,Raelene Elaine Villania-Arellano
H. Betti,1. i. music,French nationality law,Ange Eugène Betti
G. Walska,H. F. McCormick,Poles,Hanna Puacz
F. Jr.,G. Pires,Brazil,Fábio Correa Ayrosa Galvão
E. Guzmán,S. Pinal,Mexico,Enrique Alejandro Guzmán Vargas
E. J. Olmos,L. Bracco,Americans,Edward Olmos
C. Schumann,R. Schumann,Germany,Clara Josephine Wieck
C. Goyco,E. Ortíz,People of the Dominican Republic,María del Rosario Goico Rodríguez
C. Bruni,N. Sarkozy,French nationality law,Carla Gilberta Bruni Tedeschi
B. C. Lestari,A. Sinclair,Dutch East Indies,Bunga Citra Lestari
B. Brown,W. Houston,Americans,Robert Barisford Brown
B. Ulvaeus,A. Fältskog,Swedish nationality law,Björn Kristian Ulvaeus
B. Buell,C. Shivers,United States,Beverle Lorence Buell
B. V. Karanth,P. Karanth,Indian people,Babukodi Venkataramana Karanth
A. Schroeck,L. November,United States,Arthur Bruce Schroeck
Ann-Margret,R. Smith,Swedish-American,Ann-Margret Olsson
A. Olivo,C. Campbell,Canada,America Athene Olivo
A. Sudano,A. Ramirez,Americans,Amanda Grace Sudano
Alizée,J. Chatelain,French people,Alizée Jacotey
A. Fältskog,B. Ulvaeus,Swedish nationality law,Agnetha Åse Fältskog
Đ. Đogani,S. Delibašić,Serbia,Hamit Ðogaj
