col0,col1,col2,col3
B. Hart,New York,New York,http://dbpedia.org/resource/Lung_cancer
B. Murphy,Los Angeles,Atlanta,http://dbpedia.org/resource/Anemia
B. Franklin,California,"Santa Monica, California",http://dbpedia.org/resource/Pancreatic_cancer
B. Marley,United States,Saint Ann Parish,http://dbpedia.org/resource/Metastatic_melanoma
B. Hope,"Toluca Lake, Los Angeles",County of London,http://dbpedia.org/resource/Pneumonia
B. Haymes,"Hilton Head Island, South Carolina","White Plains, New York",http://dbpedia.org/resource/ALS
B. Fosse,"Washington, D.C.",Chicago,http://dbpedia.org/resource/Myocardial_infarction
B. Crosby,Madrid,United States,http://dbpedia.org/resource/Heart_attack
B. Lee,California,"Johnson, Nebraska",http://dbpedia.org/resource/Brain_tumor
B. Henderson,Los Angeles,Chicago,http://dbpedia.org/resource/Alzheimer's_Disease
B. Grable,California,Missouri,http://dbpedia.org/resource/Lung_cancer
B. Clooney,"Las Vegas, Nevada","Maysville, Kentucky",http://dbpedia.org/resource/Brain_aneurysm
B. Quintanilla,Mexico,Mexico,http://dbpedia.org/resource/Heart_attack
B. Nolan,England,Dublin,http://dbpedia.org/resource/Metastasis
B. Carter,New York,Iowa,http://dbpedia.org/resource/Myocardial_infarction
A. Joseph,Kochi,Kerala,http://dbpedia.org/resource/Myocardial_infarction
A. Hepburn,Vaud,Ixelles,http://dbpedia.org/resource/Appendiceal_cancer
A. Aguilar,Mexico,Mexico,http://dbpedia.org/resource/Pneumonia
A. Russell,"Sun City, Arizona",California,http://dbpedia.org/resource/Stroke
A. Kaufman,"West Hollywood, California",New York City,http://dbpedia.org/resource/Lung_cancer
A. Winehouse,Camden Town,"Southgate, London",http://dbpedia.org/resource/Alcohol_poisoning
A. Saigal,Goa,India,http://dbpedia.org/resource/Drowning
A. Sherman,Los Angeles,Chicago,http://dbpedia.org/resource/Emphysema
A. Freed,"Palm Springs, California","Windber, Pennsylvania",http://dbpedia.org/resource/Cirrhosis
A. Jolson,San Francisco,Seredžius,http://dbpedia.org/resource/Heart_attack
A. Caselotti,California,"Bridgeport, Connecticut",http://dbpedia.org/resource/Respiratory_failure
Aaliyah,The Bahamas,Brooklyn,http://dbpedia.org/resource/Death_of_Aaliyah
A. 4. Mayanja,Nsambya,Kampala,http://dbpedia.org/resource/Mysterious_Death
