col0,col1,col2,col3,col4,col5
Zyuden Sentai Kyoryuger,R. Sanjo,Ressha Sentai ToQger,T. Sahashi,-1500,2014-02-09
Walking with Beasts,J. James,Walking with Monsters,B. Bartlett,1800,2001-12-21
Vivir a destiempo,E. Vonn,Hombre Tenías que Ser,J. A. Lührs,-2640,2013-09-20
V,K. Johnson,V,J. Harnell,11340,1983-05-02
"Upstairs, Downstairs",F. Weldon,Upstairs Downstairs,A. Faris,3000,1975-12-21
Ultraman Nexus,K. Hasegawa,Ultraman Max,K. Kawai,1440,2005-06-25
Ultra Galaxy Mega Monster Battle,T. Masuda,Ultra Galaxy Mega Monster Battle: Never Ending Odyssey,T. Sahashi,1500,2008-02-23
Twenty Twelve,J. Morton,W1A,I. Berlin,1800,2012-07-24
Trumpton,G. Murray,Chigley,F. Phillips,900,1967-03-28
Tinker Tailor Soldier Spy,A. Hopcraft,Smiley's People,G. Burgon,17400,1979-10-22
Thunderbirds,G. Anderson,Captain Scarlet and the Mysterons,B. Gray,3000,1966-12-25
This is Emily Yeung,J. Johnson,This is Daniel Cook,K. Macpherson,360,2006-12-20
This is Daniel Cook,J. Johnson,This is Emily Yeung,M. McClelland,360,2006-04-22
The World's Greatest Super Friends,B. Kane,Super Friends,H. Curtin,1800,1980-09-27
The Winds of War,H. Wouk,War and Remembrance,B. Cobert,52980,1983-02-13
The Wind in the Willows,K. Grahame,"Oh, Mr. Toad",K. Hopwood,1200,1990-06-19
The Spectacular Spider-Man,M. Wayne,Ultimate Spider-Man,K. Carter,1320,2009-11-18
The Secret Diary of Adrian Mole,S. Townsend,The Growing Pains of Adrian Mole,I. Dury,1560,1985-10-21
The Ruff and Reddy Show,J. Barbera,The Huckleberry Hound Show,H. Curtin,1800,1960-04-02
The Richie Rich/Scooby-Doo Show,M. Evanier,The Scooby & Scrappy-Doo/Puppy Hour,H. Curtin,3600,1982-09-18
The Oaks Trilogy,S. Greenhorn,Lightfields,M. Price,3600,2011-03-03
The New Perry Mason,E. S. Gardner,Perry Mason,E. Hagen,3600,1974-01-20
The Mayfair Set,A. Curtis,The Century of the Self,J. Barry,14400,1999-08-08
The Legend of the Condor Heroes,L. Cha,The Return of the Condor Heroes,J. Koo,2520,1983-07-22
The Condor Heroes 95,J. Yong,The Heaven Sword and Dragon Saber,W. Chau,2700,1995-09-09
The Berenstain Bears,Stan and Jan Berenstain,The Berenstain Bears,E. Lawrence,1320,1987-03-07
The Beatles,D. Marks,Yellow Submarine,T. Beatles,1080,1969-05-09
The Adventures of Black Beauty,R. Carpenter,The New Adventures of Black Beauty,D. King,1500,1974-03-10
Supercar,G. Anderson,Fireball XL5,B. Gray,1500,1962-04-29
Super Friends,G. Fox,The All-New Super Friends Hour,H. Curtin,3600,1973-12-22
Super Friends: The Legendary Super Powers Show,G. Conway,The Super Powers Team: Galactic Guardians,H. Curtin,1800,1985-08-31
Stingray,G. Anderson,Thunderbirds,B. Gray,1500,1965-06-27
Star Wars: The Clone Wars,P. Dini,Star Wars Rebels,J. Williams,1320,2014-03-07
Spider-Man Unlimited,L. Brody,Spider-Man: The New Animated Series,S. Levy,1320,2001-03-31
Spider-Man,J. Semper,Spider-Man Unlimited,S. Levy,1260,1998-01-31
Soy tu dueña,K. Fajer,Triunfo del amor,J. Sebastian,-2640,2010-11-07
Shinsengumi!,K. Mitani,Yoshitsune,T. Hattori,2580,2004-12-12
Seijuu Sentai Gingaman,Y. Kobayashi,Kyuukyuu Sentai GoGoFive,T. Sahashi,1500,1999-02-14
Salem's Lot,P. Monash,A Return to Salem's Lot,H. Sukman,11040,1979-11-24
Roots,A. Haley,Roots: The Next Generations,Q. Jones,34200,1977-01-30
Robotech,C. Macek,Robotech II: The Sentinels,U. Minucci,1500,1985-06-28
Pole to Pole,M. Palin,Full Circle with Michael Palin,P. Kingsland,3000,1992-12-09
Pandora's Box,A. Curtis,The Living Dead,A. Gill,21600,1992-07-16
Muhteşem Yüzyıl,M. Okay,Muhteşem Yüzyıl: Kösem,F. Atakoğlu,-9000,2014-06-11
Mr. Bean,B. Elton,Bean,H. Goodall,1500,1995-12-15
Monty Python's Flying Circus,D. Adams,And Now for Something Completely Different,N. Innes,-1800,1974-12-05
Michael Palin: Around the World in 80 Days,M. Palin,Pole to Pole,P. Kingsland,3120,1989-11-22
Metti Oli,Thirumurugan,Muthaaram,Dhina,-1320,2005-06-17
María Isabel,R. Muñoz,La usurpadora,K. Santander,-1320,1998-01-23
Mariana de la Noche,L. Abud,Mujer de madera,J. Gabriel,-2640,2004-04-23
María Isabel,R. Muñoz,La usurpadora,K. Santander,-1320,1998-01-23
Maa....Tomay Chara Ghum Ashena,Kajari,Kiranmala,J. Ganguly,1260,2014-08-03
Late Night with Jimmy Fallon,A. D. Miles,Late Night with Seth Meyers,T. Roots,3720,2014-02-07
La Madrastra,L. Abud,La esposa virgen,J. A. Lührs,-2640,2005-07-29
Kyuukyuu Sentai GoGoFive,R. Yamaguchi,Mirai Sentai Timeranger,T. Watanabe,1500,2000-02-06
Kamen Rider Wizard,S. Aikawa,Kamen Rider Gaim,K. Nakagawa,-1500,2013-09-29
Kamen Rider W,R. Sanjo,Kamen Rider OOO,K. Nakagawa,-1500,2010-08-29
Kamen Rider Super-1,S. Tomita,Kamen Rider ZX,S. Kikuchi,1800,1981-10-03
Kamen Rider OOO,Y. Kobayashi,Kamen Rider Fourze,K. Nakagawa,-1500,2011-08-28
Kamen Rider Kuuga,T. Inoue,Kamen Rider Agito,T. Sahashi,-1500,2001-01-21
Kamen Rider Kiva,T. Inoue,Kamen Rider Decade,T. Saito,-1500,2009-01-18
Kamen Rider Kabuto,T. Inoue,Kamen Rider Den-O,K. Haishima,-1500,2007-01-21
Kamen Rider Hibiki,T. Inoue,Kamen Rider Kabuto,T. Sahashi,-1500,2006-01-22
Kamen Rider Gaim,G. Urobuchi,Kamen Rider Drive,K. Yamashita,-1500,2014-09-28
Kamen Rider Fourze,R. Sanjo,Kamen Rider Wizard,S. Naruse,-1500,2012-08-26
Kamen Rider Drive,R. Sanjo,Kamen Rider Ghost,K. Nakagawa,-1500,2015-09-27
Kamen Rider Den-O,Y. Kobayashi,Kamen Rider Kiva,T. Sahashi,-1500,2008-01-20
Kamen Rider Decade,T. Inoue,Kamen Rider W,K. Nakagawa,-1500,2009-08-30
Kamen Rider Agito,T. Inoue,Kamen Rider Ryuki,T. Sahashi,-1500,2002-01-27
Kamen Rider 555,T. Inoue,Kamen Rider Blade,H. Matsuo,-1500,2004-01-18
Kalasam,K. Padmini,Thangam,D. Imman,-1320,2009-06-26
Joe 90,S. Rimmer,The Secret Service,B. Gray,1500,1969-04-20
Ja'mie: Private School Girl,C. Lilley,Jonah from Tonga,C. Lilley,-1620,2013-11-27
I Love Lucy,M. Pugh,The Lucy–Desi Comedy Hour,M. Rizo,-1590,1957-05-06
Gul-e-Rana,S. Bukhari,Udaari,W. Ali,-2700,2016-04-02
Grim & Evil,G. Miller,The Grim Adventures of Billy & Mandy,G. Moon,1320,2002-10-18
GoGo Sentai Boukenger,S. Aikawa,Juken Sentai Gekiranger,K. Nakagawa,1800,2007-02-11
Gabriel y Gabriela,Y. V. Dulché,Cuando los hijos se van,B. Silvetti,-1320,1983-02-21
