col0,col1,col2,col3,col4,col5
Frisky Dingo,A. Reed,The Xtacles,K. Mike,660,2008-03-23
Fireball XL5,G. Anderson,Stingray,B. Gray,1500,1963-10-27
Fast Forward,S. Vizard,Full Frontal,P. Grabowsky,3600,1992-11-26
En nombre del amor,M. Carrillo,Mi pecado,L. Pausini,-2640,2009-06-12
El Privilegio de Amar,L. Abud,Rosalinda,J. Avendaño,-2640,1999-02-26
Dusty's Trail,E. Schwartz,The Wackiest Wagon Train in the West,S. Schwartz,1440,1974-03-12
Dos hogares,E. Larrosa,Abismo de pasión,Anahí,-2640,2012-01-20
Dallas,C. o. Dallas,Dallas,J. Immel,-3000,1991-05-03
Cuando me enamoro,M. Carrillo,La fuerza del destino,E. Iglesias,-2640,2011-03-13
Coming Home,R. Pilcher,Nancherrow,C. Davis,12120,1998-04-13
Chōriki Sentai Ohranger,T. Inoue,Gekisou Sentai Carranger,S. Yokoyama,1500,1996-02-23
Chōjin Sentai Jetman,T. Inoue,Kyōryū Sentai Zyuranger,K. Toyama,1500,1992-02-14
Chōriki Sentai Ohranger,T. Inoue,Gekisou Sentai Carranger,S. Yokoyama,1500,1996-02-23
Chōjin Sentai Jetman,T. Inoue,Kyōryū Sentai Zyuranger,K. Toyama,1500,1992-02-14
Carol Burnett & Company,D. Clair,Eunice,B. Barnes,3600,1979-09-08
Captain Scarlet and the Mysterons,G. Anderson,Joe 90,B. Gray,1500,1968-05-14
Camberwick Green,G. Murray,Trumpton,F. Phillips,900,1966-03-28
Batman: The Animated Series,P. Dini,Superman: The Animated Series,D. Elfman,1320,1995-09-15
Band of Brothers,T. Hanks,The Pacific,M. Kamen,42300,2001-11-04
Babar,L. d. Brunhoff,Babar and the Adventures of Badou,M. Kymlicka,1380,1991-12-03
Avatar: The Last Airbender,B. Konietzko,The Legend of Korra,J. Zuckerman,1320,2008-07-19
Aqua Teen Hunger Force,D. Willis,Soul Quest Overdrive,J. Homme,-720,2015-08-30
Anne of Green Gables: The Continuing Story,K. Sullivan,Anne of Green Gables: A New Beginning,P. Breiner,11100,2000-07-30
Angry Boys,C. Lilley,Ja'mie: Private School Girl,C. Lilley,1680,2011-07-27
Amorcito corazón,L. Suárez,Cachito de cielo,M. Esperón,-2640,2012-06-10
Amor en silencio,L. Abud,Pasión y poder,M. A. Solís,-2640,1988-08-05
Amachan,K. Kudo,Gochisōsan,O. Yoshihide,900,2013-09-28
Alvin and the Chipmunks,R. B. Jr.,Alvin and the Chipmunks,S. Rucker,660,1990-12-01
African American Lives,"Henry Louis Gates, Jr.",Faces of America,M. Bacon,3300,2008-02-13
101 Dalmatians: The Series,J. Jinkins,PB&J Otter,Various,1320,1998-03-04
10.5,J. Lafia,10.5: Apocalypse,L. Holdridge,9900,2004-05-03
