col0,col1,col2,col3,col4,col5
Your Unchanging Love,Lamont Dozier,Detroit,Holland–Dozier–Holland,Tammi Terrell,0015-01-05
Your Squaw Is on the Warpath,Owen Bradley,United States,L. Lynn,You've Just Stepped In,1968-08-30
Your Precious Love,Harvey Fuqua,Hitsville USA,A. &. Simpson,Ain't No Mountain High Enough,1967-03-23
Your Kisses Will,Allen Reynolds,"Nashville, Tennessee",V. Stephenson,When I Dream,1976-11-01
Your Decision,Nick Raskulinecz,"Northridge, Los Angeles, California",J. Cantrell,Check My Brain,2008-10-23
Young Boy,Paul McCartney,England,P. McCartney,Come Together,1995-02-22
Young Blood,Jerry Leiber and Mike Stoller,1957 in music,Jerry Leiber and Mike Stoller,One Kiss Led to Another,1957-02-15
You Win Again,Fred Rose,"Nashville, Tennessee",H. Williams,Jambalaya,1952-07-11
You Still Believe in Me,Brian Wilson,United Western Recorders,B. Wilson,Wouldn't It Be Nice,1965-11-01
You Should Be Dancing,Brandon Block,Criteria Studios,B. Gibb,Fanny,1976-02-08
You Really Got Me,Ray Davies,London,R. Davies,Lola,1979-03-06
You Love the Thunder,Jackson Browne,New Jersey,J. Browne,Stay,1977-08-27
You Know You're Right,Adam Kasper,"Seattle, Washington",K. Cobain,Aneurysm,1994-01-30
You Know My Name,George Martin,Abbey Road Studios,Lennon–McCartney,Come Together,0007-05-17
You Keep Me Hangin' On,Ricky Wilde,Hitsville U.S.A.,Holland–Dozier–Holland,Starting Over Again,1966-08-01
You Had Me,Mike Mangini,Right Track Recording,J. Stone,Super Duper Love,2003-08-14
You Can't Hurry Love,Phil Collins,Hitsville U.S.A.,Holland–Dozier–Holland,Love Is Like an Itching in My Heart,1966-07-05
You Can't Do That,George Martin,Abbey Road Studios,Lennon–McCartney,I Want to Hold Your Hand,1964-02-25
You Better You Bet,Bill Szymczyk,Odyssey Studios,P. Townshend,5.15,1980-11-04
You Ain't Woman Enough,Owen Bradley,"Nashville, Tennessee",L. Lynn,Dear Uncle Sam,1965-11-15
You've Really Got a Hold on Me,Smokey Robinson,Hitsville USA,S. Robinson,I'll Try Something New,1962-10-16
You've Got to Earn It,Smokey Robinson,Hitsville USA,S. Robinson,It's Growing,1964-08-18
You're the Voice,Alan Parsons,World Liberty Concert,K. Reid,Secret,1995-05-08
You're a Wonderful One,Lamont Dozier,"Detroit, Michigan",Holland–Dozier–Holland,Can I Get a Witness,1964-01-06
You're Welcome,The Beach Boys,CBS Columbia Square,B. Wilson,Then I Kissed Her,1966-12-15
You're So Good to Me,Brian Wilson,United Western Recorders,B. Wilson,Barbara Ann,1965-05-24
You're Gonna Change,Fred Rose,"Nashville, Tennessee",H. Williams,Mind Your Own Business,1949-03-02
Yo Mister,Prince,"Hollywood, CA",Prince,If You Asked Me To,1986-11-11
Yesterday,George Martin,Abbey Road Studios,Lennon–McCartney,Help!,1965-06-14
Yester Love,Smokey Robinson,Hitsville USA,S. Robinson,If You Can Want,1967-12-18
Yes We Can,Will.i.am,Los Angeles,B. Obama,Here I Come,2008-01-31
Yes It Is,George Martin,Abbey Road Studios,Lennon–McCartney,I Feel Fine,1965-02-16
Yellow Submarine,George Martin,Abbey Road Studios,Lennon–McCartney,Paperback Writer,1966-06-01
Yellow Flicker Beat,Joel Little,New Jersey,Lorde,Glory and Gore,2014-08-29
X-Kid,Green Day,"Oakland, California",G. Day,Stray Heart,2012-06-26
Wouldn't It Be Nice,Brian Wilson,Gold Star Studios,B. Wilson,Sloop John B,1966-04-11
Wonderful World,Mickie Most,California,S. Cooke,"Mrs. Brown, You've Got a Lovely Daughter",1959-03-02
Woman,Wesley Rose,"Nashville, Tennessee",G. S. Paxton,I Just Wanted You to Know,1972-04-11
With a Little Help from My Friends,George Martin,Abbey Road Studios,Lennon–McCartney,Sgt. Pepper's Lonely Hearts Club Band,1967-03-30
With Me Tonight,Brian Wilson,Brian Wilson's home studio,B. Wilson,Vegetables,1967-06-30
Witchcraft,Dave Cavanaugh,"Hollywood, Los Angeles, California",C. Coleman,All the Way,1957-05-20
Wings Upon Your Horns,Owen Bradley,United States,L. Lynn,To Make a Man,1969-10-01
Wild Honey Pie,George Martin,Abbey Road Studios,Lennon–McCartney,"Ob-La-Di, Ob-La-Da",1968-08-20
Why Should We Try Anymore,Fred Rose,Nashville,H. Williams,Why Don't You Love Me,1950-01-09
Why Don't You Love Me,Fred Rose,Nashville,H. Williams,Long Gone Lonesome Blues,1950-01-09
Why Do Fools Fall in Love,Diana Ross,1964 in music,F. Lymon,Endless Love,1964-01-01
Why Can't He Be You,Owen Bradley,"Nashville, Tennessee",H. Cochran,She's Got You,1962-09-05
Why Baby Why,Norro Wilson,Houston,G. Jones,You're So Good When You're Bad,1955-08-27
