col0,col1,col2,col3,col4,col5
Who's Lovin' You,Berry Gordy,Hitsville USA,"W. "". Robinson",Shop Around,1969-08-07
White Light/White Heat,David Bowie,Manhattan,L. Reed,Sunday Morning,1973-07-03
Where I Ought to Be,Chet Atkins,"Nashville, Tennessee",H. Howard,Optimistic,1961-11-01
Where Did Our Love Go,Lamont Dozier,Hitsville U.S.A.,Holland–Dozier–Holland,"Run, Run, Run",1964-04-08
When the Lovelight Starts Shining Through His Eyes,Lamont Dozier,Hitsville U.S.A.,Holland–Dozier–Holland,A Breathtaking Guy,1963-10-01
When a Blind Man Cries,Deep Purple,Switzerland,I. Gillan,Strange Kind of Woman,1971-12-21
When We Die,Butch Walker,"Silverlake, California",B. Walker,High School Never Ends,2006-06-14
When I'm Sixty-Four,George Martin,Abbey Road Studios,Lennon–McCartney,Within You Without You,1966-12-21
What Does It Take,Felton Jarvis,"Nashville, Tennessee",J. Glaser,Fuel to the Flame,1967-05-01
What Am I Worth,Pappy Daily,Houston,G. Jones,Why Baby Why,1955-08-27
What's So Good About Goodbye,"Berry Gordy, Jr.","Chicago, Illinois",S. Robinson,Everybody's Gotta Pay Some Dues,1961-10-14
What's Going On,Marvin Gaye,Hitsville USA,M. Gaye,Change of Heart,0007-07-06
Wealth Won't Save Your Soul,Fred Rose,"Nashville, Tennessee",H. Williams,Never Again,1946-12-11
We Lost the Road,Bee Gees,London,B. Gibb,Run to Me,1971-01-28
We Can Work It Out,George Martin,Abbey Road Studios,Lennon–McCartney,Help!,1965-10-29
Way Down,Felton Jarvis,"Memphis, Tennessee",L. M. Jr.,Moody Blue,1976-10-29
Walk,Butch Vig,Dave Grohl,F. Fighters,White Limo,2010-12-21
Voodoo Child,Chas Chandler,Record Plant Studios,J. Hendrix,Fire,1968-05-03
Viva la Vida,Brian Eno,Los Angeles,G. Berryman,Life in Technicolor II,2009-02-08
Valleys of Neptune,Jimi Hendrix,Record Plant Studios,J. Hendrix,Performances and adaptations of The Star-Spangled Banner,1969-09-23
Valleri,The Monkees,Hollywood,B. a. Hart,Daydream Believer,1967-12-28
Us and Them,Pink Floyd,Abbey Road Studios,R. Waters,Money,1972-06-01
Up the Ladder to the Roof,Frank Wilson,Hitsville U.S.A.,F. Wilson,Someday We'll Be Together,1970-01-30
Up from the Skies,Chas Chandler,Olympic Studios,J. Hendrix,Foxey Lady,1967-10-29
Unchained Melody,Bill Medley,Stockholm,A. North,Just Once in My Life,1965-03-02
U Smile,Jerry Duplessis,"Atlanta, Georgia",J. Bieber,Somebody to Love,2009-11-26
U Got the Look,Prince,Sunset Sound,Prince,If I Was Your Girlfriend,1986-12-22
Twist and Shout,Bert Russell,Maple Leaf Gardens,B. Berns,Shout,1961-02-23
Tuesday's Gone,James Hetfield,1973 in music,R. V. Zant,Whiskey in the Jar,1973-04-03
Tu Recuerdo,Tommy Torres,Florida,T. Torres,It's Alright,2006-08-17
Try Me,James Brown,"New York, NY",J. Brown,Papa's Got a Brand New Bag,1958-09-18
True Love Ways,Cliff Richard,New York,N. Petty,Peggy Sue Got Married,1958-10-21
Treat Me Nice,Jerry Leiber and Mike Stoller,"Hollywood, California",Jerry Leiber and Mike Stoller,Teddy Bear,1957-09-05
Touch Me,Joe Allison,Quonset Hut,W. Nelson,Willingly,1961-08-22
Too Much Monkey Business,Leonard Chess,Chicago,C. Berry,Roll Over Beethoven,1956-04-16
Tonight,Hugh Padgham,Birmingham,D. Bowie,Blue Jean,1985-03-23
Tomorrow Tomorrow,Bee Gees,IBC Studios,B. Gibb,First of May,1969-03-21
Toad,Robert Stigwood,Fillmore West,G. Baker,I'm So Glad,1968-03-07
To Make a Man,Owen Bradley,United States,L. Lynn,Woman of the World,1969-05-28
Tiny Dancer,Gus Dudgeon,London,E. John,Red Rag Top,1971-08-09
Tin Soldier,Ronnie Lane,England,R. Lane,Itchycoo Park,1967-11-06
Ticket to Ride,George Martin,Abbey Road Studios,Lennon–McCartney,I Feel Fine,1965-02-15
Three Steps to Heaven,Snuff Garrett,"Hollywood, California",E. Cochran,"Hallelujah, I Love Her So",1960-01-08
This Whole World,The Beach Boys,Brian Wilson's home studio,B. Wilson,Cotton Fields,1969-11-13
This Is a Call,Foo Fighters,New York City,D. Grohl,Exhausted,1997-06-07
Things We Said Today,George Martin,Abbey Road Studios,Lennon–McCartney,Can't Buy Me Love,1964-06-02
Things Goin' On,Al Kooper,"Doraville, Georgia",R. V. Zant,Simple Man,1973-04-30
They're Red Hot,Don Law,"San Antonio, Texas",R. Johnson,Cross Road Blues,1936-11-23
They'll Never Take Her Love from Me,Leon Payne,"Nashville, Tennessee",L. Payne,Why Don't You Love Me,1950-06-14
These Boots Are Made for Walkin',Lee Hazlewood,United States,L. Hazlewood,Angels,1965-11-19
There It Is,James Brown,"Macon, GA",J. Brown,King Heroin,1972-02-07
There He Is,Lamont Dozier,"Detroit, Michigan",B. G. Jr.,In My Lonely Room,1962-08-01
There Goes My Baby,Jerry Leiber and Mike Stoller,1959 in music,B. E. King,Drip Drop,1959-03-06
There's a Kind of Hush,Mickie Most,De Lane Lea Studios,L. Reed,Solitaire,1966-12-07
There'll Be No Teardrops Tonight,Fred Rose,Cincinnati,H. Williams,Wedding Bells,1949-12-22
The Young Ones,Norrie Paramor,London,R. C. Bennett,When the Girl in Your Arms Is the Girl in Your Heart,1961-12-05
The World Tonight,Paul McCartney,England,P. McCartney,Young Boy,1995-11-13
The Wind Cries Mary,Chas Chandler,De Lane Lea Studios,J. Hendrix,Purple Haze,1967-01-11
The Way You Do the Things You Do,Smokey Robinson,Hitsville USA,S. Robinson,Farewell My Love,1964-01-09
The War,Prince,Paisley Park Studios,Prince,Girl 6,1998-06-20
The Walls Fell Down,Barry Gibb,IBC Studios,"Barry, Robin & Maurice Gibb",Only One Woman,1969-01-10
The Vampyre of Time and Memory,Josh Homme,"Burbank, California",J. Homme,I Sat by the Ocean,2012-08-09
The Unforgiven,James Hetfield,California,J. Hetfield,Enter Sandman,1990-10-06
The Times They Are a-Changin',Tom Wilson,New York City,B. Dylan,Blowin' in the Wind,1963-10-24
The Things That I Used to Do,Ray Charles,New Orleans,G. Slim,Caldonia,1953-10-16
The Supermen,Tony Visconti,London,D. Bowie,The Man Who Sold the World,1970-05-22
The Sun Ain't Gonna Shine,Trevor Horn,"Rye, East Sussex",B. Gaudio,Not Enough Love in the World,1966-01-09
The Scarecrow,Norman Smith,Abbey Road Studios,S. Barrett,Arnold Layne,1967-03-22
The Prettiest Star,Ken Scott,Trident Studios,D. Bowie,"Ragazzo solo, ragazza sola",1970-01-15
The Payback,James Brown,1973 in music,F. Wesley,Stoned to the Bone,1973-08-04
The Part Where I Cry,Joe Allison,Quonset Hut,W. Nelson,Night Life,1961-08-22
The Next Time,Norrie Paramor,London,B. Kaye,It'll Be Me,1962-05-10
The Man Who Sold the World,Nirvana,Trident Studios,D. Bowie,She Shook Me Cold,1970-05-22
The Love I Saw in You Was Just a Mirage,Smokey Robinson,Hitsville USA,S. Robinson,(Come 'Round Here) I'm the One You Need,1966-11-11
The Long and Winding Road,Phil Spector,Apple Studio,Lennon–McCartney,Let It Be,1969-01-26
The Legend of Bonnie and Clyde,Ken Nelson,"Hollywood, California",M. Haggard,Sing Me Back Home,1968-01-31
The Laughing Gnome,Mike Vernon,Decca Studios,D. Bowie,Rubber Band,0007-01-26
The Last Time,Kit Lambert,London,Jagger/Richards,Pictures of Lily,1965-01-12
The Kids Are Alright,Shel Talmy,IBC Studios,P. Townshend,A Legal Matter,1965-10-13
The Inner Light,George Martin,Abbey Road Studios,G. Harrison,"Hello, Goodbye",0006-01-13
The Happening,Lamont Dozier,Los Angeles,Holland–Dozier–Holland,Love Is Here and Now You're Gone,1967-02-25
The Girl I Knew Somewhere,Chip Douglas,"Hollywood, California",M. Nesmith,I'm a Believer,1967-02-23
The Girl's Alright with Me,Norman Whitfield,Hitsville USA,E. Kendricks,The Way You Do the Things You Do,1964-03-26
The Bottle,Perpis-Fall Music,"Silver Spring, Maryland",G. Scott-Heron,The Revolution Will Not Be Televised,1973-10-15
The Blues Come Around,Fred Rose,Nashville,H. Williams,Honky Tonkin',1947-11-07
The Bewlay Brothers,David Bowie,Trident Studios,D. Bowie,Queen Bitch,1971-07-30
The Ballad of John and Yoko,George Martin,Abbey Road Studios,Lennon–McCartney,Get Back,1969-04-14
That's Where It's At,Al Schmitt,"Los Angeles, California",S. Cooke,Good Times,1963-08-20
That's What Love Is Made Of,Smokey Robinson,Hitsville U.S.A.,S. Robinson,I Like It Like That,1964-08-11
That'll Be the Day,Peter Asher,"Clovis, New Mexico",J. Allison,Words of Love,1956-07-22
Thank You Girl,George Martin,Abbey Road Studios,Lennon–McCartney,Please Please Me,1963-03-05
Tennessee River,Alabama,1980 in country music,R. Owen,My Home's in Alabama,1980-04-16
Tearin' Up My Heart,Kristian Lundin,Stockholm,K. Lundin,I Want You Back,1996-12-05
Tattoo,Kit Lambert,IBC Studios,P. Townshend,Odorono,1967-10-12
Tangled Up in Blue,Bob Dylan,"Minneapolis, Minnesota",B. Dylan,All Along the Watchtower,1974-12-30
Talkin' Loud and Sayin' Nothing,James Brown,"Macon, Georgia",B. Byrd,I'm a Greedy Man,1970-10-01
Talk Shows on Mute,Brendan O'Brien,2004 in music,B. Boyd,Megalomaniac,2004-05-25
Taking Chances,John Shanks,"Los Angeles, California",K. DioGuardi,On s'est aimé à cause,2007-03-12
Take This Heart of Mine,Smokey Robinson,Hitsville USA,M. Tarplin,One More Heartache,1966-03-24
Take These Chains from My Heart,Fred Rose,Nashville,F. Rose,Kaw-Liga,1952-09-23
Take Me with U,Prince,Los Angeles,Prince,I Would Die 4 U,1984-01-24
Sweetheart,Bee Gees,IBC Studios,B. Gibb,The Lord,1969-09-26
Sweet Emotion,Jack Douglas,New York,S. Tyler,S.O.S.,1975-03-14
Suspicious Minds,Chips Moman,"Memphis, Tennessee",M. James,Anyone of Us,1969-01-23
Surfin' Safari,Murry Wilson,United Western Recorders,B. Wilson,Surfin',1962-04-19
Surfer Girl,Brian Wilson,United Western Recorders,B. Wilson,Surfin' U.S.A.,1963-06-12
Surf City,Jan Berry,United Western Recorders,B. Wilson,Linda,1963-03-20
Surf's Up,The Beach Boys,United Western Recorders,B. Wilson,Long Promised Road,1966-11-04
Super Bad,James Brown,1970 in music,J. Brown,Get Up,1970-06-30
Sunshine Girl,Mickie Most,De Lane Lea Studios,G. Stephens,Sleepy Joe,1968-05-24
Summertime Blues,Rush,Gold Star Studios,E. Cochran,The Seeker,1958-03-28
Summer Holiday,Norrie Paramor,London,B. Welch,Bachelor Boy,1962-11-19
Suffragette City,Ken Scott,Trident Studios,D. Bowie,Stay,1972-02-04
Substitute,Pete Townshend,Olympic Studios,P. Townshend,My Generation,1966-02-12
Stubborn Kind of Fellow,"William ""Mickey"" Stevenson","Detroit, Michigan",M. Gaye,Soldier's Plea,1962-06-29
Stray Heart,Green Day,"Oakland, California",G. Day,Let Yourself Go,2012-06-26
Strange Relationship,Prince,Minneapolis,Prince,Live from Paisley Park,1987-03-21
Stop! In the Name of Love,Lamont Dozier,Hitsville U.S.A.,Holland–Dozier–Holland,Come See About Me,1965-01-11
Stoned to the Bone,James Brown,"Augusta, GA",J. Brown,"Sexy, Sexy, Sexy",1973-10-02
Stoned Love,Frank Wilson,Detroit,F. Wilson,Everybody's Got the Right to Love,1970-04-27
Stepping Stone,Jimi Hendrix,Record Plant Studios,J. Hendrix,Stone Free,0017-01-07
State of Love and Trust,Pearl Jam,Seattle,M. McCready,Soundgarden,1991-04-26
Starman,David Bowie,Trident Studios,D. Bowie,Changes,1972-02-04
Spinning Wheel,James Brown,"Augusta, GA",D. Clayton-Thomas,"Get Up, Get into It, Get Involved",1968-10-09
Speed,Buck-Tick,Tokyo,H. Imai,Aku no Hana,1990-10-18
Space Oddity,Gus Dudgeon,Trident Studios,D. Bowie,Love You till Tuesday,1969-06-20
Southern Man,David Briggs,1970 in music,N. Young,Only Love Can Break Your Heart,1970-03-19
Soul Power,James Brown,"Washington, D.C.",J. Brown,Spinning Wheel,1971-01-26
Sorry Suzanne,Ron Richards,Abbey Road Studios,T. Macaulay,Listen to Me,1969-01-27
Sonic Assassins,Dave Brock,Barnstaple,R. Calvert,Kings of Speed,1977-12-23
Song for Bob Dylan,David Bowie,Trident Studios,D. Bowie,Andy Warhol,1971-08-06
Something,George Martin,Abbey Road Studios,G. Harrison,The Ballad of John and Yoko,0005-05-02
Someday We'll Be Together,Owen Bradley,Hitsville U.S.A.,H. Fuqua,I Second That Emotion,1969-06-13
Somebody Have Mercy,Hugo & Luigi,California,S. Cooke,Bring It on Home to Me,1962-02-15
Soldier's Plea,"William ""Mickey"" Stevenson","Detroit, Michigan",A. Williams,Mr. Sandman,1962-04-23
Smooth Sailing,Josh Homme,"Burbank, California",J. Homme,The Vampyre of Time and Memory,2012-08-09
Slow Train,Jerry Wexler,Muscle Shoals Sound Studios,B. Dylan,Precious Angel,1979-05-03
Sloop John B,Brian Wilson,Hollywood,B. Wilson,Barbara Ann,1965-12-29
Sleepy Joe,Mickie Most,De Lane Lea Studios,J. Carter,I Can Take or Leave Your Loving,1967-12-08
Since I Lost My Baby,Luther Vandross,1965 in music,S. Robinson,It's Growing,1965-05-12
Show Me Girl,Mickie Most,De Lane Lea Studios,C. King,I'm into Something Good,1964-07-26
Shout,Hugo & Luigi,New York City,R. Isley,I'm Gonna Knock on Your Door,1959-08-05
Shoppin' for Clothes,Jerry Leiber and Mike Stoller,New York City,L. a. Stoller,"Wake Me, Shake Me",1960-07-29
She Thinks I Still Care,Pappy Daily,1972 in country music,D. Lee,A Love Song,1962-03-03
She Shook Me Cold,Tony Visconti,London,D. Bowie,Saviour Machine,1970-05-22
She Loves You,George Martin,Abbey Road Studios,Lennon–McCartney,From Me to You,1963-07-01
She Called Me Baby,Owen Bradley,1964 in country music,H. Howard,I Love My Friend,1963-02-07
She Belongs to Me,Tom Wilson,1965 in music,B. Dylan,The Times They Are a-Changin',1965-01-14
She's a Woman,George Martin,Abbey Road,Lennon–McCartney,A Hard Day's Night,1964-10-08
She's Not You,Chet Atkins,"Nashville, Tennessee",J. Leiber,Good Luck Charm,1962-03-19
She's Lost Control,Martin Hannett,Stockport,I. Curtis,New Dawn Fades,1979-04-17
She's Leaving Home,George Martin,Abbey Road Studios,Lennon–McCartney,Fixing a Hole,1967-03-17
She's Goin' Bald,The Beach Boys,Brian Wilson's home studio,B. Wilson,Vegetables,1966-09-01
Shattered,Jagger/Richards,Paris,Jagger/Richards,Respectable,1977-12-21
Shake,Al Schmitt,"Hollywood, Los Angeles, California",S. Cooke,That's Where It's At,1964-11-16
Shadowplay,Martin Hannett,Stockport,I. Curtis,She's Lost Control,1979-04-17
Settin' the Woods on Fire,Fred Rose,"Nashville, Tennessee",F. Rose,Jambalaya,1952-06-13
Seen the Light,Tony Hoffer,London,Supergrass,Grace,2002-11-05
See Emily Play,Norman Smith,London,S. Barrett,Arnold Layne,1967-05-21
Seasons of My Heart,Pappy Daily,Houston,G. Jones,Hold Everything,1955-08-27
Searchin',Jerry Leiber and Mike Stoller,1957 in music,Jerry Leiber and Mike Stoller,One Kiss Led to Another,1957-02-15
Seamus,Pink Floyd,London,D. Gilmour,The Nile Song,1971-05-28
Screaming Bloody Murder,Deryck Whibley,Perfect Sound Studios,T. Thacker,With Me,2010-06-24
School Days,Leonard Chess,"Chicago, Illinois",C. Berry,You Can't Catch Me,1957-01-21
Say It Loud – I'm Black and I'm Proud,James Brown,"Los Angeles, CA","Alfred ""Pee Wee"" Ellis","I Guess I'll Have to Cry, Cry, Cry",1968-08-07
Say Anything,X Japan,Yokohama Arena,Yoshiki,Standing Sex,1991-11-12
Same Old Song and Dance,Jack Douglas,Record Plant Studios,S. Tyler,Dream On,1973-12-17
Sad but True,James Hetfield,"Los Angeles, California",J. Hetfield,Wherever I May Roam,1991-06-16
S.O.S.,Jack Douglas,Record Plant Studios,S. Tyler,Train Kept A-Rollin',1973-12-17
Running on Empty,Jackson Browne,"Columbia, Maryland",J. Browne,The Pretender,1977-08-27
Runnin' Back to Saskatoon,Jack Richardson,"Seattle, Washington",K. Winter,"Guns, Guns, Guns",1972-05-22
"Runaway Child, Running Wild",Norman Whitfield,"Detroit, Michigan",N. Whitfield,Rudolph the Red-Nosed Reindeer,1968-12-16
Run to Me,Bee Gees,IBC Studios,"Barry, Robin & Maurice Gibb",My World,1972-04-12
Ruby Tuesday,Andrew Loog Oldham,England,B. Jones,Lay Down,1966-12-03
