col0,col1,col2,col3,col4,col5
Rootie Tootie,Fred Rose,Nashville,F. Rose,On the Banks of the Old Ponchartrain,1947-11-06
Roll Over Beethoven,George Martin,AIR Studios,L. v. Beethoven,10538 Overture,1956-04-16
Rock Around the Clock,Milt Gabler,New York City,J. E. Myers,Chattanooga Choo Choo,1954-04-12
Rock-A-Hula Baby,Steve Sholes,"Hollywood, California",F. Wise,Can't Help Falling in Love,1961-03-23
River Deep – Mountain High,Derek Lawrence,London,P. Spector,Ring of Fire,0011-05-07
Ring Ring,Benny Andersson,Stockholm,B. Andersson,He Is Your Brother,1973-01-10
Right or Wrong,Ken Nelson,"Nashville, Tennessee",W. Jackson,Say You,1960-10-28
Rest Your Love on Me,Bee Gees,Canada,B. Gibb,Night Fever,1976-05-02
Respectable,Jagger/Richards,Paris,Jagger/Richards,Beast of Burden,1977-12-21
Respect,Jerry Wexler,"Memphis, Tennessee",O. Redding,I Never Loved a Man,1967-02-14
Remember a Day,Norman Smith,London,R. Wright,It Would Be So Nice,1967-05-09
Relay,The Who,London,P. Townshend,Join Together,1972-05-26
Reflections,Lamont Dozier,Hitsville U.S.A.,Holland–Dozier–Holland,The Happening,1967-05-09
"Red, White and Blue",Owen Bradley,United States,L. Lynn,When the Tingle Becomes a Chill,1975-01-30
Ramblin' on My Mind,Don Law,Texas,R. Johnson,I Believe I'll Dust My Broom,1936-11-23
Rain,George Martin,Abbey Road Studios,Lennon–McCartney,We Can Work It Out,1966-04-16
"Ragazzo solo, ragazza sola",Gus Dudgeon,Morgan Studios,Mogol,Space Oddity,1969-12-20
R.O.C.K. in the U.S.A.,Don Gehman,"Belmont, Indiana",J. Mellencamp,Small Town,1985-04-25
Quicksand,David Bowie,Trident Studios,D. Bowie,Kooks,1971-07-14
Question,Anne Dudley,Greatest Hits,J. Hayward,Watching and Waiting,1970-01-24
Purple Rain,Prince,Minneapolis,Prince,Let's Go Crazy,1983-08-03
Purple Haze,Chas Chandler,De Lane Lea Studios,J. Hendrix,Hey Joe,1967-01-11
Psychedelic Shack,Norman Whitfield,Hitsville USA,N. Whitfield,The Weight,1969-12-02
Pride and Joy,"William ""Mickey"" Stevenson","Detroit, Michigan",M. Gaye,Hitch Hike,1962-09-12
Pretty Thing,Bo Diddley,Chicago,W. Dixon,Diddley Daddy,1955-07-14
