col0,col1,col2,col3,col4,col5
Look,Brian Wilson,Sunset Sound Recorders,B. Wilson,Wonderful,1966-08-12
Long Gone Lonesome Blues,Fred Rose,Nashville,H. Williams,I Just Don't Like This Kind of Living,1950-01-09
Lonely Days,Bee Gees,London,"Barry, Robin & Maurice Gibb",I.O.I.O.,1970-08-21
Lola,Ray Davies,"Providence, Rhode Island",R. Davies,Victoria,1979-09-23
Little Sister,Steve Sholes,"Nashville, Tennessee",D. Pomus,(Marie's the Name) His Latest Flame,1961-06-26
Listen to the Band,Michael Nesmith,"Nashville, Tennessee",M. Nesmith,Tear Drop City,1968-12-09
Listen to Me,Ron Richards,Abbey Road Studios,T. Hazzard,Jennifer Eccles,1968-08-28
Listen People,Mickie Most,De Lane Lea Studios,G. Gouldman,A Must to Avoid,1965-07-16
Lili Marleen,Anthony Monn,Vienna,M. David,See What the Boys in the Back Room Will Have,1961-06-03
Licking Stick – Licking Stick,James Brown,"Cincinnati, OH",B. Byrd,I Got the Feelin',1968-04-16
Levon,Gus Dudgeon,London,E. John,Friends,1971-02-27
Let Me Go the Right Way,Berry Gordy,Hitsville U.S.A.,B. Gordy,Your Heart Belongs to Me,1962-08-30
Let It Be,George Martin,Abbey Road Studios,Lennon–McCartney,Come Together,1969-01-31
Let Him Run Wild,Brian Wilson,Hollywood,B. Wilson,"Help Me, Rhonda",1965-05-28
Let 'Em In,Paul McCartney,Abbey Road Studios,L. McCartney,Silly Love Songs,1976-02-04
Let's Turn Back the Years,Fred Rose,"Nashville, Tennessee",H. Williams,Honky Tonk Blues,1951-08-10
Let's Spend the Night Together,David Bowie,London Records,Jagger/Richards,"Have You Seen Your Mother, Baby, Standing in the Shadow?",1966-11-26
Let's Pretend We're Married,Prince,Sunset Sound,Prince,Delirious,1982-03-30
Let's Invite Them Over,Pappy Daily,"Nashville, Tennessee",O. Wheeler,We Must Have Been Out of Our Minds,1963-05-23
Let's Get It On,Marvin Gaye,"Los Angeles, California",E. Townsend,I Want to Come Home for Christmas,1973-03-22
Lesson Learned,Nick Raskulinecz,"Northridge, Los Angeles, California",J. Cantrell,Your Decision,2008-10-23
Layla,Tom Dowd,Criteria Studios,E. Clapton,Tears in Heaven,1970-09-09
Lay Lady Lay,Bob Johnston,"Nashville, Tennessee",B. Dylan,The Fall,1969-02-14
Ladytron,Peter Sinfield,London,B. Ferry,Re-Make/Re-Model,1972-03-15
Lady of the Island,Graham Nash,1969 in music,G. Nash,Wooden Ships,1969-02-11
Lady Madonna,George Martin,Abbey Road Studios,Lennon–McCartney,"Hello, Goodbye",1968-02-06
La-La-La-Lies,Shel Talmy,Central London,P. Townshend,I'm a Boy,1965-10-13
"Komm, gib mir deine Hand / Sie liebt dich",George Martin,Paris,C. Felgen,I Want to Hold Your Hand,1964-01-29
Kiss,Prince,Sunset Sound,Prince,America,1985-04-28
King of Pain,Alanis Morissette,Montserrat,Sting,Every Breath You Take,1999-09-18
King Midas In Reverse,Ron Richards,Abbey Road Studios,A. Clarke,Carrie Anne,1967-08-04
Killer,Adamski,Wembley Arena,N. Whitfield,Somebody to Love,1991-03-22
Kill the DJ,Green Day,"Oakland, California",G. Day,Oh Love,2012-06-26
Kentucky Rain,Chips Moman,Tennessee,E. Rabbitt,Don't Cry Daddy,1969-02-19
Just a Little Bit Better,Mickie Most,De Lane Lea Studios,K. Young,"I'm Henery the Eighth, I Am",1965-07-16
Just Another Lonely Night,"William ""Mickey"" Stevenson",Hitsville USA,"W. "". Stevenson",The Girl's Alright with Me,1965-06-10
Jumpin' Jack Flash,Keith Richards,London Records,B. Wyman,She's a Rainbow,1968-04-20
Jolene,Jack White,"Nashville, Tennessee",D. Parton,There's No Home for You Here,1973-05-22
Join Together,The Who,London,P. Townshend,Behind Blue Eyes,1972-05-22
Johnny B. Goode,Rob Halford,Chess Records,C. Berry,Sweet Little Sixteen,1958-01-06
"John, I'm Only Dancing",David Bowie,Philadelphia,D. Bowie,Arnold Corns,1972-06-26
Jive Talkin',Arif Mardin,Criteria Studios,B. Gibb,Charade,1975-02-19
Jimmy Mack,Nile Rodgers,Hitsville U.S.A.,Holland–Dozier–Holland,I'm Ready for Love,1964-03-02
Jeremy,Pearl Jam,Seattle,E. Vedder,Even Flow,1991-04-26
Itchycoo Park,Ronnie Lane,Olympic Studios,R. Lane,Here Come the Nice,1967-07-24
It's the Same Old Song,Lamont Dozier,Hitsville U.S.A.,Holland–Dozier–Holland,I Can't Help Myself,1965-07-08
It's a New Day,James Brown,"Cincinnati, OH",J. Brown,Ain't It Funky Now,1969-09-03
It's a Man's Man's Man's World,James Brown,1966 in music,J. Brown,Ain't That a Groove,1966-02-16
"It's a Lovely, Lovely World",Don Law,"Hollywood, California",Felice and Boudleaux Bryant,I'll Be There,1952-02-05
It's Christmas Time Again,Morgan Taylor Reid,California,H. Dorough,Don't Turn Out the Lights,2012-10-18
It's All Over Now,Andrew Loog Oldham,Chicago,B. Womack,Tell Me,1964-06-10
Isolation,Martin Hannett,London,I. Curtis,Atrocity Exhibition,1980-03-30
Isn't She Pretty,Berry Gordy,1961 in music,B. G. Jr.,Check Yourself,1961-10-23
Isn't Life Strange,Anne Dudley,Greatest Hits,J. Lodge,The Story in Your Eyes,1972-02-14
Instant Karma!,Phil Spector,Abbey Road Studios,J. Lennon,Cold Turkey,1970-01-27
In the Midnight Hour,Bob Montgomery,Avatar Studios,W. Pickett,Same Old Scene,1965-05-12
In the Middle of a Heartache,Ken Nelson,"Nashville, Tennessee",W. Jackson,Right or Wrong,1961-04-20
In and Out of Love,Lamont Dozier,Los Angeles,Holland–Dozier–Holland,Reflections,1967-04-20
In Spite of All the Danger,Phillips' Sound Recording Services,Liverpool,G. Harrison,That'll Be the Day,1958-07-12
In My Lonely Room,Lamont Dozier,Hitsville U.S.A.,Holland–Dozier–Holland,Live Wire,1964-01-29
In-A-Gadda-Da-Vida,Frank Farian,Long Island,D. Ingle,I See a Boat on the River / My Friend Jack,1968-05-27
If You Can Want,Smokey Robinson,Hitsville USA,S. Robinson,I Second That Emotion,1967-11-28
If It's Over,Mariah Carey,Kaufman Astoria Studios,M. Carey,I'll Be There,1992-03-16
If I Was Your Girlfriend,Prince,Sunset Sound Recorders,Prince,Sign o' the Times,1986-11-02
I Would Die 4 U,Prince,Minneapolis,Prince,Purple Rain,1983-08-03
I Won't Be Home No More,Fred Rose,Nashville,H. Williams,Take These Chains From My Heart,1952-07-11
I Wish It Would Rain,Norman Whitfield,Hitsville USA,N. Whitfield,(Loneliness Made Me Realize) It's You That I Need,1967-08-31
I Want to Hold Your Hand,George Martin,Abbey Road Studios,Lennon–McCartney,She Loves You,1963-10-17
I Want a Love I Can See,Smokey Robinson,Hitsville USA,S. Robinson,Paradise,1963-02-01
I Walk the Line,Sam Phillips,"Memphis, Tennessee",J. Cash,Folsom Prison Blues,1956-04-02
I Started a Joke,Bee Gees,IBC Studios,B. Gibb,This Town Ain't Big Enough for Both of Us,1968-06-25
I Should Have Known Better,George Martin,Abbey Road Studios,Lennon–McCartney,Love Me Do,1964-02-26
I Second That Emotion,Frank Wilson,Hitsville U.S.A.,S. Robinson,The Weight,1967-09-21
I Say a Little Prayer,Jerry Wexler,Phil Ramone,B. Bacharach,Think,1966-04-09
I Pity the Fool,Shel Talmy,London,D. Malone,Liza Jane,1965-01-15
I Need Two Heads,Alex Fergusson,Pencaitland,G. McLennan,People Say,1980-04-28
I Like It Like That,Smokey Robinson,Hitsville U.S.A.,S. Robinson,(You Can't Let the Boy Overpower) The Man in You,1964-05-12
I Like It,George Martin,London,M. Murray,How Do You Do It?,1963-04-24
I Know How,Owen Bradley,United States,L. Lynn,Wings Upon Your Horns,1969-12-23
I Just Wasn't Made for These Times,Brian Wilson,Gold Star Studios,B. Wilson,Here Today,1966-04-13
I Hear a Symphony,Lamont Dozier,Hitsville U.S.A.,Holland–Dozier–Holland,Nothing but Heartaches,0028-09-22
I Have a Dream,Benny Andersson,"London, UK",B. Andersson,Gimme! Gimme! Gimme!,1979-03-15
I Got a Bag of My Own,James Brown,"New York, NY",J. Brown,Get on the Good Foot,1972-09-19
I Got You,James Brown,"Miami, FL",J. Brown,Try Me,1965-05-06
I Got Stung,Billboard Hot 100,"Nashville, Tennessee",A. Schroeder,Hard Headed Woman,1958-06-11
I Got Ants in My Pants,James Brown,"Macon, GA",J. Brown,What My Baby Needs Now Is a Little More Lovin',1971-10-10
I Feel Fine,George Martin,Abbey Road Studios,Lennon–McCartney,A Hard Day's Night,1964-10-18
I Don't Want Nobody to Give Me Nothing,James Brown,"Atlanta, GA",J. Brown,Soul Pride,1969-02-23
I Couldn't Cry If I Wanted To,Norman Whitfield,Hitsville USA,N. Whitfield,Beauty Is Only Skin Deep,1962-11-02
I Could Never Love Another,RIAA,Hitsville USA,N. Whitfield,I Wish It Would Rain,1967-11-08
I Can't Stop Loving You,Chet Atkins,"Hollywood, California",D. Gibson,Oh Lonesome Me,1957-12-30
I Can't Stand Myself,James Brown,"Cincinnati, OH",J. Brown,Get It Together,1967-10-30
I Can't See Nobody,Robert Stigwood,IBC Studios,B. Gibb,The Walls Fell Down,1967-03-13
I Can't Let Go,Peter Asher,Abbey Road Studios,C. Taylor,If I Needed Someone,1966-01-13
I Can't Get You Off of My Mind,Fred Rose,"Nashville, Tennessee",H. Williams,I Saw the Light,1947-11-06
I Am the Walrus,George Martin,Abbey Road Studios,Lennon–McCartney,All You Need Is Love,1967-09-05
I've Got a Tiger By the Tail,Ken Nelson,"Hollywood, California",B. Owens,I Don't Care,1964-12-01
I'm a Long Gone Daddy,Fred Rose,Nashville,H. Williams,Honky Tonkin',1947-11-06
I'm a Boy,Kit Lambert,London,P. Townshend,The Kids Are Alright,1966-08-01
I'm a Believer,Jeff Barry,New York City,N. Diamond,Last Train to Clarksville,1966-10-23
"I'm Sorry For You, My Friend",Fred Rose,"Nashville, Tennessee",H. Williams,"Baby, We're Really in Love",1951-08-10
I'm So Glad,Robert Stigwood,London,S. James,Rollin' and Tumblin',1968-05-13
I'm Satisfied with You,Fred Rose,Nashville,F. Rose,How Can You Refuse Him Now,1947-08-04
I'm Looking Out the Window,Norrie Paramor,Abbey Road Studios,J. J. Niles,The Young Ones,1961-12-11
I'm Happy Just to Dance with You,George Martin,Abbey Road Studios,Lennon–McCartney,And I Love Her,1964-03-01
I'm Gonna Make You Love Me,Ashford & Simpson,Hitsville USA,G. a. Huff,Love Child,1968-09-13
I'm Goin' Down,Bruce Springsteen,Avatar Studios,B. Springsteen,Glory Days,1982-05-12
I'm Down,George Martin,Abbey Road Studios,Lennon–McCartney,Ticket to Ride,1965-06-14
I'll Stick Around,Foo Fighters,Manchester,D. Grohl,This Is a Call,1997-05-25
I'll Keep You Satisfied,George Martin,Abbey Road Studios,Lennon–McCartney,Bad to Me,1963-10-14
I'll Go Crazy,James Brown,Apollo Theater,J. Brown,Lost Someone,1959-11-11
I'll Get You,George Martin,Abbey Road Studios,Lennon–McCartney,From Me to You,1963-07-01
I'll Cry Instead,George Martin,Abbey Road Studios,Lennon–McCartney,And I Love Her,1964-06-01
