col0,col1,col2,col3,col4,col5
I'll Be in Trouble,Smokey Robinson,1964 in music,S. Robinson,The Way You Do the Things You Do,1964-03-25
I'll Be a Bachelor 'Til I Die,Fred Rose,"Nashville, Tennessee",H. Williams,My Sweet Love Ain't Around,1947-11-07
I'll Be There,Mariah Carey,Los Angeles,W. Hutch,The Love You Save,1992-03-16
I'll Be There,George Martin,Abbey Road Studios,B. Darin,Ferry Cross the Mersey,1964-11-10
I'll Be Doggone,"William ""Smokey"" Robinson","Detroit, Michigan",M. Tarplin,How Sweet It Is,0023-01-21
I'd Still Want You,Fred Rose,"Nashville, Tennessee",H. Williams,(I Heard That) Lonesome Whistle,1951-07-25
Hurricane,Don DeVito,New York City,B. Dylan,Tangled Up in Blue,1975-10-24
Hurdy Gurdy Man,Mickie Most,CBS,Donovan,Jennifer Juniper,1968-04-03
Hungry for Heaven,Ronnie James Dio,"Los Angeles, California",R. J. Dio,Rock 'N' Roll Children,1985-09-13
Hungry Heart,Bruce Springsteen,Avatar Studios,B. Springsteen,The Promised Land,1979-06-23
Howlin' At the Moon,Fred Rose,"Nashville, Tennessee",H. Williams,"Cold, Cold Heart",1951-03-16
How Come U Don't Call Me Anymore?,Prince,New York,Prince,A Woman's Worth,1982-04-26
How Can You Mend a Broken Heart,Bee Gees,London,B. Gibb,Lonely Days,1971-01-28
How Can I Forget,Norman Whitfield,Hitsville USA,N. Whitfield,I Could Never Love Another,1968-06-29
Hound Dog,Johnny Otis,"Los Angeles, California",Jerry Leiber and Mike Stoller,"I Want You, I Need You, I Love You",1952-08-13
Honky Tonkin',Fred Rose,Nashville,H. Williams,My Sweet Love Ain't Around,1947-11-06
Honky Tonk Blues,Fred Rose,Nashville,H. Williams,Missin' You,1951-12-11
Honky Tonk,James Brown,"Independence, MO",B. Doggett,There It Is,1972-04-17
Homebreaker,Chet Atkins,"Nashville, Tennessee",S. Davis,Set Him Free,1959-07-01
Holidays in the Sun,Chris Thomas,Wessex Sound Studios,J. Lydon,Pretty Vacant,1977-06-18
Holiday,Robert Stigwood,IBC Studios,B. Gibb,To Love Somebody,1967-04-21
High School Never Ends,Adam Schlesinger,"Atlanta, Georgia",A. Schlesinger,I Melt with You,2006-06-14
High Hopes,Bob Ezrin,England,D. Gilmour,Take It Back,1994-08-17
Hey Jude,George Martin,London,Lennon–McCartney,Lady Madonna,1968-08-02
Hey Joe,Chas Chandler,Electric Lady Studios,B. Roberts,Love Minus Zero/No Limit,1966-10-23
Hey Girl,Billy Joel,New York,C. King,Make You Feel My Love,1971-09-10
Heroes and Villains,The Beach Boys,United Western Recorders,B. Wilson,Then He Kissed Me,1966-10-20
Hero of the Day,James Hetfield,"Sausalito, California",J. Hetfield,Until It Sleeps,1995-12-13
Here I Am Again,Owen Bradley,United States,S. Silverstein,One's on the Way,1972-04-26
Here Comes Your Man,Gil Norton,"Stamford, Connecticut",B. Francis,Monkey Gone to Heaven,1988-11-23
Help!,George Martin,Abbey Road Studios,Lennon–McCartney,Ticket to Ride,1965-04-13
"Hello, Goodbye",George Martin,Abbey Road Studios,Lennon–McCartney,All You Need Is Love,1967-11-02
Heeding the Call,Fredrik Nordström,Göteborg,J. Cans,Glory to the Brave,1998-01-30
Heaven Coming Down,Jeff Martin,Montreal,T. T. Party,Gyroscope,1998-10-10
Hearts on Fire,HammerFall,Germany,J. Cans,Always Will Be,2001-08-04
Heartbreak Hotel,Steve Sholes,"Nashville, Tennessee",E. Presley,Baby Let's Play House,1956-01-10
Heart Full of Soul,Giorgio Gomelsky,Advision Studios,G. Gouldman,For Your Love,1965-04-20
"He Ain't Heavy, He's My Brother",Guy Chambers,Abbey Road Studios,B. Russell,Sorry Suzanne,1969-08-07
"Have You Seen Your Mother, Baby, Standing in the Shadow?",Andrew Loog Oldham,London Records,M. Jagger,Mother's Little Helper,1966-09-02
Hasta Mañana,Benny Andersson,Stockholm,B. Andersson,"Honey, Honey",1973-12-18
Half as Much,Fred Rose,Nashville,C. Williams,Tenderly,1951-08-10
Had to Phone Ya,Brian Wilson,California,B. Wilson,Rock and Roll Music,1976-03-30
Gumbo,Phish,"University of California, Davis",J. Fishman,Bouncing Around the Room,1994-12-02
Great Balls of Fire,Sam Phillips,"Memphis, Tennessee",O. Blackwell,Whole Lotta Shakin' Goin' On,1957-10-08
Gotta Serve Somebody,Jerry Wexler,Muscle Shoals Sound Studios,B. Dylan,Changing of the Guards,1979-05-04
Good Vibrations,Brian Wilson,Hollywood,B. Wilson,Wouldn't It Be Nice,1966-09-21
Good Timin',James William Guercio,California,B. Wilson,Here Comes the Night,1974-11-02
Good Luck Charm,Steve Sholes,"Nashville, Tennessee",A. Schroeder,Rock-A-Hula Baby,1961-10-15
Going to a Go-Go,Smokey Robinson,Hitsville USA,S. Robinson,Hang Fire,1965-08-17
Going in Circles,Luther Vandross,"Hollywood, California",J. Peters,Grazing in the Grass,1968-12-16
Going Blind,The Go-Betweens,"Portland, Oregon",G. McLennan,Streets of Your Town,2000-02-22
God Only Knows,Brian Wilson,Hollywood,B. Wilson,Sloop John B,1966-04-11
God Is Love,Marvin Gaye,Hitsville USA,M. Gaye,Save the Children,1970-06-01
Go Go Go,Sam Phillips,"Memphis, Tennessee",R. Orbison,Tryin' to Get to You,1956-03-27
Gloria,Ted Templeman,New York,P. Smith,Caldonia,1964-04-05
Give Peace a Chance,John Lennon,Canada,J. Lennon,"No, No, No",1969-06-01
Give Ireland Back to the Irish,Linda McCartney,Island Studios,L. McCartney,Eat at Home,1972-02-01
Girl,Norman Whitfield,1964 in music,N. Whitfield,I'll Be in Trouble,1964-07-06
Get on the Good Foot,James Brown,1972 in music,F. Wesley,Honky Tonk,1972-05-09
Get Up,James Brown,"Nashville, Tennessee",B. Byrd,Brother Rapp,1970-04-25
"Get Up, Get into It, Get Involved",James Brown,"Cincinnati, OH",B. Byrd,Santa Claus Is Definitely Here to Stay,1970-11-03
Get Ready,Rare Earth,Hitsville USA,S. Robinson,My Baby,1965-12-29
Get It Together,James Brown,"Atlanta, GA",A. Ellis,Cold Sweat,1967-09-05
Funky Drummer,James Brown,"Cincinnati, OH",J. Brown,It's a New Day,1969-11-20
From a Window,George Martin,Abbey Road Studios,Lennon–McCartney,Little Children,1964-05-29
From a Buick 6,Bob Johnston,New York City,B. Dylan,Like a Rolling Stone,1965-07-30
From Me to You,George Martin,Abbey Road Studios,Lennon–McCartney,Please Please Me,1963-03-05
From Her Lips to God's Ears,J. Robbins,Baltimore,A. Me!,Don't Lose Touch,2005-05-16
Free Bird,Al Kooper,"Doraville, Georgia",R. V. Zant,Sweet Home Alabama,1973-04-03
Forever Love,Yoshiki,Tokyo Dome,Yoshiki,Dahlia,1997-12-31
Forever Came Today,Lamont Dozier,Detroit,Holland–Dozier–Holland,In and Out of Love,1967-04-21
For You Blue,Phil Spector,Apple Studio,G. Harrison,Let It Be,1969-01-25
Folsom Prison Blues,Sam Phillips,"Memphis, Tennessee",J. Cash,"Hey, Porter",1955-07-30
Fly Trouble,Fred Rose,Nashville,F. Rose,Move It On Over,1947-08-04
Flaming,Norman Smith,Abbey Road Studios,S. Barrett,See Emily Play,1967-03-16
Fixing a Hole,George Martin,Abbey Road Studios,Lennon–McCartney,Getting Better,1967-02-21
Fire,Chas Chandler,De Lane Lea Studios,J. Hendrix,Crosstown Traffic,1967-01-11
Fire,Bruce Springsteen,San Francisco,B. Springsteen,War,1978-01-01
Farewell My Love,"Berry Gordy, Jr.",Hitsville USA,B. G. Jr.,I Want a Love I Can See,1962-11-02
Fanny,Arif Mardin,Criteria Studios,"Barry, Robin & Maurice Gibb",Nights on Broadway,0017-01-30
Family Bible,Pappy Daily,SugarHill Recording Studios,W. Nelson,Window Up Above,1959-12-18
Fade Away,Bruce Springsteen,New York City,B. Springsteen,Hungry Heart,1980-06-23
Eyes on Me,Kristian Lundin,Studio at the Palms,K. Lundin,Taking Chances,2007-02-13
Everything Counts,Daniel Miller,London,M. Gore,Get the Balance Right!,1988-06-18
Everybody's Problem,Simon Hinkler,Southern Studios,J. Cocker,My Lighthouse,1983-06-05
Every Little Bit Hurts,Hal Davis,Brooklyn Academy of Music,E. Cobb,Don't Give Up,2005-07-04
Even Flow,Pearl Jam,Seattle,E. Vedder,Alive,1991-04-26
Electrolite,Scott Litt,United States,M. Stipe,Bittersweet Me,1995-11-04
Eleanor Rigby,George Martin,Abbey Road Studios,Lennon–McCartney,Paperback Writer,1966-06-06
Edge of the Universe,Bee Gees,California,B. Gibb,Jive Talkin',1976-12-20
Dust My Broom,Don Law,Gunter Hotel,R. Johnson,32-20 Blues,1936-11-23
Drifter's Escape,Bob Johnston,"Nashville, Tennessee",B. Dylan,"If You Gotta Go, Go Now",1967-10-17
Dr. Jekyll and Mr. Hyde,Kit Lambert,London,J. Entwistle,I Can See For Miles,1968-01-05
Downtown,Tony Hatch,London,T. Hatch,Save the Last Dance for Me,1964-10-16
Down by the River,Neil Young,1969 in music,N. Young,The Loner,1969-01-17
Don't Worry Kyoko,John Lennon,England,Y. Ono,Give Peace a Chance,1969-10-03
Don't Worry Baby,Brian Wilson,United Western Recorders,B. Wilson,"Fun, Fun, Fun",1964-01-07
Don't Wanna Live Inside Myself,Bee Gees,IBC Studios,B. Gibb,How Can You Mend a Broken Heart,1971-04-07
Don't Talk,Brian Wilson,United Western Recorders,B. Wilson,That's Not Me,1966-04-03
Don't Lose Touch,J. Robbins,Baltimore,A. Me!,"Sink, Florida, Sink",2005-05-16
Don't Look Back,Smokey Robinson,Hitsville USA,R. White,Since I Lost My Baby,1965-05-12
Don't Let the Sun Go Down on Me,George Michael,Wembley Arena,E. John,Cowboys and Angels,1991-03-23
Don't Go Out into the Rain,Mickie Most,De Lane Lea Studios,K. Young,There's a Kind of Hush,1967-05-26
Don't Forget to Remember,Bee Gees,IBC Studios,B. Gibb,Tomorrow Tomorrow,1969-05-07
Don't Be Cruel,Stephen H. Sholes,New York City,O. Blackwell,"I Want You, I Need You, I Love You",1956-07-02
Dolly Dagger,Jimi Hendrix,Electric Lady Studios,J. Hendrix,Freedom,0015-07-01
Do You Want to Dance,Brian Wilson,California,B. Freeman,The Man with All the Toys,1961-12-19
Do You Like Worms?,Brian Wilson,Los Angeles,B. Wilson,Heroes and Villains,1966-10-18
Do Ya,Jeff Lynne,Musicland Studios,J. Lynne,Rockaria!,1971-12-19
Do Anything You Say,Tony Hatch,London,D. Bowie,Can't Help Thinking About Me,1966-03-07
Disappear,Remee,"Frankfurt am Main, Germany",Remee,Amaze Me,2007-12-22
Diddy Wah Diddy,David Gates,Chicago,W. Dixon,Pretty Thing,1955-11-10
Diddley Daddy,Bo Diddley,Chicago,B. Diddley,Bo Diddley,1955-05-15
Devil Woman,Bruce Welch,Abbey Road Studios,T. Britten,Miss You Nights,1975-09-09
Denomination Blues,Frank Buckley Walker,Dallas,W. Phillips,Lift Him Up That's All,1927-12-05
Deep Blue,George Harrison,Record Plant,G. Harrison,What Is Life,1971-07-05
Dead Shrimp Blues,Don Law,"San Antonio, Texas",R. Johnson,32-20 Blues,1936-11-27
Daydream Believer,Jim Ed Norman,Hollywood,J. Stewart,Pleasant Valley Sunday,1967-08-09
Day Tripper,George Martin,Abbey Road Studios,Lennon–McCartney,Help!,1965-10-16
Dandy,Mickie Most,London,R. Davies,Sunny Afternoon,1966-08-13
Dancing in the Street,Keith Olsen,Abbey Road Studios,"W. "". Stevenson","Oh, Pretty Woman",1964-06-19
Dahlia,Yoshiki,Tokyo Dome,Yoshiki,Longing,1993-12-30
D. W. Washburn,The Monkees,Hollywood,Jerry Leiber and Mike Stoller,Valleri,1968-03-01
Cuddle Up,The Beach Boys,California,D. Dragon,Surf's Up,1972-04-09
Crucify My Love,Yoshiki,Tokyo Dome,Yoshiki,Forever Love,1995-12-31
Cross Road Blues,Felix Pappalardi,Winterland Ballroom,R. Johnson,White Room,1936-11-27
Crazy Heart,Fred Rose,"Nashville, Tennessee",F. Rose,"Cold, Cold Heart",1951-07-25
Crackity Jones,Gil Norton,Massachusetts,B. Francis,Mr. Grieves,1988-11-23
County Fair,Nik Venet,Capitol Studios,B. Wilson,Surfin' Safari,1962-09-06
