col0,col1,col2,col3,col4,col5
Big Empty,Brendan O'Brien,The Record Plant,D. DeLeo,Creep,1993-05-25
Behind Blue Eyes,Fred Durst,"London, England",P. Townshend,Let's See Action,1971-07-08
Because the Night,Paul Fox,Los Angeles,P. Smith,Everyday Is Like Sunday,1993-04-21
Beauty Is Only Skin Deep,Norman Whitfield,Hitsville USA,N. Whitfield,Ain't Too Proud to Beg,1964-04-14
Beautiful Night,Paul McCartney,Abbey Road Studios,P. McCartney,The World Tonight,1996-05-13
Be True,Bruce Springsteen,New York City,B. Springsteen,Hungry Heart,1979-07-18
Barbara Ann,Brian Wilson,United Western Recorders,F. Fassert,The Little Girl I Once Knew,1965-09-23
Bang Bang,Green Day,"Oakland, California",G. Day,Xmas Time of the Year,2016-07-24
Ball of Confusion,Norman Whitfield,1970 in music,N. Whitfield,Psychedelic Shack,1970-04-14
Back in My Arms Again,Lamont Dozier,Hitsville U.S.A.,Holland–Dozier–Holland,Stop! In the Name of Love,1964-12-01
Bachelor Boy,Norrie Paramor,London,C. Richard,It'll Be Me,1962-11-16
Baby You're Right,Syd Nathan,"Hollywood, CA",J. Tex,I Don't Mind,1960-09-27
Baby Love,Lamont Dozier,Hitsville U.S.A.,Holland–Dozier–Holland,Where Did Our Love Go,1964-08-13
Baby I Need Your Loving,Lamont Dozier,Hitsville U.S.A.,Holland–Dozier–Holland,Poor Side of Town,1964-07-08
Baby I'm Yours,Billy Sherrill,Abbey Road Studios,V. McCoy,He's So Fine,1971-06-16
Baby Don't You Do It,The Who,San Francisco,Holland–Dozier–Holland,Try It Baby,1971-12-12
"Baby, You're a Rich Man",George Martin,Olympic Studios,Lennon–McCartney,Strawberry Fields Forever,1967-05-11
"Baby, We're Really in Love",Fred Rose,Nashville,H. Williams,(I Heard That) Lonesome Whistle,1951-07-25
"Baby, Baby I Need You",Smokey Robinson,Hitsville USA,S. Robinson,I'll Be in Trouble,1963-10-03
Autumn of My Life,Bob Montgomery,1968 in music,B. Goldsboro,Honey,1968-04-24
At the Zoo,Simon and Garfunkel,New York City,P. Simon,A Hazy Shade of Winter,1967-01-08
As Tears Go By,Andrew Loog Oldham,London Records,Jagger/Richards,Get Off of My Cloud,1965-10-26
Arnold Layne,David Gilmour,Austria,S. Barrett,Smile,1967-01-29
Arlandria,Butch Vig,Dave Grohl,P. Smear,Walk,2010-12-21
Are You Lonesome Tonight?,Chet Atkins,"Nashville, Tennessee",L. Handman,It's Now or Never,1927-05-09
Apocalypse Please,Rich Costey,Glastonbury Festival,Muse,Sing for Absolution,2004-06-27
"Anyway, Anyhow, Anywhere",Shel Talmy,London,P. Townshend,I Can't Explain,1965-04-14
Anotherloverholenyohead,Prince,Sunset Sound,Prince,Mountains,1985-12-16
Another Saturday Night,Hugo & Luigi,California,S. Cooke,Bring It On Home To Me,1963-02-28
Angel,Jimi Hendrix,Electric Lady Studios,J. Hendrix,Voodoo Child,1970-08-20
Aneurysm,Westwood One,California,K. Cobain,About a Girl,1991-12-28
And I Love Her,George Martin,EMI studios,Lennon–McCartney,A Hard Day's Night,1964-02-27
American Girl,Denny Cordell,Hollywood,T. Petty,Breakdown,1976-07-04
America,Art Garfunkel,New York City,P. Simon,Sam Stone,1968-02-01
America,Prince,St. Louis Park,Prince,Pop Life,1984-07-23
Always Late with Your Kisses,Don Law,"Dallas, TX",L. Frizzell,I Want to Be With You Always,1951-05-24
Alone + Easy Target,Dave Grohl,London,D. Grohl,Big Me,1995-11-23
All the Madmen,Tony Visconti,London,D. Bowie,The Width of a Circle,1970-05-22
All You Need Is Love,George Martin,Abbey Road Studios,Lennon–McCartney,Strawberry Fields Forever,1967-06-26
All Those Years Ago,George Harrison,FPSHOT,G. Harrison,Faster,1980-11-25
All Nightmare Long,Rick Rubin,"Malibu, California",J. Hetfield,The Day That Never Comes,2007-03-12
All Dressed Up for School,Brian Wilson,United Western Recorders,B. Wilson,Be True to Your School,1964-09-16
All Along the Watchtower,Bob Johnston,London,B. Dylan,Up from the Skies,1967-11-06
Alive,Barry Gibb,IBC Studios,B. Gibb,Run to Me,1971-10-21
Ain't Too Proud to Beg,Stock Aitken & Waterman,Munich,N. Whitfield,It's Only Rock'n Roll,1966-01-11
Ain't That Good News,Hugo & Luigi,"Hollywood, California",S. Cooke,Another Saturday Night,1963-12-20
Ain't No Mountain High Enough,Ashford & Simpson,"Detroit, Michigan",A. &. Simpson,Reach Out and Touch,0011-01-06
After All,Tony Visconti,Trident Studios,D. Bowie,Black Country Rock,1970-05-22
Ace of Spades,Motörhead,Finland,"Phil ""Philthy Animal"" Taylor",Bomber,1980-09-15
A Woman Lives for Love,George Richey,"Nashville, Tennessee",N. Wilson,Two Separate Bar Stools,1969-12-11
A Whiter Shade of Pale,Stephen Lipson,Olympic Studios,G. Brooker,No More I Love You's,1967-03-29
A Simple Game,Tony Clarke,England,M. Pinder,MacArthur Park,1968-07-18
A Must to Avoid,Mickie Most,RCA Studio B,S. Barri,Just a Little Bit Better,1965-09-30
A Mansion on the Hill,Fred Rose,Nashville,F. Rose,I Saw the Light,1947-11-07
A Love She Can Count On,Smokey Robinson,Hitsville USA,S. Robinson,You've Really Got a Hold on Me,1963-02-13
A Looking in View,Nick Raskulinecz,"Northridge, Los Angeles, California",J. Cantrell,Fear the Voices,2008-10-23
A Little Bitty Tear,Hank Cochran,"Nashville, Tennessee",H. Cochran,Make the World Go Away,1961-02-15
"A Little Bit Me, a Little Bit You",Jeff Barry,New York City,N. Diamond,I'm a Believer,1967-01-21
A Legal Matter,Shel Talmy,Central London,P. Townshend,Substitute,1965-10-13
A House Without Love,Fred Rose,Cincinnati,H. Williams,Long Gone Lonesome Blues,1949-08-30
A Hazy Shade of Winter,Bob Johnston,New York City,P. Simon,The Dangling Conversation,1966-09-07
A Hard Day's Night,George Martin,Abbey Road Studios,Lennon–McCartney,Can't Buy Me Love,1964-04-16
