col0,col1,col2,col3
Techno,Tech house,Trance music,Alternative dance
Swing music,Swing revival,Electro swing,New jack swing
Soul music,Smooth soul,Soul jazz,Funk
Rock music of West Bengal,Art rock,Folk rock,Rock music
Rock music,Heartland rock,Folk rock,Synthpop
Rock and roll,Rockabilly,Blues rock,Pop music
Rhythm and blues,Contemporary R&B,Rock music,Disco
Reggae,Lovers rock,Reggae fusion,Ragga
Punk rock,Garage punk,Rapcore,Grunge
Progressive rock,Rock in Opposition,Progressive metal,New-age music
Post-punk,Dance-punk,Post-hardcore,Alternative rock
Post-hardcore,Emo,Electronicore,Blackgaze
Outline of jazz,Bebop,Humppa,Reggae
Kroncong,Koes Plus,Pop music,Langgam Jawa
Jazz,Chamber jazz,Humppa,Reggae
Italo disco,Spacesynth,Eurodance,Eurobeat
Indie rock,Chamber pop,Alternative dance,Shoegazing
House music,Hardbag,Alternative dance,Speed garage
Hip hop music,Experimental hip hop,Nu metal,Electro
Heavy metal music,Extreme metal,Folk metal,Grunge
Hardcore punk,Christian hardcore,Grindcore,Alternative rock
Happy hardcore,UK hardcore,Eurobeat,4-beat
Grime music,Dubstep,Grindie,Dubstep
Gospel music,Southern gospel,Christian country music,Country music
Gangsta rap,Drill,G-funk,Dirty rap
Funk,Nu-funk,UK funky,Hip hop music
Extreme metal,Speed metal,Grindcore,Groove metal
Electronics in rock music,Krautrock,Alternative hip hop,Alternative rock
Electronica,Trip hop,Ethnic electronica,Alternative dance
