col0,col1,col2,col3
Electro,Skweee,Electropop,House music
Dub music,Dub poetry,Dubtronica,Electronic dance music
Drum and bass,Drumstep,Digital hardcore,Grime music
Doom metal,Doom metal,Doom metal,Gothic metal
Disco,Euro disco,Dance-punk,Hip hop music
Death metal,Melodic death metal,Blackened death metal,Groove metal
Dancehall,Ragga,Oldschool jungle,Grime music
Country music,Texas country music,Música sertaneja,Southern rock
Contemporary folk music,Bluegrass music,Folk metal,Skiffle
Contemporary Christian music,Christian rock,CEDM,Contemporary worship music
Breakbeat,Progressive breaks,Trip hop,Dubstep
Brazilian rock,Brazilian thrash metal,Samba rock,Tropicália
Boogie,Electro,House music,Funktronica
Blues,Boogie-woogie,Rhythm and blues,Jazz
Ambient music,Dark ambient,Ambient pop,Post-rock
Alternative rock,Grunge,Nu metal,Big beat
2-step garage,Dubstep,Hardstep,Grime music
