col0,col1,col2,col3
S. Port,United States,Illinois Fighting Illini men's basketball,"Chicago, Illinois"
L. Witte,United States,Wyoming Cowboys basketball,"Denver, Colorado"
J. Lambert,United States,Oklahoma State Cowboys basketball,"Rosston, Arkansas"
J. Dana,United States,Stanford Cardinal men's basketball,"Lafayette, California"
E. Voss,United States,Stanford Cardinal men's basketball,"Oakland, California"
C. Carmichael,United States,North Carolina Tar Heels men's basketball,"Charlotte, North Carolina"
B. Cowden,United States,Stanford Cardinal men's basketball,"San Francisco, California"
