col0,col1,col2,col3,col4
Piriformis nerve,Sacral plexus,Piriformis muscle,n_05,957
Phrenic nerve,Cervical plexus,Thoracic diaphragm,n_05,928
Pharyngeal branch of vagus nerve,Vagus nerve,Pharynx,r_02,911
Perineal nerve,Pudendal nerve,Bulbospongiosus muscle,n_05,968
Perforating cutaneous nerve,Sacral plexus,Gluteal sulcus,n_05,967
Otic ganglion,Lesser petrosal nerve,Parotid gland,g_02,897
Obturator nerve,Lumbar plexus,Medial compartment of thigh,n_05,953
Obturator internus nerve,Sacral plexus,Obturator internus,n_05,957
Nerve to the stapedius,Facial nerve,Stapedius,n_05,904
Nerve to tensor veli palatini,Medial pterygoid nerve,Tensor veli palatini,n_05,894
Nerve to quadratus femoris,Sacral plexus,Inferior gemellus muscle,n_05,957
Mylohyoid nerve,Inferior alveolar nerve,Digastric muscle,n_05,896
Musculocutaneous nerve,Lateral cord,Anterior compartment of the arm,n_05,935
Muscular branches of ulnar nerve,Ulnar nerve,Flexor digitorum profundus muscle,r_02,942
Muscular branches of the radial nerve,Radial nerve,Posterior compartment of the arm,r_02,943
Middle cervical ganglion,Middle cardiac nerve,Thyroid,g_02,979
Mental nerve,Inferior alveolar nerve,Chin,n_05,897
Meningeal branch of the mandibular nerve,Mandibular nerve,Meninges,r_02,894
Median nerve,Lateral cord,Lumbricals of the hand,n_05,938
Medial pterygoid nerve,Mandibular nerve,Tensor tympani muscle,n_05,894
Medial plantar nerve,Tibial nerve,Sole,n_05,963
Medial pectoral nerve,Medial cord,Pectoralis major muscle,n_05,933
Masseteric nerve,Mandibular nerve,Masseter muscle,n_05,894
Lower subscapular nerve,Posterior cord,Subscapularis muscle,n_05,934
Long thoracic nerve,Brachial plexus,Serratus anterior muscle,n_05,933
Lingual nerve,Mandibular nerve,Tongue,n_05,895
Lateral pterygoid nerve,Mandibular nerve,Pterygoideus externus,n_05,895
Lateral plantar nerve,Tibial nerve,Abductor digiti minimi muscle,n_05,963
Lateral pectoral nerve,Lateral cord,Pectoralis major muscle,n_05,933
Lateral cutaneous nerve of thigh,Lumbar plexus,Thigh,n_05,953
Lacrimal nerve,Ophthalmic nerve,Lacrimal gland,n_05,887
Intercostal nerves,Thoracic nerves,Intercostal muscle,n_05,945
Inferior gluteal nerve,Sacral plexus,Gluteus maximus,n_05,659
Inferior cluneal nerves,Posterior cutaneous nerve of the thigh,Buttocks,n_05,959
Inferior alveolar nerve,Mandibular nerve,Dental alveolus,n_05,896
Ilioinguinal nerve,Lumbar plexus,Penis,n_05,952
Iliohypogastric nerve,Lumbar plexus,Abdominal internal oblique muscle,n_05,950
Greater occipital nerve,Cervical nerves,Scalp,n_05,923
Genitofemoral nerve,Lumbar plexus,Cremaster muscle,n_05,953
Genital branch of genitofemoral nerve,Genitofemoral nerve,Cremaster muscle,r_02,953
External nasal nerve,Ophthalmic nerve,Human nose,r_02,891
