col0,col1,col2,col3,col4
V. Wilson,Queensland University of Technology,Australia,1965-02-11,1965-02-11
T. A. Amaru-Tibble,Victoria University of Wellington,New Zealand,1989-05-11,1989-05-11
T. Greenway,University of Bath,England,1982-10-06,1982-10-06
S. Pettitt,University of Sydney,Canberra,1984-03-23,1984-03-23
S. Purvis,Otago University,Christchurch,1993-04-20,1993-04-20
S. Nalatu,Griffith University,Australia,1980-03-21,1980-03-21
R. Ingles,La Trobe University,Melbourne,1986-07-18,1986-07-18
N. Jones,Cardiff Metropolitan University,Wrexham,1992-04-06,1992-04-06
L. Ellis,Macquarie University,New South Wales,1973-01-17,1973-01-17
L. Langman,Waikato University,New Zealand,1986-04-16,1986-04-16
L. Geitz,Queensland University of Technology,Australia,1987-1-4,1987-1-4
K. Grant,Waikato University,New Zealand,1987-01-11,1987-01-11
K. Grant,University of Otago,New Zealand,1987-05-06,1987-05-06
K. Bailey,Monash University,Melbourne,1986-07-28,1986-07-28
H. Broederlow,University of Otago,New Zealand,1988-03-08,1988-03-08
G. Mentor,University of Bath,England,1984-09-17,1984-09-17
E. Manu,Victoria University of Wellington,Wellington,1986-09-16,1986-09-16
E. Scheres,Waikato University,New Zealand,1990-07-02,1990-07-02
C. Kydd,"Victoria University, Australia",Victoria,1981-09-18,1981-09-18
C. McMeniman,University of Queensland,Australia,1985-07-11,1985-07-11
C. Kopua,Waikato University,"Hamilton, New Zealand",1985-06-19,1985-06-19
C. Lees,University of Otago,Auckland,1989-03-27,1989-03-27
B. Shimmin,University of Adelaide,Adelaide,1987-03-18,1987-03-18
A. Ieremia,University of Canterbury,Apia,1967-10-31,1967-10-31
