col0,col1,col2,col3
Új Szó,Petit Press,SME,1430000
The Times of India,The Times Group,The Economic Times,3057678
The St. Petersburg Times,Sanoma,The Moscow Times,35000
The Press and Journal,Aberdeen Journals,Aberdeen Citizen,58502
The Menomonee Falls Guardian,Street Enterprises,The Menomonee Falls Gazette,650
The Menomonee Falls Gazette,Street Enterprises,The Menomonee Falls Guardian,1300
The Economic Times,The Times Group,The Times of India,399028
The Daily Gleaner,James K. Irving,Telegraph-Journal,16520
The Comet,Archant,Royston Crow,98
The Catholic Telegraph,Dennis Marion Schnurr,Der Wahrheitsfreund,148000
Pontypool Free Press,Newsquest,South Wales Argus,5022
Politiken,JP/Politikens Hus,Jyllands-Posten,88597
Pohjalainen,Ilkka-Yhtymä,Ilkka,22598
Maharashtra Times,The Times Group,The Economic Times,1000000
Intelligencer Journal,"Lancaster Newspapers, Inc",Lancaster New Era,44000
I,Johnston Press,The Scotsman,292801
Het Parool,De Persgroep,Algemeen Dagblad,20000
Expansión,Unidad Editorial,El Mundo,55971
Evening Express,Aberdeen Journals,Aberdeen Citizen,30929
Der Wahrheitsfreund,Benziger Brothers,The Catholic Telegraph,14400
Bournemouth Daily Echo,Newsquest,Southern Daily Echo,16395
Al Khaleej,Dar Al Khaleej,Gulf Today,37000
Al Bayan,Dubai Media Incorporated,Emirates 24/7,10000
Új Szó,Petit Press,SME,1430000
