col0,col1,col2,col3,col4
"Æthelred ""Mucel"", Ealdorman of the Gaini",England,895-0-0,840-0-0,840-0-0
Víctor Casco de Mendoza,Spanish people,1615-0-0,1560-0-0,1560-0-0
"Victor-Maurice, comte de Broglie",French language,1727-08-04,1647-03-12,1647-03-12
Víctor Casco de Mendoza,Spanish people,1615-0-0,1560-0-0,1560-0-0
Thomas Purcell of Loughmoe,Ireland,1609-8-3,1538-1-1,1538-1-1
S. Visconti,Italy,1327-07-04,1288-1-1,1288-1-1
Pedro Gómez de Don Benito,Spanish people,1597-0-0,1492-0-0,1492-0-0
M. K. Bangash,India,1743-0-0,1665-0-0,1665-0-0
Melchor Casco de Mendoza,Spanish people,1658-0-0,1581-0-0,1581-0-0
Mayor Guillén de Guzmán,Spain,1262-1-1,1205-1-1,1205-1-1
Mateo Leal de Ayala,Spain,1627-0-0,1560-0-0,1560-0-0
"María del Rosario de Silva, Duchess of Alba",Spain,1934-01-11,1900-04-04,1900-04-04
Martín Suárez de Toledo,Spain,1584-0-0,1520-0-0,1520-0-0
Marie Françoise Catherine de Beauvau-Craon,France,1786-7-1,1711-12-8,1711-12-8
"María del Rosario de Silva, Duchess of Alba",Spain,1934-01-11,1900-04-04,1900-04-04
L. d'Alagno,Italy,1479-09-23,1430-0-0,1430-0-0
L. K. Percy,England,1475-1-1,1423-05-18,1423-05-18
J. d. Koenigswarter,France,1995-02-15,1904-03-07,1904-03-07
"Jacobo Fitz-James Stuart, 6th Duke of Liria and Jérica",Spain,1795-01-05,1792-01-03,1792-01-03
H. FitzJames,England,1730-4-3,1667-0-0,1667-0-0
G. Gonzaga,Italy,1566-04-16,1513-1-1,1513-1-1
Charles Arthur Tristan Languedoc de Noailles,France,1834-02-02,1771-02-14,1771-02-14
Anna van Egmont the Elder,Netherlands,1574-0-0,1504-0-0,1504-0-0
Alonso Muñoz de Gadea,Spanish people,1708-0-0,1630-0-0,1630-0-0
Aline Caroline de Rothschild,Third French Republic,1909-07-28,1867-10-21,1867-10-21
"Æthelred ""Mucel"", Ealdorman of the Gaini",England,895-0-0,840-0-0,840-0-0
