col0,col1,col2,col3
The Compassionate Friends,230000,1969-01-28,6
Stroke Association,32125000,1992-01-01,622
Society for Conservation Biology,2786389,1985-05-08,14
SERV,105178,1981-07-11,0
People's Solidarity,500000000,1945-10-17,17500
Pennies,2000000,2007-11-06,11
Marie Curie,634810000,1948-02-04,3964
Epilepsy Outlook,1067,1987-07-01,1
Editors' Association of Canada,546606,1979-05-20,6
Design Council,8855000,1944-12-19,59
Combat Stress,14960000,1919-05-12,285
Cancer Research UK,634810000,2002-02-04,3964
Back to God Ministries International,9506199,1939-12-17,29
Allsorts Youth Project,170300,1999-10-01,10
Action for Boston Community Development,132326374,1962-07-24,1000
