col0,col1,col2,col3
H. Lamb,Thanbyuzayat,T. Lamb,1900-01-01
H. A. Zardari,Nawabshah,A. A. Zardari,1930-0-0
H. al-Assad,Syria,B. al-Assad,1930-10-06
G. Cleveland,New Jersey,R. Cleveland,1837-03-18
G. Roxas,Manila North Cemetery,M. Roxas,1924-08-25
G. Hunter,Bolton Street Cemetery,G. Hunter,1788-0-0
G. Huddleston,Elmwood Cemetery,G. H. Jr.,1869-11-11
G. Hoadley,Erie Street Cemetery,G. Hoadly,1781-12-15
G. G. Gilbert,Cave Hill Cemetery,Ralph Waldo Emerson Gilbert,1849-12-24
Frederick William Kahapula Beckley Sr.,Oahu Cemetery,Frederick William Kahapula Beckley Jr.,1845-11-26
F. D. Roosevelt,New York,J. Roosevelt,1882-01-30
F. Rizzo,Holy Sepulchre Cemetery,"Frank L. Rizzo, Jr.",1920-10-23
F. Tuđman,Croatia,M. Tuđman,1922-05-14
F. Franco,Spanish State,Carmen Franco y Polo,1892-12-04
F. P. Bolton,Lake View Cemetery,O. P. Bolton,1885-03-29
F. Gandhi,Allahabad,S. Gandhi,1912-09-12
Fatmawati,Dutch East Indies,G. Soekarnoputra,1923-02-05
E. Whelan,"Amherstburg, Ontario",S. Whelan,1924-07-11
E. Reuter,Waldfriedhof Zehlendorf,E. Reuter,1889-07-29
E. Boardman,Connecticut,W. W. Boardman,1760-03-07
E. P. Ashmun,"Northampton, Massachusetts",G. Ashmun,1770-06-24
E. Roosevelt,"Hyde Park, New York",J. Roosevelt,1884-10-11
Edward Cephas John Stevens,Upper Riccarton,F. Whitcombe,1837-10-18
D. D. Eisenhower,Eisenhower Presidential Center,J. Eisenhower,1890-10-14
D. Latta,"McComb, Ohio",B. Latta,1920-03-05
D. O'Connell,Dublin,D. O. Jr.,1775-08-06
D. Kellogg,Connecticut,J. Betts,1630-2-1
C. Attlee,Westminster Abbey,"Martin Attlee, 2nd Earl Attlee",1883-01-03
C. Teehankee,Heroes' Cemetery,C. T. Jr.,1918-04-18
C. Kai-shek,Taiwan,C. Ching-kuo,1887-10-31
C. A. Arthur,"Menands, New York",Chester Alan Arthur II,1829-10-05
C. d. Hovyne,Brussels,Old University of Leuven,1596-0-0
C. R. Sherman,Ohio,W. T. Sherman,1788-09-26
C. R. Train,Massachusetts,C. J. Train,1817-10-18
C. P. Layard,Colombo,C. Layard,1806-12-09
C. I. Proctor,Central Cemetery of Bogotá,C. B. Isakson,1930-01-06
C. Coolidge,Vermont,J. Coolidge,1872-07-04
B. Ople,Libingan ng mga Bayani,S. Ople,1927-02-03
B. Jarl,Västergötland,Magnus III of Sweden,1216-1-1
Bibliography of Ulysses S. Grant,New York,F. D. Grant,1822-04-27
B. Harrison,"Indianapolis, Indiana",M. H. McKee,1833-08-20
B. A. Jr.,Philippines,B. A. III,1932-11-27
B. Bhutto,Bhutto family mausoleum,B. B. Zardari,1953-06-21
B. Bidwell,"Kingston, Ontario",M. S. Bidwell,1763-08-23
"Arthur Wellesley, 1st Duke of Wellington",London,"Arthur Wellesley, 2nd Duke of Wellington",1769-05-01
A. Meighen,"St. Marys, Ontario",T. Meighen,1874-06-16
A. S. Cleghorn,Royal Mausoleum of Hawaii,Kaʻiulani,1835-11-15
A. Ughtred,Mont Orgueil,H. Ughtred,1478-0-0
A. J. Celebrezze,"Brook Park, Ohio",Anthony J. Celebrezze Jr.,1910-09-04
A. Pretorius,Pretoria,M. W. Pretorius,1798-11-27
A. Mellon,"Upperville, Virginia",P. Mellon,1855-03-24
A. Jackson,"Nashville, Tennessee",A. J. Donelson,1767-03-15
A. Sobchak,Russia,K. Sobchak,1937-08-10
A. G. Thurman,"Green Lawn Cemetery, Columbus, Ohio",A. W. Thurman,1813-11-13
A. L. Michelsen,Central Cemetery of Bogotá,A. L. Caballero,1913-06-30
A. Suárez,Ávila Cathedral,A. S. Illana,1932-09-25
A. Lincoln,Lincoln Tomb,E. B. Lincoln,1809-02-12
İ. İnönü,Anıtkabir,E. İnönü,1884-09-24
