col0,col1,col2,col3,col4,col5
Roman Catholic Diocese of Las Vegas,Roman Catholic Archdiocese of San Francisco,Roman Catholic Archdiocese of San Francisco,Roman Catholic Archdiocese of San Francisco,102791448123,102791448123
Roman Catholic Diocese of Las Cruces,Roman Catholic Archdiocese of Santa Fe,Roman Catholic Archdiocese of Santa Fe,Roman Catholic Archdiocese of Santa Fe,115210441112,115210441112
Roman Catholic Diocese of Larantuka,Roman Catholic Archdiocese of Ende,Roman Catholic Archdiocese of Ende,Roman Catholic Archdiocese of Ende,4024000000,4024000000
Roman Catholic Diocese of Laohekou,Roman Catholic Archdiocese of Hankou,Roman Catholic Archdiocese of Hankou,Roman Catholic Archdiocese of Hankou,30000000000,30000000000
Roman Catholic Diocese of Laoag,Archdiocese of Nueva Segovia,Archdiocese of Nueva Segovia,Archdiocese of Nueva Segovia,3386000000,3386000000
Roman Catholic Diocese of Lanusei,Roman Catholic Archdiocese of Cagliari,Roman Catholic Archdiocese of Cagliari,Roman Catholic Archdiocese of Cagliari,2348000000,2348000000
Roman Catholic Diocese of Lansing,Roman Catholic Archdiocese of Detroit,Roman Catholic Archdiocese of Detroit,Roman Catholic Archdiocese of Detroit,16104546070,16104546070
Roman Catholic Diocese of Langres,Roman Catholic Archdiocese of Reims,Roman Catholic Archdiocese of Reims,Roman Catholic Archdiocese of Reims,6250000000,6250000000
Roman Catholic Diocese of Lancaster,Province of Liverpool,Province of Liverpool,Province of Liverpool,2900000000,2900000000
Roman Catholic Diocese of Lamezia Terme,Roman Catholic Archdiocese of Catanzaro-Squillace,Roman Catholic Archdiocese of Catanzaro-Squillace,Roman Catholic Archdiocese of Catanzaro-Squillace,915000000,915000000
Roman Catholic Diocese of Lamego,Roman Catholic Archdiocese of Braga,Roman Catholic Archdiocese of Braga,Roman Catholic Archdiocese of Braga,2848000000,2848000000
Roman Catholic Diocese of Lages,Roman Catholic Archdiocese of Florianópolis,Roman Catholic Archdiocese of Florianópolis,Roman Catholic Archdiocese of Florianópolis,18417000000,18417000000
Roman Catholic Diocese of Lafia,Roman Catholic Archdiocese of Abuja,Roman Catholic Archdiocese of Abuja,Roman Catholic Archdiocese of Abuja,28500000000,28500000000
Roman Catholic Diocese of Lafayette in Louisiana,Archdiocese of New Orleans,Archdiocese of New Orleans,Archdiocese of New Orleans,14967541289,14967541289
Roman Catholic Diocese of Lafayette in Indiana,Archdiocese of Indianapolis,Archdiocese of Indianapolis,Archdiocese of Indianapolis,25464763100,25464763100
Roman Catholic Diocese of La Vega,Roman Catholic Archdiocese of Santiago de los Caballeros,Roman Catholic Archdiocese of Santiago de los Caballeros,Roman Catholic Archdiocese of Santiago de los Caballeros,4919000000,4919000000
Roman Catholic Diocese of La Spezia-Sarzana-Brugnato,Roman Catholic Archdiocese of Genoa,Roman Catholic Archdiocese of Genoa,Roman Catholic Archdiocese of Genoa,881000000,881000000
Roman Catholic Diocese of La Rochelle and Saintes,Roman Catholic Archdiocese of Poitiers,Roman Catholic Archdiocese of Poitiers,Roman Catholic Archdiocese of Poitiers,6863000000,6863000000
Roman Catholic Diocese of La Rioja,Roman Catholic Archdiocese of San Juan de Cuyo,Roman Catholic Archdiocese of San Juan de Cuyo,Roman Catholic Archdiocese of San Juan de Cuyo,92100000000,92100000000
Roman Catholic Diocese of La Paz en la Baja California Sur,Roman Catholic Archdiocese of Tijuana,Roman Catholic Archdiocese of Tijuana,Roman Catholic Archdiocese of Tijuana,73703291655,73703291655
Roman Catholic Diocese of La Guaira,Roman Catholic Archdiocese of Caracas,Roman Catholic Archdiocese of Caracas,Roman Catholic Archdiocese of Caracas,1497000000,1497000000
Roman Catholic Diocese of La Dorada–Guaduas,Roman Catholic Archdiocese of Manizales,Roman Catholic Archdiocese of Manizales,Roman Catholic Archdiocese of Manizales,8040000000,8040000000
Roman Catholic Diocese of La Crosse,Roman Catholic Archdiocese of Milwaukee,Roman Catholic Archdiocese of Milwaukee,Roman Catholic Archdiocese of Milwaukee,39051840727,39051840727
Roman Catholic Diocese of Lạng Sơn and Cao Bằng,Roman Catholic Archdiocese of Hanoi,Roman Catholic Archdiocese of Hanoi,Roman Catholic Archdiocese of Hanoi,17815000000,17815000000
Roman Catholic Diocese of Líbano–Honda,Roman Catholic Archdiocese of Ibagué,Roman Catholic Archdiocese of Ibagué,Roman Catholic Archdiocese of Ibagué,3477000000,3477000000
Roman Catholic Diocese of Kyoto,Roman Catholic Archdiocese of Osaka,Roman Catholic Archdiocese of Osaka,Roman Catholic Archdiocese of Osaka,18095000000,18095000000
Roman Catholic Diocese of Kyiv-Zhytomyr,Roman Catholic Archdiocese of Lviv,Roman Catholic Archdiocese of Lviv,Roman Catholic Archdiocese of Lviv,222300000000,222300000000
Roman Catholic Diocese of Kuzhithurai,Roman Catholic Archdiocese of Madurai,Roman Catholic Archdiocese of Madurai,Roman Catholic Archdiocese of Madurai,915000000,915000000
Roman Catholic Diocese of Kurunegala,Roman Catholic Archdiocese of Colombo,Roman Catholic Archdiocese of Colombo,Roman Catholic Archdiocese of Colombo,4763000000,4763000000
Roman Catholic Diocese of Kurnool,Roman Catholic Archdiocese of Hyderabad,Roman Catholic Archdiocese of Hyderabad,Roman Catholic Archdiocese of Hyderabad,43000000000,43000000000
Roman Catholic Diocese of Kumbakonam,Roman Catholic Archdiocese of Pondicherry and Cuddalore,Roman Catholic Archdiocese of Pondicherry and Cuddalore,Roman Catholic Archdiocese of Pondicherry and Cuddalore,7823000000,7823000000
Roman Catholic Diocese of Krk,Archdiocese of Rijeka,Archdiocese of Rijeka,Archdiocese of Rijeka,1119000000,1119000000
Roman Catholic Diocese of Krishnagar,Roman Catholic Archdiocese of Calcutta,Roman Catholic Archdiocese of Calcutta,Roman Catholic Archdiocese of Calcutta,8640000000,8640000000
Roman Catholic Diocese of Kottar,Roman Catholic Archdiocese of Madurai,Roman Catholic Archdiocese of Madurai,Roman Catholic Archdiocese of Madurai,1665000000,1665000000
Roman Catholic Diocese of Kottapuram,Roman Catholic Archdiocese of Verapoly,Roman Catholic Archdiocese of Verapoly,Roman Catholic Archdiocese of Verapoly,3000000000,3000000000
Roman Catholic Diocese of Kotor,Roman Catholic Archdiocese of Split-Makarska,Roman Catholic Archdiocese of Split-Makarska,Roman Catholic Archdiocese of Split-Makarska,674000000,674000000
Roman Catholic Diocese of Koszalin-Kołobrzeg,Roman Catholic Archdiocese of Szczecin-Kamień,Roman Catholic Archdiocese of Szczecin-Kamień,Roman Catholic Archdiocese of Szczecin-Kamień,14640000000,14640000000
Roman Catholic Diocese of Koper,Roman Catholic Archdiocese of Ljubljana,Roman Catholic Archdiocese of Ljubljana,Roman Catholic Archdiocese of Ljubljana,4386000000,4386000000
Roman Catholic Diocese of Kondoa,Roman Catholic Archdiocese of Dodoma,Roman Catholic Archdiocese of Dodoma,Roman Catholic Archdiocese of Dodoma,13210000000,13210000000
Roman Catholic Diocese of Kon Tum,Roman Catholic Archdiocese of Huế,Roman Catholic Archdiocese of Huế,Roman Catholic Archdiocese of Huế,25728000000,25728000000
Roman Catholic Diocese of Kohima,Roman Catholic Archdiocese of Imphal,Roman Catholic Archdiocese of Imphal,Roman Catholic Archdiocese of Imphal,16579000000,16579000000
Roman Catholic Diocese of Koforidua,Archdiocese of Accra,Archdiocese of Accra,Archdiocese of Accra,18600000000,18600000000
Roman Catholic Diocese of Knoxville,Archdiocese of Louisville,Archdiocese of Louisville,Archdiocese of Louisville,36886610667,36886610667
Roman Catholic Diocese of Kinkala,Roman Catholic Archdiocese of Brazzaville,Roman Catholic Archdiocese of Brazzaville,Roman Catholic Archdiocese of Brazzaville,22000000000,22000000000
Roman Catholic Diocese of Kingstown,Roman Catholic Archdiocese of Castries,Roman Catholic Archdiocese of Castries,Roman Catholic Archdiocese of Castries,388000000,388000000
Roman Catholic Diocese of Kilmore,Roman Catholic Archdiocese of Armagh,Roman Catholic Archdiocese of Armagh,Roman Catholic Archdiocese of Armagh,2201489893,2201489893
Roman Catholic Diocese of Killala,Roman Catholic Archdiocese of Tuam,Roman Catholic Archdiocese of Tuam,Roman Catholic Archdiocese of Tuam,3752892771,3752892771
Roman Catholic Diocese of Kildare and Leighlin,Roman Catholic Archdiocese of Dublin,Roman Catholic Archdiocese of Dublin,Roman Catholic Archdiocese of Dublin,4164700881,4164700881
Roman Catholic Diocese of Kidapawan,Roman Catholic Archdiocese of Cotabato,Roman Catholic Archdiocese of Cotabato,Roman Catholic Archdiocese of Cotabato,5199000000,5199000000
Roman Catholic Diocese of Kiayi,Roman Catholic Archdiocese of Taipei,Roman Catholic Archdiocese of Taipei,Roman Catholic Archdiocese of Taipei,3244000000,3244000000
Roman Catholic Diocese of Khunti,Roman Catholic Archdiocese of Ranchi,Roman Catholic Archdiocese of Ranchi,Roman Catholic Archdiocese of Ranchi,3765000000,3765000000
Roman Catholic Diocese of Khulna,Roman Catholic Archdiocese of Dhaka,Roman Catholic Archdiocese of Dhaka,Roman Catholic Archdiocese of Dhaka,25855000000,25855000000
Roman Catholic Diocese of Kharkiv-Zaporizhia,Roman Catholic Archdiocese of Lviv,Roman Catholic Archdiocese of Lviv,Roman Catholic Archdiocese of Lviv,196300000000,196300000000
Roman Catholic Diocese of Khandwa,Roman Catholic Archdiocese of Bhopal,Roman Catholic Archdiocese of Bhopal,Roman Catholic Archdiocese of Bhopal,24000000000,24000000000
Roman Catholic Diocese of Khamman,Roman Catholic Archdiocese of Hyderabad,Roman Catholic Archdiocese of Hyderabad,Roman Catholic Archdiocese of Hyderabad,16029000000,16029000000
Roman Catholic Diocese of Ketapang,Roman Catholic Archdiocese of Pontianak,Roman Catholic Archdiocese of Pontianak,Roman Catholic Archdiocese of Pontianak,34600000000,34600000000
Roman Catholic Diocese of Keningau,Roman Catholic Archdiocese of Kota Kinabalu,Roman Catholic Archdiocese of Kota Kinabalu,Roman Catholic Archdiocese of Kota Kinabalu,18298000000,18298000000
Roman Catholic Diocese of Kengtung,Roman Catholic Archdiocese of Taunggyi,Roman Catholic Archdiocese of Taunggyi,Roman Catholic Archdiocese of Taunggyi,45856000000,45856000000
Roman Catholic Diocese of Katsina-Ala,Roman Catholic Archdiocese of Abuja,Roman Catholic Archdiocese of Abuja,Roman Catholic Archdiocese of Abuja,6465000000,6465000000
Roman Catholic Diocese of Karwar,Roman Catholic Archdiocese of Bangalore,Roman Catholic Archdiocese of Bangalore,Roman Catholic Archdiocese of Bangalore,10277000000,10277000000
Roman Catholic Diocese of Karonga,Roman Catholic Archdiocese of Lilongwe,Roman Catholic Archdiocese of Lilongwe,Roman Catholic Archdiocese of Lilongwe,14000000000,14000000000
Roman Catholic Diocese of Karaganda,Roman Catholic Archdiocese of Maria Santissima in Astana,Roman Catholic Archdiocese of Maria Santissima in Astana,Roman Catholic Archdiocese of Maria Santissima in Astana,711300000000,711300000000
Roman Catholic Diocese of Kaposvár,Roman Catholic Archdiocese of Veszprém,Roman Catholic Archdiocese of Veszprém,Roman Catholic Archdiocese of Veszprém,6790000000,6790000000
Roman Catholic Diocese of Kaohsiung,Roman Catholic Archdiocese of Taipei,Roman Catholic Archdiocese of Taipei,Roman Catholic Archdiocese of Taipei,5723000000,5723000000
Roman Catholic Diocese of Kansas City–Saint Joseph,Archdiocese of Saint Louis,Archdiocese of Saint Louis,Archdiocese of Saint Louis,15429000000,15429000000
Roman Catholic Diocese of Kano,Roman Catholic Archdiocese of Kaduna,Roman Catholic Archdiocese of Kaduna,Roman Catholic Archdiocese of Kaduna,48400000000,48400000000
Roman Catholic Diocese of Kannur,Roman Catholic Archdiocese of Verapoly,Roman Catholic Archdiocese of Verapoly,Roman Catholic Archdiocese of Verapoly,4988000000,4988000000
Roman Catholic Diocese of Kangding,Roman Catholic Archdiocese of Chongqing,Roman Catholic Archdiocese of Chongqing,Roman Catholic Archdiocese of Chongqing,160000000000,160000000000
Roman Catholic Diocese of Kandy,Roman Catholic Archdiocese of Colombo,Roman Catholic Archdiocese of Colombo,Roman Catholic Archdiocese of Colombo,5753000000,5753000000
Roman Catholic Diocese of Kamyanets-Podilskyi,Roman Catholic Archdiocese of Lviv,Roman Catholic Archdiocese of Lviv,Roman Catholic Archdiocese of Lviv,47100000000,47100000000
Roman Catholic Diocese of Kamloops,Metropolitan See,Metropolitan See,Metropolitan See,119000000000,119000000000
Roman Catholic Diocese of Kalookan,Roman Catholic Archdiocese of Manila,Roman Catholic Archdiocese of Manila,Roman Catholic Archdiocese of Manila,55000000,55000000
Roman Catholic Diocese of Kalisz,Roman Catholic Archdiocese of Poznań,Roman Catholic Archdiocese of Poznań,Roman Catholic Archdiocese of Poznań,10800000000,10800000000
Roman Catholic Diocese of Kalibo,Roman Catholic Archdiocese of Capiz,Roman Catholic Archdiocese of Capiz,Roman Catholic Archdiocese of Capiz,2019000000,2019000000
Roman Catholic Diocese of Kalay,Roman Catholic Archdiocese of Mandalay,Roman Catholic Archdiocese of Mandalay,Roman Catholic Archdiocese of Mandalay,22235000000,22235000000
Roman Catholic Diocese of Kalamazoo,Archdiocese of Detroit,Archdiocese of Detroit,Archdiocese of Detroit,13822766544,13822766544
Roman Catholic Diocese of Kaišiadorys,Roman Catholic Archdiocese of Vilnius,Roman Catholic Archdiocese of Vilnius,Roman Catholic Archdiocese of Vilnius,6557000000,6557000000
Roman Catholic Diocese of Kagoshima,Roman Catholic Archdiocese of Nagasaki,Roman Catholic Archdiocese of Nagasaki,Roman Catholic Archdiocese of Nagasaki,9187000000,9187000000
Roman Catholic Diocese of Kafanchan,Roman Catholic Archdiocese of Kaduna,Roman Catholic Archdiocese of Kaduna,Roman Catholic Archdiocese of Kaduna,11340000000,11340000000
Roman Catholic Diocese of Kabankalan,Roman Catholic Archdiocese of Jaro,Roman Catholic Archdiocese of Jaro,Roman Catholic Archdiocese of Jaro,3923700000,3923700000
Roman Catholic Diocese of Jérémie,Roman Catholic Archdiocese of Port-au-Prince,Roman Catholic Archdiocese of Port-au-Prince,Roman Catholic Archdiocese of Port-au-Prince,2146000000,2146000000
Roman Catholic Diocese of Juína,Roman Catholic Archdiocese of Cuiabá,Roman Catholic Archdiocese of Cuiabá,Roman Catholic Archdiocese of Cuiabá,129078000000,129078000000
Roman Catholic Diocese of Juticalpa,Roman Catholic Archdiocese of Tegucigalpa,Roman Catholic Archdiocese of Tegucigalpa,Roman Catholic Archdiocese of Tegucigalpa,24351000000,24351000000
Roman Catholic Diocese of Juneau,Roman Catholic Archdiocese of Anchorage,Roman Catholic Archdiocese of Anchorage,Roman Catholic Archdiocese of Anchorage,97295493352,97295493352
Roman Catholic Diocese of Jundiaí,Roman Catholic Archdiocese of Sorocaba,Roman Catholic Archdiocese of Sorocaba,Roman Catholic Archdiocese of Sorocaba,2262000000,2262000000
Roman Catholic Diocese of Jujuy,Roman Catholic Archdiocese of Salta,Roman Catholic Archdiocese of Salta,Roman Catholic Archdiocese of Salta,20082000000,20082000000
Roman Catholic Diocese of Juigalpa,Roman Catholic Archdiocese of Managua,Roman Catholic Archdiocese of Managua,Roman Catholic Archdiocese of Managua,12435000000,12435000000
Roman Catholic Diocese of Juazeiro,Roman Catholic Archdiocese of Feira de Santana,Roman Catholic Archdiocese of Feira de Santana,Roman Catholic Archdiocese of Feira de Santana,56249000000,56249000000
Roman Catholic Diocese of Juína,Roman Catholic Archdiocese of Cuiabá,Roman Catholic Archdiocese of Cuiabá,Roman Catholic Archdiocese of Cuiabá,129078000000,129078000000
Roman Catholic Diocese of Jowai,Roman Catholic Archdiocese of Shillong,Roman Catholic Archdiocese of Shillong,Roman Catholic Archdiocese of Shillong,3819000000,3819000000
Roman Catholic Diocese of Joliet in Illinois,Archdiocese of Chicago,Archdiocese of Chicago,Archdiocese of Chicago,10924569849,10924569849
Roman Catholic Diocese of Joinville,Roman Catholic Archdiocese of Florianópolis,Roman Catholic Archdiocese of Florianópolis,Roman Catholic Archdiocese of Florianópolis,9478000000,9478000000
Roman Catholic Diocese of Joaçaba,Roman Catholic Archdiocese of Florianópolis,Roman Catholic Archdiocese of Florianópolis,Roman Catholic Archdiocese of Florianópolis,10202000000,10202000000
Roman Catholic Diocese of Ji’an,Roman Catholic Archdiocese of Nanchang,Roman Catholic Archdiocese of Nanchang,Roman Catholic Archdiocese of Nanchang,37000000000,37000000000
Roman Catholic Diocese of Jinotega,Roman Catholic Archdiocese of Managua,Roman Catholic Archdiocese of Managua,Roman Catholic Archdiocese of Managua,11630000000,11630000000
Roman Catholic Diocese of Jining,Roman Catholic Archdiocese of Suiyuan,Roman Catholic Archdiocese of Suiyuan,Roman Catholic Archdiocese of Suiyuan,40000000000,40000000000
Roman Catholic Diocese of Jingxian,Roman Catholic Archdiocese of Beijing,Roman Catholic Archdiocese of Beijing,Roman Catholic Archdiocese of Beijing,9500000000,9500000000
Roman Catholic Diocese of Jilin,Roman Catholic Archdiocese of Shenyang,Roman Catholic Archdiocese of Shenyang,Roman Catholic Archdiocese of Shenyang,163000000000,163000000000
Roman Catholic Diocese of Jiaying,Roman Catholic Archdiocese of Guangzhou,Roman Catholic Archdiocese of Guangzhou,Roman Catholic Archdiocese of Guangzhou,67000000000,67000000000
Roman Catholic Diocese of Jiangmen,Roman Catholic Archdiocese of Guangzhou,Roman Catholic Archdiocese of Guangzhou,Roman Catholic Archdiocese of Guangzhou,35000000000,35000000000
Roman Catholic Diocese of Jiading,Roman Catholic Archdiocese of Chongqing,Roman Catholic Archdiocese of Chongqing,Roman Catholic Archdiocese of Chongqing,27000000000,27000000000
Roman Catholic Diocese of Ji-Paraná,Roman Catholic Archdiocese of Porto Velho,Roman Catholic Archdiocese of Porto Velho,Roman Catholic Archdiocese of Porto Velho,120000000000,120000000000
Roman Catholic Diocese of Ji’an,Roman Catholic Archdiocese of Nanchang,Roman Catholic Archdiocese of Nanchang,Roman Catholic Archdiocese of Nanchang,37000000000,37000000000
Roman Catholic Diocese of Jhansi,Roman Catholic Archdiocese of Agra,Roman Catholic Archdiocese of Agra,Roman Catholic Archdiocese of Agra,29418000000,29418000000
Roman Catholic Diocese of Jhabua,Roman Catholic Archdiocese of Bhopal,Roman Catholic Archdiocese of Bhopal,Roman Catholic Archdiocese of Bhopal,21366000000,21366000000
Roman Catholic Diocese of Jericó,Roman Catholic Archdiocese of Medellín,Roman Catholic Archdiocese of Medellín,Roman Catholic Archdiocese of Medellín,3000000000,3000000000
Roman Catholic Diocese of Jerez de la Frontera,Roman Catholic Archdiocese of Seville,Roman Catholic Archdiocese of Seville,Roman Catholic Archdiocese of Seville,3928000000,3928000000
Roman Catholic Diocese of Jequié,Roman Catholic Archdiocese of Vitória da Conquista,Roman Catholic Archdiocese of Vitória da Conquista,Roman Catholic Archdiocese of Vitória da Conquista,18771000000,18771000000
Roman Catholic Diocese of Jeonju,Roman Catholic Archdiocese of Gwangju,Roman Catholic Archdiocese of Gwangju,Roman Catholic Archdiocese of Gwangju,8050000000,8050000000
Roman Catholic Diocese of Jefferson City,Archdiocese of Saint Louis,Archdiocese of Saint Louis,Archdiocese of Saint Louis,57308666917,57308666917
Roman Catholic Diocese of Jaén,Roman Catholic Archdiocese of Granada,Roman Catholic Archdiocese of Granada,Roman Catholic Archdiocese of Granada,13497000000,13497000000
Roman Catholic Diocese of Jayapura,Roman Catholic Archdiocese of Merauke,Roman Catholic Archdiocese of Merauke,Roman Catholic Archdiocese of Merauke,115349000000,115349000000
Roman Catholic Diocese of Jataí,Roman Catholic Archdiocese of Goiânia,Roman Catholic Archdiocese of Goiânia,Roman Catholic Archdiocese of Goiânia,62978000000,62978000000
Roman Catholic Diocese of Jashpur,Roman Catholic Archdiocese of Raipur,Roman Catholic Archdiocese of Raipur,Roman Catholic Archdiocese of Raipur,6457000000,6457000000
Roman Catholic Diocese of Jardim,Roman Catholic Archdiocese of Campo Grande,Roman Catholic Archdiocese of Campo Grande,Roman Catholic Archdiocese of Campo Grande,69972000000,69972000000
Roman Catholic Diocese of Januária,Roman Catholic Archdiocese of Montes Claros,Roman Catholic Archdiocese of Montes Claros,Roman Catholic Archdiocese of Montes Claros,37961000000,37961000000
Roman Catholic Diocese of Janaúba,Roman Catholic Archdiocese of Montes Claros,Roman Catholic Archdiocese of Montes Claros,Roman Catholic Archdiocese of Montes Claros,28975000000,28975000000
Roman Catholic Diocese of Jamshedpur,Roman Catholic Archdiocese of Ranchi,Roman Catholic Archdiocese of Ranchi,Roman Catholic Archdiocese of Ranchi,21003000000,21003000000
Roman Catholic Diocese of Jammu–Srinagar,Roman Catholic Archdiocese of Delhi,Roman Catholic Archdiocese of Delhi,Roman Catholic Archdiocese of Delhi,222236000000,222236000000
Roman Catholic Diocese of Jalpaiguri,Roman Catholic Archdiocese of Calcutta,Roman Catholic Archdiocese of Calcutta,Roman Catholic Archdiocese of Calcutta,9614000000,9614000000
Roman Catholic Diocese of Jalingo,Roman Catholic Archdiocese of Jos,Roman Catholic Archdiocese of Jos,Roman Catholic Archdiocese of Jos,61368000000,61368000000
Roman Catholic Diocese of Jales,Roman Catholic Archdiocese of Ribeirão Preto,Roman Catholic Archdiocese of Ribeirão Preto,Roman Catholic Archdiocese of Ribeirão Preto,12788000000,12788000000
Roman Catholic Diocese of Jalapa,Roman Catholic Archdiocese of Guatemala,Roman Catholic Archdiocese of Guatemala,Roman Catholic Archdiocese of Guatemala,7204000000,7204000000
Roman Catholic Diocese of Jalandhar,Roman Catholic Archdiocese of Delhi,Roman Catholic Archdiocese of Delhi,Roman Catholic Archdiocese of Delhi,51120000000,51120000000
Roman Catholic Diocese of Jaipur,Roman Catholic Archdiocese of Agra,Roman Catholic Archdiocese of Agra,Roman Catholic Archdiocese of Agra,129060000000,129060000000
Roman Catholic Diocese of Jaffna,Roman Catholic Archdiocese of Colombo,Roman Catholic Archdiocese of Colombo,Roman Catholic Archdiocese of Colombo,4400000000,4400000000
Roman Catholic Diocese of Jacmel,Roman Catholic Archdiocese of Port-au-Prince,Roman Catholic Archdiocese of Port-au-Prince,Roman Catholic Archdiocese of Port-au-Prince,2700000000,2700000000
Roman Catholic Diocese of Jackson,Archdiocese of Mobile,Archdiocese of Mobile,Archdiocese of Mobile,97494922437,97494922437
Roman Catholic Diocese of Jacarezinho,Roman Catholic Archdiocese of Londrina,Roman Catholic Archdiocese of Londrina,Roman Catholic Archdiocese of Londrina,13369000000,13369000000
Roman Catholic Diocese of Jaca,Roman Catholic Archdiocese of Pamplona y Tudela,Roman Catholic Archdiocese of Pamplona y Tudela,Roman Catholic Archdiocese of Pamplona y Tudela,5896000000,5896000000
Roman Catholic Diocese of Jaboticabal,Roman Catholic Archdiocese of Ribeirão Preto,Roman Catholic Archdiocese of Ribeirão Preto,Roman Catholic Archdiocese of Ribeirão Preto,5175000000,5175000000
Roman Catholic Diocese of Jabalpur,Roman Catholic Archdiocese of Bhopal,Roman Catholic Archdiocese of Bhopal,Roman Catholic Archdiocese of Bhopal,52980000000,52980000000
Roman Catholic Diocese of Jaén,Roman Catholic Archdiocese of Granada,Roman Catholic Archdiocese of Granada,Roman Catholic Archdiocese of Granada,13497000000,13497000000
Roman Catholic Diocese of Jérémie,Roman Catholic Archdiocese of Port-au-Prince,Roman Catholic Archdiocese of Port-au-Prince,Roman Catholic Archdiocese of Port-au-Prince,2146000000,2146000000
Roman Catholic Diocese of Izcalli,Roman Catholic Archdiocese of Tlalnepantla,Roman Catholic Archdiocese of Tlalnepantla,Roman Catholic Archdiocese of Tlalnepantla,533000000,533000000
Roman Catholic Diocese of Ivrea,Roman Catholic Archdiocese of Turin,Roman Catholic Archdiocese of Turin,Roman Catholic Archdiocese of Turin,1850000000,1850000000
Roman Catholic Diocese of Itumbiara,Roman Catholic Archdiocese of Goiânia,Roman Catholic Archdiocese of Goiânia,Roman Catholic Archdiocese of Goiânia,21871000000,21871000000
Roman Catholic Diocese of Ituiutaba,Roman Catholic Archdiocese of Uberaba,Roman Catholic Archdiocese of Uberaba,Roman Catholic Archdiocese of Uberaba,22742000000,22742000000
Roman Catholic Diocese of Itapipoca,Roman Catholic Archdiocese of Fortaleza,Roman Catholic Archdiocese of Fortaleza,Roman Catholic Archdiocese of Fortaleza,11266000000,11266000000
Roman Catholic Diocese of Itapeva,Roman Catholic Archdiocese of Sorocaba,Roman Catholic Archdiocese of Sorocaba,Roman Catholic Archdiocese of Sorocaba,14182000000,14182000000
Roman Catholic Diocese of Itapetininga,Roman Catholic Archdiocese of Sorocaba,Roman Catholic Archdiocese of Sorocaba,Roman Catholic Archdiocese of Sorocaba,1870000000,1870000000
Roman Catholic Diocese of Itanagar,Roman Catholic Archdiocese of Guwahati,Roman Catholic Archdiocese of Guwahati,Roman Catholic Archdiocese of Guwahati,52288000000,52288000000
Roman Catholic Diocese of Itaguaí,Roman Catholic Archdiocese of São Sebastião do Rio de Janeiro,Roman Catholic Archdiocese of São Sebastião do Rio de Janeiro,Roman Catholic Archdiocese of São Sebastião do Rio de Janeiro,2549000000,2549000000
Roman Catholic Diocese of Itabuna,Roman Catholic Archdiocese of São Salvador da Bahia,Roman Catholic Archdiocese of São Salvador da Bahia,Roman Catholic Archdiocese of São Salvador da Bahia,14533000000,14533000000
Roman Catholic Diocese of Itabira–Fabriciano,Roman Catholic Archdiocese of Mariana,Roman Catholic Archdiocese of Mariana,Roman Catholic Archdiocese of Mariana,8724000000,8724000000
Roman Catholic Diocese of Istmina–Tadó,Roman Catholic Archdiocese of Santa Fe de Antioquia,Roman Catholic Archdiocese of Santa Fe de Antioquia,Roman Catholic Archdiocese of Santa Fe de Antioquia,22240000000,22240000000
Roman Catholic Diocese of Issele-Uku,Roman Catholic Archdiocese of Benin City,Roman Catholic Archdiocese of Benin City,Roman Catholic Archdiocese of Benin City,3011000000,3011000000
Roman Catholic Diocese of Islamabad-Rawalpindi,Roman Catholic Archdiocese of Lahore,Roman Catholic Archdiocese of Lahore,Roman Catholic Archdiocese of Lahore,178341000000,178341000000
Roman Catholic Diocese of Isernia-Venafro,Roman Catholic Archdiocese of Campobasso-Boiano,Roman Catholic Archdiocese of Campobasso-Boiano,Roman Catholic Archdiocese of Campobasso-Boiano,740000000,740000000
Roman Catholic Diocese of Ischia,Roman Catholic Archdiocese of Naples,Roman Catholic Archdiocese of Naples,Roman Catholic Archdiocese of Naples,46000000,46000000
Roman Catholic Diocese of Irecê,Roman Catholic Archdiocese of Feira de Santana,Roman Catholic Archdiocese of Feira de Santana,Roman Catholic Archdiocese of Feira de Santana,24065000000,24065000000
Roman Catholic Diocese of Irapuato,Roman Catholic Archdiocese of León,Roman Catholic Archdiocese of León,Roman Catholic Archdiocese of León,4775938075,4775938075
Roman Catholic Diocese of Iquique,Roman Catholic Archdiocese of Antofagasta,Roman Catholic Archdiocese of Antofagasta,Roman Catholic Archdiocese of Antofagasta,41799000000,41799000000
Roman Catholic Diocese of Ipil,Roman Catholic Archdiocese of Zamboanga,Roman Catholic Archdiocese of Zamboanga,Roman Catholic Archdiocese of Zamboanga,4297000000,4297000000
Roman Catholic Diocese of Ipiales,Roman Catholic Archdiocese of Popayán,Roman Catholic Archdiocese of Popayán,Roman Catholic Archdiocese of Popayán,11000000000,11000000000
Roman Catholic Diocese of Ipameri,Roman Catholic Archdiocese of Goiânia,Roman Catholic Archdiocese of Goiânia,Roman Catholic Archdiocese of Goiânia,22947000000,22947000000
Roman Catholic Diocese of Innsbruck,Roman Catholic Archdiocese of Salzburg,Roman Catholic Archdiocese of Salzburg,Roman Catholic Archdiocese of Salzburg,9845000000,9845000000
Roman Catholic Diocese of Indore,Roman Catholic Archdiocese of Bhopal,Roman Catholic Archdiocese of Bhopal,Roman Catholic Archdiocese of Bhopal,19073000000,19073000000
Roman Catholic Diocese of Incheon,Roman Catholic Archdiocese of Seoul,Roman Catholic Archdiocese of Seoul,Roman Catholic Archdiocese of Seoul,1282000000,1282000000
Roman Catholic Diocese of Imus,Roman Catholic Archdiocese of Manila,Roman Catholic Archdiocese of Manila,Roman Catholic Archdiocese of Manila,1427060000,1427060000
Roman Catholic Diocese of Impfondo,Roman Catholic Archdiocese of Brazzaville,Roman Catholic Archdiocese of Brazzaville,Roman Catholic Archdiocese of Brazzaville,66044000000,66044000000
Roman Catholic Diocese of Imperatriz,Roman Catholic Archdiocese of São Luís do Maranhão,Roman Catholic Archdiocese of São Luís do Maranhão,Roman Catholic Archdiocese of São Luís do Maranhão,22659000000,22659000000
Roman Catholic Diocese of Imola,Roman Catholic Archdiocese of Bologna,Roman Catholic Archdiocese of Bologna,Roman Catholic Archdiocese of Bologna,740000000,740000000
Roman Catholic Diocese of Ilorin,Roman Catholic Archdiocese of Ibadan,Roman Catholic Archdiocese of Ibadan,Roman Catholic Archdiocese of Ibadan,32500000000,32500000000
Roman Catholic Diocese of Iligan,Roman Catholic Archdiocese of Ozamiz,Roman Catholic Archdiocese of Ozamiz,Roman Catholic Archdiocese of Ozamiz,3092000000,3092000000
Roman Catholic Diocese of Ilhéus,Roman Catholic Archdiocese of São Salvador da Bahia,Roman Catholic Archdiocese of São Salvador da Bahia,Roman Catholic Archdiocese of São Salvador da Bahia,11021000000,11021000000
Roman Catholic Diocese of Ilagan,Roman Catholic Archdiocese of Tuguegarao,Roman Catholic Archdiocese of Tuguegarao,Roman Catholic Archdiocese of Tuguegarao,10664000000,10664000000
Roman Catholic Diocese of Ikot Ekpene,Roman Catholic Archdiocese of Calabar,Roman Catholic Archdiocese of Calabar,Roman Catholic Archdiocese of Calabar,2263000000,2263000000
Roman Catholic Diocese of Ijebu-Ode,Roman Catholic Archdiocese of Lagos,Roman Catholic Archdiocese of Lagos,Roman Catholic Archdiocese of Lagos,5000000000,5000000000
Roman Catholic Diocese of Iguatu,Roman Catholic Archdiocese of Fortaleza,Roman Catholic Archdiocese of Fortaleza,Roman Catholic Archdiocese of Fortaleza,21904000000,21904000000
Roman Catholic Diocese of Iglesias,Roman Catholic Archdiocese of Cagliari,Roman Catholic Archdiocese of Cagliari,Roman Catholic Archdiocese of Cagliari,1678000000,1678000000
Roman Catholic Diocese of Ifakara,Roman Catholic Archdiocese of Dar-es-Salaam,Roman Catholic Archdiocese of Dar-es-Salaam,Roman Catholic Archdiocese of Dar-es-Salaam,14245000000,14245000000
