col0,col1,col2,col3
Murder of Suzanne Capper,Manchester,1992-12-18,Suzanne Jane Capper
Murder of Sarah Payne,Surrey,2000-07-01,Sarah Evelyn Isobel Payne
Murder of Ross Parker,Cambridgeshire,2001-09-21,Ross Andrew Parker
Murder of Kitty Genovese,United States,1964-03-13,Catherine Susan Genovese
Murder of Danielle Jones,East Tilbury,2001-06-18,Danielle Sarah Jones
Murder of Airi Kinoshita,Japan,2005-11-22,Airi Kinoshita
M. Silka,Illinois,1984-05-19,Michael Allen Silka
M. Carleton,Canterbury,1673-01-22,Mary Moders
M. O. Barton,United States,1999-07-29,Mark Orrin Barton
M. Essex,"Emporia, Kansas",1973-01-07,Mark James Robert Essex
K. Gill,"Lachine, Quebec",2006-09-13,Kimveer Singh Gill
J. P. Cretzer,Minneapolis,1946-05-04,Joseph Paul Cretzer
J. F. Nordlund,Sweden,1900-12-10,John Filip Nordlund
J. E. Pough,"Jacksonville, Florida",1990-06-18,James Edward Pough
H. Unruh,"Camden, New Jersey",2009-10-19,Howard Barton Unruh
H. brothers,British Empire,1804-02-08,Joshua Harper
G. Köhler,West Germany,1980-09-26,Gundolf Köhler
F. b. Musaid,Riyadh,1975-06-18,Faisal bin Musaid bin Abdulaziz Al Saud
D. Lane,"Woden, Iowa",2007-05-28,David Eden Lane
D. Rudabaugh,"Fulton County, Illinois",1886-02-18,David Rodenbaugh
C. E. Delgado,Colombia,1986-12-04,Campo Elías Delgado Morales
A. Hall,Scotland,2002-09-16,Archibald Thomson Hall
A. Qayyum,Pakistan,2006-0-0,Amir Qayyum
