col0,col1,col2,col3,col4
Weightlifting at the 2012 Summer Olympics – Men's 105 kg,B. Bonk,Weightlifting at the 2008 Summer Olympics – Men's 105 kg,N. Nassirshalal,Weightlifting at the 2016 Summer Olympics – Men's 105 kg
Weightlifting at the 2012 Summer Olympics – Men's +105 kg,R. Albegov,Weightlifting at the 2008 Summer Olympics – Men's +105 kg,S. Anoushiravani,Weightlifting at the 2016 Summer Olympics – Men's +105 kg
Weightlifting at the 2008 Summer Olympics – Women's 69 kg,N. Davydova,Weightlifting at the 2004 Summer Olympics – Women's 69 kg,O. Slivenko,Weightlifting at the 2012 Summer Olympics – Women's 69 kg
Weightlifting at the 2008 Summer Olympics – Women's 53 kg,N. Novikava,Weightlifting at the 2004 Summer Olympics – Women's 53 kg,Y. Jin-hee,Weightlifting at the 2012 Summer Olympics – Women's 53 kg
Weightlifting at the 2008 Summer Olympics – Women's +75 kg,M. Grabovetskaya,Weightlifting at the 2004 Summer Olympics – Women's +75 kg,O. Korobka,Weightlifting at the 2012 Summer Olympics – Women's +75 kg
Weightlifting at the 2008 Summer Olympics – Men's 94 kg,K. Akkayev,Weightlifting at the 2004 Summer Olympics – Men's 94 kg,S. Kołecki,Weightlifting at the 2012 Summer Olympics – Men's 94 kg
Weightlifting at the 2008 Summer Olympics – Men's 85 kg,T. V. Martirosyan,Weightlifting at the 2004 Summer Olympics – Men's 85 kg,A. Rybakou,Weightlifting at the 2012 Summer Olympics – Men's 85 kg
Weightlifting at the 2008 Summer Olympics – Men's 77 kg,G. Davtyan,Weightlifting at the 2004 Summer Olympics – Men's 77 kg,L. Hongli,Weightlifting at the 2012 Summer Olympics – Men's 77 kg
Weightlifting at the 2008 Summer Olympics – Men's 62 kg,Triyatno,Weightlifting at the 2004 Summer Olympics – Men's 62 kg,D. Salazar,Weightlifting at the 2012 Summer Olympics – Men's 62 kg
Weightlifting at the 2008 Summer Olympics – Men's 56 kg,E. Y. Irawan,Weightlifting at the 2004 Summer Olympics – Men's 56 kg,H. A. Tuấn,Weightlifting at the 2012 Summer Olympics – Men's 56 kg
Weightlifting at the 2008 Summer Olympics – Men's 105 kg,D. Lapikov,Weightlifting at the 2004 Summer Olympics – Men's 105 kg,D. Klokov,Weightlifting at the 2012 Summer Olympics – Men's 105 kg
Weightlifting at the 2008 Summer Olympics – Men's +105 kg,V. Ščerbatihs,Weightlifting at the 2004 Summer Olympics – Men's +105 kg,E. Chigishev,Weightlifting at the 2012 Summer Olympics – Men's +105 kg
Weightlifting at the 2008 Summer Olympics – Women's 69 kg,N. Davydova,Weightlifting at the 2004 Summer Olympics – Women's 69 kg,O. Slivenko,Weightlifting at the 2012 Summer Olympics – Women's 69 kg
Weightlifting at the 2008 Summer Olympics – Women's 53 kg,N. Novikava,Weightlifting at the 2004 Summer Olympics – Women's 53 kg,Y. Jin-hee,Weightlifting at the 2012 Summer Olympics – Women's 53 kg
Weightlifting at the 2008 Summer Olympics – Women's +75 kg,M. Grabovetskaya,Weightlifting at the 2004 Summer Olympics – Women's +75 kg,O. Korobka,Weightlifting at the 2012 Summer Olympics – Women's +75 kg
Weightlifting at the 2008 Summer Olympics – Men's 94 kg,K. Akkayev,Weightlifting at the 2004 Summer Olympics – Men's 94 kg,S. Kołecki,Weightlifting at the 2012 Summer Olympics – Men's 94 kg
Weightlifting at the 2008 Summer Olympics – Men's 85 kg,T. V. Martirosyan,Weightlifting at the 2004 Summer Olympics – Men's 85 kg,A. Rybakou,Weightlifting at the 2012 Summer Olympics – Men's 85 kg
Weightlifting at the 2008 Summer Olympics – Men's 77 kg,G. Davtyan,Weightlifting at the 2004 Summer Olympics – Men's 77 kg,L. Hongli,Weightlifting at the 2012 Summer Olympics – Men's 77 kg
Weightlifting at the 2008 Summer Olympics – Men's 62 kg,Triyatno,Weightlifting at the 2004 Summer Olympics – Men's 62 kg,D. Salazar,Weightlifting at the 2012 Summer Olympics – Men's 62 kg
Weightlifting at the 2008 Summer Olympics – Men's 56 kg,E. Y. Irawan,Weightlifting at the 2004 Summer Olympics – Men's 56 kg,H. A. Tuấn,Weightlifting at the 2012 Summer Olympics – Men's 56 kg
Weightlifting at the 2008 Summer Olympics – Men's 105 kg,D. Lapikov,Weightlifting at the 2004 Summer Olympics – Men's 105 kg,D. Klokov,Weightlifting at the 2012 Summer Olympics – Men's 105 kg
Weightlifting at the 2008 Summer Olympics – Men's +105 kg,V. Ščerbatihs,Weightlifting at the 2004 Summer Olympics – Men's +105 kg,E. Chigishev,Weightlifting at the 2012 Summer Olympics – Men's +105 kg
Weightlifting at the 2004 Summer Olympics – Women's 75 kg,V. Popova,Weightlifting at the 2000 Summer Olympics – Women's 75 kg,N. Zabolotnaya,Weightlifting at the 2008 Summer Olympics – Women's 75 kg
Weightlifting at the 2004 Summer Olympics – Women's 69 kg,Z. Kasayeva,Weightlifting at the 2000 Summer Olympics – Women's 69 kg,E. Krutzler,Weightlifting at the 2008 Summer Olympics – Women's 69 kg
Weightlifting at the 2004 Summer Olympics – Women's 63 kg,T. Stukalava,Weightlifting at the 2000 Summer Olympics – Women's 63 kg,H. Batsiushka,Weightlifting at the 2008 Summer Olympics – Women's 63 kg
Weightlifting at the 2004 Summer Olympics – Women's 58 kg,W. Kameaim,Weightlifting at the 2000 Summer Olympics – Women's 58 kg,R. Song-hui,Weightlifting at the 2008 Summer Olympics – Women's 58 kg
Weightlifting at the 2004 Summer Olympics – Women's 53 kg,M. Mosquera,Weightlifting at the 2000 Summer Olympics – Women's 53 kg,R. L. Rumbewas,Weightlifting at the 2008 Summer Olympics – Women's 53 kg
Weightlifting at the 2004 Summer Olympics – Women's 48 kg,A. Wiratthaworn,Weightlifting at the 2000 Summer Olympics – Women's 48 kg,L. Zhuo,Weightlifting at the 2008 Summer Olympics – Women's 48 kg
Weightlifting at the 2004 Summer Olympics – Women's +75 kg,A. Wróbel,Weightlifting at the 2000 Summer Olympics – Women's +75 kg,J. Mi-ran,Weightlifting at the 2008 Summer Olympics – Women's +75 kg
Weightlifting at the 2004 Summer Olympics – Men's 94 kg,E. Tyukin,Weightlifting at the 2000 Summer Olympics – Men's 94 kg,K. Akkayev,Weightlifting at the 2008 Summer Olympics – Men's 94 kg
Weightlifting at the 2004 Summer Olympics – Men's 85 kg,P. Dimas,Weightlifting at the 2000 Summer Olympics – Men's 85 kg,A. Rybakou,Weightlifting at the 2008 Summer Olympics – Men's 85 kg
Weightlifting at the 2004 Summer Olympics – Men's 77 kg,R. Arabacıoğlu,Weightlifting at the 2000 Summer Olympics – Men's 77 kg,S. Filimonov,Weightlifting at the 2008 Summer Olympics – Men's 77 kg
Weightlifting at the 2004 Summer Olympics – Men's 69 kg,N. Pešalov,Weightlifting at the 2000 Summer Olympics – Men's 69 kg,L. Bae-young,Weightlifting at the 2008 Summer Olympics – Men's 69 kg
Weightlifting at the 2004 Summer Olympics – Men's 62 kg,I. J. Rubio,Weightlifting at the 2000 Summer Olympics – Men's 62 kg,L. Maosheng,Weightlifting at the 2008 Summer Olympics – Men's 62 kg
Weightlifting at the 2004 Summer Olympics – Men's 56 kg,S. Artuç,Weightlifting at the 2000 Summer Olympics – Men's 56 kg,W. Meijin,Weightlifting at the 2008 Summer Olympics – Men's 56 kg
Weightlifting at the 2004 Summer Olympics – Men's 105 kg,G. Pisarevskiy,Weightlifting at the 2000 Summer Olympics – Men's 105 kg,I. Razoronov,Weightlifting at the 2008 Summer Olympics – Men's 105 kg
Weightlifting at the 2004 Summer Olympics – Men's +105 kg,V. Cholakov,Weightlifting at the 2000 Summer Olympics – Men's +105 kg,V. Ščerbatihs,Weightlifting at the 2008 Summer Olympics – Men's +105 kg
Weightlifting at the 2004 Summer Olympics – Women's 75 kg,V. Popova,Weightlifting at the 2000 Summer Olympics – Women's 75 kg,N. Zabolotnaya,Weightlifting at the 2008 Summer Olympics – Women's 75 kg
Weightlifting at the 2004 Summer Olympics – Women's 69 kg,Z. Kasayeva,Weightlifting at the 2000 Summer Olympics – Women's 69 kg,E. Krutzler,Weightlifting at the 2008 Summer Olympics – Women's 69 kg
Weightlifting at the 2004 Summer Olympics – Women's 63 kg,T. Stukalava,Weightlifting at the 2000 Summer Olympics – Women's 63 kg,H. Batsiushka,Weightlifting at the 2008 Summer Olympics – Women's 63 kg
Weightlifting at the 2004 Summer Olympics – Women's 58 kg,W. Kameaim,Weightlifting at the 2000 Summer Olympics – Women's 58 kg,R. Song-hui,Weightlifting at the 2008 Summer Olympics – Women's 58 kg
Weightlifting at the 2004 Summer Olympics – Women's 53 kg,M. Mosquera,Weightlifting at the 2000 Summer Olympics – Women's 53 kg,R. L. Rumbewas,Weightlifting at the 2008 Summer Olympics – Women's 53 kg
Weightlifting at the 2004 Summer Olympics – Women's 48 kg,A. Wiratthaworn,Weightlifting at the 2000 Summer Olympics – Women's 48 kg,L. Zhuo,Weightlifting at the 2008 Summer Olympics – Women's 48 kg
Weightlifting at the 2004 Summer Olympics – Women's +75 kg,A. Wróbel,Weightlifting at the 2000 Summer Olympics – Women's +75 kg,J. Mi-ran,Weightlifting at the 2008 Summer Olympics – Women's +75 kg
Weightlifting at the 2004 Summer Olympics – Men's 94 kg,E. Tyukin,Weightlifting at the 2000 Summer Olympics – Men's 94 kg,K. Akkayev,Weightlifting at the 2008 Summer Olympics – Men's 94 kg
Weightlifting at the 2004 Summer Olympics – Men's 85 kg,P. Dimas,Weightlifting at the 2000 Summer Olympics – Men's 85 kg,A. Rybakou,Weightlifting at the 2008 Summer Olympics – Men's 85 kg
Weightlifting at the 2004 Summer Olympics – Men's 77 kg,R. Arabacıoğlu,Weightlifting at the 2000 Summer Olympics – Men's 77 kg,S. Filimonov,Weightlifting at the 2008 Summer Olympics – Men's 77 kg
Weightlifting at the 2004 Summer Olympics – Men's 69 kg,N. Pešalov,Weightlifting at the 2000 Summer Olympics – Men's 69 kg,L. Bae-young,Weightlifting at the 2008 Summer Olympics – Men's 69 kg
Weightlifting at the 2004 Summer Olympics – Men's 62 kg,I. J. Rubio,Weightlifting at the 2000 Summer Olympics – Men's 62 kg,L. Maosheng,Weightlifting at the 2008 Summer Olympics – Men's 62 kg
Weightlifting at the 2004 Summer Olympics – Men's 56 kg,S. Artuç,Weightlifting at the 2000 Summer Olympics – Men's 56 kg,W. Meijin,Weightlifting at the 2008 Summer Olympics – Men's 56 kg
Weightlifting at the 2004 Summer Olympics – Men's 105 kg,G. Pisarevskiy,Weightlifting at the 2000 Summer Olympics – Men's 105 kg,I. Razoronov,Weightlifting at the 2008 Summer Olympics – Men's 105 kg
Weightlifting at the 2004 Summer Olympics – Men's +105 kg,V. Cholakov,Weightlifting at the 2000 Summer Olympics – Men's +105 kg,V. Ščerbatihs,Weightlifting at the 2008 Summer Olympics – Men's +105 kg
Weightlifting at the 2000 Summer Olympics – Men's 94 kg,A. A. Petrov,Weightlifting at the 1996 Summer Olympics – Men's 91 kg,S. Kołecki,Weightlifting at the 2004 Summer Olympics – Men's 94 kg
Weightlifting at the 2000 Summer Olympics – Men's 85 kg,G. Asanidze,Weightlifting at the 1996 Summer Olympics – Men's 83 kg,M. Huster,Weightlifting at the 2004 Summer Olympics – Men's 85 kg
Weightlifting at the 2000 Summer Olympics – Men's 77 kg,A. Melikyan,Weightlifting at the 1996 Summer Olympics – Men's 76 kg,V. Mitrou,Weightlifting at the 2004 Summer Olympics – Men's 77 kg
Weightlifting at the 2000 Summer Olympics – Men's 69 kg,S. Laurenau,Weightlifting at the 1996 Summer Olympics – Men's 70 kg,G. Markov,Weightlifting at the 2004 Summer Olympics – Men's 69 kg
Weightlifting at the 2000 Summer Olympics – Men's 62 kg,H. Aliashchuk,Weightlifting at the 1996 Summer Olympics – Men's 64 kg,L. Sampanis,Weightlifting at the 2004 Summer Olympics – Men's 62 kg
Weightlifting at the 2000 Summer Olympics – Men's 56 kg,Z. Xiangxiang,Weightlifting at the 1996 Summer Olympics – Men's 59 kg,W. Wenxiong,Weightlifting at the 2004 Summer Olympics – Men's 56 kg
Weightlifting at the 2000 Summer Olympics – Men's 105 kg,S. S. Asaad,Weightlifting at the 1996 Summer Olympics – Men's 108 kg,A. Tsagaev,Weightlifting at the 2004 Summer Olympics – Men's 105 kg
Weightlifting at the 2000 Summer Olympics – Men's +105 kg,A. Chemerkin,Weightlifting at the 1996 Summer Olympics – Men's +108 kg,R. Weller,Weightlifting at the 2004 Summer Olympics – Men's +105 kg
Weightlifting at the 2000 Summer Olympics – Men's 94 kg,A. A. Petrov,Weightlifting at the 1996 Summer Olympics – Men's 91 kg,S. Kołecki,Weightlifting at the 2004 Summer Olympics – Men's 94 kg
Weightlifting at the 2000 Summer Olympics – Men's 85 kg,G. Asanidze,Weightlifting at the 1996 Summer Olympics – Men's 83 kg,M. Huster,Weightlifting at the 2004 Summer Olympics – Men's 85 kg
Weightlifting at the 2000 Summer Olympics – Men's 77 kg,A. Melikyan,Weightlifting at the 1996 Summer Olympics – Men's 76 kg,V. Mitrou,Weightlifting at the 2004 Summer Olympics – Men's 77 kg
Weightlifting at the 2000 Summer Olympics – Men's 69 kg,S. Laurenau,Weightlifting at the 1996 Summer Olympics – Men's 70 kg,G. Markov,Weightlifting at the 2004 Summer Olympics – Men's 69 kg
Weightlifting at the 2000 Summer Olympics – Men's 62 kg,H. Aliashchuk,Weightlifting at the 1996 Summer Olympics – Men's 64 kg,L. Sampanis,Weightlifting at the 2004 Summer Olympics – Men's 62 kg
Weightlifting at the 2000 Summer Olympics – Men's 56 kg,Z. Xiangxiang,Weightlifting at the 1996 Summer Olympics – Men's 59 kg,W. Wenxiong,Weightlifting at the 2004 Summer Olympics – Men's 56 kg
Weightlifting at the 2000 Summer Olympics – Men's 105 kg,S. S. Asaad,Weightlifting at the 1996 Summer Olympics – Men's 108 kg,A. Tsagaev,Weightlifting at the 2004 Summer Olympics – Men's 105 kg
Weightlifting at the 2000 Summer Olympics – Men's +105 kg,A. Chemerkin,Weightlifting at the 1996 Summer Olympics – Men's +108 kg,R. Weller,Weightlifting at the 2004 Summer Olympics – Men's +105 kg
Weightlifting at the 1988 Summer Olympics – Men's 67.5 kg,L. Jinhe,Weightlifting at the 1984 Summer Olympics – Men's 67.5 kg,I. Militosyan,Weightlifting at the 1992 Summer Olympics – Men's 67.5 kg
Weightlifting at the 1988 Summer Olympics – Men's 60 kg,Y. Huanming,Weightlifting at the 1984 Summer Olympics – Men's 60 kg,S. Topurov,Weightlifting at the 1992 Summer Olympics – Men's 60 kg
Weightlifting at the 1988 Summer Olympics – Men's 56 kg,L. Shoubin,Weightlifting at the 1984 Summer Olympics – Men's 56 kg,H. Yingqiang,Weightlifting at the 1992 Summer Olympics – Men's 56 kg
Weightlifting at the 1988 Summer Olympics – Men's 52 kg,H. Zhuoqiang,Weightlifting at the 1984 Summer Olympics – Men's 52 kg,C. Byung-kwan,Weightlifting at the 1992 Summer Olympics – Men's 52 kg
Weightlifting at the 1988 Summer Olympics – Men's 67.5 kg,L. Jinhe,Weightlifting at the 1984 Summer Olympics – Men's 67.5 kg,I. Militosyan,Weightlifting at the 1992 Summer Olympics – Men's 67.5 kg
Weightlifting at the 1988 Summer Olympics – Men's 60 kg,Y. Huanming,Weightlifting at the 1984 Summer Olympics – Men's 60 kg,S. Topurov,Weightlifting at the 1992 Summer Olympics – Men's 60 kg
Weightlifting at the 1988 Summer Olympics – Men's 56 kg,L. Shoubin,Weightlifting at the 1984 Summer Olympics – Men's 56 kg,H. Yingqiang,Weightlifting at the 1992 Summer Olympics – Men's 56 kg
Weightlifting at the 1988 Summer Olympics – Men's 52 kg,H. Zhuoqiang,Weightlifting at the 1984 Summer Olympics – Men's 52 kg,C. Byung-kwan,Weightlifting at the 1992 Summer Olympics – Men's 52 kg
Weightlifting at the 1984 Summer Olympics – Men's 67.5 kg,J. Grönman,Weightlifting at the 1980 Summer Olympics – Men's 67.5 kg,A. Socaci,Weightlifting at the 1988 Summer Olympics – Men's 67.5 kg
Weightlifting at the 1984 Summer Olympics – Men's 60 kg,T. Wen-Yee,Weightlifting at the 1980 Summer Olympics – Men's 60 kg,G. Radu,Weightlifting at the 1988 Summer Olympics – Men's 60 kg
Weightlifting at the 1984 Summer Olympics – Men's 56 kg,M. Kotaka,Weightlifting at the 1980 Summer Olympics – Men's 56 kg,L. Runming,Weightlifting at the 1988 Summer Olympics – Men's 56 kg
Weightlifting at the 1984 Summer Olympics – Men's 52 kg,K. Manabe,Weightlifting at the 1980 Summer Olympics – Men's 52 kg,Z. Peishun,Weightlifting at the 1988 Summer Olympics – Men's 52 kg
Weightlifting at the 1984 Summer Olympics – Men's 67.5 kg,J. Grönman,Weightlifting at the 1980 Summer Olympics – Men's 67.5 kg,A. Socaci,Weightlifting at the 1988 Summer Olympics – Men's 67.5 kg
Weightlifting at the 1984 Summer Olympics – Men's 60 kg,T. Wen-Yee,Weightlifting at the 1980 Summer Olympics – Men's 60 kg,G. Radu,Weightlifting at the 1988 Summer Olympics – Men's 60 kg
Weightlifting at the 1984 Summer Olympics – Men's 56 kg,M. Kotaka,Weightlifting at the 1980 Summer Olympics – Men's 56 kg,L. Runming,Weightlifting at the 1988 Summer Olympics – Men's 56 kg
Weightlifting at the 1984 Summer Olympics – Men's 52 kg,K. Manabe,Weightlifting at the 1980 Summer Olympics – Men's 52 kg,Z. Peishun,Weightlifting at the 1988 Summer Olympics – Men's 52 kg
Weightlifting at the 1928 Summer Olympics – Men's 82.5 kg,J. Verheijen,Weightlifting at the 1924 Summer Olympics – Men's 82.5 kg,L. Hostin,Weightlifting at the 1932 Summer Olympics – Men's 82.5 kg
Weightlifting at the 1928 Summer Olympics – Men's 75 kg,G. Scheffer,Weightlifting at the 1924 Summer Olympics – Men's 75 kg,C. Galimberti,Weightlifting at the 1932 Summer Olympics – Men's 75 kg
Weightlifting at the 1928 Summer Olympics – Men's 60 kg,H. Wölpert,Weightlifting at the 1924 Summer Olympics – Men's 60 kg,P. Gabetti,Weightlifting at the 1932 Summer Olympics – Men's 60 kg
Weightlifting at the 1928 Summer Olympics – Men's +82.5 kg,J. Skobla,Weightlifting at the 1924 Summer Olympics – Men's +82.5 kg,A. Luhaäär,Weightlifting at the 1932 Summer Olympics – Men's +82.5 kg
Weightlifting at the 1928 Summer Olympics – Men's 82.5 kg,J. Verheijen,Weightlifting at the 1924 Summer Olympics – Men's 82.5 kg,L. Hostin,Weightlifting at the 1932 Summer Olympics – Men's 82.5 kg
Weightlifting at the 1928 Summer Olympics – Men's 75 kg,G. Scheffer,Weightlifting at the 1924 Summer Olympics – Men's 75 kg,C. Galimberti,Weightlifting at the 1932 Summer Olympics – Men's 75 kg
Weightlifting at the 1928 Summer Olympics – Men's 60 kg,H. Wölpert,Weightlifting at the 1924 Summer Olympics – Men's 60 kg,P. Gabetti,Weightlifting at the 1932 Summer Olympics – Men's 60 kg
Weightlifting at the 1928 Summer Olympics – Men's +82.5 kg,J. Skobla,Weightlifting at the 1924 Summer Olympics – Men's +82.5 kg,A. Luhaäär,Weightlifting at the 1932 Summer Olympics – Men's +82.5 kg
Weightlifting at the 1924 Summer Olympics – Men's 82.5 kg,L. Friedrich,Weightlifting at the 1920 Summer Olympics – Men's 82.5 kg,F. Hünenberger,Weightlifting at the 1928 Summer Olympics – Men's 82.5 kg
Weightlifting at the 1924 Summer Olympics – Men's 75 kg,J. Kikkas,Weightlifting at the 1920 Summer Olympics – Men's 75 kg,A. Neuland,Weightlifting at the 1928 Summer Olympics – Men's 75 kg
Weightlifting at the 1924 Summer Olympics – Men's 67.5 kg,B. Durdis,Weightlifting at the 1920 Summer Olympics – Men's 67.5 kg,A. Zwerina,Weightlifting at the 1928 Summer Olympics – Men's 67.5 kg
Weightlifting at the 1924 Summer Olympics – Men's 60 kg,A. Reinmann,Weightlifting at the 1920 Summer Olympics – Men's 60 kg,A. Stadler,Weightlifting at the 1928 Summer Olympics – Men's 60 kg
Weightlifting at the 1924 Summer Olympics – Men's +82.5 kg,H. Tammer,Weightlifting at the 1920 Summer Olympics – Men's +82.5 kg,F. Aigner,Weightlifting at the 1928 Summer Olympics – Men's +82.5 kg
Weightlifting at the 1924 Summer Olympics – Men's 82.5 kg,L. Friedrich,Weightlifting at the 1920 Summer Olympics – Men's 82.5 kg,F. Hünenberger,Weightlifting at the 1928 Summer Olympics – Men's 82.5 kg
Weightlifting at the 1924 Summer Olympics – Men's 75 kg,J. Kikkas,Weightlifting at the 1920 Summer Olympics – Men's 75 kg,A. Neuland,Weightlifting at the 1928 Summer Olympics – Men's 75 kg
