col0,col1,col2,col3,col4
Taekwondo at the 2008 Summer Olympics – Men's 68 kg,S. Tazegül,Taekwondo at the 2004 Summer Olympics – Men's 68 kg,M. Lopez,Taekwondo at the 2012 Summer Olympics – Men's 68 kg
Taekwondo at the 2008 Summer Olympics – Men's 58 kg,C. Mu-Yen,Taekwondo at the 2004 Summer Olympics – Men's 58 kg,G. Mercedes,Taekwondo at the 2012 Summer Olympics – Men's 58 kg
Taekwondo at the 2008 Summer Olympics – Men's +80 kg,C. Chukwumerije,Taekwondo at the 2004 Summer Olympics – Men's +80 kg,A. Nikolaidis,Taekwondo at the 2012 Summer Olympics – Men's +80 kg
Taekwondo at the 2008 Summer Olympics – Women's 67 kg,S. Šarić,Taekwondo at the 2004 Summer Olympics – Women's 67 kg,K. Sergerie,Taekwondo at the 2012 Summer Olympics – Women's 67 kg
Taekwondo at the 2008 Summer Olympics – Women's 57 kg,D. López,Taekwondo at the 2004 Summer Olympics – Women's 57 kg,A. Tanrıkulu,Taekwondo at the 2012 Summer Olympics – Women's 57 kg
Taekwondo at the 2008 Summer Olympics – Women's 49 kg,D. Montejo,Taekwondo at the 2004 Summer Olympics – Women's 49 kg,B. Puedpong,Taekwondo at the 2012 Summer Olympics – Women's 49 kg
Taekwondo at the 2008 Summer Olympics – Women's +67 kg,S. Stevenson,Taekwondo at the 2004 Summer Olympics – Women's +67 kg,N. Solheim,Taekwondo at the 2012 Summer Olympics – Women's +67 kg
Taekwondo at the 2008 Summer Olympics – Men's 80 kg,Z. Guo,Taekwondo at the 2004 Summer Olympics – Men's 80 kg,M. Sarmiento,Taekwondo at the 2012 Summer Olympics – Men's 80 kg
Taekwondo at the 2008 Summer Olympics – Men's 68 kg,S. Tazegül,Taekwondo at the 2004 Summer Olympics – Men's 68 kg,M. Lopez,Taekwondo at the 2012 Summer Olympics – Men's 68 kg
Taekwondo at the 2008 Summer Olympics – Men's 58 kg,C. Mu-Yen,Taekwondo at the 2004 Summer Olympics – Men's 58 kg,G. Mercedes,Taekwondo at the 2012 Summer Olympics – Men's 58 kg
Taekwondo at the 2008 Summer Olympics – Men's +80 kg,C. Chukwumerije,Taekwondo at the 2004 Summer Olympics – Men's +80 kg,A. Nikolaidis,Taekwondo at the 2012 Summer Olympics – Men's +80 kg
Taekwondo at the 2004 Summer Olympics – Women's 67 kg,H. Kyung-Seon,Taekwondo at the 2000 Summer Olympics – Women's 67 kg,E. Mystakidou,Taekwondo at the 2008 Summer Olympics – Women's 67 kg
Taekwondo at the 2004 Summer Olympics – Women's 57 kg,I. Salazar,Taekwondo at the 2000 Summer Olympics – Women's 57 kg,N. Abdallah,Taekwondo at the 2008 Summer Olympics – Women's 57 kg
Taekwondo at the 2004 Summer Olympics – Women's 49 kg,Y. Boorapolchai,Taekwondo at the 2000 Summer Olympics – Women's 49 kg,Y. Labrada,Taekwondo at the 2008 Summer Olympics – Women's 49 kg
Taekwondo at the 2004 Summer Olympics – Women's +67 kg,A. Carmona,Taekwondo at the 2000 Summer Olympics – Women's +67 kg,M. Baverel,Taekwondo at the 2008 Summer Olympics – Women's +67 kg
Taekwondo at the 2004 Summer Olympics – Men's 80 kg,Y. Karami,Taekwondo at the 2000 Summer Olympics – Men's 80 kg,B. Tanrıkulu,Taekwondo at the 2008 Summer Olympics – Men's 80 kg
Taekwondo at the 2004 Summer Olympics – Men's 68 kg,S. Myeong-Seob,Taekwondo at the 2000 Summer Olympics – Men's 68 kg,H. Chih-hsiung,Taekwondo at the 2008 Summer Olympics – Men's 68 kg
Taekwondo at the 2004 Summer Olympics – Men's 58 kg,T. Bayoumi,Taekwondo at the 2000 Summer Olympics – Men's 58 kg,Ó. Salazar,Taekwondo at the 2008 Summer Olympics – Men's 58 kg
Taekwondo at the 2004 Summer Olympics – Men's +80 kg,P. Gentil,Taekwondo at the 2000 Summer Olympics – Men's +80 kg,A. Nikolaidis,Taekwondo at the 2008 Summer Olympics – Men's +80 kg
Taekwondo at the 2004 Summer Olympics – Women's 67 kg,H. Kyung-Seon,Taekwondo at the 2000 Summer Olympics – Women's 67 kg,E. Mystakidou,Taekwondo at the 2008 Summer Olympics – Women's 67 kg
Taekwondo at the 2004 Summer Olympics – Women's 57 kg,I. Salazar,Taekwondo at the 2000 Summer Olympics – Women's 57 kg,N. Abdallah,Taekwondo at the 2008 Summer Olympics – Women's 57 kg
Taekwondo at the 2004 Summer Olympics – Women's 49 kg,Y. Boorapolchai,Taekwondo at the 2000 Summer Olympics – Women's 49 kg,Y. Labrada,Taekwondo at the 2008 Summer Olympics – Women's 49 kg
Taekwondo at the 2004 Summer Olympics – Women's +67 kg,A. Carmona,Taekwondo at the 2000 Summer Olympics – Women's +67 kg,M. Baverel,Taekwondo at the 2008 Summer Olympics – Women's +67 kg
Taekwondo at the 2004 Summer Olympics – Men's 80 kg,Y. Karami,Taekwondo at the 2000 Summer Olympics – Men's 80 kg,B. Tanrıkulu,Taekwondo at the 2008 Summer Olympics – Men's 80 kg
Taekwondo at the 2004 Summer Olympics – Men's 68 kg,S. Myeong-Seob,Taekwondo at the 2000 Summer Olympics – Men's 68 kg,H. Chih-hsiung,Taekwondo at the 2008 Summer Olympics – Men's 68 kg
Taekwondo at the 2004 Summer Olympics – Men's 58 kg,T. Bayoumi,Taekwondo at the 2000 Summer Olympics – Men's 58 kg,Ó. Salazar,Taekwondo at the 2008 Summer Olympics – Men's 58 kg
Taekwondo at the 2004 Summer Olympics – Men's +80 kg,P. Gentil,Taekwondo at the 2000 Summer Olympics – Men's +80 kg,A. Nikolaidis,Taekwondo at the 2008 Summer Olympics – Men's +80 kg
Table tennis at the 2012 Summer Olympics – Women's team,L. Jiawei,Table tennis at the 2008 Summer Olympics – Women's team,A. Fukuhara,Table tennis at the 2016 Summer Olympics – Women's team
Table tennis at the 2012 Summer Olympics – Women's singles,F. Tianwei,Table tennis at the 2008 Summer Olympics – Women's singles,D. Ning,Table tennis at the 2016 Summer Olympics – Women's singles
Table tennis at the 2012 Summer Olympics – Men's team,T. Boll,Table tennis at the 2008 Summer Olympics – Men's team,R. Seung-Min,Table tennis at the 2016 Summer Olympics – Men's team
Table tennis at the 2012 Summer Olympics – Men's singles,D. Ovtcharov,Table tennis at the 2008 Summer Olympics – Men's singles,W. Hao,Table tennis at the 2016 Summer Olympics – Men's singles
Table tennis at the 2012 Summer Olympics – Women's team,L. Jiawei,Table tennis at the 2008 Summer Olympics – Women's team,A. Fukuhara,Table tennis at the 2016 Summer Olympics – Women's team
Table tennis at the 2012 Summer Olympics – Women's singles,F. Tianwei,Table tennis at the 2008 Summer Olympics – Women's singles,D. Ning,Table tennis at the 2016 Summer Olympics – Women's singles
Table tennis at the 2012 Summer Olympics – Men's team,T. Boll,Table tennis at the 2008 Summer Olympics – Men's team,J. Se-Hyuk,Table tennis at the 2016 Summer Olympics – Men's team
Table tennis at the 2012 Summer Olympics – Men's singles,D. Ovtcharov,Table tennis at the 2008 Summer Olympics – Men's singles,W. Hao,Table tennis at the 2016 Summer Olympics – Men's singles
Synchronized swimming at the 2012 Summer Olympics – Women's team,O. Carbonell,Synchronized swimming at the 2008 Summer Olympics – Women's team,C. Si,Synchronized swimming at the 2016 Summer Olympics – Women's team
Synchronized swimming at the 2012 Summer Olympics – Women's duet,H. Xuechen,Synchronized swimming at the 2008 Summer Olympics – Women's duet,A. Fuentes,Synchronized swimming at the 2016 Summer Olympics – Women's duet
Synchronized swimming at the 2012 Summer Olympics – Women's team,A. Fuentes,Synchronized swimming at the 2008 Summer Olympics – Women's team,S. Wenyan,Synchronized swimming at the 2016 Summer Olympics – Women's team
Synchronized swimming at the 2012 Summer Olympics – Women's duet,H. Xuechen,Synchronized swimming at the 2008 Summer Olympics – Women's duet,A. Fuentes,Synchronized swimming at the 2016 Summer Olympics – Women's duet
Synchronized swimming at the 2008 Summer Olympics – Women's team,S. Qiuting,Synchronized swimming at the 2004 Summer Olympics – Women's team,P. Tirados,Synchronized swimming at the 2012 Summer Olympics – Women's team
Synchronized swimming at the 2008 Summer Olympics – Women's duet,E. Suzuki,Synchronized swimming at the 2004 Summer Olympics – Women's duet,A. Fuentes,Synchronized swimming at the 2012 Summer Olympics – Women's duet
Synchronized swimming at the 2008 Summer Olympics – Women's team,L. Ou,Synchronized swimming at the 2004 Summer Olympics – Women's team,A. Cabello,Synchronized swimming at the 2012 Summer Olympics – Women's team
Synchronized swimming at the 2008 Summer Olympics – Women's duet,E. Suzuki,Synchronized swimming at the 2004 Summer Olympics – Women's duet,A. Fuentes,Synchronized swimming at the 2012 Summer Olympics – Women's duet
Synchronized swimming at the 2004 Summer Olympics – Women's team,A. Bartosik,Synchronized swimming at the 2000 Summer Olympics – Women's team,M. Takeda,Synchronized swimming at the 2008 Summer Olympics – Women's team
Synchronized swimming at the 2004 Summer Olympics – Women's duet,A. Bartosik,Synchronized swimming at the 2000 Summer Olympics – Women's duet,M. Takeda,Synchronized swimming at the 2008 Summer Olympics – Women's duet
Synchronized swimming at the 2004 Summer Olympics – Women's team,S. Lowe,Synchronized swimming at the 2000 Summer Olympics – Women's team,J. Tatsumi,Synchronized swimming at the 2008 Summer Olympics – Women's team
Synchronized swimming at the 2004 Summer Olympics – Women's duet,A. Bartosik,Synchronized swimming at the 2000 Summer Olympics – Women's duet,M. Takeda,Synchronized swimming at the 2008 Summer Olympics – Women's duet
Synchronized swimming at the 2000 Summer Olympics – Women's team,L. Beaumont,Synchronized swimming at the 1996 Summer Olympics,Y. Yoneda,Synchronized swimming at the 2004 Summer Olympics – Women's team
Synchronized swimming at the 2000 Summer Olympics – Women's duet,M. Lignot,Synchronized swimming at the 1992 Summer Olympics – Women's duet,M. Takeda,Synchronized swimming at the 2004 Summer Olympics – Women's duet
Synchronized swimming at the 2000 Summer Olympics – Women's team,C. Garceau,Synchronized swimming at the 1996 Summer Olympics,R. Jimbo,Synchronized swimming at the 2004 Summer Olympics – Women's team
Synchronized swimming at the 2000 Summer Olympics – Women's duet,M. Lignot,Synchronized swimming at the 1992 Summer Olympics – Women's duet,M. Takeda,Synchronized swimming at the 2004 Summer Olympics – Women's duet
Synchronized swimming at the 1996 Summer Olympics,M. Kawabe,Synchronized swimming at the 1992 Summer Olympics,C. Read,Synchronized swimming at the 2000 Summer Olympics
Synchronized swimming at the 1992 Summer Olympics – Women's duet,F. Okuno,Synchronized swimming at the 1988 Summer Olympics – Women's duet,P. Vilagos,Synchronized swimming at the 2000 Summer Olympics – Women's duet
Synchronised swimming at the 1988 Summer Olympics – Women's solo,M. Kotani,Synchronised swimming at the 1984 Summer Olympics – Women's solo,T. Ruiz,Synchronised swimming at the 1992 Summer Olympics – Women's solo
Synchronised swimming at the 1988 Summer Olympics – Women's duet,M. Kotani,Synchronised swimming at the 1984 Summer Olympics – Women's duet,K. Josephson,Synchronised swimming at the 1992 Summer Olympics – Women's duet
Synchronised swimming at the 1988 Summer Olympics – Women's solo,M. Kotani,Synchronised swimming at the 1984 Summer Olympics – Women's solo,T. Ruiz,Synchronised swimming at the 1992 Summer Olympics – Women's solo
Synchronised swimming at the 1988 Summer Olympics – Women's duet,M. Kotani,Synchronised swimming at the 1984 Summer Olympics – Women's duet,K. Josephson,Synchronised swimming at the 1992 Summer Olympics – Women's duet
Swimming at the 2012 Summer Olympics – Women's marathon 10 kilometre,M. Grimaldi,Swimming at the 2008 Summer Olympics – Women's marathon 10 kilometre,H. Anderson,Swimming at the 2016 Summer Olympics – Women's marathon 10 kilometre
Swimming at the 2012 Summer Olympics – Women's 800 metre freestyle,R. Adlington,Swimming at the 2008 Summer Olympics – Women's 800 metre freestyle,M. B. García,Swimming at the 2016 Summer Olympics – Women's 800 metre freestyle
Swimming at the 2012 Summer Olympics – Women's 50 metre freestyle,M. Veldhuis,Swimming at the 2008 Summer Olympics – Women's 50 metre freestyle,A. Herasimenia,Swimming at the 2016 Summer Olympics – Women's 50 metre freestyle
Swimming at the 2012 Summer Olympics – Women's 4 × 200 metre freestyle relay,C. Bonnet,Swimming at the 2008 Summer Olympics – Women's 4 × 200 metre freestyle relay,B. Elmslie,Swimming at the 2016 Summer Olympics – Women's 4 × 200 metre freestyle relay
Swimming at the 2012 Summer Olympics – Women's 4 × 100 metre medley relay,Y. Kato,Swimming at the 2008 Summer Olympics – Women's 4 × 100 metre medley relay,L. Jones,Swimming at the 2016 Summer Olympics – Women's 4 × 100 metre medley relay
Swimming at the 2012 Summer Olympics – Women's 4 × 100 metre freestyle relay,N. Coughlin,Swimming at the 2008 Summer Olympics – Women's 4 × 100 metre freestyle relay,I. Dekker,Swimming at the 2016 Summer Olympics – Women's 4 × 100 metre freestyle relay
Swimming at the 2012 Summer Olympics – Women's 400 metre individual medley,L. Xuanxu,Swimming at the 2008 Summer Olympics – Women's 400 metre individual medley,E. Beisel,Swimming at the 2016 Summer Olympics – Women's 400 metre individual medley
Swimming at the 2012 Summer Olympics – Women's 400 metre freestyle,R. Adlington,Swimming at the 2008 Summer Olympics – Women's 400 metre freestyle,A. Schmitt,Swimming at the 2016 Summer Olympics – Women's 400 metre freestyle
Swimming at the 2012 Summer Olympics – Women's 200 metre individual medley,C. Leverenz,Swimming at the 2008 Summer Olympics – Women's 200 metre individual medley,A. Coutts,Swimming at the 2016 Summer Olympics – Women's 200 metre individual medley
Swimming at the 2012 Summer Olympics – Women's 200 metre freestyle,B. Barratt,Swimming at the 2008 Summer Olympics – Women's 200 metre freestyle,C. Muffat,Swimming at the 2016 Summer Olympics – Women's 200 metre freestyle
Swimming at the 2012 Summer Olympics – Women's 200 metre butterfly,N. Hoshi,Swimming at the 2008 Summer Olympics – Women's 200 metre butterfly,M. B. Garcia,Swimming at the 2016 Summer Olympics – Women's 200 metre butterfly
Swimming at the 2012 Summer Olympics – Women's 200 metre breaststroke,Y. Yefimova,Swimming at the 2008 Summer Olympics – Women's 200 metre breaststroke,S. Suzuki,Swimming at the 2016 Summer Olympics – Women's 200 metre breaststroke
Swimming at the 2012 Summer Olympics – Women's 200 metre backstroke,E. Beisel,Swimming at the 2008 Summer Olympics – Women's 200 metre backstroke,A. V. Zuyeva,Swimming at the 2016 Summer Olympics – Women's 200 metre backstroke
Swimming at the 2012 Summer Olympics – Women's 100 metre freestyle,T. Yi,Swimming at the 2008 Summer Olympics – Women's 100 metre freestyle,A. Herasimenia,Swimming at the 2016 Summer Olympics – Women's 100 metre freestyle
Swimming at the 2012 Summer Olympics – Women's 100 metre butterfly,A. Coutts,Swimming at the 2008 Summer Olympics – Women's 100 metre butterfly,L. Ying,Swimming at the 2016 Summer Olympics – Women's 100 metre butterfly
Swimming at the 2012 Summer Olympics – Women's 100 metre breaststroke,S. Suzuki,Swimming at the 2008 Summer Olympics – Women's 100 metre breaststroke,R. Soni,Swimming at the 2016 Summer Olympics – Women's 100 metre breaststroke
Swimming at the 2012 Summer Olympics – Women's 100 metre backstroke,A. Terakawa,Swimming at the 2008 Summer Olympics – Women's 100 metre backstroke,E. Seebohm,Swimming at the 2016 Summer Olympics – Women's 100 metre backstroke
Swimming at the 2012 Summer Olympics – Men's marathon 10 kilometre,R. Weinberger,Swimming at the 2008 Summer Olympics – Men's marathon 10 kilometre,T. Lurz,Swimming at the 2016 Summer Olympics – Men's marathon 10 kilometre
Swimming at the 2012 Summer Olympics – Men's 50 metre freestyle,C. Cielo,Swimming at the 2008 Summer Olympics – Men's 50 metre freestyle,C. Jones,Swimming at the 2016 Summer Olympics – Men's 50 metre freestyle
Swimming at the 2012 Summer Olympics – Men's 4 × 200 metre freestyle relay,S. Yang,Swimming at the 2008 Summer Olympics – Men's 4 × 200 metre freestyle relay,G. Mallet,Swimming at the 2016 Summer Olympics – Men's 4 × 200 metre freestyle relay
Swimming at the 2012 Summer Olympics – Men's 4 × 100 metre medley relay,C. Sprenger,Swimming at the 2008 Summer Olympics – Men's 4 × 100 metre medley relay,R. Irie,Swimming at the 2016 Summer Olympics – Men's 4 × 100 metre medley relay
Swimming at the 2012 Summer Olympics – Men's 4 × 100 metre freestyle relay,S. Fesikov,Swimming at the 2008 Summer Olympics – Men's 4 × 100 metre freestyle relay,J. Feigen,Swimming at the 2016 Summer Olympics – Men's 4 × 100 metre freestyle relay
Swimming at the 2012 Summer Olympics – Men's 400 metre individual medley,K. Hagino,Swimming at the 2008 Summer Olympics – Men's 400 metre individual medley,T. Pereira,Swimming at the 2016 Summer Olympics – Men's 400 metre individual medley
Swimming at the 2012 Summer Olympics – Men's 400 metre freestyle,P. Vanderkaay,Swimming at the 2008 Summer Olympics – Men's 400 metre freestyle,P. Tae-hwan,Swimming at the 2016 Summer Olympics – Men's 400 metre freestyle
Swimming at the 2012 Summer Olympics – Men's 200 metre individual medley,L. Cseh,Swimming at the 2008 Summer Olympics – Men's 200 metre individual medley,R. Lochte,Swimming at the 2016 Summer Olympics – Men's 200 metre individual medley
Swimming at the 2012 Summer Olympics – Men's 200 metre butterfly,T. Matsuda,Swimming at the 2008 Summer Olympics – Men's 200 metre butterfly,M. Phelps,Swimming at the 2016 Summer Olympics – Men's 200 metre butterfly
Swimming at the 2012 Summer Olympics – Men's 200 metre breaststroke,R. Tateishi,Swimming at the 2008 Summer Olympics – Men's 200 metre breaststroke,M. Jamieson,Swimming at the 2016 Summer Olympics – Men's 200 metre breaststroke
Swimming at the 2012 Summer Olympics – Men's 200 metre backstroke,R. Lochte,Swimming at the 2008 Summer Olympics – Men's 200 metre backstroke,R. Irie,Swimming at the 2016 Summer Olympics – Men's 200 metre backstroke
Swimming at the 2012 Summer Olympics – Men's 1500 metre freestyle,O. Mellouli,Swimming at the 2008 Summer Olympics – Men's 1500 metre freestyle,R. Cochrane,Swimming at the 2016 Summer Olympics – Men's 1500 metre freestyle
Swimming at the 2012 Summer Olympics – Men's 100 metre freestyle,B. Hayden,Swimming at the 2008 Summer Olympics – Men's 100 metre freestyle,J. Magnussen,Swimming at the 2016 Summer Olympics – Men's 100 metre freestyle
Swimming at the 2012 Summer Olympics – Men's 100 metre breaststroke,B. Hansen,Swimming at the 2008 Summer Olympics – Men's 100 metre breaststroke,C. Sprenger,Swimming at the 2016 Summer Olympics – Men's 100 metre breaststroke
Swimming at the 2012 Summer Olympics – Men's 100 metre backstroke,R. Irie,Swimming at the 2008 Summer Olympics – Men's 100 metre backstroke,N. Thoman,Swimming at the 2016 Summer Olympics – Men's 100 metre backstroke
Swimming at the 2012 Summer Olympics – Women's marathon 10 kilometre,M. Grimaldi,Swimming at the 2008 Summer Olympics – Women's marathon 10 kilometre,H. Anderson,Swimming at the 2016 Summer Olympics – Women's marathon 10 kilometre
Swimming at the 2012 Summer Olympics – Women's 800 metre freestyle,R. Adlington,Swimming at the 2008 Summer Olympics – Women's 800 metre freestyle,M. B. García,Swimming at the 2016 Summer Olympics – Women's 800 metre freestyle
Swimming at the 2012 Summer Olympics – Women's 50 metre freestyle,M. Veldhuis,Swimming at the 2008 Summer Olympics – Women's 50 metre freestyle,A. Herasimenia,Swimming at the 2016 Summer Olympics – Women's 50 metre freestyle
Swimming at the 2012 Summer Olympics – Women's 4 × 200 metre freestyle relay,C. Muffat,Swimming at the 2008 Summer Olympics – Women's 4 × 200 metre freestyle relay,A. Coutts,Swimming at the 2016 Summer Olympics – Women's 4 × 200 metre freestyle relay
Swimming at the 2012 Summer Olympics – Women's 4 × 100 metre medley relay,Y. Kato,Swimming at the 2008 Summer Olympics – Women's 4 × 100 metre medley relay,M. Schlanger,Swimming at the 2016 Summer Olympics – Women's 4 × 100 metre medley relay
Swimming at the 2012 Summer Olympics – Women's 4 × 100 metre freestyle relay,N. Coughlin,Swimming at the 2008 Summer Olympics – Women's 4 × 100 metre freestyle relay,R. Kromowidjojo,Swimming at the 2016 Summer Olympics – Women's 4 × 100 metre freestyle relay
Swimming at the 2012 Summer Olympics – Women's 400 metre individual medley,L. Xuanxu,Swimming at the 2008 Summer Olympics – Women's 400 metre individual medley,E. Beisel,Swimming at the 2016 Summer Olympics – Women's 400 metre individual medley
Swimming at the 2012 Summer Olympics – Women's 400 metre freestyle,R. Adlington,Swimming at the 2008 Summer Olympics – Women's 400 metre freestyle,A. Schmitt,Swimming at the 2016 Summer Olympics – Women's 400 metre freestyle
Swimming at the 2012 Summer Olympics – Women's 200 metre individual medley,C. Leverenz,Swimming at the 2008 Summer Olympics – Women's 200 metre individual medley,A. Coutts,Swimming at the 2016 Summer Olympics – Women's 200 metre individual medley
Swimming at the 2012 Summer Olympics – Women's 200 metre freestyle,B. Barratt,Swimming at the 2008 Summer Olympics – Women's 200 metre freestyle,C. Muffat,Swimming at the 2016 Summer Olympics – Women's 200 metre freestyle
Swimming at the 2012 Summer Olympics – Women's 200 metre butterfly,N. Hoshi,Swimming at the 2008 Summer Olympics – Women's 200 metre butterfly,M. B. Garcia,Swimming at the 2016 Summer Olympics – Women's 200 metre butterfly
Swimming at the 2012 Summer Olympics – Women's 200 metre breaststroke,Y. Yefimova,Swimming at the 2008 Summer Olympics – Women's 200 metre breaststroke,S. Suzuki,Swimming at the 2016 Summer Olympics – Women's 200 metre breaststroke
Swimming at the 2012 Summer Olympics – Women's 200 metre backstroke,E. Beisel,Swimming at the 2008 Summer Olympics – Women's 200 metre backstroke,A. V. Zuyeva,Swimming at the 2016 Summer Olympics – Women's 200 metre backstroke
Swimming at the 2012 Summer Olympics – Women's 100 metre freestyle,T. Yi,Swimming at the 2008 Summer Olympics – Women's 100 metre freestyle,A. Herasimenia,Swimming at the 2016 Summer Olympics – Women's 100 metre freestyle
Swimming at the 2012 Summer Olympics – Women's 100 metre butterfly,A. Coutts,Swimming at the 2008 Summer Olympics – Women's 100 metre butterfly,L. Ying,Swimming at the 2016 Summer Olympics – Women's 100 metre butterfly
Swimming at the 2012 Summer Olympics – Women's 100 metre breaststroke,S. Suzuki,Swimming at the 2008 Summer Olympics – Women's 100 metre breaststroke,R. Soni,Swimming at the 2016 Summer Olympics – Women's 100 metre breaststroke
Swimming at the 2012 Summer Olympics – Women's 100 metre backstroke,A. Terakawa,Swimming at the 2008 Summer Olympics – Women's 100 metre backstroke,E. Seebohm,Swimming at the 2016 Summer Olympics – Women's 100 metre backstroke
Swimming at the 2012 Summer Olympics – Men's marathon 10 kilometre,R. Weinberger,Swimming at the 2008 Summer Olympics – Men's marathon 10 kilometre,T. Lurz,Swimming at the 2016 Summer Olympics – Men's marathon 10 kilometre
Swimming at the 2012 Summer Olympics – Men's 50 metre freestyle,C. Cielo,Swimming at the 2008 Summer Olympics – Men's 50 metre freestyle,C. Jones,Swimming at the 2016 Summer Olympics – Men's 50 metre freestyle
Swimming at the 2012 Summer Olympics – Men's 4 × 200 metre freestyle relay,H. Yun,Swimming at the 2008 Summer Olympics – Men's 4 × 200 metre freestyle relay,Y. Agnel,Swimming at the 2016 Summer Olympics – Men's 4 × 200 metre freestyle relay
Swimming at the 2012 Summer Olympics – Men's 4 × 100 metre medley relay,J. Magnussen,Swimming at the 2008 Summer Olympics – Men's 4 × 100 metre medley relay,T. Matsuda,Swimming at the 2016 Summer Olympics – Men's 4 × 100 metre medley relay
Swimming at the 2012 Summer Olympics – Men's 4 × 100 metre freestyle relay,V. Morozov,Swimming at the 2008 Summer Olympics – Men's 4 × 100 metre freestyle relay,J. Feigen,Swimming at the 2016 Summer Olympics – Men's 4 × 100 metre freestyle relay
Swimming at the 2012 Summer Olympics – Men's 400 metre individual medley,K. Hagino,Swimming at the 2008 Summer Olympics – Men's 400 metre individual medley,T. Pereira,Swimming at the 2016 Summer Olympics – Men's 400 metre individual medley
Swimming at the 2012 Summer Olympics – Men's 400 metre freestyle,P. Vanderkaay,Swimming at the 2008 Summer Olympics – Men's 400 metre freestyle,P. Tae-hwan,Swimming at the 2016 Summer Olympics – Men's 400 metre freestyle
Swimming at the 2012 Summer Olympics – Men's 200 metre individual medley,L. Cseh,Swimming at the 2008 Summer Olympics – Men's 200 metre individual medley,R. Lochte,Swimming at the 2016 Summer Olympics – Men's 200 metre individual medley
Swimming at the 2012 Summer Olympics – Men's 200 metre butterfly,T. Matsuda,Swimming at the 2008 Summer Olympics – Men's 200 metre butterfly,M. Phelps,Swimming at the 2016 Summer Olympics – Men's 200 metre butterfly
Swimming at the 2012 Summer Olympics – Men's 200 metre breaststroke,R. Tateishi,Swimming at the 2008 Summer Olympics – Men's 200 metre breaststroke,M. Jamieson,Swimming at the 2016 Summer Olympics – Men's 200 metre breaststroke
Swimming at the 2012 Summer Olympics – Men's 200 metre backstroke,R. Lochte,Swimming at the 2008 Summer Olympics – Men's 200 metre backstroke,R. Irie,Swimming at the 2016 Summer Olympics – Men's 200 metre backstroke
Swimming at the 2012 Summer Olympics – Men's 1500 metre freestyle,O. Mellouli,Swimming at the 2008 Summer Olympics – Men's 1500 metre freestyle,R. Cochrane,Swimming at the 2016 Summer Olympics – Men's 1500 metre freestyle
Swimming at the 2012 Summer Olympics – Men's 100 metre freestyle,B. Hayden,Swimming at the 2008 Summer Olympics – Men's 100 metre freestyle,J. Magnussen,Swimming at the 2016 Summer Olympics – Men's 100 metre freestyle
Swimming at the 2012 Summer Olympics – Men's 100 metre breaststroke,B. Hansen,Swimming at the 2008 Summer Olympics – Men's 100 metre breaststroke,C. Sprenger,Swimming at the 2016 Summer Olympics – Men's 100 metre breaststroke
Swimming at the 2012 Summer Olympics – Men's 100 metre backstroke,R. Irie,Swimming at the 2008 Summer Olympics – Men's 100 metre backstroke,N. Thoman,Swimming at the 2016 Summer Olympics – Men's 100 metre backstroke
Swimming at the 2008 Summer Olympics – Women's 800 metre freestyle,L. Friis,Swimming at the 2004 Summer Olympics – Women's 800 metre freestyle,A. Filippi,Swimming at the 2012 Summer Olympics – Women's 800 metre freestyle
Swimming at the 2008 Summer Olympics – Women's 50 metre freestyle,C. Campbell,Swimming at the 2004 Summer Olympics – Women's 50 metre freestyle,D. Torres,Swimming at the 2012 Summer Olympics – Women's 50 metre freestyle
Swimming at the 2008 Summer Olympics – Women's 4 × 200 metre freestyle relay,K. Hoff,Swimming at the 2004 Summer Olympics – Women's 4 × 200 metre freestyle relay,P. Jiaying,Swimming at the 2012 Summer Olympics – Women's 4 × 200 metre freestyle relay
Swimming at the 2008 Summer Olympics – Women's 4 × 100 metre medley relay,Z. Jing,Swimming at the 2004 Summer Olympics – Women's 4 × 100 metre medley relay,D. Torres,Swimming at the 2012 Summer Olympics – Women's 4 × 100 metre medley relay
