col0,col1,col2,col3,col4
Swimming at the 2008 Summer Olympics – Women's 4 × 100 metre freestyle relay,L. Trickett,Swimming at the 2004 Summer Olympics – Women's 4 × 100 metre freestyle relay,D. Torres,Swimming at the 2012 Summer Olympics – Women's 4 × 100 metre freestyle relay
Swimming at the 2008 Summer Olympics – Women's 400 metre individual medley,K. Hoff,Swimming at the 2004 Summer Olympics – Women's 400 metre individual medley,K. Coventry,Swimming at the 2012 Summer Olympics – Women's 400 metre individual medley
Swimming at the 2008 Summer Olympics – Women's 400 metre freestyle,J. Jackson,Swimming at the 2004 Summer Olympics – Women's 400 metre freestyle,K. Hoff,Swimming at the 2012 Summer Olympics – Women's 400 metre freestyle
Swimming at the 2008 Summer Olympics – Women's 200 metre individual medley,N. Coughlin,Swimming at the 2004 Summer Olympics – Women's 200 metre individual medley,K. Coventry,Swimming at the 2012 Summer Olympics – Women's 200 metre individual medley
Swimming at the 2008 Summer Olympics – Women's 200 metre freestyle,P. Jiaying,Swimming at the 2004 Summer Olympics – Women's 200 metre freestyle,S. Isakovič,Swimming at the 2012 Summer Olympics – Women's 200 metre freestyle
Swimming at the 2008 Summer Olympics – Women's 200 metre butterfly,J. Schipper,Swimming at the 2004 Summer Olympics – Women's 200 metre butterfly,J. Liuyang,Swimming at the 2012 Summer Olympics – Women's 200 metre butterfly
Swimming at the 2008 Summer Olympics – Women's 200 metre breaststroke,S. Nordenstam,Swimming at the 2004 Summer Olympics – Women's 200 metre breaststroke,L. Jones,Swimming at the 2012 Summer Olympics – Women's 200 metre breaststroke
Swimming at the 2008 Summer Olympics – Women's 200 metre backstroke,R. Nakamura,Swimming at the 2004 Summer Olympics – Women's 200 metre backstroke,M. Hoelzer,Swimming at the 2012 Summer Olympics – Women's 200 metre backstroke
Swimming at the 2008 Summer Olympics – Women's 100 metre freestyle,N. Coughlin,Swimming at the 2004 Summer Olympics – Women's 100 metre freestyle,L. Trickett,Swimming at the 2012 Summer Olympics – Women's 100 metre freestyle
Swimming at the 2008 Summer Olympics – Women's 100 metre butterfly,J. Schipper,Swimming at the 2004 Summer Olympics – Women's 100 metre butterfly,C. Magnuson,Swimming at the 2012 Summer Olympics – Women's 100 metre butterfly
Swimming at the 2008 Summer Olympics – Women's 100 metre breaststroke,M. Jukić,Swimming at the 2004 Summer Olympics – Women's 100 metre breaststroke,R. Soni,Swimming at the 2012 Summer Olympics – Women's 100 metre breaststroke
Swimming at the 2008 Summer Olympics – Women's 100 metre backstroke,M. Hoelzer,Swimming at the 2004 Summer Olympics – Women's 100 metre backstroke,K. Coventry,Swimming at the 2012 Summer Olympics – Women's 100 metre backstroke
Swimming at the 2008 Summer Olympics – Men's 50 metre freestyle,A. Bernard,Swimming at the 2004 Summer Olympics – Men's 50 metre freestyle,A. Leveaux,Swimming at the 2012 Summer Olympics – Men's 50 metre freestyle
Swimming at the 2008 Summer Olympics – Men's 4 × 200 metre freestyle relay,P. Murphy,Swimming at the 2004 Summer Olympics – Men's 4 × 200 metre freestyle relay,A. Sukhorukov,Swimming at the 2012 Summer Olympics – Men's 4 × 200 metre freestyle relay
Swimming at the 2008 Summer Olympics – Men's 4 × 100 metre medley relay,J. Miyashita,Swimming at the 2004 Summer Olympics – Men's 4 × 100 metre medley relay,E. Sullivan,Swimming at the 2012 Summer Olympics – Men's 4 × 100 metre medley relay
Swimming at the 2008 Summer Olympics – Men's 4 × 100 metre freestyle relay,E. Sullivan,Swimming at the 2004 Summer Olympics – Men's 4 × 100 metre freestyle relay,F. Bousquet,Swimming at the 2012 Summer Olympics – Men's 4 × 100 metre freestyle relay
Swimming at the 2008 Summer Olympics – Men's 400 metre individual medley,R. Lochte,Swimming at the 2004 Summer Olympics – Men's 400 metre individual medley,L. Cseh,Swimming at the 2012 Summer Olympics – Men's 400 metre individual medley
Swimming at the 2008 Summer Olympics – Men's 400 metre freestyle,L. Jensen,Swimming at the 2004 Summer Olympics – Men's 400 metre freestyle,Z. Lin,Swimming at the 2012 Summer Olympics – Men's 400 metre freestyle
Swimming at the 2008 Summer Olympics – Men's 200 metre individual medley,R. Lochte,Swimming at the 2004 Summer Olympics – Men's 200 metre individual medley,L. Cseh,Swimming at the 2012 Summer Olympics – Men's 200 metre individual medley
Swimming at the 2008 Summer Olympics – Men's 200 metre freestyle,P. Vanderkaay,Swimming at the 2004 Summer Olympics – Men's 200 metre freestyle,P. Tae-Hwan,Swimming at the 2012 Summer Olympics – Men's 200 metre freestyle
Swimming at the 2008 Summer Olympics – Men's 200 metre butterfly,T. Matsuda,Swimming at the 2004 Summer Olympics – Men's 200 metre butterfly,L. Cseh,Swimming at the 2012 Summer Olympics – Men's 200 metre butterfly
Swimming at the 2008 Summer Olympics – Men's 200 metre breaststroke,H. Duboscq,Swimming at the 2004 Summer Olympics – Men's 200 metre breaststroke,B. Rickard,Swimming at the 2012 Summer Olympics – Men's 200 metre breaststroke
Swimming at the 2008 Summer Olympics – Men's 200 metre backstroke,A. Vyatchanin,Swimming at the 2004 Summer Olympics – Men's 200 metre backstroke,A. Peirsol,Swimming at the 2012 Summer Olympics – Men's 200 metre backstroke
Swimming at the 2008 Summer Olympics – Men's 1500 metre freestyle,R. Cochrane,Swimming at the 2004 Summer Olympics – Men's 1500 metre freestyle,G. Hackett,Swimming at the 2012 Summer Olympics – Men's 1500 metre freestyle
Swimming at the 2008 Summer Olympics – Men's 100 metre freestyle,C. Cielo,Swimming at the 2004 Summer Olympics – Men's 100 metre freestyle,E. Sullivan,Swimming at the 2012 Summer Olympics – Men's 100 metre freestyle
Swimming at the 2008 Summer Olympics – Men's 100 metre butterfly,A. Lauterstein,Swimming at the 2004 Summer Olympics – Men's 100 metre butterfly,M. Čavić,Swimming at the 2012 Summer Olympics – Men's 100 metre butterfly
Swimming at the 2008 Summer Olympics – Men's 100 metre breaststroke,H. Duboscq,Swimming at the 2004 Summer Olympics – Men's 100 metre breaststroke,A. D. Oen,Swimming at the 2012 Summer Olympics – Men's 100 metre breaststroke
Swimming at the 2008 Summer Olympics – Men's 100 metre backstroke,H. Stoeckel,Swimming at the 2004 Summer Olympics – Men's 100 metre backstroke,M. Grevers,Swimming at the 2012 Summer Olympics – Men's 100 metre backstroke
Swimming at the 2008 Summer Olympics – Women's 800 metre freestyle,L. Friis,Swimming at the 2004 Summer Olympics – Women's 800 metre freestyle,A. Filippi,Swimming at the 2012 Summer Olympics – Women's 800 metre freestyle
Swimming at the 2008 Summer Olympics – Women's 50 metre freestyle,C. Campbell,Swimming at the 2004 Summer Olympics – Women's 50 metre freestyle,D. Torres,Swimming at the 2012 Summer Olympics – Women's 50 metre freestyle
Swimming at the 2008 Summer Olympics – Women's 4 × 200 metre freestyle relay,N. Coughlin,Swimming at the 2004 Summer Olympics – Women's 4 × 200 metre freestyle relay,Y. Yu,Swimming at the 2012 Summer Olympics – Women's 4 × 200 metre freestyle relay
Swimming at the 2008 Summer Olympics – Women's 4 × 100 metre medley relay,Z. Jing,Swimming at the 2004 Summer Olympics – Women's 4 × 100 metre medley relay,M. Hoelzer,Swimming at the 2012 Summer Olympics – Women's 4 × 100 metre medley relay
Swimming at the 2008 Summer Olympics – Women's 4 × 100 metre freestyle relay,C. Campbell,Swimming at the 2004 Summer Olympics – Women's 4 × 100 metre freestyle relay,D. Torres,Swimming at the 2012 Summer Olympics – Women's 4 × 100 metre freestyle relay
Swimming at the 2008 Summer Olympics – Women's 400 metre individual medley,K. Hoff,Swimming at the 2004 Summer Olympics – Women's 400 metre individual medley,K. Coventry,Swimming at the 2012 Summer Olympics – Women's 400 metre individual medley
Swimming at the 2008 Summer Olympics – Women's 400 metre freestyle,J. Jackson,Swimming at the 2004 Summer Olympics – Women's 400 metre freestyle,K. Hoff,Swimming at the 2012 Summer Olympics – Women's 400 metre freestyle
Swimming at the 2008 Summer Olympics – Women's 200 metre individual medley,N. Coughlin,Swimming at the 2004 Summer Olympics – Women's 200 metre individual medley,K. Coventry,Swimming at the 2012 Summer Olympics – Women's 200 metre individual medley
Swimming at the 2008 Summer Olympics – Women's 200 metre freestyle,P. Jiaying,Swimming at the 2004 Summer Olympics – Women's 200 metre freestyle,S. Isakovič,Swimming at the 2012 Summer Olympics – Women's 200 metre freestyle
Swimming at the 2008 Summer Olympics – Women's 200 metre butterfly,J. Schipper,Swimming at the 2004 Summer Olympics – Women's 200 metre butterfly,J. Liuyang,Swimming at the 2012 Summer Olympics – Women's 200 metre butterfly
Swimming at the 2008 Summer Olympics – Women's 200 metre breaststroke,S. Nordenstam,Swimming at the 2004 Summer Olympics – Women's 200 metre breaststroke,L. Jones,Swimming at the 2012 Summer Olympics – Women's 200 metre breaststroke
Swimming at the 2008 Summer Olympics – Women's 200 metre backstroke,R. Nakamura,Swimming at the 2004 Summer Olympics – Women's 200 metre backstroke,M. Hoelzer,Swimming at the 2012 Summer Olympics – Women's 200 metre backstroke
Swimming at the 2008 Summer Olympics – Women's 100 metre freestyle,N. Coughlin,Swimming at the 2004 Summer Olympics – Women's 100 metre freestyle,L. Trickett,Swimming at the 2012 Summer Olympics – Women's 100 metre freestyle
Swimming at the 2008 Summer Olympics – Women's 100 metre butterfly,J. Schipper,Swimming at the 2004 Summer Olympics – Women's 100 metre butterfly,C. Magnuson,Swimming at the 2012 Summer Olympics – Women's 100 metre butterfly
Swimming at the 2008 Summer Olympics – Women's 100 metre breaststroke,M. Jukić,Swimming at the 2004 Summer Olympics – Women's 100 metre breaststroke,R. Soni,Swimming at the 2012 Summer Olympics – Women's 100 metre breaststroke
Swimming at the 2008 Summer Olympics – Women's 100 metre backstroke,M. Hoelzer,Swimming at the 2004 Summer Olympics – Women's 100 metre backstroke,K. Coventry,Swimming at the 2012 Summer Olympics – Women's 100 metre backstroke
Swimming at the 2008 Summer Olympics – Men's 50 metre freestyle,A. Bernard,Swimming at the 2004 Summer Olympics – Men's 50 metre freestyle,A. Leveaux,Swimming at the 2012 Summer Olympics – Men's 50 metre freestyle
Swimming at the 2008 Summer Olympics – Men's 4 × 200 metre freestyle relay,N. Ffrost,Swimming at the 2004 Summer Olympics – Men's 4 × 200 metre freestyle relay,D. Izotov,Swimming at the 2012 Summer Olympics – Men's 4 × 200 metre freestyle relay
Swimming at the 2008 Summer Olympics – Men's 4 × 100 metre medley relay,J. Miyashita,Swimming at the 2004 Summer Olympics – Men's 4 × 100 metre medley relay,E. Sullivan,Swimming at the 2012 Summer Olympics – Men's 4 × 100 metre medley relay
Swimming at the 2008 Summer Olympics – Men's 4 × 100 metre freestyle relay,E. Sullivan,Swimming at the 2004 Summer Olympics – Men's 4 × 100 metre freestyle relay,B. Steimetz,Swimming at the 2012 Summer Olympics – Men's 4 × 100 metre freestyle relay
Swimming at the 2008 Summer Olympics – Men's 400 metre individual medley,R. Lochte,Swimming at the 2004 Summer Olympics – Men's 400 metre individual medley,L. Cseh,Swimming at the 2012 Summer Olympics – Men's 400 metre individual medley
Swimming at the 2008 Summer Olympics – Men's 400 metre freestyle,L. Jensen,Swimming at the 2004 Summer Olympics – Men's 400 metre freestyle,Z. Lin,Swimming at the 2012 Summer Olympics – Men's 400 metre freestyle
Swimming at the 2008 Summer Olympics – Men's 200 metre individual medley,R. Lochte,Swimming at the 2004 Summer Olympics – Men's 200 metre individual medley,L. Cseh,Swimming at the 2012 Summer Olympics – Men's 200 metre individual medley
Swimming at the 2008 Summer Olympics – Men's 200 metre freestyle,P. Vanderkaay,Swimming at the 2004 Summer Olympics – Men's 200 metre freestyle,P. Tae-Hwan,Swimming at the 2012 Summer Olympics – Men's 200 metre freestyle
Swimming at the 2008 Summer Olympics – Men's 200 metre butterfly,T. Matsuda,Swimming at the 2004 Summer Olympics – Men's 200 metre butterfly,L. Cseh,Swimming at the 2012 Summer Olympics – Men's 200 metre butterfly
Swimming at the 2008 Summer Olympics – Men's 200 metre breaststroke,H. Duboscq,Swimming at the 2004 Summer Olympics – Men's 200 metre breaststroke,B. Rickard,Swimming at the 2012 Summer Olympics – Men's 200 metre breaststroke
Swimming at the 2008 Summer Olympics – Men's 200 metre backstroke,A. Vyatchanin,Swimming at the 2004 Summer Olympics – Men's 200 metre backstroke,A. Peirsol,Swimming at the 2012 Summer Olympics – Men's 200 metre backstroke
Swimming at the 2008 Summer Olympics – Men's 1500 metre freestyle,R. Cochrane,Swimming at the 2004 Summer Olympics – Men's 1500 metre freestyle,G. Hackett,Swimming at the 2012 Summer Olympics – Men's 1500 metre freestyle
Swimming at the 2008 Summer Olympics – Men's 100 metre freestyle,C. Cielo,Swimming at the 2004 Summer Olympics – Men's 100 metre freestyle,E. Sullivan,Swimming at the 2012 Summer Olympics – Men's 100 metre freestyle
Swimming at the 2008 Summer Olympics – Men's 100 metre butterfly,A. Lauterstein,Swimming at the 2004 Summer Olympics – Men's 100 metre butterfly,M. Čavić,Swimming at the 2012 Summer Olympics – Men's 100 metre butterfly
Swimming at the 2008 Summer Olympics – Men's 100 metre breaststroke,H. Duboscq,Swimming at the 2004 Summer Olympics – Men's 100 metre breaststroke,A. D. Oen,Swimming at the 2012 Summer Olympics – Men's 100 metre breaststroke
Swimming at the 2008 Summer Olympics – Men's 100 metre backstroke,H. Stoeckel,Swimming at the 2004 Summer Olympics – Men's 100 metre backstroke,M. Grevers,Swimming at the 2012 Summer Olympics – Men's 100 metre backstroke
Swimming at the 2004 Summer Olympics – Women's 800 metre freestyle,D. Munz,Swimming at the 2000 Summer Olympics – Women's 800 metre freestyle,L. Manaudou,Swimming at the 2008 Summer Olympics – Women's 800 metre freestyle
Swimming at the 2004 Summer Olympics – Women's 50 metre freestyle,L. Lenton,Swimming at the 2000 Summer Olympics – Women's 50 metre freestyle,M. Metella,Swimming at the 2008 Summer Olympics – Women's 50 metre freestyle
Swimming at the 2004 Summer Olympics – Women's 4 × 200 metre freestyle relay,P. Dallmann,Swimming at the 2000 Summer Olympics – Women's 4 × 200 metre freestyle relay,Z. Yingwen,Swimming at the 2008 Summer Olympics – Women's 4 × 200 metre freestyle relay
Swimming at the 2004 Summer Olympics – Women's 4 × 100 metre medley relay,F. v. Almsick,Swimming at the 2000 Summer Olympics – Women's 4 × 100 metre medley relay,N. Coughlin,Swimming at the 2008 Summer Olympics – Women's 4 × 100 metre medley relay
Swimming at the 2004 Summer Olympics – Women's 4 × 100 metre freestyle relay,C. Groot,Swimming at the 2000 Summer Olympics – Women's 4 × 100 metre freestyle relay,N. Coughlin,Swimming at the 2008 Summer Olympics – Women's 4 × 100 metre freestyle relay
Swimming at the 2004 Summer Olympics – Women's 400 metre individual medley,G. Bardach,Swimming at the 2000 Summer Olympics – Women's 400 metre individual medley,K. Sandeno,Swimming at the 2008 Summer Olympics – Women's 400 metre individual medley
Swimming at the 2004 Summer Olympics – Women's 400 metre freestyle,K. Sandeno,Swimming at the 2000 Summer Olympics – Women's 400 metre freestyle,O. Jędrzejczak,Swimming at the 2008 Summer Olympics – Women's 400 metre freestyle
Swimming at the 2004 Summer Olympics – Women's 200 metre individual medley,K. Coventry,Swimming at the 2000 Summer Olympics – Women's 200 metre individual medley,A. Beard,Swimming at the 2008 Summer Olympics – Women's 200 metre individual medley
Swimming at the 2004 Summer Olympics – Women's 200 metre freestyle,S. Figuès,Swimming at the 2000 Summer Olympics – Women's 200 metre freestyle,F. Pellegrini,Swimming at the 2008 Summer Olympics – Women's 200 metre freestyle
Swimming at the 2004 Summer Olympics – Women's 200 metre butterfly,Y. Nakanishi,Swimming at the 2000 Summer Olympics – Women's 200 metre butterfly,P. Thomas,Swimming at the 2008 Summer Olympics – Women's 200 metre butterfly
Swimming at the 2004 Summer Olympics – Women's 200 metre breaststroke,A. Poleska,Swimming at the 2000 Summer Olympics – Women's 200 metre breaststroke,L. Jones,Swimming at the 2008 Summer Olympics – Women's 200 metre breaststroke
Swimming at the 2004 Summer Olympics – Women's 200 metre backstroke,R. Nakamura,Swimming at the 2000 Summer Olympics – Women's 200 metre backstroke,S. Komarova,Swimming at the 2008 Summer Olympics – Women's 200 metre backstroke
Swimming at the 2004 Summer Olympics – Women's 100 metre freestyle,N. Coughlin,Swimming at the 2000 Summer Olympics – Women's 100 metre freestyle,I. d. Bruijn,Swimming at the 2008 Summer Olympics – Women's 100 metre freestyle
Swimming at the 2004 Summer Olympics – Women's 100 metre butterfly,I. d. Bruijn,Swimming at the 2000 Summer Olympics – Women's 100 metre butterfly,O. Jędrzejczak,Swimming at the 2008 Summer Olympics – Women's 100 metre butterfly
Swimming at the 2004 Summer Olympics – Women's 100 metre breaststroke,L. Jones,Swimming at the 2000 Summer Olympics – Women's 100 metre breaststroke,B. Hanson,Swimming at the 2008 Summer Olympics – Women's 100 metre breaststroke
Swimming at the 2004 Summer Olympics – Women's 100 metre backstroke,L. Manaudou,Swimming at the 2000 Summer Olympics – Women's 100 metre backstroke,K. Coventry,Swimming at the 2008 Summer Olympics – Women's 100 metre backstroke
Swimming at the 2004 Summer Olympics – Men's 50 metre freestyle,R. M. Schoeman,Swimming at the 2000 Summer Olympics – Men's 50 metre freestyle,D. Draganja,Swimming at the 2008 Summer Olympics – Men's 50 metre freestyle
Swimming at the 2004 Summer Olympics – Men's 4 × 200 metre freestyle relay,E. Brembilla,Swimming at the 2000 Summer Olympics – Men's 4 × 200 metre freestyle relay,M. Klim,Swimming at the 2008 Summer Olympics – Men's 4 × 200 metre freestyle relay
Swimming at the 2004 Summer Olympics – Men's 4 × 100 metre medley relay,K. Kitajima,Swimming at the 2000 Summer Olympics – Men's 4 × 100 metre medley relay,J. Kruppa,Swimming at the 2008 Summer Olympics – Men's 4 × 100 metre medley relay
Swimming at the 2004 Summer Olympics – Men's 4 × 100 metre freestyle relay,M. Phelps,Swimming at the 2000 Summer Olympics – Men's 4 × 100 metre freestyle relay,K. Zwering,Swimming at the 2008 Summer Olympics – Men's 4 × 100 metre freestyle relay
Swimming at the 2004 Summer Olympics – Men's 400 metre individual medley,L. Cseh,Swimming at the 2000 Summer Olympics – Men's 400 metre individual medley,E. Vendt,Swimming at the 2008 Summer Olympics – Men's 400 metre individual medley
Swimming at the 2004 Summer Olympics – Men's 400 metre freestyle,K. Keller,Swimming at the 2000 Summer Olympics – Men's 400 metre freestyle,G. Hackett,Swimming at the 2008 Summer Olympics – Men's 400 metre freestyle
Swimming at the 2004 Summer Olympics – Men's 200 metre individual medley,G. Bovell,Swimming at the 2000 Summer Olympics – Men's 200 metre individual medley,R. Lochte,Swimming at the 2008 Summer Olympics – Men's 200 metre individual medley
Swimming at the 2004 Summer Olympics – Men's 200 metre freestyle,M. Phelps,Swimming at the 2000 Summer Olympics – Men's 200 metre freestyle,Pieter van den Hoogenband,Swimming at the 2008 Summer Olympics – Men's 200 metre freestyle
Swimming at the 2004 Summer Olympics – Men's 200 metre butterfly,S. Parry,Swimming at the 2000 Summer Olympics – Men's 200 metre butterfly,T. Yamamoto,Swimming at the 2008 Summer Olympics – Men's 200 metre butterfly
Swimming at the 2004 Summer Olympics – Men's 200 metre breaststroke,B. Hansen,Swimming at the 2000 Summer Olympics – Men's 200 metre breaststroke,D. Gyurta,Swimming at the 2008 Summer Olympics – Men's 200 metre breaststroke
Swimming at the 2004 Summer Olympics – Men's 200 metre backstroke,R. Florea,Swimming at the 2000 Summer Olympics – Men's 200 metre backstroke,M. Rogan,Swimming at the 2008 Summer Olympics – Men's 200 metre backstroke
Swimming at the 2004 Summer Olympics – Men's 1500 metre freestyle,D. Davies,Swimming at the 2000 Summer Olympics – Men's 1500 metre freestyle,L. Jensen,Swimming at the 2008 Summer Olympics – Men's 1500 metre freestyle
Swimming at the 2004 Summer Olympics – Men's 100 metre freestyle,I. Thorpe,Swimming at the 2000 Summer Olympics – Men's 100 metre freestyle,R. M. Schoeman,Swimming at the 2008 Summer Olympics – Men's 100 metre freestyle
Swimming at the 2004 Summer Olympics – Men's 100 metre butterfly,A. Serdinov,Swimming at the 2000 Summer Olympics – Men's 100 metre butterfly,I. Crocker,Swimming at the 2008 Summer Olympics – Men's 100 metre butterfly
Swimming at the 2004 Summer Olympics – Men's 100 metre breaststroke,H. Duboscq,Swimming at the 2000 Summer Olympics – Men's 100 metre breaststroke,B. Hansen,Swimming at the 2008 Summer Olympics – Men's 100 metre breaststroke
Swimming at the 2004 Summer Olympics – Men's 100 metre backstroke,T. Morita,Swimming at the 2000 Summer Olympics – Men's 100 metre backstroke,M. Rogan,Swimming at the 2008 Summer Olympics – Men's 100 metre backstroke
Swimming at the 2004 Summer Olympics – Women's 800 metre freestyle,D. Munz,Swimming at the 2000 Summer Olympics – Women's 800 metre freestyle,L. Manaudou,Swimming at the 2008 Summer Olympics – Women's 800 metre freestyle
Swimming at the 2004 Summer Olympics – Women's 50 metre freestyle,L. Lenton,Swimming at the 2000 Summer Olympics – Women's 50 metre freestyle,M. Metella,Swimming at the 2008 Summer Olympics – Women's 50 metre freestyle
Swimming at the 2004 Summer Olympics – Women's 4 × 200 metre freestyle relay,F. v. Almsick,Swimming at the 2000 Summer Olympics – Women's 4 × 200 metre freestyle relay,Y. Yu,Swimming at the 2008 Summer Olympics – Women's 4 × 200 metre freestyle relay
Swimming at the 2004 Summer Olympics – Women's 4 × 100 metre medley relay,D. Götz,Swimming at the 2000 Summer Olympics – Women's 4 × 100 metre medley relay,J. Thompson,Swimming at the 2008 Summer Olympics – Women's 4 × 100 metre medley relay
Swimming at the 2004 Summer Olympics – Women's 4 × 100 metre freestyle relay,C. Groot,Swimming at the 2000 Summer Olympics – Women's 4 × 100 metre freestyle relay,M. Correia,Swimming at the 2008 Summer Olympics – Women's 4 × 100 metre freestyle relay
Swimming at the 2004 Summer Olympics – Women's 400 metre individual medley,G. Bardach,Swimming at the 2000 Summer Olympics – Women's 400 metre individual medley,K. Sandeno,Swimming at the 2008 Summer Olympics – Women's 400 metre individual medley
Swimming at the 2004 Summer Olympics – Women's 400 metre freestyle,K. Sandeno,Swimming at the 2000 Summer Olympics – Women's 400 metre freestyle,O. Jędrzejczak,Swimming at the 2008 Summer Olympics – Women's 400 metre freestyle
Swimming at the 2004 Summer Olympics – Women's 200 metre individual medley,K. Coventry,Swimming at the 2000 Summer Olympics – Women's 200 metre individual medley,A. Beard,Swimming at the 2008 Summer Olympics – Women's 200 metre individual medley
Swimming at the 2004 Summer Olympics – Women's 200 metre freestyle,S. Figuès,Swimming at the 2000 Summer Olympics – Women's 200 metre freestyle,F. Pellegrini,Swimming at the 2008 Summer Olympics – Women's 200 metre freestyle
Swimming at the 2004 Summer Olympics – Women's 200 metre butterfly,Y. Nakanishi,Swimming at the 2000 Summer Olympics – Women's 200 metre butterfly,P. Thomas,Swimming at the 2008 Summer Olympics – Women's 200 metre butterfly
Swimming at the 2004 Summer Olympics – Women's 200 metre breaststroke,A. Poleska,Swimming at the 2000 Summer Olympics – Women's 200 metre breaststroke,L. Jones,Swimming at the 2008 Summer Olympics – Women's 200 metre breaststroke
Swimming at the 2004 Summer Olympics – Women's 200 metre backstroke,R. Nakamura,Swimming at the 2000 Summer Olympics – Women's 200 metre backstroke,S. Komarova,Swimming at the 2008 Summer Olympics – Women's 200 metre backstroke
Swimming at the 2004 Summer Olympics – Women's 100 metre freestyle,N. Coughlin,Swimming at the 2000 Summer Olympics – Women's 100 metre freestyle,I. d. Bruijn,Swimming at the 2008 Summer Olympics – Women's 100 metre freestyle
Swimming at the 2004 Summer Olympics – Women's 100 metre butterfly,I. d. Bruijn,Swimming at the 2000 Summer Olympics – Women's 100 metre butterfly,O. Jędrzejczak,Swimming at the 2008 Summer Olympics – Women's 100 metre butterfly
Swimming at the 2004 Summer Olympics – Women's 100 metre breaststroke,L. Jones,Swimming at the 2000 Summer Olympics – Women's 100 metre breaststroke,B. Hanson,Swimming at the 2008 Summer Olympics – Women's 100 metre breaststroke
Swimming at the 2004 Summer Olympics – Women's 100 metre backstroke,L. Manaudou,Swimming at the 2000 Summer Olympics – Women's 100 metre backstroke,K. Coventry,Swimming at the 2008 Summer Olympics – Women's 100 metre backstroke
Swimming at the 2004 Summer Olympics – Men's 50 metre freestyle,R. M. Schoeman,Swimming at the 2000 Summer Olympics – Men's 50 metre freestyle,D. Draganja,Swimming at the 2008 Summer Olympics – Men's 50 metre freestyle
Swimming at the 2004 Summer Olympics – Men's 4 × 200 metre freestyle relay,M. Pelliciari,Swimming at the 2000 Summer Olympics – Men's 4 × 200 metre freestyle relay,T. Pearson,Swimming at the 2008 Summer Olympics – Men's 4 × 200 metre freestyle relay
Swimming at the 2004 Summer Olympics – Men's 4 × 100 metre medley relay,K. Kitajima,Swimming at the 2000 Summer Olympics – Men's 4 × 100 metre medley relay,J. Kruppa,Swimming at the 2008 Summer Olympics – Men's 4 × 100 metre medley relay
Swimming at the 2004 Summer Olympics – Men's 4 × 100 metre freestyle relay,M. Phelps,Swimming at the 2000 Summer Olympics – Men's 4 × 100 metre freestyle relay,K. Zwering,Swimming at the 2008 Summer Olympics – Men's 4 × 100 metre freestyle relay
Swimming at the 2004 Summer Olympics – Men's 400 metre individual medley,L. Cseh,Swimming at the 2000 Summer Olympics – Men's 400 metre individual medley,E. Vendt,Swimming at the 2008 Summer Olympics – Men's 400 metre individual medley
Swimming at the 2004 Summer Olympics – Men's 400 metre freestyle,K. Keller,Swimming at the 2000 Summer Olympics – Men's 400 metre freestyle,G. Hackett,Swimming at the 2008 Summer Olympics – Men's 400 metre freestyle
Swimming at the 2004 Summer Olympics – Men's 200 metre individual medley,G. Bovell,Swimming at the 2000 Summer Olympics – Men's 200 metre individual medley,R. Lochte,Swimming at the 2008 Summer Olympics – Men's 200 metre individual medley
Swimming at the 2004 Summer Olympics – Men's 200 metre freestyle,M. Phelps,Swimming at the 2000 Summer Olympics – Men's 200 metre freestyle,Pieter van den Hoogenband,Swimming at the 2008 Summer Olympics – Men's 200 metre freestyle
Swimming at the 2004 Summer Olympics – Men's 200 metre butterfly,S. Parry,Swimming at the 2000 Summer Olympics – Men's 200 metre butterfly,T. Yamamoto,Swimming at the 2008 Summer Olympics – Men's 200 metre butterfly
Swimming at the 2004 Summer Olympics – Men's 200 metre breaststroke,B. Hansen,Swimming at the 2000 Summer Olympics – Men's 200 metre breaststroke,D. Gyurta,Swimming at the 2008 Summer Olympics – Men's 200 metre breaststroke
Swimming at the 2004 Summer Olympics – Men's 200 metre backstroke,R. Florea,Swimming at the 2000 Summer Olympics – Men's 200 metre backstroke,M. Rogan,Swimming at the 2008 Summer Olympics – Men's 200 metre backstroke
Swimming at the 2004 Summer Olympics – Men's 1500 metre freestyle,D. Davies,Swimming at the 2000 Summer Olympics – Men's 1500 metre freestyle,L. Jensen,Swimming at the 2008 Summer Olympics – Men's 1500 metre freestyle
Swimming at the 2004 Summer Olympics – Men's 100 metre freestyle,I. Thorpe,Swimming at the 2000 Summer Olympics – Men's 100 metre freestyle,R. M. Schoeman,Swimming at the 2008 Summer Olympics – Men's 100 metre freestyle
Swimming at the 2004 Summer Olympics – Men's 100 metre butterfly,A. Serdinov,Swimming at the 2000 Summer Olympics – Men's 100 metre butterfly,I. Crocker,Swimming at the 2008 Summer Olympics – Men's 100 metre butterfly
Swimming at the 2004 Summer Olympics – Men's 100 metre breaststroke,H. Duboscq,Swimming at the 2000 Summer Olympics – Men's 100 metre breaststroke,B. Hansen,Swimming at the 2008 Summer Olympics – Men's 100 metre breaststroke
Swimming at the 2004 Summer Olympics – Men's 100 metre backstroke,T. Morita,Swimming at the 2000 Summer Olympics – Men's 100 metre backstroke,M. Rogan,Swimming at the 2008 Summer Olympics – Men's 100 metre backstroke
Swimming at the 2000 Summer Olympics – Women's 800 metre freestyle,K. Sandeno,Swimming at the 1996 Summer Olympics - Women's 800 metre freestyle,Y. Klochkova,Swimming at the 2004 Summer Olympics – Women's 800 metre freestyle
Swimming at the 2000 Summer Olympics – Women's 50 metre freestyle,D. Torres,Swimming at the 1996 Summer Olympics – Women's 50 metre freestyle,T. Alshammar,Swimming at the 2004 Summer Olympics – Women's 50 metre freestyle
Swimming at the 2000 Summer Olympics – Women's 4 × 200 metre freestyle relay,F. v. Almsick,Swimming at the 1996 Summer Olympics – Women's 4 × 200 metre freestyle relay,P. Thomas,Swimming at the 2004 Summer Olympics – Women's 4 × 200 metre freestyle relay
Swimming at the 2000 Summer Olympics – Women's 4 × 100 metre medley relay,M. Nakamura,Swimming at the 1996 Summer Olympics – Women's 4 × 100 metre medley relay,P. Thomas,Swimming at the 2004 Summer Olympics – Women's 4 × 100 metre medley relay
Swimming at the 2000 Summer Olympics – Women's 4 × 100 metre freestyle relay,A. Kammerling,Swimming at the 1996 Summer Olympics – Women's 4 × 100 metre freestyle relay,I. d. Bruijn,Swimming at the 2004 Summer Olympics – Women's 4 × 100 metre freestyle relay
Swimming at the 2000 Summer Olympics – Women's 400 metre individual medley,B. Câșlaru,Swimming at the 1996 Summer Olympics – Women's 400 metre individual medley,Y. Tajima,Swimming at the 2004 Summer Olympics – Women's 400 metre individual medley
Swimming at the 2000 Summer Olympics – Women's 400 metre freestyle,C. Poll,Swimming at the 1996 Summer Olympics – Women's 400 metre freestyle,D. Munz,Swimming at the 2004 Summer Olympics – Women's 400 metre freestyle
Swimming at the 2000 Summer Olympics – Women's 200 metre individual medley,C. Teuscher,Swimming at the 1996 Summer Olympics – Women's 200 metre individual medley,B. Câșlaru,Swimming at the 2004 Summer Olympics – Women's 200 metre individual medley
Swimming at the 2000 Summer Olympics – Women's 200 metre freestyle,C. Poll,Swimming at the 1996 Summer Olympics – Women's 200 metre freestyle,M. Moravcová,Swimming at the 2004 Summer Olympics – Women's 200 metre freestyle
Swimming at the 2000 Summer Olympics – Women's 200 metre butterfly,P. Thomas,Swimming at the 1996 Summer Olympics – Women's 200 metre butterfly,S. O'Neill,Swimming at the 2004 Summer Olympics – Women's 200 metre butterfly
Swimming at the 2000 Summer Olympics – Women's 200 metre breaststroke,A. Beard,Swimming at the 1996 Summer Olympics – Women's 200 metre breaststroke,K. Kowal,Swimming at the 2004 Summer Olympics – Women's 200 metre breaststroke
Swimming at the 2000 Summer Olympics – Women's 200 metre backstroke,M. Nakao,Swimming at the 1996 Summer Olympics – Women's 200 metre backstroke,R. Maracineanu,Swimming at the 2004 Summer Olympics – Women's 200 metre backstroke
Swimming at the 2000 Summer Olympics – Women's 100 metre freestyle,J. Thompson,Swimming at the 1996 Summer Olympics – Women's 100 metre freestyle,T. Alshammar,Swimming at the 2004 Summer Olympics – Women's 100 metre freestyle
Swimming at the 2000 Summer Olympics – Women's 100 metre butterfly,D. Torres,Swimming at the 1996 Summer Olympics – Women's 100 metre butterfly,M. Moravcová,Swimming at the 2004 Summer Olympics – Women's 100 metre butterfly
Swimming at the 2000 Summer Olympics – Women's 100 metre breaststroke,P. Heyns,Swimming at the 1996 Summer Olympics – Women's 100 metre breaststroke,L. Jones,Swimming at the 2004 Summer Olympics – Women's 100 metre breaststroke
Swimming at the 2000 Summer Olympics – Women's 100 metre backstroke,N. Zhivanevskaya,Swimming at the 1996 Summer Olympics – Women's 100 metre backstroke,M. Nakamura,Swimming at the 2004 Summer Olympics – Women's 100 metre backstroke
Swimming at the 2000 Summer Olympics – Men's 4 × 200 metre freestyle relay,Pieter van den Hoogenband,Swimming at the 1996 Summer Olympics – Men's 4 × 200 metre freestyle relay,J. Davis,Swimming at the 2004 Summer Olympics – Men's 4 × 200 metre freestyle relay
Swimming at the 2000 Summer Olympics – Men's 4 × 100 metre medley relay,J. Kruppa,Swimming at the 1996 Summer Olympics – Men's 4 × 100 metre medley relay,M. Klim,Swimming at the 2004 Summer Olympics – Men's 4 × 100 metre medley relay
Swimming at the 2000 Summer Olympics – Men's 4 × 100 metre freestyle relay,F. Scherer,Swimming at the 1996 Summer Olympics – Men's 4 × 100 metre freestyle relay,G. H. Jr.,Swimming at the 2004 Summer Olympics – Men's 4 × 100 metre freestyle relay
Swimming at the 2000 Summer Olympics – Men's 400 metre individual medley,C. Myden,Swimming at the 1996 Summer Olympics – Men's 400 metre individual medley,E. Vendt,Swimming at the 2004 Summer Olympics – Men's 400 metre individual medley
Swimming at the 2000 Summer Olympics – Men's 400 metre freestyle,K. Keller,Swimming at the 1996 Summer Olympics – Men's 400 metre freestyle,M. Rosolino,Swimming at the 2004 Summer Olympics – Men's 400 metre freestyle
Swimming at the 2000 Summer Olympics – Men's 200 metre individual medley,T. Wilkens,Swimming at the 1996 Summer Olympics – Men's 200 metre individual medley,T. Dolan,Swimming at the 2004 Summer Olympics – Men's 200 metre individual medley
Swimming at the 2000 Summer Olympics – Men's 200 metre freestyle,M. Rosolino,Swimming at the 1996 Summer Olympics – Men's 200 metre freestyle,I. Thorpe,Swimming at the 2004 Summer Olympics – Men's 200 metre freestyle
Swimming at the 2000 Summer Olympics – Men's 200 metre butterfly,J. Norris,Swimming at the 1996 Summer Olympics – Men's 200 metre butterfly,D. Sylantyev,Swimming at the 2004 Summer Olympics – Men's 200 metre butterfly
Swimming at the 2000 Summer Olympics – Men's 200 metre breaststroke,D. Rummolo,Swimming at the 1996 Summer Olympics – Men's 200 metre breaststroke,T. Parkin,Swimming at the 2004 Summer Olympics – Men's 200 metre breaststroke
Swimming at the 2000 Summer Olympics – Men's 200 metre backstroke,M. Welsh,Swimming at the 1996 Summer Olympics – Men's 200 metre backstroke,A. Peirsol,Swimming at the 2004 Summer Olympics – Men's 200 metre backstroke
Swimming at the 2000 Summer Olympics – Men's 1500 metre freestyle,C. Thompson,Swimming at the 1996 Summer Olympics – Men's 1500 metre freestyle,K. Perkins,Swimming at the 2004 Summer Olympics – Men's 1500 metre freestyle
Swimming at the 2000 Summer Olympics – Men's 100 metre freestyle,G. H. Jr.,Swimming at the 1996 Summer Olympics – Men's 100 metre freestyle,A. Popov,Swimming at the 2004 Summer Olympics – Men's 100 metre freestyle
Swimming at the 2000 Summer Olympics – Men's 100 metre butterfly,G. Huegill,Swimming at the 1996 Summer Olympics – Men's 100 metre butterfly,M. Klim,Swimming at the 2004 Summer Olympics – Men's 100 metre butterfly
Swimming at the 2000 Summer Olympics – Men's 100 metre breaststroke,R. Sloudnov,Swimming at the 1996 Summer Olympics – Men's 100 metre breaststroke,E. Moses,Swimming at the 2004 Summer Olympics – Men's 100 metre breaststroke
Swimming at the 2000 Summer Olympics – Men's 100 metre backstroke,S. Theloke,Swimming at the 1996 Summer Olympics – Men's 100 metre backstroke,M. Welsh,Swimming at the 2004 Summer Olympics – Men's 100 metre backstroke
Swimming at the 2000 Summer Olympics – Women's 800 metre freestyle,K. Sandeno,Swimming at the 1996 Summer Olympics - Women's 800 metre freestyle,Y. Klochkova,Swimming at the 2004 Summer Olympics – Women's 800 metre freestyle
Swimming at the 2000 Summer Olympics – Women's 50 metre freestyle,D. Torres,Swimming at the 1996 Summer Olympics – Women's 50 metre freestyle,T. Alshammar,Swimming at the 2004 Summer Olympics – Women's 50 metre freestyle
Swimming at the 2000 Summer Olympics – Women's 4 × 200 metre freestyle relay,F. v. Almsick,Swimming at the 1996 Summer Olympics – Women's 4 × 200 metre freestyle relay,P. Thomas,Swimming at the 2004 Summer Olympics – Women's 4 × 200 metre freestyle relay
Swimming at the 2000 Summer Olympics – Women's 4 × 100 metre medley relay,M. Tanaka,Swimming at the 1996 Summer Olympics – Women's 4 × 100 metre medley relay,P. Thomas,Swimming at the 2004 Summer Olympics – Women's 4 × 100 metre medley relay
Swimming at the 2000 Summer Olympics – Women's 4 × 100 metre freestyle relay,J. Sjöberg,Swimming at the 1996 Summer Olympics – Women's 4 × 100 metre freestyle relay,M. v. Rooijen,Swimming at the 2004 Summer Olympics – Women's 4 × 100 metre freestyle relay
Swimming at the 2000 Summer Olympics – Women's 400 metre individual medley,B. Câșlaru,Swimming at the 1996 Summer Olympics – Women's 400 metre individual medley,Y. Tajima,Swimming at the 2004 Summer Olympics – Women's 400 metre individual medley
Swimming at the 2000 Summer Olympics – Women's 400 metre freestyle,C. Poll,Swimming at the 1996 Summer Olympics – Women's 400 metre freestyle,D. Munz,Swimming at the 2004 Summer Olympics – Women's 400 metre freestyle
Swimming at the 2000 Summer Olympics – Women's 200 metre individual medley,C. Teuscher,Swimming at the 1996 Summer Olympics – Women's 200 metre individual medley,B. Câșlaru,Swimming at the 2004 Summer Olympics – Women's 200 metre individual medley
