col0,col1,col2,col3,col4
Swimming at the 2000 Summer Olympics – Women's 200 metre freestyle,C. Poll,Swimming at the 1996 Summer Olympics – Women's 200 metre freestyle,M. Moravcová,Swimming at the 2004 Summer Olympics – Women's 200 metre freestyle
Swimming at the 2000 Summer Olympics – Women's 200 metre butterfly,P. Thomas,Swimming at the 1996 Summer Olympics – Women's 200 metre butterfly,S. O'Neill,Swimming at the 2004 Summer Olympics – Women's 200 metre butterfly
Swimming at the 2000 Summer Olympics – Women's 200 metre breaststroke,A. Beard,Swimming at the 1996 Summer Olympics – Women's 200 metre breaststroke,K. Kowal,Swimming at the 2004 Summer Olympics – Women's 200 metre breaststroke
Swimming at the 2000 Summer Olympics – Women's 200 metre backstroke,M. Nakao,Swimming at the 1996 Summer Olympics – Women's 200 metre backstroke,R. Maracineanu,Swimming at the 2004 Summer Olympics – Women's 200 metre backstroke
Swimming at the 2000 Summer Olympics – Women's 100 metre freestyle,J. Thompson,Swimming at the 1996 Summer Olympics – Women's 100 metre freestyle,T. Alshammar,Swimming at the 2004 Summer Olympics – Women's 100 metre freestyle
Swimming at the 2000 Summer Olympics – Women's 100 metre butterfly,D. Torres,Swimming at the 1996 Summer Olympics – Women's 100 metre butterfly,M. Moravcová,Swimming at the 2004 Summer Olympics – Women's 100 metre butterfly
Swimming at the 2000 Summer Olympics – Women's 100 metre breaststroke,P. Heyns,Swimming at the 1996 Summer Olympics – Women's 100 metre breaststroke,L. Jones,Swimming at the 2004 Summer Olympics – Women's 100 metre breaststroke
Swimming at the 2000 Summer Olympics – Women's 100 metre backstroke,N. Zhivanevskaya,Swimming at the 1996 Summer Olympics – Women's 100 metre backstroke,M. Nakamura,Swimming at the 2004 Summer Olympics – Women's 100 metre backstroke
Swimming at the 2000 Summer Olympics – Men's 4 × 200 metre freestyle relay,M. Wouda,Swimming at the 1996 Summer Olympics – Men's 4 × 200 metre freestyle relay,N. Dusing,Swimming at the 2004 Summer Olympics – Men's 4 × 200 metre freestyle relay
Swimming at the 2000 Summer Olympics – Men's 4 × 100 metre medley relay,J. Kruppa,Swimming at the 1996 Summer Olympics – Men's 4 × 100 metre medley relay,G. Huegill,Swimming at the 2004 Summer Olympics – Men's 4 × 100 metre medley relay
Swimming at the 2000 Summer Olympics – Men's 4 × 100 metre freestyle relay,E. S. Filho,Swimming at the 1996 Summer Olympics – Men's 4 × 100 metre freestyle relay,G. H. Jr.,Swimming at the 2004 Summer Olympics – Men's 4 × 100 metre freestyle relay
Swimming at the 2000 Summer Olympics – Men's 400 metre individual medley,C. Myden,Swimming at the 1996 Summer Olympics – Men's 400 metre individual medley,E. Vendt,Swimming at the 2004 Summer Olympics – Men's 400 metre individual medley
Swimming at the 2000 Summer Olympics – Men's 400 metre freestyle,K. Keller,Swimming at the 1996 Summer Olympics – Men's 400 metre freestyle,M. Rosolino,Swimming at the 2004 Summer Olympics – Men's 400 metre freestyle
Swimming at the 2000 Summer Olympics – Men's 200 metre individual medley,T. Wilkens,Swimming at the 1996 Summer Olympics – Men's 200 metre individual medley,T. Dolan,Swimming at the 2004 Summer Olympics – Men's 200 metre individual medley
Swimming at the 2000 Summer Olympics – Men's 200 metre freestyle,M. Rosolino,Swimming at the 1996 Summer Olympics – Men's 200 metre freestyle,I. Thorpe,Swimming at the 2004 Summer Olympics – Men's 200 metre freestyle
Swimming at the 2000 Summer Olympics – Men's 200 metre butterfly,J. Norris,Swimming at the 1996 Summer Olympics – Men's 200 metre butterfly,D. Sylantyev,Swimming at the 2004 Summer Olympics – Men's 200 metre butterfly
Swimming at the 2000 Summer Olympics – Men's 200 metre breaststroke,D. Rummolo,Swimming at the 1996 Summer Olympics – Men's 200 metre breaststroke,T. Parkin,Swimming at the 2004 Summer Olympics – Men's 200 metre breaststroke
Swimming at the 2000 Summer Olympics – Men's 200 metre backstroke,M. Welsh,Swimming at the 1996 Summer Olympics – Men's 200 metre backstroke,A. Peirsol,Swimming at the 2004 Summer Olympics – Men's 200 metre backstroke
Swimming at the 2000 Summer Olympics – Men's 1500 metre freestyle,C. Thompson,Swimming at the 1996 Summer Olympics – Men's 1500 metre freestyle,K. Perkins,Swimming at the 2004 Summer Olympics – Men's 1500 metre freestyle
Swimming at the 2000 Summer Olympics – Men's 100 metre freestyle,G. H. Jr.,Swimming at the 1996 Summer Olympics – Men's 100 metre freestyle,A. Popov,Swimming at the 2004 Summer Olympics – Men's 100 metre freestyle
Swimming at the 2000 Summer Olympics – Men's 100 metre butterfly,G. Huegill,Swimming at the 1996 Summer Olympics – Men's 100 metre butterfly,M. Klim,Swimming at the 2004 Summer Olympics – Men's 100 metre butterfly
Swimming at the 2000 Summer Olympics – Men's 100 metre breaststroke,R. Sloudnov,Swimming at the 1996 Summer Olympics – Men's 100 metre breaststroke,E. Moses,Swimming at the 2004 Summer Olympics – Men's 100 metre breaststroke
Swimming at the 2000 Summer Olympics – Men's 100 metre backstroke,S. Theloke,Swimming at the 1996 Summer Olympics – Men's 100 metre backstroke,M. Welsh,Swimming at the 2004 Summer Olympics – Men's 100 metre backstroke
Swimming at the 1996 Summer Olympics – Women's 800 metre freestyle,K. Vlieghuis,Swimming at the 1992 Summer Olympics - Women's 800 metre freestyle,D. Hase,Swimming at the 2000 Summer Olympics – Women's 800 metre freestyle
Swimming at the 1996 Summer Olympics – Women's 50 metre freestyle,S. Völker,Swimming at the 1992 Summer Olympics - Women's 50 metre freestyle,L. Jingyi,Swimming at the 2000 Summer Olympics – Women's 50 metre freestyle
Swimming at the 1996 Summer Olympics – Women's 4 × 100 metre medley relay,S. Ying,Swimming at the 1992 Summer Olympics - Men's 50 metre freestyle,A. Kennedy,Swimming at the 2000 Summer Olympics – Women's 4 × 100 metre medley relay
Swimming at the 1996 Summer Olympics – Women's 400 metre individual medley,K. Egerszegi,Swimming at the 1992 Summer Olympics - Women's 400 metre individual medley,A. Wagner,Swimming at the 2000 Summer Olympics – Women's 400 metre individual medley
Swimming at the 1996 Summer Olympics – Women's 400 metre freestyle,K. Vlieghuis,Swimming at the 1992 Summer Olympics - Women's 400 metre freestyle,D. Hase,Swimming at the 2000 Summer Olympics – Women's 400 metre freestyle
