col0,col1,col2,col3,col4
Veerappan,Muthulakshmi,"Papparapatti, Dharmapuri",1952-1-18,1952-1-18
T. Lewis,Murder,Greensville Correctional Center,1969-4-26,1969-4-26
S. Kid,E. Place,Bolivia,1867-1-1,1867-1-1
M. Bhutto,G. Bhutto,Karachi,1954-9-18,1954-9-18
L. Moran,J. Moran,"Brunswick, Victoria",1941-7-7,1941-7-7
J. Tafero,S. Jacobs,"Raiford, Florida",1946-10-12,1946-10-12
F. West,R. West,HM Prison Birmingham,1941-9-29,1941-9-29
E. Báthory,F. Nádasdy,Čachtice,1560-8-7,1560-8-7
B. Barrow,B. Barrow,"Perry, Iowa",1903-3-14,1903-3-14
B. Barrow,B. Barrow,Dallas,1911-1-1,1911-1-1
Arkan,Ceca,Belgrade,1952-4-17,1952-4-17
A. Coulibaly,H. Boumeddiene,Paris,1982-2-27,1982-2-27
