col0,col1,col2,col3,col4
"Speed skating at the 1968 Winter Olympics – Men's 10,000 metres",Ö. Sandler,"Speed skating at the 1964 Winter Olympics – Men's 10,000 metres",F. A. Maier,"Speed skating at the 1972 Winter Olympics – Men's 10,000 metres"
Speed skating at the 1968 Winter Olympics – Women's 3000 metres,S. Kaiser,Speed skating at the 1964 Winter Olympics – Women's 3000 metres,K. Mustonen,Speed skating at the 1972 Winter Olympics – Women's 3000 metres
Speed skating at the 1968 Winter Olympics – Women's 1500 metres,S. Kaiser,Speed skating at the 1964 Winter Olympics – Women's 1500 metres,C. Geijssen,Speed skating at the 1972 Winter Olympics – Women's 1500 metres
Speed skating at the 1968 Winter Olympics – Women's 1000 metres,D. Holum,Speed skating at the 1964 Winter Olympics – Women's 1000 metres,L. Titova,Speed skating at the 1972 Winter Olympics – Women's 1000 metres
Speed skating at the 1968 Winter Olympics – Men's 5000 metres,P. Nottet,Speed skating at the 1964 Winter Olympics – Men's 5000 metres,K. Verkerk,Speed skating at the 1972 Winter Olympics – Men's 5000 metres
"Speed skating at the 1968 Winter Olympics – Men's 10,000 metres",Ö. Sandler,"Speed skating at the 1964 Winter Olympics – Men's 10,000 metres",F. A. Maier,"Speed skating at the 1972 Winter Olympics – Men's 10,000 metres"
Speed skating at the 1964 Winter Olympics – Women's 500 metres,T. Sidorova,Speed skating at the 1960 Winter Olympics – Women's 500 metres,I. Yegorova,Speed skating at the 1968 Winter Olympics – Women's 500 metres
Speed skating at the 1964 Winter Olympics – Women's 1500 metres,B. Kolokoltseva,Speed skating at the 1960 Winter Olympics – Women's 1500 metres,K. Mustonen,Speed skating at the 1968 Winter Olympics – Women's 1500 metres
Speed skating at the 1964 Winter Olympics – Women's 1000 metres,K. Mustonen,Speed skating at the 1960 Winter Olympics – Women's 1000 metres,L. Titova,Speed skating at the 1968 Winter Olympics – Women's 1000 metres
Speed skating at the 1964 Winter Olympics – Men's 5000 metres,F. A. Maier,Speed skating at the 1960 Winter Olympics – Men's 5000 metres,P. I. Moe,Speed skating at the 1968 Winter Olympics – Men's 5000 metres
Speed skating at the 1964 Winter Olympics – Men's 1500 metres,V. Haugen,Speed skating at the 1960 Winter Olympics – Men's 1500 metres,K. Verkerk,Speed skating at the 1968 Winter Olympics – Men's 1500 metres
"Speed skating at the 1964 Winter Olympics – Men's 10,000 metres",K. Johannesen,"Speed skating at the 1960 Winter Olympics – Men's 10,000 metres",F. A. Maier,"Speed skating at the 1968 Winter Olympics – Men's 10,000 metres"
Speed skating at the 1964 Winter Olympics – Women's 500 metres,T. Sidorova,Speed skating at the 1960 Winter Olympics – Women's 500 metres,I. Yegorova,Speed skating at the 1968 Winter Olympics – Women's 500 metres
Speed skating at the 1964 Winter Olympics – Women's 1500 metres,B. Kolokoltseva,Speed skating at the 1960 Winter Olympics – Women's 1500 metres,K. Mustonen,Speed skating at the 1968 Winter Olympics – Women's 1500 metres
Speed skating at the 1964 Winter Olympics – Women's 1000 metres,K. Mustonen,Speed skating at the 1960 Winter Olympics – Women's 1000 metres,L. Titova,Speed skating at the 1968 Winter Olympics – Women's 1000 metres
Speed skating at the 1964 Winter Olympics – Men's 5000 metres,F. A. Maier,Speed skating at the 1960 Winter Olympics – Men's 5000 metres,P. I. Moe,Speed skating at the 1968 Winter Olympics – Men's 5000 metres
Speed skating at the 1964 Winter Olympics – Men's 1500 metres,V. Haugen,Speed skating at the 1960 Winter Olympics – Men's 1500 metres,K. Verkerk,Speed skating at the 1968 Winter Olympics – Men's 1500 metres
"Speed skating at the 1964 Winter Olympics – Men's 10,000 metres",K. Johannesen,"Speed skating at the 1960 Winter Olympics – Men's 10,000 metres",F. A. Maier,"Speed skating at the 1968 Winter Olympics – Men's 10,000 metres"
Speed skating at the 1960 Winter Olympics – Men's 500 metres,R. Grach,Speed skating at the 1956 Winter Olympics – Men's 500 metres,B. Disney,Speed skating at the 1964 Winter Olympics – Men's 500 metres
Speed skating at the 1960 Winter Olympics – Men's 5000 metres,J. Pesman,Speed skating at the 1956 Winter Olympics – Men's 5000 metres,K. Johannesen,Speed skating at the 1964 Winter Olympics – Men's 5000 metres
"Speed skating at the 1960 Winter Olympics – Men's 10,000 metres",K. Bäckman,"Speed skating at the 1956 Winter Olympics – Men's 10,000 metres",V. Kosichkin,"Speed skating at the 1964 Winter Olympics – Men's 10,000 metres"
Speed skating at the 1960 Winter Olympics – Men's 500 metres,R. Grach,Speed skating at the 1956 Winter Olympics – Men's 500 metres,B. Disney,Speed skating at the 1964 Winter Olympics – Men's 500 metres
Speed skating at the 1960 Winter Olympics – Men's 5000 metres,J. Pesman,Speed skating at the 1956 Winter Olympics – Men's 5000 metres,K. Johannesen,Speed skating at the 1964 Winter Olympics – Men's 5000 metres
"Speed skating at the 1960 Winter Olympics – Men's 10,000 metres",K. Bäckman,"Speed skating at the 1956 Winter Olympics – Men's 10,000 metres",V. Kosichkin,"Speed skating at the 1964 Winter Olympics – Men's 10,000 metres"
Speed skating at the 1956 Winter Olympics – Men's 500 metres,A. Gjestvang,Speed skating at the 1952 Winter Olympics – Men's 500 metres,R. Grach,Speed skating at the 1960 Winter Olympics – Men's 500 metres
Speed skating at the 1956 Winter Olympics – Men's 5000 metres,O. Goncharenko,Speed skating at the 1952 Winter Olympics – Men's 5000 metres,S. Ericsson,Speed skating at the 1960 Winter Olympics – Men's 5000 metres
"Speed skating at the 1956 Winter Olympics – Men's 10,000 metres",O. Goncharenko,"Speed skating at the 1952 Winter Olympics – Men's 10,000 metres",K. Johannesen,"Speed skating at the 1960 Winter Olympics – Men's 10,000 metres"
Speed skating at the 1956 Winter Olympics – Men's 500 metres,A. Gjestvang,Speed skating at the 1952 Winter Olympics – Men's 500 metres,R. Grach,Speed skating at the 1960 Winter Olympics – Men's 500 metres
Speed skating at the 1956 Winter Olympics – Men's 5000 metres,O. Goncharenko,Speed skating at the 1952 Winter Olympics – Men's 5000 metres,S. Ericsson,Speed skating at the 1960 Winter Olympics – Men's 5000 metres
"Speed skating at the 1956 Winter Olympics – Men's 10,000 metres",O. Goncharenko,"Speed skating at the 1952 Winter Olympics – Men's 10,000 metres",K. Johannesen,"Speed skating at the 1960 Winter Olympics – Men's 10,000 metres"
Speed skating at the 1952 Winter Olympics – Men's 500 metres,G. Audley,Speed skating at the 1948 Winter Olympics – Men's 500 metres,D. McDermott,Speed skating at the 1956 Winter Olympics – Men's 500 metres
Speed skating at the 1952 Winter Olympics – Men's 5000 metres,S. I. Haugli,Speed skating at the 1948 Winter Olympics – Men's 5000 metres,K. Broekman,Speed skating at the 1956 Winter Olympics – Men's 5000 metres
Speed skating at the 1952 Winter Olympics – Men's 1500 metres,R. Aas,Speed skating at the 1948 Winter Olympics – Men's 1500 metres,Wim van der Voort,Speed skating at the 1956 Winter Olympics – Men's 1500 metres
"Speed skating at the 1952 Winter Olympics – Men's 10,000 metres",C. Asplund,"Speed skating at the 1948 Winter Olympics – Men's 10,000 metres",K. Broekman,"Speed skating at the 1956 Winter Olympics – Men's 10,000 metres"
Speed skating at the 1952 Winter Olympics – Men's 500 metres,G. Audley,Speed skating at the 1948 Winter Olympics – Men's 500 metres,D. McDermott,Speed skating at the 1956 Winter Olympics – Men's 500 metres
Speed skating at the 1952 Winter Olympics – Men's 5000 metres,S. I. Haugli,Speed skating at the 1948 Winter Olympics – Men's 5000 metres,K. Broekman,Speed skating at the 1956 Winter Olympics – Men's 5000 metres
Speed skating at the 1952 Winter Olympics – Men's 1500 metres,R. Aas,Speed skating at the 1948 Winter Olympics – Men's 1500 metres,Wim van der Voort,Speed skating at the 1956 Winter Olympics – Men's 1500 metres
"Speed skating at the 1952 Winter Olympics – Men's 10,000 metres",C. Asplund,"Speed skating at the 1948 Winter Olympics – Men's 10,000 metres",K. Broekman,"Speed skating at the 1956 Winter Olympics – Men's 10,000 metres"
Speed skating at the 1948 Winter Olympics – Men's 5000 metres,G. Hedlund,Speed skating at the 1936 Winter Olympics – Men's 5000 metres,O. Lundberg,Speed skating at the 1952 Winter Olympics – Men's 5000 metres
Speed skating at the 1948 Winter Olympics – Men's 1500 metres,O. Lundberg,Speed skating at the 1936 Winter Olympics – Men's 1500 metres,Å. Seyffarth,Speed skating at the 1952 Winter Olympics – Men's 1500 metres
"Speed skating at the 1948 Winter Olympics – Men's 10,000 metres",P. Lammio,"Speed skating at the 1936 Winter Olympics – Men's 10,000 metres",L. Parkkinen,"Speed skating at the 1952 Winter Olympics – Men's 10,000 metres"
Speed skating at the 1948 Winter Olympics – Men's 5000 metres,G. Hedlund,Speed skating at the 1936 Winter Olympics – Men's 5000 metres,O. Lundberg,Speed skating at the 1952 Winter Olympics – Men's 5000 metres
Speed skating at the 1948 Winter Olympics – Men's 1500 metres,O. Lundberg,Speed skating at the 1936 Winter Olympics – Men's 1500 metres,Å. Seyffarth,Speed skating at the 1952 Winter Olympics – Men's 1500 metres
"Speed skating at the 1948 Winter Olympics – Men's 10,000 metres",P. Lammio,"Speed skating at the 1936 Winter Olympics – Men's 10,000 metres",L. Parkkinen,"Speed skating at the 1952 Winter Olympics – Men's 10,000 metres"
Speed skating at the 1936 Winter Olympics – Men's 500 metres,L. Freisinger,Speed skating at the 1932 Winter Olympics – Men's 500 metres,G. Krog,Speed skating at the 1948 Winter Olympics – Men's 500 metres
Speed skating at the 1936 Winter Olympics – Men's 5000 metres,A. Ojala,Speed skating at the 1932 Winter Olympics – Men's 5000 metres,B. Wasenius,Speed skating at the 1948 Winter Olympics – Men's 5000 metres
Speed skating at the 1936 Winter Olympics – Men's 1500 metres,B. Wasenius,Speed skating at the 1932 Winter Olympics – Men's 1500 metres,I. Ballangrud,Speed skating at the 1948 Winter Olympics – Men's 1500 metres
"Speed skating at the 1936 Winter Olympics – Men's 10,000 metres",M. Stiepl,"Speed skating at the 1932 Winter Olympics – Men's 10,000 metres",B. Wasenius,"Speed skating at the 1948 Winter Olympics – Men's 10,000 metres"
Speed skating at the 1936 Winter Olympics – Men's 500 metres,L. Freisinger,Speed skating at the 1932 Winter Olympics – Men's 500 metres,G. Krog,Speed skating at the 1948 Winter Olympics – Men's 500 metres
Speed skating at the 1936 Winter Olympics – Men's 5000 metres,A. Ojala,Speed skating at the 1932 Winter Olympics – Men's 5000 metres,B. Wasenius,Speed skating at the 1948 Winter Olympics – Men's 5000 metres
Speed skating at the 1936 Winter Olympics – Men's 1500 metres,B. Wasenius,Speed skating at the 1932 Winter Olympics – Men's 1500 metres,I. Ballangrud,Speed skating at the 1948 Winter Olympics – Men's 1500 metres
"Speed skating at the 1936 Winter Olympics – Men's 10,000 metres",M. Stiepl,"Speed skating at the 1932 Winter Olympics – Men's 10,000 metres",B. Wasenius,"Speed skating at the 1948 Winter Olympics – Men's 10,000 metres"
Speed skating at the 1932 Winter Olympics – Men's 500 metres,A. Hurd,Speed skating at the 1928 Winter Olympics – Men's 500 metres,B. Evensen,Speed skating at the 1936 Winter Olympics – Men's 500 metres
Speed skating at the 1932 Winter Olympics – Men's 5000 metres,W. Logan,Speed skating at the 1928 Winter Olympics – Men's 5000 metres,E. Murphy,Speed skating at the 1936 Winter Olympics – Men's 5000 metres
Speed skating at the 1932 Winter Olympics – Men's 1500 metres,W. Logan,Speed skating at the 1928 Winter Olympics – Men's 1500 metres,A. Hurd,Speed skating at the 1936 Winter Olympics – Men's 1500 metres
Speed skating at the 1932 Winter Olympics – Men's 500 metres,A. Hurd,Speed skating at the 1928 Winter Olympics – Men's 500 metres,B. Evensen,Speed skating at the 1936 Winter Olympics – Men's 500 metres
Speed skating at the 1932 Winter Olympics – Men's 5000 metres,W. Logan,Speed skating at the 1928 Winter Olympics – Men's 5000 metres,E. Murphy,Speed skating at the 1936 Winter Olympics – Men's 5000 metres
Speed skating at the 1932 Winter Olympics – Men's 1500 metres,W. Logan,Speed skating at the 1928 Winter Olympics – Men's 1500 metres,A. Hurd,Speed skating at the 1936 Winter Olympics – Men's 1500 metres
Speed skating at the 1928 Winter Olympics – Men's 5000 metres,B. Evensen,Speed skating at the 1924 Winter Olympics – Men's 5000 metres,J. Skutnabb,Speed skating at the 1932 Winter Olympics – Men's 5000 metres
Speed skating at the 1928 Winter Olympics – Men's 1500 metres,I. Ballangrud,Speed skating at the 1924 Winter Olympics – Men's 1500 metres,B. Evensen,Speed skating at the 1932 Winter Olympics – Men's 1500 metres
Speed skating at the 1928 Winter Olympics – Men's 5000 metres,B. Evensen,Speed skating at the 1924 Winter Olympics – Men's 5000 metres,J. Skutnabb,Speed skating at the 1932 Winter Olympics – Men's 5000 metres
Speed skating at the 1928 Winter Olympics – Men's 1500 metres,I. Ballangrud,Speed skating at the 1924 Winter Olympics – Men's 1500 metres,B. Evensen,Speed skating at the 1932 Winter Olympics – Men's 1500 metres
Snowboarding at the 2010 Winter Olympics – Women's snowboard cross,O. Nobs,Snowboarding at the 2006 Winter Olympics – Women's snowboard cross,D. Anthonioz,Snowboarding at the 2014 Winter Olympics – Women's snowboard cross
Snowboarding at the 2010 Winter Olympics – Women's parallel giant slalom,M. Kreiner,Snowboarding at the 2006 Winter Olympics – Women's parallel giant slalom,Y. Ilyukhina,Snowboarding at the 2014 Winter Olympics – Women's parallel giant slalom
Snowboarding at the 2010 Winter Olympics – Women's halfpipe,K. Clark,Snowboarding at the 2006 Winter Olympics – Women's halfpipe,H. Teter,Snowboarding at the 2014 Winter Olympics – Women's halfpipe
Snowboarding at the 2010 Winter Olympics – Men's snowboard cross,T. Ramoin,Snowboarding at the 2006 Winter Olympics – Men's snowboard cross,M. Robertson,Snowboarding at the 2014 Winter Olympics – Men's snowboard cross
Snowboarding at the 2010 Winter Olympics – Men's parallel giant slalom,M. Bozzetto,Snowboarding at the 2006 Winter Olympics – Men's parallel giant slalom,B. Karl,Snowboarding at the 2014 Winter Olympics – Men's parallel giant slalom
Snowboarding at the 2010 Winter Olympics – Men's halfpipe,S. Lago,Snowboarding at the 2006 Winter Olympics – Men's halfpipe,P. Piiroinen,Snowboarding at the 2014 Winter Olympics – Men's halfpipe
Snowboarding at the 2010 Winter Olympics – Women's snowboard cross,O. Nobs,Snowboarding at the 2006 Winter Olympics – Women's snowboard cross,D. Anthonioz,Snowboarding at the 2014 Winter Olympics – Women's snowboard cross
Snowboarding at the 2010 Winter Olympics – Women's parallel giant slalom,M. Kreiner,Snowboarding at the 2006 Winter Olympics – Women's parallel giant slalom,Y. Ilyukhina,Snowboarding at the 2014 Winter Olympics – Women's parallel giant slalom
Snowboarding at the 2010 Winter Olympics – Women's halfpipe,K. Clark,Snowboarding at the 2006 Winter Olympics – Women's halfpipe,H. Teter,Snowboarding at the 2014 Winter Olympics – Women's halfpipe
Snowboarding at the 2010 Winter Olympics – Men's snowboard cross,T. Ramoin,Snowboarding at the 2006 Winter Olympics – Men's snowboard cross,M. Robertson,Snowboarding at the 2014 Winter Olympics – Men's snowboard cross
Snowboarding at the 2010 Winter Olympics – Men's parallel giant slalom,M. Bozzetto,Snowboarding at the 2006 Winter Olympics – Men's parallel giant slalom,B. Karl,Snowboarding at the 2014 Winter Olympics – Men's parallel giant slalom
Snowboarding at the 2010 Winter Olympics – Men's halfpipe,S. Lago,Snowboarding at the 2006 Winter Olympics – Men's halfpipe,P. Piiroinen,Snowboarding at the 2014 Winter Olympics – Men's halfpipe
Snowboarding at the 2006 Winter Olympics – Women's parallel giant slalom,R. Fletcher,Snowboarding at the 2002 Winter Olympics – Women's parallel giant slalom,A. Kober,Snowboarding at the 2010 Winter Olympics – Women's parallel giant slalom
Snowboarding at the 2006 Winter Olympics – Women's halfpipe,K. Buaas,Snowboarding at the 2002 Winter Olympics – Women's halfpipe,G. Bleiler,Snowboarding at the 2010 Winter Olympics – Women's halfpipe
Snowboarding at the 2006 Winter Olympics – Men's parallel giant slalom,S. Grabner,Snowboarding at the 2002 Winter Olympics – Men's parallel giant slalom,S. Schoch,Snowboarding at the 2010 Winter Olympics – Men's parallel giant slalom
Snowboarding at the 2006 Winter Olympics – Men's halfpipe,M. Koski,Snowboarding at the 2002 Winter Olympics – Men's halfpipe,D. Kass,Snowboarding at the 2010 Winter Olympics – Men's halfpipe
Snowboarding at the 2006 Winter Olympics – Women's parallel giant slalom,R. Fletcher,Snowboarding at the 2002 Winter Olympics – Women's parallel giant slalom,A. Kober,Snowboarding at the 2010 Winter Olympics – Women's parallel giant slalom
Snowboarding at the 2006 Winter Olympics – Women's halfpipe,K. Buaas,Snowboarding at the 2002 Winter Olympics – Women's halfpipe,G. Bleiler,Snowboarding at the 2010 Winter Olympics – Women's halfpipe
Snowboarding at the 2006 Winter Olympics – Men's parallel giant slalom,S. Grabner,Snowboarding at the 2002 Winter Olympics – Men's parallel giant slalom,S. Schoch,Snowboarding at the 2010 Winter Olympics – Men's parallel giant slalom
Snowboarding at the 2006 Winter Olympics – Men's halfpipe,M. Koski,Snowboarding at the 2002 Winter Olympics – Men's halfpipe,D. Kass,Snowboarding at the 2010 Winter Olympics – Men's halfpipe
Snowboarding at the 2002 Winter Olympics – Men's halfpipe,J. Thomas,Snowboarding at the 1998 Winter Olympics – Men's halfpipe,D. Kass,Snowboarding at the 2006 Winter Olympics – Men's halfpipe
Ski jumping at the 2010 Winter Olympics – Large hill team,A. Bardal,Ski jumping at the 2006 Winter Olympics – Large hill team,M. Schmitt,Ski jumping at the 2014 Winter Olympics – Men's large hill team
Ski jumping at the 2010 Winter Olympics – Large hill individual,G. Schlierenzauer,Ski jumping at the 2006 Winter Olympics – Large hill individual,A. Małysz,Ski jumping at the 2014 Winter Olympics – Men's large hill individual
Ski jumping at the 2010 Winter Olympics – Large hill team,A. Jacobsen,Ski jumping at the 2006 Winter Olympics – Large hill team,M. Schmitt,Ski jumping at the 2014 Winter Olympics – Men's large hill team
Ski jumping at the 2010 Winter Olympics – Large hill individual,G. Schlierenzauer,Ski jumping at the 2006 Winter Olympics – Large hill individual,A. Małysz,Ski jumping at the 2014 Winter Olympics – Men's large hill individual
Ski jumping at the 2006 Winter Olympics – Normal hill individual,R. Ljøkelsøy,Ski jumping at the 2002 Winter Olympics – Normal hill individual,M. Hautamäki,Ski jumping at the 2010 Winter Olympics – Normal hill individual
Ski jumping at the 2006 Winter Olympics – Large hill team,B. E. Romøren,Ski jumping at the 2002 Winter Olympics – Large hill team,J. Ahonen,Ski jumping at the 2010 Winter Olympics – Large hill team
Ski jumping at the 2006 Winter Olympics – Large hill individual,L. Bystøl,Ski jumping at the 2002 Winter Olympics – Large hill individual,A. Kofler,Ski jumping at the 2010 Winter Olympics – Large hill individual
Ski jumping at the 2006 Winter Olympics – Normal hill individual,R. Ljøkelsøy,Ski jumping at the 2002 Winter Olympics – Normal hill individual,M. Hautamäki,Ski jumping at the 2010 Winter Olympics – Normal hill individual
Ski jumping at the 2006 Winter Olympics – Large hill team,B. E. Romøren,Ski jumping at the 2002 Winter Olympics – Large hill team,J. Ahonen,Ski jumping at the 2010 Winter Olympics – Large hill team
Ski jumping at the 2006 Winter Olympics – Large hill individual,L. Bystøl,Ski jumping at the 2002 Winter Olympics – Large hill individual,A. Kofler,Ski jumping at the 2010 Winter Olympics – Large hill individual
Ski jumping at the 2002 Winter Olympics – Normal hill individual,A. Małysz,Ski jumping at the 1998 Winter Olympics – Normal hill individual,S. Hannawald,Ski jumping at the 2006 Winter Olympics – Normal hill individual
Ski jumping at the 2002 Winter Olympics – Large hill team,P. Žonta,Ski jumping at the 1998 Winter Olympics – Large hill team,J. Ahonen,Ski jumping at the 2006 Winter Olympics – Large hill team
Ski jumping at the 2002 Winter Olympics – Large hill individual,M. Hautamäki,Ski jumping at the 1998 Winter Olympics – Large hill individual,A. Małysz,Ski jumping at the 2006 Winter Olympics – Large hill individual
Ski jumping at the 2002 Winter Olympics – Normal hill individual,A. Małysz,Ski jumping at the 1998 Winter Olympics – Normal hill individual,S. Hannawald,Ski jumping at the 2006 Winter Olympics – Normal hill individual
Ski jumping at the 2002 Winter Olympics – Large hill team,P. Žonta,Ski jumping at the 1998 Winter Olympics – Large hill team,R. Jussilainen,Ski jumping at the 2006 Winter Olympics – Large hill team
Ski jumping at the 2002 Winter Olympics – Large hill individual,M. Hautamäki,Ski jumping at the 1998 Winter Olympics – Large hill individual,A. Małysz,Ski jumping at the 2006 Winter Olympics – Large hill individual
Ski jumping at the 1998 Winter Olympics – Normal hill individual,A. Widhölzl,Ski jumping at the 1994 Winter Olympics – Normal hill individual,K. Funaki,Ski jumping at the 2002 Winter Olympics – Normal hill individual
Ski jumping at the 1998 Winter Olympics – Large hill team,A. Widhölzl,Ski jumping at the 1994 Winter Olympics – Large hill team,M. Schmitt,Ski jumping at the 2002 Winter Olympics – Large hill team
Ski jumping at the 1998 Winter Olympics – Large hill individual,M. Harada,Ski jumping at the 1994 Winter Olympics – Large hill individual,J. Soininen,Ski jumping at the 2002 Winter Olympics – Large hill individual
Ski jumping at the 1998 Winter Olympics – Normal hill individual,A. Widhölzl,Ski jumping at the 1994 Winter Olympics – Normal hill individual,K. Funaki,Ski jumping at the 2002 Winter Olympics – Normal hill individual
Ski jumping at the 1998 Winter Olympics – Large hill team,A. Widhölzl,Ski jumping at the 1994 Winter Olympics – Large hill team,M. Schmitt,Ski jumping at the 2002 Winter Olympics – Large hill team
Ski jumping at the 1998 Winter Olympics – Large hill individual,M. Harada,Ski jumping at the 1994 Winter Olympics – Large hill individual,J. Soininen,Ski jumping at the 2002 Winter Olympics – Large hill individual
Ski jumping at the 1994 Winter Olympics – Normal hill individual,D. Thoma,Ski jumping at the 1992 Winter Olympics – Normal hill individual,L. Ottesen,Ski jumping at the 1998 Winter Olympics – Normal hill individual
Ski jumping at the 1994 Winter Olympics – Large hill team,A. Goldberger,Ski jumping at the 1992 Winter Olympics – Large hill team,N. Kasai,Ski jumping at the 1998 Winter Olympics – Large hill team
Ski jumping at the 1994 Winter Olympics – Large hill individual,A. Goldberger,Ski jumping at the 1992 Winter Olympics – Large hill individual,E. Bredesen,Ski jumping at the 1998 Winter Olympics – Large hill individual
Ski jumping at the 1994 Winter Olympics – Normal hill individual,D. Thoma,Ski jumping at the 1992 Winter Olympics – Normal hill individual,L. Ottesen,Ski jumping at the 1998 Winter Olympics – Normal hill individual
Ski jumping at the 1994 Winter Olympics – Large hill team,A. Goldberger,Ski jumping at the 1992 Winter Olympics – Large hill team,N. Kasai,Ski jumping at the 1998 Winter Olympics – Large hill team
Ski jumping at the 1994 Winter Olympics – Large hill individual,A. Goldberger,Ski jumping at the 1992 Winter Olympics – Large hill individual,E. Bredesen,Ski jumping at the 1998 Winter Olympics – Large hill individual
Ski jumping at the 1992 Winter Olympics – Normal hill individual,T. Nieminen,Ski jumping at the 1988 Winter Olympics – Normal hill individual,M. Höllwarth,Ski jumping at the 1994 Winter Olympics – Normal hill individual
Ski jumping at the 1992 Winter Olympics – Large hill team,T. Goder,Ski jumping at the 1988 Winter Olympics – Large hill team,H. Kuttin,Ski jumping at the 1994 Winter Olympics – Large hill team
Ski jumping at the 1992 Winter Olympics – Large hill individual,H. Kuttin,Ski jumping at the 1988 Winter Olympics – Large hill individual,M. Höllwarth,Ski jumping at the 1994 Winter Olympics – Large hill individual
Ski jumping at the 1992 Winter Olympics – Normal hill individual,T. Nieminen,Ski jumping at the 1988 Winter Olympics – Normal hill individual,M. Höllwarth,Ski jumping at the 1994 Winter Olympics – Normal hill individual
Ski jumping at the 1992 Winter Olympics – Large hill team,T. Goder,Ski jumping at the 1988 Winter Olympics – Large hill team,H. Kuttin,Ski jumping at the 1994 Winter Olympics – Large hill team
Ski jumping at the 1992 Winter Olympics – Large hill individual,H. Kuttin,Ski jumping at the 1988 Winter Olympics – Large hill individual,M. Höllwarth,Ski jumping at the 1994 Winter Olympics – Large hill individual
Ski jumping at the 1988 Winter Olympics – Normal hill individual,J. Malec,Ski jumping at the 1984 Winter Olympics – Normal hill individual,P. Ploc,Ski jumping at the 1992 Winter Olympics – Normal hill individual
Ski jumping at the 1988 Winter Olympics – Large hill individual,M. Debelak,Ski jumping at the 1984 Winter Olympics – Large hill individual,E. Johnsen,Ski jumping at the 1992 Winter Olympics – Large hill individual
Ski jumping at the 1988 Winter Olympics – Normal hill individual,J. Malec,Ski jumping at the 1984 Winter Olympics – Normal hill individual,P. Ploc,Ski jumping at the 1992 Winter Olympics – Normal hill individual
Ski jumping at the 1988 Winter Olympics – Large hill individual,M. Debelak,Ski jumping at the 1984 Winter Olympics – Large hill individual,E. Johnsen,Ski jumping at the 1992 Winter Olympics – Large hill individual
Ski jumping at the 1984 Winter Olympics – Normal hill individual,J. Puikkonen,Ski jumping at the 1980 Winter Olympics – Normal hill individual,M. Nykänen,Ski jumping at the 1988 Winter Olympics – Normal hill individual
Ski jumping at the 1984 Winter Olympics – Large hill individual,P. Ploc,Ski jumping at the 1980 Winter Olympics – Large hill individual,J. Weißflog,Ski jumping at the 1988 Winter Olympics – Large hill individual
Ski jumping at the 1984 Winter Olympics – Normal hill individual,J. Puikkonen,Ski jumping at the 1980 Winter Olympics – Normal hill individual,M. Nykänen,Ski jumping at the 1988 Winter Olympics – Normal hill individual
Ski jumping at the 1984 Winter Olympics – Large hill individual,P. Ploc,Ski jumping at the 1980 Winter Olympics – Large hill individual,J. Weißflog,Ski jumping at the 1988 Winter Olympics – Large hill individual
Ski jumping at the 1980 Winter Olympics – Large hill individual,J. Puikkonen,Ski jumping at the 1976 Winter Olympics – Large hill individual,H. Neuper,Ski jumping at the 1984 Winter Olympics – Large hill individual
