col0,col1,col2,col3,col4
Shooting at the 2000 Summer Olympics – Women's 10 metre air rifle,G. Jing,Shooting at the 1996 Summer Olympics - Women's 10 metre air rifle,K. Cho-hyun,Shooting at the 2004 Summer Olympics - Women's 10 metre air rifle
Shooting at the 2000 Summer Olympics – Women's 10 metre air pistol,A. Forder,Shooting at the 1996 Summer Olympics - Women's 10 metre air pistol,J. Šekarić,Shooting at the 2004 Summer Olympics - Women's 10 metre air pistol
Shooting at the 2000 Summer Olympics – Men's trap,G. Pellielo,Shooting at the 1996 Summer Olympics - Men's trap,I. Peel,Shooting at the 2004 Summer Olympics - Men's trap
Shooting at the 2000 Summer Olympics – Men's skeet,J. Graves,Shooting at the 1996 Summer Olympics - Men's skeet,P. Málek,Shooting at the 2004 Summer Olympics - Men's skeet
Shooting at the 2000 Summer Olympics – Men's double trap,F. A. Deehani,Shooting at the 1996 Summer Olympics - Men's double trap,R. Mark,Shooting at the 2004 Summer Olympics - Men's double trap
Shooting at the 2000 Summer Olympics – Men's 50 metre rifle three positions,H. Stenvaag,Shooting at the 1996 Summer Olympics - Men's 50 metre rifle three positions,J. Hirvi,Shooting at the 2004 Summer Olympics - Men's 50 metre rifle three positions
Shooting at the 2000 Summer Olympics – Men's 50 metre rifle prone,S. Martynov,Shooting at the 1996 Summer Olympics - Men's 50 metre rifle prone,T. Grimmel,Shooting at the 2004 Summer Olympics - Men's 50 metre rifle prone
Shooting at the 2000 Summer Olympics – Men's 50 metre pistol,M. Tenk,Shooting at the 1996 Summer Olympics - Men's 50 metre pistol,I. Basinski,Shooting at the 2004 Summer Olympics - Men's 50 metre pistol
Shooting at the 2000 Summer Olympics – Men's 25 metre rapid fire pistol,I. Raicea,Shooting at the 1996 Summer Olympics - Men's 25 metre rapid fire pistol,M. Ansermet,Shooting at the 2004 Summer Olympics - Men's 25 metre rapid fire pistol
Shooting at the 2000 Summer Olympics – Men's 10 metre running target,N. Zhiyuan,Shooting at the 1996 Summer Olympics - Men's 10 metre running target,O. Moldovan,Shooting at the 2004 Summer Olympics - Men's 10 metre running target
Shooting at the 2000 Summer Olympics – Men's 10 metre air rifle,Y. Aleinikov,Shooting at the 1996 Summer Olympics - Men's 10 metre air rifle,A. Khadjibekov,Shooting at the 2004 Summer Olympics - Men's 10 metre air rifle
Shooting at the 2000 Summer Olympics – Men's 10 metre air pistol,I. Basinski,Shooting at the 1996 Summer Olympics - Men's 10 metre air pistol,W. Yifu,Shooting at the 2004 Summer Olympics - Men's 10 metre air pistol
Shooting at the 2000 Summer Olympics – Women's double trap,K. Rhode,Shooting at the 1996 Summer Olympics - Women's double trap,D. Gelisio,Shooting at the 2004 Summer Olympics - Women's double trap
Shooting at the 2000 Summer Olympics – Women's 50 metre rifle three positions,M. Feklistova,Shooting at the 1996 Summer Olympics - Women's 50 metre rifle three positions,T. Goldobina,Shooting at the 2004 Summer Olympics - Women's 50 metre rifle three positions
Shooting at the 2000 Summer Olympics – Women's 25 metre pistol,L. Yauhleuskaya,Shooting at the 1996 Summer Olympics – Women's 25 metre pistol,T. Luna,Shooting at the 2004 Summer Olympics – Women's 25 metre pistol
Shooting at the 2000 Summer Olympics – Women's 10 metre air rifle,G. Jing,Shooting at the 1996 Summer Olympics - Women's 10 metre air rifle,K. Cho-hyun,Shooting at the 2004 Summer Olympics - Women's 10 metre air rifle
Shooting at the 2000 Summer Olympics – Women's 10 metre air pistol,A. Forder,Shooting at the 1996 Summer Olympics - Women's 10 metre air pistol,J. Šekarić,Shooting at the 2004 Summer Olympics - Women's 10 metre air pistol
Shooting at the 2000 Summer Olympics – Men's trap,G. Pellielo,Shooting at the 1996 Summer Olympics - Men's trap,I. Peel,Shooting at the 2004 Summer Olympics - Men's trap
Shooting at the 2000 Summer Olympics – Men's skeet,J. Graves,Shooting at the 1996 Summer Olympics - Men's skeet,P. Málek,Shooting at the 2004 Summer Olympics - Men's skeet
Shooting at the 2000 Summer Olympics – Men's double trap,F. A. Deehani,Shooting at the 1996 Summer Olympics - Men's double trap,R. Mark,Shooting at the 2004 Summer Olympics - Men's double trap
Shooting at the 2000 Summer Olympics – Men's 50 metre rifle three positions,H. Stenvaag,Shooting at the 1996 Summer Olympics - Men's 50 metre rifle three positions,J. Hirvi,Shooting at the 2004 Summer Olympics - Men's 50 metre rifle three positions
Shooting at the 2000 Summer Olympics – Men's 50 metre rifle prone,S. Martynov,Shooting at the 1996 Summer Olympics - Men's 50 metre rifle prone,T. Grimmel,Shooting at the 2004 Summer Olympics - Men's 50 metre rifle prone
Shooting at the 2000 Summer Olympics – Men's 50 metre pistol,M. Tenk,Shooting at the 1996 Summer Olympics - Men's 50 metre pistol,I. Basinski,Shooting at the 2004 Summer Olympics - Men's 50 metre pistol
Shooting at the 2000 Summer Olympics – Men's 25 metre rapid fire pistol,I. Raicea,Shooting at the 1996 Summer Olympics - Men's 25 metre rapid fire pistol,M. Ansermet,Shooting at the 2004 Summer Olympics - Men's 25 metre rapid fire pistol
Shooting at the 2000 Summer Olympics – Men's 10 metre running target,N. Zhiyuan,Shooting at the 1996 Summer Olympics - Men's 10 metre running target,O. Moldovan,Shooting at the 2004 Summer Olympics - Men's 10 metre running target
Shooting at the 2000 Summer Olympics – Men's 10 metre air rifle,Y. Aleinikov,Shooting at the 1996 Summer Olympics - Men's 10 metre air rifle,A. Khadjibekov,Shooting at the 2004 Summer Olympics - Men's 10 metre air rifle
Shooting at the 2000 Summer Olympics – Men's 10 metre air pistol,I. Basinski,Shooting at the 1996 Summer Olympics - Men's 10 metre air pistol,W. Yifu,Shooting at the 2004 Summer Olympics - Men's 10 metre air pistol
Shooting at the 1996 Summer Olympics – Women's 50 metre rifle three positions,R. Mauer,Shooting at the 1992 Summer Olympics - Women's 50 metre rifle three positions,I. Gerasimenok,Shooting at the 2000 Summer Olympics – Women's 50 metre rifle three positions
Shooting at the 1996 Summer Olympics – Women's 25 metre pistol,M. Logvinenko,Shooting at the 1992 Summer Olympics - Women's 25 metre pistol,D. Iorgova,Shooting at the 2000 Summer Olympics – Women's 25 metre pistol
Shooting at the 1996 Summer Olympics – Women's 10 metre air rifle,A. Ivošev,Shooting at the 1992 Summer Olympics - Women's 10 metre air rifle,P. Horneber,Shooting at the 2000 Summer Olympics – Women's 10 metre air rifle
Shooting at the 1996 Summer Olympics – Women's 10 metre air pistol,M. Grozdeva,Shooting at the 1992 Summer Olympics - Women's 10 metre air pistol,M. Logvinenko,Shooting at the 2000 Summer Olympics – Women's 10 metre air pistol
Shooting at the 1996 Summer Olympics – Men's trap,L. Bade,Shooting at the 1992 Summer Olympics - Trap,J. Lakatos,Shooting at the 2000 Summer Olympics – Men's trap
Shooting at the 1996 Summer Olympics – Men's skeet,A. Benelli,Shooting at the 1992 Summer Olympics - Skeet,M. Rzepkowski,Shooting at the 2000 Summer Olympics – Men's skeet
Shooting at the 1996 Summer Olympics – Men's 50 metre rifle three positions,W. Waibel,Shooting at the 1992 Summer Olympics - Men's 50 metre rifle three positions,S. Belyayev,Shooting at the 2000 Summer Olympics – Men's 50 metre rifle three positions
Shooting at the 1996 Summer Olympics – Men's 50 metre rifle prone,J. Gönci,Shooting at the 1992 Summer Olympics - Men's 50 metre rifle prone,S. Belyayev,Shooting at the 2000 Summer Olympics – Men's 50 metre rifle prone
Shooting at the 1996 Summer Olympics – Men's 50 metre pistol,R. D. Donna,Shooting at the 1992 Summer Olympics - Men's 50 metre pistol,I. Basinski,Shooting at the 2000 Summer Olympics – Men's 50 metre pistol
Shooting at the 1996 Summer Olympics – Men's 25 metre rapid fire pistol,V. Vokhmyanin,Shooting at the 1992 Summer Olympics - Men's 25 metre rapid fire pistol,E. Milev,Shooting at the 2000 Summer Olympics – Men's 25 metre rapid fire pistol
Shooting at the 1996 Summer Olympics – Men's 10 metre running target,M. Januš,Shooting at the 1992 Summer Olympics - Men's 10 metre running target,X. Jun,Shooting at the 2000 Summer Olympics – Men's 10 metre running target
Shooting at the 1996 Summer Olympics – Men's 10 metre air rifle,J. Amat,Shooting at the 1992 Summer Olympics - Men's 10 metre air rifle,W. Waibel,Shooting at the 2000 Summer Olympics – Men's 10 metre air rifle
Shooting at the 1996 Summer Olympics – Men's 10 metre air pistol,T. Kiryakov,Shooting at the 1992 Summer Olympics - Men's 10 metre air pistol,W. Yifu,Shooting at the 2000 Summer Olympics – Men's 10 metre air pistol
Shooting at the 1996 Summer Olympics – Women's 50 metre rifle three positions,R. Mauer,Shooting at the 1992 Summer Olympics - Women's 50 metre rifle three positions,I. Gerasimenok,Shooting at the 2000 Summer Olympics – Women's 50 metre rifle three positions
Shooting at the 1996 Summer Olympics – Women's 25 metre pistol,M. Logvinenko,Shooting at the 1992 Summer Olympics - Women's 25 metre pistol,D. Iorgova,Shooting at the 2000 Summer Olympics – Women's 25 metre pistol
Shooting at the 1996 Summer Olympics – Women's 10 metre air rifle,A. Ivošev,Shooting at the 1992 Summer Olympics - Women's 10 metre air rifle,P. Horneber,Shooting at the 2000 Summer Olympics – Women's 10 metre air rifle
Shooting at the 1996 Summer Olympics – Women's 10 metre air pistol,M. Grozdeva,Shooting at the 1992 Summer Olympics - Women's 10 metre air pistol,M. Logvinenko,Shooting at the 2000 Summer Olympics – Women's 10 metre air pistol
Shooting at the 1996 Summer Olympics – Men's trap,L. Bade,Shooting at the 1992 Summer Olympics - Trap,J. Lakatos,Shooting at the 2000 Summer Olympics – Men's trap
Shooting at the 1996 Summer Olympics – Men's skeet,A. Benelli,Shooting at the 1992 Summer Olympics - Skeet,M. Rzepkowski,Shooting at the 2000 Summer Olympics – Men's skeet
Shooting at the 1996 Summer Olympics – Men's 50 metre rifle three positions,W. Waibel,Shooting at the 1992 Summer Olympics - Men's 50 metre rifle three positions,S. Belyayev,Shooting at the 2000 Summer Olympics – Men's 50 metre rifle three positions
Shooting at the 1996 Summer Olympics – Men's 50 metre rifle prone,J. Gönci,Shooting at the 1992 Summer Olympics - Men's 50 metre rifle prone,S. Belyayev,Shooting at the 2000 Summer Olympics – Men's 50 metre rifle prone
Shooting at the 1996 Summer Olympics – Men's 50 metre pistol,R. D. Donna,Shooting at the 1992 Summer Olympics - Men's 50 metre pistol,I. Basinski,Shooting at the 2000 Summer Olympics – Men's 50 metre pistol
Shooting at the 1996 Summer Olympics – Men's 25 metre rapid fire pistol,V. Vokhmyanin,Shooting at the 1992 Summer Olympics - Men's 25 metre rapid fire pistol,E. Milev,Shooting at the 2000 Summer Olympics – Men's 25 metre rapid fire pistol
Shooting at the 1996 Summer Olympics – Men's 10 metre running target,M. Januš,Shooting at the 1992 Summer Olympics - Men's 10 metre running target,X. Jun,Shooting at the 2000 Summer Olympics – Men's 10 metre running target
Shooting at the 1996 Summer Olympics – Men's 10 metre air rifle,J. Amat,Shooting at the 1992 Summer Olympics - Men's 10 metre air rifle,W. Waibel,Shooting at the 2000 Summer Olympics – Men's 10 metre air rifle
