col0,col1,col2,col3,col4
Shooting at the 1988 Summer Olympics – Mixed trap,F. Peeters,Shooting at the 1984 Summer Olympics – Mixed trap,M. Bednařík,Shooting at the 1992 Summer Olympics - Trap
Shooting at the 1988 Summer Olympics – Mixed skeet,J. Guardiola,Shooting at the 1984 Summer Olympics – Mixed skeet,A. d. Iruarrizaga,Shooting at the 1992 Summer Olympics - Skeet
Shooting at the 1988 Summer Olympics – Men's 50 metre rifle three positions,K. Ivanov,Shooting at the 1984 Summer Olympics – Men's 50 metre rifle three positions,A. Allan,Shooting at the 1992 Summer Olympics – Men's 50 metre rifle three positions
Shooting at the 1988 Summer Olympics – Men's 50 metre pistol,I. Basinski,Shooting at the 1984 Summer Olympics - Men's 50 metre pistol,R. Skanåker,Shooting at the 1992 Summer Olympics - Men's 50 metre pistol
Shooting at the 1988 Summer Olympics – Men's 10 metre air rifle,J. Riederer,Shooting at the 1984 Summer Olympics – Men's 10 metre air rifle,N. Berthelot,Shooting at the 1992 Summer Olympics - Men's 10 metre air rifle
Shooting at the 1984 Summer Olympics – Mixed trap,D. Carlisle,Shooting at the 1980 Summer Olympics – Mixed trap,F. Boza,Shooting at the 1988 Summer Olympics – Mixed trap
Shooting at the 1984 Summer Olympics – Mixed skeet,L. S. Rossi,Shooting at the 1980 Summer Olympics – Mixed skeet,O. R. Rasmussen,Shooting at the 1988 Summer Olympics – Mixed skeet
Shooting at the 1984 Summer Olympics – Men's 50 metre rifle three positions,A. Allan,Shooting at the 1964 Summer Olympics – Men's 50 metre rifle three positions,D. Nipkow,Shooting at the 1988 Summer Olympics – Men's 50 metre rifle three positions
"Shooting at the 1984 Summer Olympics – Men's 50 metre rifle, prone",M. Sullivan,"Shooting at the 1964 Summer Olympics – Men's 50 metre rifle, prone",M. Bury,"Shooting at the 1988 Summer Olympics – Men's 50 metre rifle, prone"
Shooting at the 1984 Summer Olympics – Men's 50 metre free pistol,W. Yifu,Shooting at the 1980 Summer Olympics – Mixed 50 metre free pistol,R. Skanåker,Shooting at the 1988 Summer Olympics – Men's 50 metre free pistol
Shooting at the 1984 Summer Olympics – Men's 25 metre rapid fire pistol,R. Bies,Shooting at the 1964 Summer Olympics – Men's 25 metre rapid fire pistol,C. Ion,Shooting at the 1988 Summer Olympics – Men's 25 metre rapid fire pistol
Shooting at the 1984 Summer Olympics – Mixed trap,D. Carlisle,Shooting at the 1980 Summer Olympics – Mixed trap,F. Boza,Shooting at the 1988 Summer Olympics – Mixed trap
Shooting at the 1984 Summer Olympics – Mixed skeet,L. S. Rossi,Shooting at the 1980 Summer Olympics – Mixed skeet,O. R. Rasmussen,Shooting at the 1988 Summer Olympics – Mixed skeet
Shooting at the 1984 Summer Olympics – Men's 50 metre rifle three positions,A. Allan,Shooting at the 1964 Summer Olympics – Men's 50 metre rifle three positions,D. Nipkow,Shooting at the 1988 Summer Olympics – Men's 50 metre rifle three positions
"Shooting at the 1984 Summer Olympics – Men's 50 metre rifle, prone",M. Sullivan,"Shooting at the 1964 Summer Olympics – Men's 50 metre rifle, prone",M. Bury,"Shooting at the 1988 Summer Olympics – Men's 50 metre rifle, prone"
Shooting at the 1984 Summer Olympics – Men's 50 metre free pistol,W. Yifu,Shooting at the 1980 Summer Olympics – Mixed 50 metre free pistol,R. Skanåker,Shooting at the 1988 Summer Olympics – Men's 50 metre free pistol
Shooting at the 1984 Summer Olympics – Men's 25 metre rapid fire pistol,R. Bies,Shooting at the 1964 Summer Olympics – Men's 25 metre rapid fire pistol,C. Ion,Shooting at the 1988 Summer Olympics – Men's 25 metre rapid fire pistol
Shooting at the 1980 Summer Olympics – Mixed trap,J. Damme,Shooting at the 1976 Summer Olympics – Mixed trap,R. Yambulatov,Shooting at the 1984 Summer Olympics – Mixed trap
Shooting at the 1980 Summer Olympics – Mixed skeet,R. Castrillo,Shooting at the 1976 Summer Olympics – Mixed skeet,L. Carlsson,Shooting at the 1984 Summer Olympics – Mixed skeet
Shooting at the 1980 Summer Olympics – Mixed 50 metre rifle three positions,S. Johansson,Shooting at the 1976 Summer Olympics – Mixed 50 metre rifle three positions,B. Hartstein,Shooting at the 1984 Summer Olympics – Men's 50 metre rifle three positions
Shooting at the 1980 Summer Olympics – Mixed 50 metre free pistol,L. Dyakov,Shooting at the 1976 Summer Olympics - Mixed 50 metre pistol,H. Vollmar,Shooting at the 1984 Summer Olympics - Men's 50 metre pistol
Shooting at the 1980 Summer Olympics – Mixed trap,J. Damme,Shooting at the 1976 Summer Olympics – Mixed trap,R. Yambulatov,Shooting at the 1984 Summer Olympics – Mixed trap
Shooting at the 1980 Summer Olympics – Mixed skeet,R. Castrillo,Shooting at the 1976 Summer Olympics – Mixed skeet,L. Carlsson,Shooting at the 1984 Summer Olympics – Mixed skeet
Shooting at the 1980 Summer Olympics – Mixed 50 metre rifle three positions,S. Johansson,Shooting at the 1976 Summer Olympics – Mixed 50 metre rifle three positions,B. Hartstein,Shooting at the 1984 Summer Olympics – Men's 50 metre rifle three positions
Shooting at the 1980 Summer Olympics – Mixed 50 metre free pistol,L. Dyakov,Shooting at the 1976 Summer Olympics - Mixed 50 metre pistol,H. Vollmar,Shooting at the 1984 Summer Olympics - Men's 50 metre pistol
Shooting at the 1976 Summer Olympics – Mixed skeet,W. Gawlikowski,Shooting at the 1972 Summer Olympics – Mixed skeet,E. Swinkels,Shooting at the 1980 Summer Olympics – Mixed skeet
Shooting at the 1976 Summer Olympics – Mixed 50 metre running target,J. Greszkiewicz,Shooting at the 1972 Summer Olympics – Mixed 50 metre running target,A. Kedyarov,Shooting at the 1980 Summer Olympics – Mixed 50 metre running target
Shooting at the 1976 Summer Olympics – Mixed 50 metre rifle three positions,W. Seibold,Shooting at the 1972 Summer Olympics – Mixed 50 metre rifle three positions,M. Murdock,Shooting at the 1980 Summer Olympics – Mixed 50 metre rifle three positions
"Shooting at the 1976 Summer Olympics – Mixed 50 metre rifle, prone",G. Lushchikov,"Shooting at the 1972 Summer Olympics – Mixed 50 metre rifle, prone",U. Lind,"Shooting at the 1980 Summer Olympics – Mixed 50 metre rifle, prone"
Shooting at the 1976 Summer Olympics – Mixed 50 metre free pistol,R. Dollinger,Shooting at the 1972 Summer Olympics – Mixed 50 metre free pistol,H. Vollmar,Shooting at the 1980 Summer Olympics – Mixed 50 metre free pistol
Shooting at the 1976 Summer Olympics – Mixed 25 metre rapid fire pistol,R. Ferraris,Shooting at the 1972 Summer Olympics – Men's 25 metre rapid fire pistol,J. Wiefel,Shooting at the 1980 Summer Olympics – Mixed 25 metre rapid fire pistol
Shooting at the 1976 Summer Olympics – Mixed skeet,W. Gawlikowski,Shooting at the 1972 Summer Olympics – Mixed skeet,E. Swinkels,Shooting at the 1980 Summer Olympics – Mixed skeet
Shooting at the 1976 Summer Olympics – Mixed 50 metre running target,J. Greszkiewicz,Shooting at the 1972 Summer Olympics – Mixed 50 metre running target,A. Kedyarov,Shooting at the 1980 Summer Olympics – Mixed 50 metre running target
Shooting at the 1976 Summer Olympics – Mixed 50 metre rifle three positions,W. Seibold,Shooting at the 1972 Summer Olympics – Mixed 50 metre rifle three positions,M. Murdock,Shooting at the 1980 Summer Olympics – Mixed 50 metre rifle three positions
"Shooting at the 1976 Summer Olympics – Mixed 50 metre rifle, prone",G. Lushchikov,"Shooting at the 1972 Summer Olympics – Mixed 50 metre rifle, prone",U. Lind,"Shooting at the 1980 Summer Olympics – Mixed 50 metre rifle, prone"
Shooting at the 1976 Summer Olympics – Mixed 50 metre free pistol,R. Dollinger,Shooting at the 1972 Summer Olympics – Mixed 50 metre free pistol,H. Vollmar,Shooting at the 1980 Summer Olympics – Mixed 50 metre free pistol
Shooting at the 1976 Summer Olympics – Mixed 25 metre rapid fire pistol,R. Ferraris,Shooting at the 1972 Summer Olympics – Men's 25 metre rapid fire pistol,J. Wiefel,Shooting at the 1980 Summer Olympics – Mixed 25 metre rapid fire pistol
