col0,col1,col2,col3
Zonocypretta,Cyprididae,IUCN2.3,VU
Zarigani,Cambaridae,iucn3.1,DD
Uramphisopus,Phreatoicidae,IUCN2.3,VU
Typhlocypris trigonella,Candonidae,IUCN2.3,VU
Typhlocypris cavicola,Candonidae,IUCN2.3,VU
Tropocyclops nananae,Cyclopidae,IUCN2.3,VU
Tropocyclops federensis,Cyclopidae,IUCN2.3,VU
Troglocaris anophthalmus,Atyidae,IUCN3.1,LC
Troglocambarus,Cambaridae,iucn3.1,NT
Thymopsis nilenta,Lobster,iucn3.1,LC
Thymops,Lobster,iucn3.1,LC
Thermosphaeroma thermophilum,Sphaeromatidae,iucn2.3,EW
Thermomesochra,Canthocamptidae,IUCN2.3,DD
Thermocyclops parvus,Cyclopidae,IUCN2.3,LR/cd
Thenus,Slipper lobster,iucn3.1,LC
Tenuibranchiurus,Parastacidae,iucn3.1,EN
Tasmanian giant freshwater crayfish,Parastacidae,iucn3.1,EN
Tachypleus tridentatus,Limulidae,iucn2.3,DD
Syntripsa flavichela,Parathelphusidae,iucn3.1,LC
Syncaris pasadenae,Atyidae,IUCN2.3,EX
Syncaris pacifica,Atyidae,IUCN2.3,EN
Stygodiaptomus petkovskii,Diaptomidae,IUCN2.3,VU
Stygodiaptomus kieferi,Diaptomidae,IUCN2.3,VU
Stygobromus pecki,Crangonyctidae,TNC,G1
Stygobromus lucifugus,Crangonyctidae,IUCN2.3,EX
Stygobromus kenki,Crangonyctidae,TNC,G2
Stygobromus hayi,Crangonyctidae,TNC,G1
Streptocephalus woottoni,Streptocephalidae,IUCN2.3,EN
Streptocephalus moorei,Streptocephalidae,IUCN2.3,CR
Streptocephalus kargesi,Streptocephalidae,IUCN2.3,DD
Streptocephalus guzmani,Streptocephalidae,IUCN2.3,EN
Streptocephalus gracilis,Streptocephalidae,IUCN2.3,CR
Streptocephalus dendyi,Streptocephalidae,IUCN2.3,EN
Streptocephalus dendrophorus,Streptocephalidae,IUCN2.3,EN
Sri Lanka tree crab,Gecarcinucidae,iucn3.1,LC
Speocirolana thermydronis,Cirolanidae,IUCN2.3,EN
Speleophria scottodicarloi,Speleophriidae,IUCN2.3,CR
Speleophria bivexilla,Speleophriidae,IUCN2.3,CR
Speleoithona bermudensis,Speleoithonidae,IUCN2.3,CR
Spelaeorchestia,Talitridae,iucn2.3,EN
Spelaeodiaptomus,Diaptomidae,IUCN2.3,DD
Smalleyus,Pseudothelphusidae,iucn3.1,DD
Signal crayfish,Astacidae,iucn3.1,LC
Seychellum,Potamonautidae,iucn3.1,LC
Scyllarus pygmaeus,Slipper lobster,iucn3.1,LC
Scyllarus arctus,Slipper lobster,iucn3.1,LC
Scyllarides latus,Slipper lobster,iucn3.1,DD
Scyllarides herklotsii,Slipper lobster,iucn3.1,DD
Scyllarides haanii,Scyllaridae,iucn3.1,LC
Scyllarides aequinoctialis,Slipper lobster,iucn3.1,LC
Sagmariasus,Spiny lobster,iucn3.1,LC
Saduria entomon,Chaetiliidae,IUCN3.1,LC
Rusty crayfish,Crayfish,iucn3.1,LC
Remasellus,Asellidae,TNC,G1
Pseudoniphargus grandimanus,Hadziidae,IUCN2.3,CR
Pseudomoraria,Canthocamptidae,IUCN2.3,VU
