col0,col1,col2,col3,col4
Sailing at the 1988 Summer Olympics – Soling,J. Bank,Sailing at the 1984 Summer Olympics – Soling,J. Kostecki,Sailing at the 1992 Summer Olympics – Soling
Sailing at the 1988 Summer Olympics – Men's 470,J. Shadden,Sailing at the 1984 Summer Olympics – 470,T. Tõniste,Sailing at the 1992 Summer Olympics – Men's 470
Sailing at the 1988 Summer Olympics – Flying Dutchman,F. McLaughlin,Sailing at the 1984 Summer Olympics – Flying Dutchman,O. P. Pollen,Sailing at the 1992 Summer Olympics – Flying Dutchman
Sailing at the 1988 Summer Olympics – Finn,J. Cutler,Sailing at the 1984 Summer Olympics – Finn,P. Holmberg,Sailing at the 1992 Summer Olympics – Finn
Sailing at the 1984 Summer Olympics – Tornado,C. Cairns,Sailing at the 1980 Summer Olympics - Tornado,R. Smyth,Sailing at the 1988 Summer Olympics – Tornado
Sailing at the 1984 Summer Olympics – Star,G. Gorla,Sailing at the 1980 Summer Olympics – Star,J. Griese,Sailing at the 1988 Summer Olympics – Star
Sailing at the 1984 Summer Olympics – Soling,H. Fogh,Sailing at the 1980 Summer Olympics – Soling,T. Grael,Sailing at the 1988 Summer Olympics – Soling
Sailing at the 1984 Summer Olympics – Flying Dutchman,J. Richards,Sailing at the 1980 Summer Olympics – Flying Dutchman,T. McLaughlin,Sailing at the 1988 Summer Olympics – Flying Dutchman
Sailing at the 1984 Summer Olympics – Finn,T. Neilson,Sailing at the 1980 Summer Olympics – Finn,J. Bertrand,Sailing at the 1988 Summer Olympics – Finn
Sailing at the 1984 Summer Olympics – 470,T. Peponnet,Sailing at the 1980 Summer Olympics - 470,S. Benjamin,Sailing at the 1988 Summer Olympics – Men's 470
Sailing at the 1984 Summer Olympics – Tornado,C. Cairns,Sailing at the 1980 Summer Olympics - Tornado,R. Smyth,Sailing at the 1988 Summer Olympics – Tornado
Sailing at the 1984 Summer Olympics – Star,G. Gorla,Sailing at the 1980 Summer Olympics – Star,J. Griese,Sailing at the 1988 Summer Olympics – Star
Sailing at the 1984 Summer Olympics – Soling,H. Fogh,Sailing at the 1980 Summer Olympics – Soling,T. Grael,Sailing at the 1988 Summer Olympics – Soling
Sailing at the 1984 Summer Olympics – Flying Dutchman,J. Richards,Sailing at the 1980 Summer Olympics – Flying Dutchman,T. McLaughlin,Sailing at the 1988 Summer Olympics – Flying Dutchman
Sailing at the 1984 Summer Olympics – Finn,T. Neilson,Sailing at the 1980 Summer Olympics – Finn,J. Bertrand,Sailing at the 1988 Summer Olympics – Finn
Sailing at the 1984 Summer Olympics – 470,T. Peponnet,Sailing at the 1980 Summer Olympics - 470,S. Benjamin,Sailing at the 1988 Summer Olympics – Men's 470
Sailing at the 1980 Summer Olympics – Tornado,G. Marström,Sailing at the 1976 Summer Olympics – Tornado,P. Due,Sailing at the 1984 Summer Olympics – Tornado
Sailing at the 1980 Summer Olympics – Star,G. Gorla,Sailing at the 1972 Summer Olympics – Star,H. Raudaschl,Sailing at the 1984 Summer Olympics – Star
Sailing at the 1980 Summer Olympics – Soling,A. Bountouris,Sailing at the 1976 Summer Olympics – Soling,B. Budnikov,Sailing at the 1984 Summer Olympics – Soling
Sailing at the 1980 Summer Olympics – Flying Dutchman,S. Detre,Sailing at the 1976 Summer Olympics – Flying Dutchman,D. Wilkins,Sailing at the 1984 Summer Olympics – Flying Dutchman
Sailing at the 1980 Summer Olympics – Finn,A. Balashov,Sailing at the 1976 Summer Olympics – Finn,W. Mayrhofer,Sailing at the 1984 Summer Olympics – Finn
Sailing at the 1980 Summer Olympics – 470,J. Lindgrén,Sailing at the 1976 Summer Olympics – 470,J. Borowski,Sailing at the 1984 Summer Olympics – 470
Sailing at the 1980 Summer Olympics – Tornado,G. Marström,Sailing at the 1976 Summer Olympics – Tornado,P. Due,Sailing at the 1984 Summer Olympics – Tornado
Sailing at the 1980 Summer Olympics – Star,G. Gorla,Sailing at the 1972 Summer Olympics – Star,H. Raudaschl,Sailing at the 1984 Summer Olympics – Star
Sailing at the 1980 Summer Olympics – Soling,A. Bountouris,Sailing at the 1976 Summer Olympics – Soling,B. Budnikov,Sailing at the 1984 Summer Olympics – Soling
Sailing at the 1980 Summer Olympics – Flying Dutchman,S. Detre,Sailing at the 1976 Summer Olympics – Flying Dutchman,D. Wilkins,Sailing at the 1984 Summer Olympics – Flying Dutchman
Sailing at the 1980 Summer Olympics – Finn,A. Balashov,Sailing at the 1976 Summer Olympics – Finn,W. Mayrhofer,Sailing at the 1984 Summer Olympics – Finn
Sailing at the 1980 Summer Olympics – 470,J. Lindgrén,Sailing at the 1976 Summer Olympics – 470,J. Borowski,Sailing at the 1984 Summer Olympics – 470
Sailing at the 1976 Summer Olympics – Soling,D. Below,Sailing at the 1972 Summer Olympics – Soling,J. Kolius,Sailing at the 1980 Summer Olympics – Soling
Sailing at the 1976 Summer Olympics – Flying Dutchman,R. Conrad,Sailing at the 1972 Summer Olympics – Flying Dutchman,R. Pattisson,Sailing at the 1980 Summer Olympics – Flying Dutchman
Sailing at the 1976 Summer Olympics – Finn,J. Bertrand,Sailing at the 1972 Summer Olympics – Finn,A. Balashov,Sailing at the 1980 Summer Olympics – Finn
Sailing at the 1976 Summer Olympics – Soling,D. Below,Sailing at the 1972 Summer Olympics – Soling,J. Kolius,Sailing at the 1980 Summer Olympics – Soling
Sailing at the 1976 Summer Olympics – Flying Dutchman,R. Conrad,Sailing at the 1972 Summer Olympics – Flying Dutchman,R. Pattisson,Sailing at the 1980 Summer Olympics – Flying Dutchman
Sailing at the 1976 Summer Olympics – Finn,J. Bertrand,Sailing at the 1972 Summer Olympics – Finn,A. Balashov,Sailing at the 1980 Summer Olympics – Finn
Sailing at the 1972 Summer Olympics – Star,W. Kuhweide,Sailing at the 1968 Summer Olympics – Star,P. Pettersson,Sailing at the 1980 Summer Olympics – Star
Sailing at the 1972 Summer Olympics – Flying Dutchman,U. Libor,Sailing at the 1968 Summer Olympics – Flying Dutchman,Y. Pajot,Sailing at the 1976 Summer Olympics – Flying Dutchman
Sailing at the 1972 Summer Olympics – Finn,V. Potapov,Sailing at the 1968 Summer Olympics – Finn,I. Hatzipavlis,Sailing at the 1976 Summer Olympics – Finn
Sailing at the 1972 Summer Olympics – Star,W. Kuhweide,Sailing at the 1968 Summer Olympics – Star,P. Pettersson,Sailing at the 1980 Summer Olympics – Star
Sailing at the 1972 Summer Olympics – Flying Dutchman,U. Libor,Sailing at the 1968 Summer Olympics – Flying Dutchman,M. Pajot,Sailing at the 1976 Summer Olympics – Flying Dutchman
Sailing at the 1972 Summer Olympics – Finn,V. Potapov,Sailing at the 1968 Summer Olympics – Finn,I. Hatzipavlis,Sailing at the 1976 Summer Olympics – Finn
Sailing at the 1968 Summer Olympics – Star,C. Gargano,Sailing at the 1964 Summer Olympics – Star,P. L. Jr.,Sailing at the 1972 Summer Olympics – Star
Sailing at the 1968 Summer Olympics – Flying Dutchman,B. Cordes,Sailing at the 1964 Summer Olympics - Flying Dutchman,P. Naumann,Sailing at the 1972 Summer Olympics – Flying Dutchman
Sailing at the 1968 Summer Olympics – Finn,F. Albarelli,Sailing at the 1964 Summer Olympics – Finn,H. Raudaschl,Sailing at the 1972 Summer Olympics – Finn
Sailing at the 1968 Summer Olympics – Dragon,K. Thun,Sailing at the 1964 Summer Olympics – Dragon,Poul Richard Høj Jensen,Sailing at the 1972 Summer Olympics – Dragon
Sailing at the 1968 Summer Olympics – Star,C. Gargano,Sailing at the 1964 Summer Olympics – Star,P. L. Jr.,Sailing at the 1972 Summer Olympics – Star
Sailing at the 1968 Summer Olympics – Flying Dutchman,B. Cordes,Sailing at the 1964 Summer Olympics - Flying Dutchman,P. Naumann,Sailing at the 1972 Summer Olympics – Flying Dutchman
Sailing at the 1968 Summer Olympics – Finn,F. Albarelli,Sailing at the 1964 Summer Olympics – Finn,H. Raudaschl,Sailing at the 1972 Summer Olympics – Finn
Sailing at the 1968 Summer Olympics – Dragon,K. Thun,Sailing at the 1964 Summer Olympics – Dragon,Poul Richard Høj Jensen,Sailing at the 1972 Summer Olympics – Dragon
Sailing at the 1964 Summer Olympics – Star,P. Pettersson,Sailing at the 1960 Summer Olympics – Star,L. Williams,Sailing at the 1968 Summer Olympics – Star
Sailing at the 1964 Summer Olympics – Flying Dutchman,B. Melges,Sailing at the 1960 Summer Olympics – Flying Dutchman,K. Musto,Sailing at the 1968 Summer Olympics – Flying Dutchman
Sailing at the 1964 Summer Olympics – Finn,H. Wind,Sailing at the 1960 Summer Olympics – Finn,P. Barrett,Sailing at the 1968 Summer Olympics – Finn
Sailing at the 1964 Summer Olympics – Dragon,L. North,Sailing at the 1960 Summer Olympics – Dragon,P. Ahrendt,Sailing at the 1968 Summer Olympics – Dragon
Sailing at the 1964 Summer Olympics – 5.5 Metre,F. Scully,Sailing at the 1960 Summer Olympics – 5.5 Metre,A. Karlsson,Sailing at the 1968 Summer Olympics – 5.5 Metre
Sailing at the 1964 Summer Olympics – Star,P. Pettersson,Sailing at the 1960 Summer Olympics – Star,L. Williams,Sailing at the 1968 Summer Olympics – Star
Sailing at the 1964 Summer Olympics – Flying Dutchman,B. Melges,Sailing at the 1960 Summer Olympics – Flying Dutchman,K. Musto,Sailing at the 1968 Summer Olympics – Flying Dutchman
Sailing at the 1964 Summer Olympics – Finn,H. Wind,Sailing at the 1960 Summer Olympics – Finn,P. Barrett,Sailing at the 1968 Summer Olympics – Finn
Sailing at the 1964 Summer Olympics – Dragon,R. Deaver,Sailing at the 1960 Summer Olympics – Dragon,P. Ahrendt,Sailing at the 1968 Summer Olympics – Dragon
Sailing at the 1964 Summer Olympics – 5.5 Metre,F. Scully,Sailing at the 1960 Summer Olympics – 5.5 Metre,S. Stork,Sailing at the 1968 Summer Olympics – 5.5 Metre
Sailing at the 1960 Summer Olympics – Star,R. S. Halperin,Sailing at the 1956 Summer Olympics - Star,Josè Manuel Gentil Quina,Sailing at the 1964 Summer Olympics – Star
Sailing at the 1960 Summer Olympics – Finn,A. Nelis,Sailing at the 1956 Summer Olympics – Finn,A. Tšutšelov,Sailing at the 1964 Summer Olympics – Finn
Sailing at the 1960 Summer Olympics – Dragon,A. Ciciliano,Sailing at the 1956 Summer Olympics – Dragon,J. S. Chávez,Sailing at the 1964 Summer Olympics – Dragon
Sailing at the 1960 Summer Olympics – 5.5 Metre,M. Metzger,Sailing at the 1956 Summer Olympics – 5.5 Metre,S. Hancke,Sailing at the 1964 Summer Olympics – 5.5 Metre
Sailing at the 1960 Summer Olympics – Star,W. W. Parks,Sailing at the 1956 Summer Olympics - Star,Josè Manuel Gentil Quina,Sailing at the 1964 Summer Olympics – Star
Sailing at the 1960 Summer Olympics – Finn,A. Nelis,Sailing at the 1956 Summer Olympics – Finn,A. Tšutšelov,Sailing at the 1964 Summer Olympics – Finn
Sailing at the 1960 Summer Olympics – Dragon,G. D. Stefano,Sailing at the 1956 Summer Olympics – Dragon,H. Calegaris,Sailing at the 1964 Summer Olympics – Dragon
Sailing at the 1960 Summer Olympics – 5.5 Metre,H. Copponex,Sailing at the 1956 Summer Olympics – 5.5 Metre,S. Christensen,Sailing at the 1964 Summer Olympics – 5.5 Metre
Sailing at the 1956 Summer Olympics – Star,D. Knowles,Sailing at the 1952 Summer Olympics - Star,A. Straulino,Sailing at the 1960 Summer Olympics – Star
Sailing at the 1956 Summer Olympics – Finn,J. Marvin,Sailing at the 1952 Summer Olympics – Finn,A. Nelis,Sailing at the 1960 Summer Olympics – Finn
Sailing at the 1956 Summer Olympics – Dragon,J. Janson,Sailing at the 1952 Summer Olympics – Dragon,C. v. Bülow,Sailing at the 1960 Summer Olympics – Dragon
Sailing at the 1956 Summer Olympics – 5.5 Metre,J. Sturrock,Sailing at the 1952 Summer Olympics – 5.5 Metre,D. Bowker,Sailing at the 1960 Summer Olympics – 5.5 Metre
Sailing at the 1956 Summer Olympics – Star,D. Knowles,Sailing at the 1952 Summer Olympics - Star,A. Straulino,Sailing at the 1960 Summer Olympics – Star
Sailing at the 1956 Summer Olympics – Finn,J. Marvin,Sailing at the 1952 Summer Olympics – Finn,A. Nelis,Sailing at the 1960 Summer Olympics – Finn
Sailing at the 1956 Summer Olympics – Dragon,J. Janson,Sailing at the 1952 Summer Olympics – Dragon,C. v. Bülow,Sailing at the 1960 Summer Olympics – Dragon
Sailing at the 1956 Summer Olympics – 5.5 Metre,D. Mytton,Sailing at the 1952 Summer Olympics – 5.5 Metre,R. Perry,Sailing at the 1960 Summer Olympics – 5.5 Metre
Sailing at the 1952 Summer Olympics – Star,F. d. Andrade,Sailing at the 1948 Summer Olympics – Star,J. Price,Sailing at the 1956 Summer Olympics – Star
Sailing at the 1952 Summer Olympics – Dragon,E. Natusch,Sailing at the 1948 Summer Olympics – Dragon,E. Almqvist,Sailing at the 1956 Summer Olympics – Dragon
Sailing at the 1952 Summer Olympics – Star,F. d. Andrade,Sailing at the 1948 Summer Olympics – Star,J. Reid,Sailing at the 1956 Summer Olympics – Star
Sailing at the 1952 Summer Olympics – Dragon,G. Nowka,Sailing at the 1948 Summer Olympics – Dragon,E. Almqvist,Sailing at the 1956 Summer Olympics – Dragon
Sailing at the 1948 Summer Olympics – Star,B. Maas,Sailing at the 1936 Summer Olympics – Star,C. d. Cardenas,Sailing at the 1952 Summer Olympics – Star
Sailing at the 1948 Summer Olympics – 6 Metre,T. Holm,Sailing at the 1936 Summer Olympics – 6 Metre,E. Homps,Sailing at the 1952 Summer Olympics – 6 Metre
Sailing at the 1948 Summer Olympics – Star,B. Maas,Sailing at the 1936 Summer Olympics – Star,Carlos de Cardenas Jr.,Sailing at the 1952 Summer Olympics – Star
Sailing at the 1948 Summer Olympics – 6 Metre,T. Lord,Sailing at the 1936 Summer Olympics – 6 Metre,E. Homps,Sailing at the 1952 Summer Olympics – 6 Metre
Sailing at the 1936 Summer Olympics – Star,B. Maas,Sailing at the 1932 Summer Olympics – Star,A. Laurin,Sailing at the 1948 Summer Olympics – Star
Sailing at the 1936 Summer Olympics – 6 Metre,S. Salén,Sailing at the 1932 Summer Olympics – 6 Metre,M. Konow,Sailing at the 1948 Summer Olympics – 6 Metre
Sailing at the 1936 Summer Olympics – Star,B. Maas,Sailing at the 1932 Summer Olympics – Star,A. Laurin,Sailing at the 1948 Summer Olympics – Star
Sailing at the 1936 Summer Olympics – 6 Metre,D. Salén,Sailing at the 1932 Summer Olympics – 6 Metre,M. Konow,Sailing at the 1948 Summer Olympics – 6 Metre
Sailing at the 1932 Summer Olympics – 6 Metre,J. Wilson,Sailing at the 1928 Summer Olympics – 6 Metre,"Donald Wills Douglas, Jr.",Sailing at the 1936 Summer Olympics – 6 Metre
Sailing at the 1928 Summer Olympics – 8 Metre,C. Sandblom,Sailing at the 1924 Summer Olympics – 8 Metre,L. Doedes,Sailing at the 1932 Summer Olympics – 8 Metre
Sailing at the 1928 Summer Olympics – 6 Metre,N. Vekšin,Sailing at the 1924 Summer Olympics – 6 Metre,P. Schlütter,Sailing at the 1932 Summer Olympics – 6 Metre
Sailing at the 1928 Summer Olympics – 8 Metre,C. Sandblom,Sailing at the 1924 Summer Olympics – 8 Metre,L. Doedes,Sailing at the 1932 Summer Olympics – 8 Metre
Sailing at the 1928 Summer Olympics – 6 Metre,N. Vekšin,Sailing at the 1924 Summer Olympics – 6 Metre,V. Vett,Sailing at the 1932 Summer Olympics – 6 Metre
Sailing at the 1924 Summer Olympics – 8 Metre,L. Bréguet,Sailing at the 1920 Summer Olympics – 8 Metre,E. Jacob,Sailing at the 1928 Summer Olympics – 8 Metre
Sailing at the 1924 Summer Olympics – 6 Metre,A. Guépin,Sailing at the 1920 Summer Olympics – 6 Metre,V. Vett,Sailing at the 1928 Summer Olympics – 6 Metre
Sailing at the 1924 Summer Olympics – 8 Metre,L. Bréguet,Sailing at the 1920 Summer Olympics – 8 Metre,H. Fowler,Sailing at the 1928 Summer Olympics – 8 Metre
Sailing at the 1924 Summer Olympics – 6 Metre,J. Vreede,Sailing at the 1920 Summer Olympics – 6 Metre,V. Vett,Sailing at the 1928 Summer Olympics – 6 Metre
Sailing at the 1920 Summer Olympics – 6 Metre,T. Pedersen,Sailing at the 1912 Summer Olympics – 6 Metre,A. Knudsen,Sailing at the 1924 Summer Olympics – 6 Metre
Sailing at the 1912 Summer Olympics – 8 Metre,E. Lindh,Sailing at the 1908 Summer Olympics – 8 Metre,A. Thiel,Sailing at the 1920 Summer Olympics – 8 Metre
Sailing at the 1912 Summer Olympics – 6 Metre,E. Sandberg,Sailing at the 1908 Summer Olympics – 6 Metre,H. Meulengracht-Madsen,Sailing at the 1920 Summer Olympics – 6 Metre
Sailing at the 1912 Summer Olympics – 12 Metre,J. Silén,Sailing at the 1908 Summer Olympics – 12 Metre,H. Sällström,Sailing at the 1920 Summer Olympics – 12 Metre
Sailing at the 1912 Summer Olympics – 8 Metre,E. Lindh,Sailing at the 1908 Summer Olympics – 8 Metre,N. Westermark,Sailing at the 1920 Summer Olympics – 8 Metre
Sailing at the 1912 Summer Olympics – 6 Metre,E. Sandberg,Sailing at the 1908 Summer Olympics – 6 Metre,S. Thomsen,Sailing at the 1920 Summer Olympics – 6 Metre
Sailing at the 1912 Summer Olympics – 12 Metre,S. Juslén,Sailing at the 1908 Summer Olympics – 12 Metre,H. Sällström,Sailing at the 1920 Summer Olympics – 12 Metre
Rugby union at the 1924 Summer Olympics,Romania national rugby union team,Rugby union at the 1920 Summer Olympics,France national rugby union team,Rugby sevens at the 2016 Summer Olympics
Rowing at the 2012 Summer Olympics – Women's single sculls,K. Crow,Rowing at the 2008 Summer Olympics – Women's single sculls,F. U. Erichsen,Rowing at the 2016 Summer Olympics – Women's single sculls
Rowing at the 2012 Summer Olympics – Women's quadruple sculls,K. Kohler,Rowing at the 2008 Summer Olympics – Women's quadruple sculls,B. Oppelt,Rowing at the 2016 Summer Olympics – Women's quadruple sculls
Rowing at the 2012 Summer Olympics – Women's lightweight double sculls,C. Giazitzidou,Rowing at the 2008 Summer Olympics – Women's lightweight double sculls,D. Xu,Rowing at the 2016 Summer Olympics – Women's lightweight double sculls
Rowing at the 2012 Summer Olympics – Women's eight,C. Belderbos,Rowing at the 2008 Summer Olympics – Women's eight,N. Mastracci,Rowing at the 2016 Summer Olympics – Women's eight
Rowing at the 2012 Summer Olympics – Women's double sculls,M. Fularczyk,Rowing at the 2008 Summer Olympics – Women's double sculls,K. Crow,Rowing at the 2016 Summer Olympics – Women's double sculls
Rowing at the 2012 Summer Olympics – Women's coxless pair,R. Scown,Rowing at the 2008 Summer Olympics – Women's coxless pair,S. Tait,Rowing at the 2016 Summer Olympics – Women's coxless pair
Rowing at the 2012 Summer Olympics – Men's single sculls,A. Campbell,Rowing at the 2008 Summer Olympics – Men's single sculls,O. Synek,Rowing at the 2016 Summer Olympics – Men's single sculls
Rowing at the 2012 Summer Olympics – Men's quadruple sculls,C. Morgan,Rowing at the 2008 Summer Olympics – Men's quadruple sculls,M. Sinković,Rowing at the 2016 Summer Olympics – Men's quadruple sculls
Rowing at the 2012 Summer Olympics – Men's lightweight double sculls,S. Uru,Rowing at the 2008 Summer Olympics – Men's lightweight double sculls,M. Hunter,Rowing at the 2016 Summer Olympics – Men's lightweight double sculls
Rowing at the 2012 Summer Olympics – Men's lightweight coxless four,E. Ebbesen,Rowing at the 2008 Summer Olympics – Men's lightweight coxless four,P. Chambers,Rowing at the 2016 Summer Olympics – Men's lightweight coxless four
Rowing at the 2012 Summer Olympics – Men's eight,G. Searle,Rowing at the 2008 Summer Olympics – Men's eight,M. Howard,Rowing at the 2016 Summer Olympics – Men's eight
Rowing at the 2012 Summer Olympics – Men's double sculls,I. Čop,Rowing at the 2008 Summer Olympics – Men's double sculls,A. Sartori,Rowing at the 2016 Summer Olympics – Men's double sculls
Rowing at the 2012 Summer Olympics – Men's coxless pair,G. Nash,Rowing at the 2008 Summer Olympics – Men's coxless pair,D. Mortelette,Rowing at the 2016 Summer Olympics – Men's coxless pair
Rowing at the 2012 Summer Olympics – Men's coxless four,C. Cole,Rowing at the 2008 Summer Olympics – Men's coxless four,J. Dunkley-Smith,Rowing at the 2016 Summer Olympics – Men's coxless four
Rowing at the 2012 Summer Olympics – Women's single sculls,K. Crow,Rowing at the 2008 Summer Olympics – Women's single sculls,F. U. Erichsen,Rowing at the 2016 Summer Olympics – Women's single sculls
Rowing at the 2012 Summer Olympics – Women's quadruple sculls,K. Kohler,Rowing at the 2008 Summer Olympics – Women's quadruple sculls,B. Oppelt,Rowing at the 2016 Summer Olympics – Women's quadruple sculls
Rowing at the 2012 Summer Olympics – Women's lightweight double sculls,C. Giazitzidou,Rowing at the 2008 Summer Olympics – Women's lightweight double sculls,D. Xu,Rowing at the 2016 Summer Olympics – Women's lightweight double sculls
Rowing at the 2012 Summer Olympics – Women's eight,A. d. Haan,Rowing at the 2008 Summer Olympics – Women's eight,K. Guloien,Rowing at the 2016 Summer Olympics – Women's eight
Rowing at the 2012 Summer Olympics – Women's double sculls,M. Fularczyk,Rowing at the 2008 Summer Olympics – Women's double sculls,B. Pratley,Rowing at the 2016 Summer Olympics – Women's double sculls
Rowing at the 2012 Summer Olympics – Women's coxless pair,R. Scown,Rowing at the 2008 Summer Olympics – Women's coxless pair,K. Hornsey,Rowing at the 2016 Summer Olympics – Women's coxless pair
Rowing at the 2012 Summer Olympics – Men's single sculls,A. Campbell,Rowing at the 2008 Summer Olympics – Men's single sculls,O. Synek,Rowing at the 2016 Summer Olympics – Men's single sculls
Rowing at the 2012 Summer Olympics – Men's quadruple sculls,D. Noonan,Rowing at the 2008 Summer Olympics – Men's quadruple sculls,D. Martin,Rowing at the 2016 Summer Olympics – Men's quadruple sculls
Rowing at the 2012 Summer Olympics – Men's lightweight double sculls,P. Taylor,Rowing at the 2008 Summer Olympics – Men's lightweight double sculls,Z. Purchase,Rowing at the 2016 Summer Olympics – Men's lightweight double sculls
Rowing at the 2012 Summer Olympics – Men's lightweight coxless four,E. Ebbesen,Rowing at the 2008 Summer Olympics – Men's lightweight coxless four,R. Chambers,Rowing at the 2016 Summer Olympics – Men's lightweight coxless four
Rowing at the 2012 Summer Olympics – Men's eight,J. Foad,Rowing at the 2008 Summer Olympics – Men's eight,A. Byrnes,Rowing at the 2016 Summer Olympics – Men's eight
Rowing at the 2012 Summer Olympics – Men's double sculls,I. Čop,Rowing at the 2008 Summer Olympics – Men's double sculls,A. Sartori,Rowing at the 2016 Summer Olympics – Men's double sculls
Rowing at the 2012 Summer Olympics – Men's coxless pair,G. Nash,Rowing at the 2008 Summer Olympics – Men's coxless pair,D. Mortelette,Rowing at the 2016 Summer Olympics – Men's coxless pair
Rowing at the 2012 Summer Olympics – Men's coxless four,S. Gault,Rowing at the 2008 Summer Olympics – Men's coxless four,J. Dunkley-Smith,Rowing at the 2016 Summer Olympics – Men's coxless four
Rowing at the 2008 Summer Olympics – Women's single sculls,E. Karsten,Rowing at the 2004 Summer Olympics – Women's single sculls,M. Guerette,Rowing at the 2012 Summer Olympics – Women's single sculls
Rowing at the 2008 Summer Olympics – Men's single sculls,M. Drysdale,Rowing at the 2004 Summer Olympics – Men's single sculls,O. Synek,Rowing at the 2012 Summer Olympics – Men's single sculls
Rowing at the 2008 Summer Olympics – Men's double sculls,M. Wells,Rowing at the 2004 Summer Olympics – Men's double sculls,T. Endrekson,Rowing at the 2012 Summer Olympics – Men's double sculls
Rowing at the 2008 Summer Olympics – Men's coxless pair,G. Bridgewater,Rowing at the 2004 Summer Olympics – Men's coxless pair,S. Frandsen,Rowing at the 2012 Summer Olympics – Men's coxless pair
Rowing at the 2008 Summer Olympics – Women's single sculls,E. Karsten,Rowing at the 2004 Summer Olympics – Women's single sculls,M. Guerette,Rowing at the 2012 Summer Olympics – Women's single sculls
Rowing at the 2008 Summer Olympics – Men's single sculls,M. Drysdale,Rowing at the 2004 Summer Olympics – Men's single sculls,O. Synek,Rowing at the 2012 Summer Olympics – Men's single sculls
Rowing at the 2008 Summer Olympics – Men's double sculls,M. Wells,Rowing at the 2004 Summer Olympics – Men's double sculls,T. Endrekson,Rowing at the 2012 Summer Olympics – Men's double sculls
Rowing at the 2008 Summer Olympics – Men's coxless pair,G. Bridgewater,Rowing at the 2004 Summer Olympics – Men's coxless pair,S. Frandsen,Rowing at the 2012 Summer Olympics – Men's coxless pair
Rowing at the 2004 Summer Olympics – Women's single sculls,R. Neykova,Rowing at the 2000 Summer Olympics,E. Karsten,Rowing at the 2008 Summer Olympics – Women's single sculls
Rowing at the 2004 Summer Olympics – Men's single sculls,I. Yanakiev,Rowing at the 2000 Summer Olympics – Men's single sculls,J. Jaanson,Rowing at the 2008 Summer Olympics – Men's single sculls
Rowing at the 2004 Summer Olympics – Women's single sculls,R. Neykova,Rowing at the 2000 Summer Olympics,E. Karsten,Rowing at the 2008 Summer Olympics – Women's single sculls
Rowing at the 2004 Summer Olympics – Men's single sculls,I. Yanakiev,Rowing at the 2000 Summer Olympics – Men's single sculls,J. Jaanson,Rowing at the 2008 Summer Olympics – Men's single sculls
Rowing at the 2000 Summer Olympics – Men's single sculls,M. Hacker,Rowing at the 1996 Summer Olympics – Men's single sculls,X. Mueller,Rowing at the 2004 Summer Olympics – Men's single sculls
Rowing at the 2000 Summer Olympics – Men's lightweight double sculls,P. Touron,Rowing at the 1996 Summer Olympics – Men's lightweight double sculls,E. Luini,Rowing at the 2004 Summer Olympics – Men's lightweight double sculls
Rowing at the 2000 Summer Olympics – Men's eight,K. Čuljak,Rowing at the 1996 Summer Olympics – Men's eight,J. Fernandez,Rowing at the 2004 Summer Olympics – Men's eight
Rowing at the 2000 Summer Olympics – Men's single sculls,M. Hacker,Rowing at the 1996 Summer Olympics – Men's single sculls,X. Mueller,Rowing at the 2004 Summer Olympics – Men's single sculls
Rowing at the 2000 Summer Olympics – Men's lightweight double sculls,P. Touron,Rowing at the 1996 Summer Olympics – Men's lightweight double sculls,E. Luini,Rowing at the 2004 Summer Olympics – Men's lightweight double sculls
Rowing at the 2000 Summer Olympics – Men's eight,B. Vujević,Rowing at the 1996 Summer Olympics – Men's eight,C. Ryan,Rowing at the 2004 Summer Olympics – Men's eight
Rowing at the 1996 Summer Olympics – Men's single sculls,T. Lange,Rowing at the 1992 Summer Olympics – Men's single sculls,D. Porter,Rowing at the 2000 Summer Olympics – Men's single sculls
Rowing at the 1992 Summer Olympics – Men's single sculls,K. Broniewski,Rowing at the 1988 Summer Olympics – Men's single sculls,V. Chalupa,Rowing at the 1996 Summer Olympics – Men's single sculls
Rowing at the 1988 Summer Olympics – Men's single sculls,E. Verdonk,Rowing at the 1984 Summer Olympics – Men's single sculls,P. Kolbe,Rowing at the 1992 Summer Olympics – Men's single sculls
Rowing at the 1984 Summer Olympics – Men's single sculls,R. Mills,Rowing at the 1980 Summer Olympics – Men's single sculls,P. Kolbe,Rowing at the 1988 Summer Olympics – Men's single sculls
Rowing at the 1980 Summer Olympics – Men's single sculls,P. Kersten,Rowing at the 1976 Summer Olympics – Men's single sculls,V. Yakusha,Rowing at the 1984 Summer Olympics – Men's single sculls
Rowing at the 1980 Summer Olympics – Men's coxless four,J. Beattie,Rowing at the 1976 Summer Olympics – Men's coxless four,A. Kulagin,Rowing at the 1984 Summer Olympics – Men's coxless four
Rowing at the 1980 Summer Olympics – Men's coxed four,R. Kubiak,Rowing at the 1976 Summer Olympics – Men's coxed four,Ž. Tikmers,Rowing at the 1984 Summer Olympics – Men's coxed four
Rowing at the 1980 Summer Olympics – Men's single sculls,P. Kersten,Rowing at the 1976 Summer Olympics – Men's single sculls,V. Yakusha,Rowing at the 1984 Summer Olympics – Men's single sculls
Rowing at the 1980 Summer Olympics – Men's coxless four,I. McNuff,Rowing at the 1976 Summer Olympics – Men's coxless four,A. Kulagin,Rowing at the 1984 Summer Olympics – Men's coxless four
Rowing at the 1980 Summer Olympics – Men's coxed four,A. Tomasiak,Rowing at the 1976 Summer Olympics – Men's coxed four,Ž. Tikmers,Rowing at the 1984 Summer Olympics – Men's coxed four
Rowing at the 1976 Summer Olympics – Men's single sculls,J. Dreifke,Rowing at the 1972 Summer Olympics – Men's single sculls,P. Kolbe,Rowing at the 1980 Summer Olympics – Men's single sculls
Rowing at the 1976 Summer Olympics – Men's eight,A. McLean,Rowing at the 1972 Summer Olympics – Men's eight,R. Lester,Rowing at the 1980 Summer Olympics – Men's eight
Rowing at the 1976 Summer Olympics – Men's double sculls,H. Schmied,Rowing at the 1972 Summer Olympics – Men's double sculls,M. Hart,Rowing at the 1980 Summer Olympics – Men's double sculls
Rowing at the 1976 Summer Olympics – Men's coxless four,N. Kuznetsov,Rowing at the 1972 Summer Olympics – Men's coxless four,A. Bergodd,Rowing at the 1980 Summer Olympics – Men's coxless four
Rowing at the 1976 Summer Olympics – Men's coxed four,H. Färber,Rowing at the 1972 Summer Olympics – Men's coxed four,A. Schulz,Rowing at the 1980 Summer Olympics – Men's coxed four
Rowing at the 1976 Summer Olympics – Men's single sculls,J. Dreifke,Rowing at the 1972 Summer Olympics – Men's single sculls,P. Kolbe,Rowing at the 1980 Summer Olympics – Men's single sculls
Rowing at the 1976 Summer Olympics – Men's eight,A. Earl,Rowing at the 1972 Summer Olympics – Men's eight,L. Robertson,Rowing at the 1980 Summer Olympics – Men's eight
Rowing at the 1976 Summer Olympics – Men's double sculls,H. Schmied,Rowing at the 1972 Summer Olympics – Men's double sculls,M. Hart,Rowing at the 1980 Summer Olympics – Men's double sculls
Rowing at the 1976 Summer Olympics – Men's coxless four,N. Kuznetsov,Rowing at the 1972 Summer Olympics – Men's coxless four,A. Bergodd,Rowing at the 1980 Summer Olympics – Men's coxless four
Rowing at the 1976 Summer Olympics – Men's coxed four,H. Färber,Rowing at the 1972 Summer Olympics – Men's coxed four,A. Schulz,Rowing at the 1980 Summer Olympics – Men's coxed four
Rowing at the 1972 Summer Olympics – Men's single sculls,W. Güldenpfennig,Rowing at the 1968 Summer Olympics – Men's single sculls,A. Demiddi,Rowing at the 1976 Summer Olympics – Men's single sculls
Rowing at the 1972 Summer Olympics – Men's eight,B. Landvoigt,Rowing at the 1968 Summer Olympics – Men's eight,P. Hoffman,Rowing at the 1976 Summer Olympics – Men's eight
Rowing at the 1972 Summer Olympics – Men's double sculls,J. Böhmer,Rowing at the 1968 Summer Olympics – Men's double sculls,F. Hansen,Rowing at the 1976 Summer Olympics – Men's double sculls
Rowing at the 1972 Summer Olympics – Men's coxed four,V. Petříček,Rowing at the 1968 Summer Olympics – Men's coxed four,K. Ludwig,Rowing at the 1976 Summer Olympics – Men's coxed four
Rowing at the 1972 Summer Olympics – Men's single sculls,W. Güldenpfennig,Rowing at the 1968 Summer Olympics – Men's single sculls,A. Demiddi,Rowing at the 1976 Summer Olympics – Men's single sculls
Rowing at the 1972 Summer Olympics – Men's eight,H. Mederow,Rowing at the 1968 Summer Olympics – Men's eight,F. Hobbs,Rowing at the 1976 Summer Olympics – Men's eight
Rowing at the 1972 Summer Olympics – Men's double sculls,H. Schmied,Rowing at the 1968 Summer Olympics – Men's double sculls,F. Hansen,Rowing at the 1976 Summer Olympics – Men's double sculls
Rowing at the 1972 Summer Olympics – Men's coxed four,V. Petříček,Rowing at the 1968 Summer Olympics – Men's coxed four,R. Gust,Rowing at the 1976 Summer Olympics – Men's coxed four
Rowing at the 1968 Summer Olympics – Men's single sculls,A. Demiddi,Rowing at the 1964 Summer Olympics – Men's single sculls,J. Meißner,Rowing at the 1972 Summer Olympics – Men's single sculls
Rowing at the 1968 Summer Olympics – Men's eight,Z. Jukna,Rowing at the 1964 Summer Olympics – Men's eight,A. Grover,Rowing at the 1972 Summer Olympics – Men's eight
Rowing at the 1968 Summer Olympics – Men's coxed four,H. Waser,Rowing at the 1964 Summer Olympics – Men's coxed four,R. Göhler,Rowing at the 1972 Summer Olympics – Men's coxed four
Rowing at the 1968 Summer Olympics – Men's single sculls,A. Demiddi,Rowing at the 1964 Summer Olympics – Men's single sculls,J. Meißner,Rowing at the 1972 Summer Olympics – Men's single sculls
Rowing at the 1968 Summer Olympics – Men's eight,J. Jagelavičius,Rowing at the 1964 Summer Olympics – Men's eight,M. Morgan,Rowing at the 1972 Summer Olympics – Men's eight
Rowing at the 1968 Summer Olympics – Men's coxed four,G. Fröhlich,Rowing at the 1964 Summer Olympics – Men's coxed four,D. Semetzky,Rowing at the 1972 Summer Olympics – Men's coxed four
Rowing at the 1960 Summer Olympics – Men's single sculls,T. Kocerka,Rowing at the 1956 Summer Olympics – Men's single sculls,A. Hill,Rowing at the 1964 Summer Olympics – Men's single sculls
Rowing at the 1956 Summer Olympics – Men's single sculls,John B. Kelly Jr.,Rowing at the 1952 Summer Olympics – Men's single sculls,S. MacKenzie,Rowing at the 1960 Summer Olympics – Men's single sculls
Rowing at the 1952 Summer Olympics – Men's single sculls,T. Kocerka,Rowing at the 1948 Summer Olympics – Men's single sculls,M. Wood,Rowing at the 1956 Summer Olympics – Men's single sculls
Rowing at the 1952 Summer Olympics – Men's coxless pair,K. Schmid,Rowing at the 1948 Summer Olympics – Men's coxless pair,M. Knuysen,Rowing at the 1956 Summer Olympics – Men's coxless pair
Rowing at the 1952 Summer Olympics – Men's single sculls,T. Kocerka,Rowing at the 1948 Summer Olympics – Men's single sculls,M. Wood,Rowing at the 1956 Summer Olympics – Men's single sculls
Rowing at the 1952 Summer Olympics – Men's coxless pair,H. Kalt,Rowing at the 1948 Summer Olympics – Men's coxless pair,B. Baetens,Rowing at the 1956 Summer Olympics – Men's coxless pair
Rowing at the 1948 Summer Olympics – Men's single sculls,R. Catasta,Rowing at the 1936 Summer Olympics – Men's single sculls,E. Risso,Rowing at the 1952 Summer Olympics – Men's single sculls
Rowing at the 1948 Summer Olympics – Men's double sculls,W. Jones,Rowing at the 1936 Summer Olympics – Men's double sculls,A. Larsen,Rowing at the 1952 Summer Olympics – Men's double sculls
Rowing at the 1948 Summer Olympics – Men's coxless pair,B. Boni,Rowing at the 1936 Summer Olympics – Men's coxless pair,H. Kalt,Rowing at the 1952 Summer Olympics – Men's coxless pair
Rowing at the 1948 Summer Olympics – Men's single sculls,R. Catasta,Rowing at the 1936 Summer Olympics – Men's single sculls,E. Risso,Rowing at the 1952 Summer Olympics – Men's single sculls
Rowing at the 1948 Summer Olympics – Men's double sculls,W. Jones,Rowing at the 1936 Summer Olympics – Men's double sculls,A. Larsen,Rowing at the 1952 Summer Olympics – Men's double sculls
Rowing at the 1948 Summer Olympics – Men's coxless pair,B. Boni,Rowing at the 1936 Summer Olympics – Men's coxless pair,H. Kalt,Rowing at the 1952 Summer Olympics – Men's coxless pair
