col0,col1,col2,col3,col4,col5,col6,col7
United States at the 2016 Summer Olympics,M. Phelps,2016 Summer,38,555,1,37,46
United States at the 2014 Winter Olympics,J. Chu,2014 Winter,12,230,4,7,9
United States at the 2012 Summer Olympics,M. Zagunis,2012 Summer,29,530,1,28,46
United States at the 2010 Winter Olympics,B. Demong,2010 Winter,13,216,3,15,9
United States at the 2008 Summer Olympics,L. Lomong,2008 Summer,36,596,2,38,36
United States at the 2006 Winter Olympics,J. Cheek,2006 Winter,7,211,2,9,9
United States at the 2004 Summer Olympics,M. Hamm,2004 Summer,26,613,1,39,36
United States at the 2002 Winter Olympics,B. Shimer,2002 Winter,11,202,3,13,10
United States at the 2000 Summer Olympics,R. Gardner,2000 Summer,32,253,1,24,37
United States at the 1998 Winter Olympics,C. Granato,1998 Winter,4,186,5,3,6
United States at the 1996 Summer Olympics,M. R. Matz,1996 Summer,25,271,1,32,44
United States at the 1994 Winter Olympics,C. Myler,1994 Winter,2,147,5,5,6
United States at the 1992 Winter Olympics,B. Koch,1992 Winter,2,147,5,4,5
United States at the 1992 Summer Olympics,P. Westbrook,1992 Summer,37,545,2,34,37
United States at the 1988 Summer Olympics,E. Ashford,1988 Summer,27,195,3,31,36
United States at the 1984 Winter Olympics,F. Masley,1984 Winter,0,107,3,4,4
United States at the 1984 Summer Olympics,E. Burke,1984 Summer,30,183,1,61,83
United States at the 1980 Winter Olympics,S. Hamilton,1980 Winter,2,101,3,4,6
United States at the 1976 Winter Olympics,C. Nelson,1976 Winter,4,106,3,3,3
United States at the 1976 Summer Olympics,G. H. Sr.,1976 Summer,25,118,3,35,34
United States at the 1972 Winter Olympics,D. Holum,1972 Winter,3,103,5,2,3
United States at the 1972 Summer Olympics,O. Connolly,1972 Summer,30,84,2,31,33
United States at the 1968 Winter Olympics,T. McDermott,1968 Winter,1,95,9,5,1
