col0,col1,col2,col3,col4,col5,col6,col7
United States at the 1968 Summer Olympics,J. Romary,1968 Summer,34,83,1,28,45
United States at the 1964 Winter Olympics,W. Disney,1964 Winter,4,89,8,2,1
United States at the 1964 Summer Olympics,P. O'Brien,1964 Summer,28,79,1,26,36
United States at the 1960 Winter Olympics,D. McDermott,1960 Winter,3,79,3,4,3
United States at the 1960 Summer Olympics,R. Johnson,1960 Summer,16,51,2,21,34
United States at the 1956 Winter Olympics,J. J. Bickford,1956 Winter,2,67,6,3,2
United States at the 1956 Summer Olympics,N. Armitage,1956 Summer,17,46,2,25,32
United States at the 1952 Winter Olympics,J. J. Bickford,1952 Winter,1,65,2,6,4
United States at the 1952 Summer Olympics,N. Armitage,1952 Summer,17,41,1,19,40
United States at the 1948 Winter Olympics,J. Heaton,1948 Winter,2,69,4,4,3
United States at the 1948 Summer Olympics,R. Craig,1948 Summer,19,38,1,27,38
United States at the 1936 Winter Olympics,R. Monsen,1936 Winter,3,55,8,0,1
United States at the 1936 Summer Olympics,W. O'Connor,1936 Summer,12,46,2,20,24
United States at the 1932 Winter Olympics,B. Fiske,1932 Winter,2,64,1,4,6
United States at the 1932 Summer Olympics,M. Taylor,1932 Summer,30,74,1,32,41
United States at the 1928 Winter Olympics,G. Dewey,1928 Winter,2,24,2,2,2
United States at the 1928 Summer Olympics,B. Houser,1928 Summer,16,280,1,18,22
United States at the 1924 Winter Olympics,C. J. Abel,1924 Winter,1,24,5,2,1
United States at the 1924 Summer Olympics,P. McDonald,1924 Summer,27,24,1,27,45
United States at the 1920 Summer Olympics,P. McDonald,1920 Summer,27,14,1,27,41
United States at the 1912 Summer Olympics,G. Bonhag,1912 Summer,19,174,1,19,25
Unified Team at the 1992 Winter Olympics,V. Medvedtsev,1992 Winter,8,129,2,6,9
Unified Team at the 1992 Summer Olympics,A. Karelin,1992 Summer,29,165,1,38,45
Switzerland at the 2016 Summer Olympics,G. Steingruber,2016 Summer,2,104,24,2,3
Switzerland at the 2014 Winter Olympics,S. Ammann,2014 Winter,2,163,7,3,6
Switzerland at the 2008 Summer Olympics,R. Federer,2008 Summer,4,84,33,1,2
Switzerland at the 2006 Winter Olympics,P. Schoch,2006 Winter,5,140,8,4,5
Switzerland at the 2004 Summer Olympics,R. Federer,2004 Summer,3,98,46,1,1
Switzerland at the 2002 Winter Olympics,Snowboarding,2002 Winter,6,110,11,2,3
Switzerland at the 2000 Summer Olympics,T. Frischknecht,2000 Summer,2,102,37,6,1
Switzerland at the 1998 Winter Olympics,Biathlon,1998 Winter,3,69,12,2,2
Switzerland at the 1994 Winter Olympics,G. Weder,1994 Winter,2,59,8,4,3
Switzerland at the 1992 Winter Olympics,V. Schneider,1992 Winter,2,74,14,0,1
Switzerland at the 1988 Winter Olympics,M. Figini,1988 Winter,5,70,3,5,5
Switzerland at the 1988 Summer Olympics,C. Bürki,1988 Summer,2,27,33,2,0
Switzerland at the 1984 Winter Olympics,E. Hess,1984 Winter,1,42,7,2,2
Switzerland at the 1984 Summer Olympics,C. Stückelberger,1984 Summer,4,27,26,4,0
Switzerland at the 1980 Winter Olympics,M. Nadig,1980 Winter,3,44,10,1,1
Switzerland at the 1976 Winter Olympics,W. Carmichel,1976 Winter,1,59,8,3,1
Switzerland at the 1976 Summer Olympics,C. Kauter,1976 Summer,2,50,20,1,1
Switzerland at the 1972 Winter Olympics,E. Bruggmann,1972 Winter,3,52,3,3,4
Switzerland at the 1968 Winter Olympics,A. Kälin,1968 Winter,4,34,14,2,0
Switzerland at the 1960 Winter Olympics,A. Däscher,1960 Winter,0,21,8,0,2
Sweden at the 2016 Summer Olympics,T. Alshammar,2016 Summer,3,152,29,6,2
Sweden at the 2014 Winter Olympics,C. Kalla,2014 Winter,6,106,14,7,2
Sweden at the 2012 Summer Olympics,F. Lööf,2012 Summer,3,134,37,4,1
Sweden at the 2010 Winter Olympics,P. Forsberg,2010 Winter,4,106,7,2,5
Sweden at the 2006 Winter Olympics,A. Pärson,2006 Winter,5,106,6,2,7
Sweden at the 2004 Summer Olympics,L. Frölander,2004 Summer,1,115,19,2,4
Sweden at the 2002 Winter Olympics,M. Forsberg,2002 Winter,5,102,19,2,0
Sweden at the 2000 Summer Olympics,A. Olsson,2000 Summer,3,52,18,5,4
Sweden at the 1998 Winter Olympics,T. Mogren,1998 Winter,1,99,17,2,0
Sweden at the 1996 Summer Olympics,J. Waldner,1996 Summer,2,66,29,4,2
Sweden at the 1994 Winter Olympics,P. Wiberg,1994 Winter,0,84,10,1,2
Sweden at the 1992 Winter Olympics,T. Gustafson,1992 Winter,3,73,13,0,1
Sweden at the 1992 Summer Olympics,S. Edberg,1992 Summer,4,187,27,7,1
Sweden at the 1988 Winter Olympics,T. Wassberg,1988 Winter,2,67,5,0,4
Sweden at the 1988 Summer Olympics,A. Andersson,1988 Summer,7,37,32,4,0
Sweden at the 1984 Winter Olympics,M. Waltin,1984 Winter,2,60,5,2,4
Sweden at the 1984 Summer Olympics,H. Svensson,1984 Summer,6,43,16,11,2
Sweden at the 1980 Winter Olympics,C. C. Skiing,1980 Winter,1,61,5,0,3
Sweden at the 1980 Summer Olympics,S. Pettersson,1980 Summer,6,23,11,3,3
