col0,col1,col2,col3,col4,col5,col6,col7
Sweden at the 1976 Winter Olympics,C. Eriksson,1976 Winter,2,39,14,0,0
Sweden at the 1976 Summer Olympics,J. Karlsson,1976 Summer,0,17,12,1,4
Sweden at the 1972 Winter Olympics,H. Börjes,1972 Winter,2,58,10,1,1
Sweden at the 1972 Summer Olympics,J. Jönsson,1972 Summer,6,27,11,6,4
Sweden at the 1968 Winter Olympics,B. Martinsson,1968 Winter,3,68,7,2,3
Sweden at the 1968 Summer Olympics,R. Peterson,1968 Summer,1,14,20,1,2
Sweden at the 1964 Winter Olympics,C. skiing,1964 Winter,1,57,7,3,3
Sweden at the 1960 Winter Olympics,I. hockey,1960 Winter,2,47,5,2,3
Sweden at the 1960 Summer Olympics,W. Grut,1960 Summer,3,19,16,2,1
Sweden at the 1956 Winter Olympics,S. Jumping,1956 Winter,4,58,6,4,2
Sweden at the 1952 Winter Olympics,E. Elmsäter,1952 Winter,4,65,10,0,0
Sweden at the 1948 Winter Olympics,E. Lindström,1948 Winter,3,43,1,3,4
Sweden at the 1936 Winter Olympics,S. Selånger,1936 Winter,3,32,3,2,2
Sweden at the 1932 Winter Olympics,S. Selånger,1932 Winter,0,12,3,2,1
Sweden at the 1928 Winter Olympics,I. hockey,1928 Winter,1,24,3,2,2
Sweden at the 1924 Winter Olympics,I. hockey,1924 Winter,0,31,7,1,1
Norway at the 2014 Winter Olympics,O. E. Bjørndalen,2014 Winter,10,134,2,5,11
Norway at the 2012 Summer Olympics,E. V. Larsen,2012 Summer,1,66,35,1,2
Norway at the 2010 Winter Olympics,P. Northug,2010 Winter,6,99,4,8,9
Norway at the 2008 Summer Olympics,G. Hammerseng,2008 Summer,1,85,22,5,3
Norway at the 2006 Winter Olympics,F. Estil,2006 Winter,9,69,13,8,2
Norway at the 2004 Summer Olympics,H. Stenvaag,2004 Summer,1,53,17,0,5
Norway at the 2002 Winter Olympics,Liv Grete Skjelbreid Poirée,2002 Winter,7,77,1,5,13
Norway at the 2000 Summer Olympics,V. Rodal,2000 Summer,3,93,19,3,4
Norway at the 1998 Winter Olympics,E. Bredesen,1998 Winter,5,76,2,10,10
Norway at the 1996 Summer Olympics,L. Andersen,1996 Summer,3,98,30,2,2
Norway at the 1994 Winter Olympics,B. Dæhlie,1994 Winter,5,88,2,11,10
Norway at the 1992 Winter Olympics,E. Kvalfoss,1992 Winter,5,80,3,6,9
Norway at the 1992 Summer Olympics,J. Horgen,1992 Summer,1,32,22,4,2
Norway at the 1988 Winter Olympics,O. Brå,1988 Winter,2,63,12,3,0
Norway at the 1988 Summer Olympics,G. Waitz,1988 Summer,0,25,21,3,2
Norway at the 1984 Winter Olympics,B. E. Jensen,1984 Winter,4,58,6,2,3
Norway at the 1984 Summer Olympics,A. Hansen,1984 Summer,2,19,28,1,0
Norway at the 1980 Winter Olympics,J. E. Storholt,1980 Winter,6,64,8,3,1
Norway at the 1976 Winter Olympics,P. Tyldum,1976 Winter,1,42,4,3,3
Norway at the 1976 Summer Olympics,L. Jenssen,1976 Summer,0,6,21,1,1
Norway at the 1972 Winter Olympics,M. Solberg,1972 Winter,5,67,3,5,2
Norway at the 1968 Winter Olympics,B. Wirkola,1968 Winter,2,65,1,6,6
Norway at the 1968 Summer Olympics,B. Berthelsen,1968 Summer,0,46,25,1,1
Norway at the 1964 Winter Olympics,K. Johannesen,1964 Winter,6,58,3,6,3
Norway at the 1960 Winter Olympics,K. Johannesen,1960 Winter,0,29,6,3,3
Norway at the 1960 Summer Olympics,S. Strandli,1960 Summer,0,40,21,0,1
Norway at the 1956 Winter Olympics,S. Stenersen,1956 Winter,1,45,7,1,2
Norway at the 1956 Summer Olympics,T. Thorvaldsen,1956 Summer,2,22,22,0,1
Norway at the 1952 Winter Olympics,H. Andersen,1952 Winter,6,73,1,3,7
Norway at the 1952 Summer Olympics,M. Stokken,1952 Summer,0,102,10,2,3
Norway at the 1948 Winter Olympics,B. Ruud,1948 Winter,3,49,1,3,4
Norway at the 1948 Summer Olympics,G. Holmvang,1948 Summer,3,81,19,3,1
Norway at the 1936 Winter Olympics,I. Ballangrud,1936 Winter,3,31,1,5,7
Norway at the 1936 Summer Olympics,O. Berg,1936 Summer,2,70,18,3,1
Norway at the 1932 Winter Olympics,J. Grøttumsbråten,1932 Winter,3,19,2,4,3
Norway at the 1928 Winter Olympics,O. Reistad,1928 Winter,5,25,1,4,6
Norway at the 1924 Winter Olympics,H. Strøm,1924 Winter,6,14,1,7,4
Norway at the 1920 Summer Olympics,H. Løvland,1920 Summer,9,194,6,9,13
Netherlands at the 2016 Summer Olympics,S. Wevers,2016 Summer,4,242,11,7,8
Netherlands at the 2014 Winter Olympics,B. d. Jong,2014 Winter,9,41,5,7,8
Netherlands at the 2012 Summer Olympics,R. Kromowidjojo,2012 Summer,8,175,13,6,6
Netherlands at the 2010 Winter Olympics,S. Kramer,2010 Winter,3,34,10,1,4
Netherlands at the 2008 Summer Olympics,Maarten van der Weijden,2008 Summer,4,243,12,5,7
Netherlands at the 2006 Winter Olympics,J. Bos,2006 Winter,4,33,10,2,3
Netherlands at the 2004 Summer Olympics,L. v. Moorsel,2004 Summer,9,210,18,9,4
Netherlands at the 2002 Winter Olympics,G. v. Velde,2002 Winter,0,27,9,5,3
Netherlands at the 2000 Summer Olympics,I. d. Bruijn,2000 Summer,4,243,8,9,12
Netherlands at the 1998 Winter Olympics,G. Romme,1998 Winter,2,22,6,4,5
Netherlands at the 1996 Summer Olympics,N. Rienks,1996 Summer,10,235,15,5,4
Netherlands at the 1994 Winter Olympics,C. Aaftink,1994 Winter,3,21,18,1,0
Netherlands at the 1992 Winter Olympics,L. Visser,1992 Winter,2,19,12,1,1
Netherlands at the 1992 Summer Olympics,C. Benninga,1992 Summer,7,201,20,6,2
Netherlands at the 1988 Summer Olympics,E. Swinkels,1988 Summer,5,54,22,2,2
Netherlands at the 1984 Summer Olympics,T. Buunk,1984 Summer,6,54,13,2,5
Netherlands at the 1976 Summer Olympics,A. Bolhuis,1976 Summer,3,108,29,2,0
Netherlands at the 1968 Summer Olympics,F. v. Dorp,1968 Summer,1,107,17,3,3
Netherlands at the 1964 Summer Olympics,A. Geesink,1964 Summer,4,20,15,4,2
Netherlands at the 1960 Summer Olympics,Jan Willem van Erven Dorens,1960 Summer,2,30,28,1,0
Netherlands at the 1952 Winter Olympics,Wim van der Voort,1952 Winter,0,11,9,3,0
Netherlands at the 1936 Summer Olympics,R. d. Waal,1936 Summer,7,20,9,4,6
Italy at the 2016 Summer Olympics,F. Pellegrini,2016 Summer,8,314,9,12,8
Italy at the 2014 Winter Olympics,A. Zöggeler,2014 Winter,6,113,22,2,0
Italy at the 2012 Summer Olympics,V. Vezzali,2012 Summer,11,285,9,9,8
Italy at the 2010 Winter Olympics,G. D. Centa,2010 Winter,3,114,16,1,1
Italy at the 2008 Summer Olympics,C. Russo,2008 Summer,10,344,9,9,8
Italy at the 2006 Winter Olympics,C. Kostner,2006 Winter,6,185,9,0,5
Italy at the 2004 Summer Olympics,J. Chechi,2004 Summer,11,364,8,11,10
Italy at the 2002 Winter Olympics,I. Kostner,2002 Winter,5,112,7,4,4
Italy at the 2000 Summer Olympics,C. Myers,2000 Summer,13,361,7,8,13
Italy at the 1998 Winter Olympics,G. Weissensteiner,1998 Winter,2,113,10,6,2
Italy at the 1996 Summer Olympics,G. Trillini,1996 Summer,12,340,6,10,13
Italy at the 1994 Winter Olympics,D. Compagnoni,1994 Winter,8,104,4,5,7
Italy at the 1992 Winter Olympics,A. Tomba,1992 Winter,4,107,6,6,4
Italy at the 1992 Summer Olympics,G. Abbagnale,1992 Summer,8,304,12,5,6
Italy at the 1988 Winter Olympics,M. D. Zolt,1988 Winter,2,58,10,1,2
Italy at the 1988 Summer Olympics,P. Mennea,1988 Summer,4,253,10,4,6
Italy at the 1984 Winter Olympics,P. Hildgartner,1984 Winter,0,74,10,0,2
Italy at the 1984 Summer Olympics,S. Simeoni,1984 Summer,12,268,5,6,14
Italy at the 1980 Winter Olympics,G. Thöni,1980 Winter,0,46,13,2,0
Italy at the 1976 Winter Olympics,G. Thöni,1976 Winter,1,58,10,2,1
Italy at the 1976 Summer Olympics,K. Dibiasi,1976 Summer,4,210,14,7,2
Italy at the 1972 Winter Olympics,L. d. Paolis,1972 Winter,1,44,8,2,2
Italy at the 1972 Summer Olympics,A. Pamich,1972 Summer,10,27,10,3,5
Italy at the 1968 Winter Olympics,C. Fasolis,1968 Winter,0,52,4,0,4
Italy at the 1968 Summer Olympics,R. D'Inzeo,1968 Summer,9,167,13,4,3
Italy at the 1964 Winter Olympics,E. Monti,1964 Winter,3,61,12,1,0
Italy at the 1964 Summer Olympics,G. Delfino,1964 Summer,7,168,5,10,10
Italy at the 1960 Summer Olympics,E. Mangiarotti,1960 Summer,13,280,3,10,13
Italy at the 1956 Winter Olympics,N. Zandanel,1956 Winter,0,65,8,2,1
Italy at the 1956 Summer Olympics,E. Mangiarotti,1956 Summer,9,129,5,8,8
Italy at the 1952 Summer Olympics,M. Cicognani,1952 Summer,4,231,5,9,8
Italy at the 1948 Summer Olympics,G. Rocca,1948 Summer,8,215,5,11,8
Italy at the 1936 Summer Olympics,G. Gaudini,1936 Summer,5,16,4,9,8
Italy at the 1932 Summer Olympics,U. Frigerio,1932 Summer,12,112,2,12,12
Italy at the 1928 Summer Olympics,C. Galimberti,1928 Summer,7,174,5,5,7
Italy at the 1924 Summer Olympics,U. Frigerio,1924 Summer,5,200,5,3,8
Italy at the 1920 Summer Olympics,N. Nadi,1920 Summer,5,174,7,5,13
Italy at the 1912 Summer Olympics,A. Braglia,1912 Summer,2,61,11,1,3
Hungary at the 2016 Summer Olympics,Á. Szilágyi,2016 Summer,4,160,12,3,8
Hungary at the 2012 Summer Olympics,P. Biros,2012 Summer,6,159,10,4,8
Hungary at the 2008 Summer Olympics,A. Vajda,2008 Summer,2,171,21,5,3
Hungary at the 2004 Summer Olympics,A. Kovács,2004 Summer,3,209,12,6,8
Hungary at the 2000 Summer Olympics,R. Kőbán,2000 Summer,3,69,13,6,8
Hungary at the 1996 Summer Olympics,B. Szabó,1996 Summer,10,65,12,4,7
Hungary at the 1992 Summer Olympics,T. Komáromi,1992 Summer,7,58,8,12,11
Hungary at the 1988 Summer Olympics,I. Vaskuti,1988 Summer,6,36,6,6,11
Hungary at the 1980 Summer Olympics,I. S. Jr.,1980 Summer,15,81,6,10,7
Hungary at the 1976 Summer Olympics,J. Kamuti,1976 Summer,13,54,10,5,4
Hungary at the 1972 Summer Olympics,G. Kulcsár,1972 Summer,16,45,8,13,6
Hungary at the 1968 Summer Olympics,G. Kulcsár,1968 Summer,12,32,4,10,10
Hungary at the 1964 Summer Olympics,G. Kulcsár,1964 Summer,5,32,6,7,10
Hungary at the 1960 Summer Olympics,J. Simon,1960 Summer,7,27,7,8,6
Hungary at the 1956 Summer Olympics,J. Csermák,1956 Summer,7,20,4,10,9
