col0,col1,col2,col3,col4,col5,col6,col7
Hungary at the 1952 Summer Olympics,I. Németh,1952 Summer,16,27,3,10,16
Hungary at the 1948 Summer Olympics,I. Németh,1948 Summer,12,21,4,5,10
Hungary at the 1924 Summer Olympics,S. Toldi,1924 Summer,4,89,13,3,2
Hungary at the 1912 Summer Olympics,J. Rittich,1912 Summer,3,121,9,2,3
Hungary at the 1908 Summer Olympics,I. Mudin,1908 Summer,2,63,6,4,3
Greece at the 2016 Summer Olympics,E. Stefanidi,2016 Summer,2,93,26,1,3
Greece at the 2012 Summer Olympics,A. Nikolaidis,2012 Summer,2,103,75,0,0
Greece at the 2004 Summer Olympics,P. Dimas,2004 Summer,4,426,15,6,6
Greece at the 2000 Summer Olympics,N. Kaklamanakis,2000 Summer,3,58,17,6,4
Greece at the 1996 Summer Olympics,P. Dimas,1996 Summer,0,121,16,4,4
Greece at the 1992 Summer Olympics,L. Papakostas,1992 Summer,0,14,26,0,2
Greece at the 1988 Summer Olympics,C. Cholidis,1988 Summer,1,56,46,0,0
Greece at the 1984 Summer Olympics,S. Mygiakis,1984 Summer,1,4,30,1,0
Greece at the 1980 Summer Olympics,I. Khatzipavlis,1980 Summer,2,43,22,0,1
Greece at the 1972 Summer Olympics,K. Papanikolaou,1972 Summer,0,2,29,2,0
Greece at the 1968 Summer Olympics,K. Papanikolaou,1968 Summer,1,0,42,0,0
Greece at the 1960 Summer Olympics,Constantine II of Greece,1960 Summer,0,48,21,0,1
Greece at the 1956 Summer Olympics,G. Roubanis,1956 Summer,1,13,35,0,0
Greece at the 1920 Summer Olympics,V. Zarkadis,1920 Summer,0,47,19,1,0
Greece at the 1912 Summer Olympics,K. Tsiklitiras,1912 Summer,1,22,15,0,1
Greece at the 1908 Summer Olympics,N. Georgantas,1908 Summer,1,20,15,3,0
Great Britain at the 2016 Summer Olympics,A. Murray,2016 Summer,17,366,2,23,27
Great Britain at the 2014 Winter Olympics,L. Yarnold,2014 Winter,2,56,19,1,1
Great Britain at the 2012 Summer Olympics,B. Ainslie,2012 Summer,19,541,3,17,29
Great Britain at the 2008 Summer Olympics,C. Hoy,2008 Summer,15,311,4,13,19
Great Britain at the 2006 Winter Olympics,R. Martin,2006 Winter,0,41,21,1,0
Great Britain at the 2004 Summer Olympics,K. Holmes,2004 Summer,12,264,10,9,9
Great Britain at the 2002 Winter Olympics,R. Martin,2002 Winter,1,49,18,0,1
Great Britain at the 2000 Summer Olympics,M. Pinsent,2000 Summer,7,310,10,10,11
Great Britain at the 1998 Winter Olympics,M. Dixon,1998 Winter,1,34,22,0,0
Great Britain at the 1996 Summer Olympics,S. Redgrave,1996 Summer,6,116,36,8,1
Great Britain at the 1994 Winter Olympics,N. Gooch,1994 Winter,2,32,21,0,0
Great Britain at the 1992 Summer Olympics,L. Christie,1992 Summer,12,142,13,3,5
Great Britain at the 1988 Summer Olympics,M. Cooper,1988 Summer,9,126,12,10,5
Great Britain at the 1984 Summer Olympics,S. Coe,1984 Summer,21,108,11,11,5
Great Britain at the 1976 Summer Olympics,R. Pattisson,1976 Summer,5,66,13,5,3
Great Britain at the 1972 Summer Olympics,D. Broome,1972 Summer,9,74,12,5,4
Great Britain at the 1968 Summer Olympics,D. Hemery,1968 Summer,3,50,10,5,5
Great Britain at the 1964 Summer Olympics,A. Lonsbrough,1964 Summer,2,44,10,12,4
Great Britain at the 1960 Summer Olympics,R. McTaggart,1960 Summer,12,47,14,6,2
Great Britain at the 1956 Summer Olympics,G. Mackenzie,1956 Summer,11,26,8,7,6
Great Britain at the 1952 Winter Olympics,J. Nicks,1952 Winter,0,18,8,0,1
Great Britain at the 1952 Summer Olympics,H. Whitlock,1952 Summer,8,44,18,2,1
Great Britain at the 1948 Winter Olympics,H. G. Sharp,1948 Winter,2,55,13,0,0
Great Britain at the 1948 Summer Olympics,J. E. Lloyd,1948 Summer,6,68,12,14,3
Great Britain at the 1936 Winter Olympics,F. McEvoy,1936 Winter,1,38,7,1,1
Great Britain at the 1936 Summer Olympics,J. Beresford,1936 Summer,3,208,10,7,4
Great Britain at the 1932 Summer Olympics,"David Cecil, 6th Marquess of Exeter",1932 Summer,5,108,8,7,4
Great Britain at the 1928 Summer Olympics,M. Nokes,1928 Summer,7,232,11,10,3
Great Britain at the 1924 Summer Olympics,A. Hunt,1924 Summer,12,28,4,13,9
Great Britain at the 1920 Summer Olympics,P. Noel-Baker,1920 Summer,13,16,3,15,15
Great Britain at the 1912 Summer Olympics,C. S. Smith,1912 Summer,16,10,3,15,10
France at the 2016 Summer Olympics,T. Riner,2016 Summer,14,395,7,18,10
France at the 2014 Winter Olympics,J. Lamy-Chappuis,2014 Winter,7,116,10,4,4
France at the 2012 Summer Olympics,L. Flessel-Colovic,2012 Summer,13,330,7,11,11
France at the 2010 Winter Olympics,S. Bailly,2010 Winter,6,108,12,3,2
France at the 2008 Summer Olympics,T. Estanguet,2008 Summer,18,323,10,16,7
France at the 2006 Winter Olympics,B. Mingeon,2006 Winter,4,82,10,2,3
France at the 2004 Summer Olympics,J. Richardson,2004 Summer,13,308,7,9,11
France at the 2002 Winter Olympics,C. Montillet,2002 Winter,2,114,6,5,4
France at the 2000 Summer Olympics,D. Douillet,2000 Summer,11,125,6,14,13
France at the 1998 Winter Olympics,P. Candeloro,1998 Winter,5,106,13,1,2
France at the 1996 Summer Olympics,M. Pérec,1996 Summer,15,102,5,7,15
France at the 1994 Winter Olympics,A. Briand,1994 Winter,4,98,17,1,0
France at the 1992 Winter Olympics,N. Combined,1992 Winter,1,109,7,5,3
France at the 1992 Summer Olympics,J. Lamour,1992 Summer,16,98,9,5,8
France at the 1988 Winter Olympics,A. Skiing,1988 Winter,1,68,11,0,1
France at the 1988 Summer Olympics,P. Riboud,1988 Summer,6,74,9,4,6
France at the 1984 Summer Olympics,A. Parisi,1984 Summer,16,49,12,7,5
France at the 1980 Winter Olympics,A. Skiing,1980 Winter,1,22,16,0,0
France at the 1976 Winter Olympics,A. Skiing,1976 Winter,1,35,16,0,0
France at the 1976 Summer Olympics,D. Morelon,1976 Summer,4,29,15,3,2
France at the 1972 Winter Olympics,F. Skating,1972 Winter,2,40,16,1,0
France at the 1972 Summer Olympics,J. Magnan,1972 Summer,7,30,17,4,2
France at the 1968 Winter Olympics,G. Poirot,1968 Winter,2,75,3,3,4
France at the 1964 Winter Olympics,A. Calmat,1964 Winter,0,24,5,4,3
France at the 1960 Winter Olympics,C. Skiing,1960 Winter,2,26,10,0,1
France at the 1952 Winter Olympics,A. Giletti,1952 Winter,1,26,12,0,0
France at the 1948 Winter Olympics,J. Couttet,1948 Winter,2,36,5,1,2
France at the 1924 Summer Olympics,G. André,1924 Summer,10,28,3,15,13
Finland at the 2014 Winter Olympics,E. Rukajärvi,2014 Winter,1,103,18,3,1
Finland at the 2010 Winter Olympics,T. Poutiainen,2010 Winter,4,95,24,1,0
Finland at the 2008 Summer Olympics,T. Pitkämäki,2008 Summer,2,58,44,1,1
Finland at the 2006 Winter Olympics,J. Lahtela,2006 Winter,3,102,19,6,0
Finland at the 2004 Summer Olympics,T. Johanson,2004 Summer,0,53,62,2,0
Finland at the 2002 Winter Olympics,T. Nieminen,2002 Winter,1,98,8,2,4
Finland at the 2000 Summer Olympics,O. Karjalainen,2000 Summer,1,30,31,1,2
Finland at the 1998 Winter Olympics,J. Ahonen,1998 Winter,6,85,11,4,2
Finland at the 1996 Summer Olympics,M. Kolehmainen,1996 Summer,1,29,40,2,1
Finland at the 1994 Winter Olympics,M. Kirvesniemi,1994 Winter,5,61,16,1,0
Finland at the 1992 Winter Olympics,I. hockey,1992 Winter,3,62,8,1,3
Finland at the 1992 Summer Olympics,H. Koskela,1992 Summer,2,28,29,2,1
Finland at the 1988 Winter Olympics,P. Niittylä,1988 Winter,2,53,4,1,4
Finland at the 1988 Summer Olympics,J. Salomäki,1988 Summer,2,78,25,1,1
Finland at the 1984 Winter Olympics,I. hockey,1984 Winter,6,45,4,3,4
Finland at the 1984 Summer Olympics,E. Rechardt,1984 Summer,6,86,15,2,4
Finland at the 1980 Winter Olympics,H. Ikola,1980 Winter,3,52,7,5,1
Finland at the 1980 Summer Olympics,P. Tallberg,1980 Summer,4,6,12,1,3
Finland at the 1976 Winter Olympics,R. Miettinen,1976 Winter,1,47,6,4,2
Finland at the 1976 Summer Olympics,L. Virén,1976 Summer,0,6,11,2,4
Finland at the 1972 Winter Olympics,C. C. Skiing,1972 Winter,1,50,15,4,0
Finland at the 1972 Summer Olympics,I. Nummisto,1972 Summer,4,7,14,1,3
Finland at the 1968 Winter Olympics,V. Kankkonen,1968 Winter,2,52,10,2,1
Finland at the 1968 Summer Olympics,P. Linnosvuo,1968 Summer,1,6,24,2,1
Finland at the 1964 Winter Olympics,V. Hakulinen,1964 Winter,3,52,4,4,3
Finland at the 1964 Summer Olympics,E. Ekman,1964 Summer,2,5,12,0,3
Finland at the 1960 Winter Olympics,N. Combined,1960 Winter,3,48,6,3,2
Finland at the 1960 Summer Olympics,E. Landström,1960 Summer,3,10,17,1,1
Finland at the 1956 Winter Olympics,A. Hyvärinen,1956 Winter,1,31,3,3,3
Finland at the 1956 Summer Olympics,E. Landström,1956 Summer,11,1,13,1,3
Finland at the 1952 Winter Olympics,N. Combined,1952 Winter,2,50,3,4,3
Finland at the 1952 Summer Olympics,V. Suvivuo,1952 Summer,13,258,8,3,6
Finland at the 1948 Winter Olympics,P. Vanninen,1948 Winter,2,24,8,3,1
Finland at the 1948 Summer Olympics,H. Sonck,1948 Summer,5,129,6,7,8
Finland at the 1936 Summer Olympics,A. Järvinen,1936 Summer,6,108,5,6,7
Finland at the 1932 Summer Olympics,A. Järvinen,1932 Summer,12,40,7,8,5
Finland at the 1920 Summer Olympics,E. Hagelberg,1920 Summer,9,63,4,10,15
Canada at the 2016 Summer Olympics,P. Oleksiak,2016 Summer,15,314,20,3,4
Canada at the 2014 Winter Olympics,H. Wickenheiser,2014 Winter,5,222,3,10,10
Canada at the 2012 Summer Olympics,C. Sinclair,2012 Summer,12,277,36,5,1
Canada at the 2010 Winter Olympics,J. Rochette,2010 Winter,5,206,1,7,14
Canada at the 2008 Summer Olympics,K. Cockburn,2008 Summer,7,332,19,9,3
Canada at the 2006 Winter Olympics,C. Klassen,2006 Winter,7,196,5,10,7
Canada at the 2004 Summer Olympics,N. Gill,2004 Summer,3,263,21,6,3
Canada at the 2002 Winter Olympics,J. Salé,2002 Winter,7,150,4,3,7
Canada at the 2000 Summer Olympics,C. Brunet,2000 Summer,8,294,24,3,3
Canada at the 1998 Winter Olympics,J. Brassard,1998 Winter,4,144,4,5,6
Canada at the 1996 Summer Olympics,C. Crooks,1996 Summer,8,151,21,11,3
Canada at the 1994 Winter Olympics,K. Browning,1994 Winter,4,95,7,6,3
Canada at the 1992 Winter Olympics,S. Daigle,1992 Winter,2,108,9,3,2
Canada at the 1992 Summer Olympics,M. Smith,1992 Summer,7,116,11,4,7
Canada at the 1988 Winter Olympics,B. Orser,1988 Winter,3,112,13,2,0
Canada at the 1988 Summer Olympics,C. Waldo,1988 Summer,5,105,19,2,3
Canada at the 1984 Winter Olympics,G. Boucher,1984 Winter,1,67,8,1,2
Canada at the 1984 Summer Olympics,A. Baumann,1984 Summer,16,408,6,18,10
Canada at the 1980 Winter Olympics,K. Read,1980 Winter,1,59,14,1,0
Canada at the 1976 Winter Olympics,D. Irwin,1976 Winter,1,59,11,1,1
Canada at the 1976 Summer Olympics,A. Hoffman,1976 Summer,6,124,27,5,0
Canada at the 1972 Winter Olympics,K. Magnussen,1972 Winter,0,47,17,1,0
Canada at the 1972 Summer Olympics,D. Rogers,1972 Summer,3,50,27,2,0
Canada at the 1968 Winter Olympics,N. Greene,1968 Winter,1,70,13,1,1
Canada at the 1968 Summer Olympics,R. Jackson,1968 Summer,1,28,23,3,1
Canada at the 1964 Winter Olympics,R. Olin,1964 Winter,1,55,10,1,1
Canada at the 1964 Summer Olympics,G. Boa,1964 Summer,1,115,22,2,1
Canada at the 1960 Summer Olympics,C. Schwende,1960 Summer,0,85,32,1,0
Canada at the 1956 Winter Olympics,R. Bowden,1956 Winter,2,35,10,1,0
Canada at the 1956 Summer Olympics,R. Steckle,1956 Summer,3,15,15,1,2
Canada at the 1952 Winter Olympics,G. Audley,1952 Winter,1,39,6,0,1
Canada at the 1948 Winter Olympics,H. Brooks,1948 Winter,1,28,6,0,2
Canada at the 1948 Summer Olympics,B. McFarlane,1948 Summer,2,118,25,1,0
Canada at the 1936 Summer Olympics,J. Worrall,1936 Summer,5,97,17,3,1
Canada at the 1932 Winter Olympics,H. Simpson,1932 Winter,5,42,4,1,1
Canada at the 1932 Summer Olympics,G. Maughan,1932 Summer,8,102,12,5,2
Canada at the 1928 Winter Olympics,J. Porter,1928 Winter,0,23,5,0,1
Canada at the 1928 Summer Olympics,J. W. Jr.,1928 Summer,7,69,10,4,4
Canada at the 1924 Winter Olympics,E. Collett,1924 Winter,0,12,8,0,1
Canada at the 1920 Summer Olympics,A. McDiarmid,1920 Summer,3,52,12,3,3
Canada at the 1912 Summer Olympics,D. Gillis,1912 Summer,3,37,9,2,3
Canada at the 1908 Summer Olympics,E. Archibald,1908 Summer,10,87,7,3,3
Belgium at the 2016 Summer Olympics,N. Thiam,2016 Summer,2,108,35,2,2
Belgium at the 2004 Summer Olympics,J. Saive,2004 Summer,2,50,51,0,1
Belgium at the 2000 Summer Olympics,U. Werbrouck,2000 Summer,3,68,55,2,0
Belgium at the 1996 Summer Olympics,J. Saive,1996 Summer,2,61,31,2,2
Belgium at the 1992 Summer Olympics,F. Peeters,1992 Summer,2,68,44,1,0
Belgium at the 1988 Summer Olympics,D. Crois,1988 Summer,2,59,44,0,0
Belgium at the 1984 Summer Olympics,E. H. Cuepper,1984 Summer,2,63,21,1,1
Belgium at the 1972 Summer Olympics,G. Roelants,1972 Summer,0,6,29,2,0
Austria at the 2016 Summer Olympics,L. Jia,2016 Summer,1,71,78,0,0
Austria at the 2014 Winter Olympics,M. Stecher,2014 Winter,5,132,9,8,4
Austria at the 2010 Winter Olympics,A. Linger,2010 Winter,6,80,9,6,4
Austria at the 2006 Winter Olympics,R. Götschl,2006 Winter,7,73,3,7,9
