col0,col1,col2,col3
Weightlifting at the 1980 Summer Olympics – Men's 67.5 kg,M. Pashov,Weightlifting at the 1984 Summer Olympics – Men's 67.5 kg,J. Kunz
Weightlifting at the 1980 Summer Olympics – Men's 60 kg,M. Seweryn,Weightlifting at the 1984 Summer Olympics – Men's 60 kg,S. Dimitrov
Weightlifting at the 1980 Summer Olympics – Men's 56 kg,T. Dembończyk,Weightlifting at the 1984 Summer Olympics – Men's 56 kg,Y. Sarkisyan
Weightlifting at the 1980 Summer Olympics – Men's 52 kg,H. G. Si,Weightlifting at the 1984 Summer Olympics – Men's 52 kg,H. B. Chol
Weightlifting at the 1980 Summer Olympics – Men's 67.5 kg,M. Pashov,Weightlifting at the 1984 Summer Olympics – Men's 67.5 kg,J. Kunz
Weightlifting at the 1980 Summer Olympics – Men's 60 kg,M. Seweryn,Weightlifting at the 1984 Summer Olympics – Men's 60 kg,S. Dimitrov
Weightlifting at the 1980 Summer Olympics – Men's 56 kg,T. Dembończyk,Weightlifting at the 1984 Summer Olympics – Men's 56 kg,Y. Sarkisyan
Weightlifting at the 1980 Summer Olympics – Men's 52 kg,H. G. Si,Weightlifting at the 1984 Summer Olympics – Men's 52 kg,H. B. Chol
Weightlifting at the 1928 Summer Olympics – Men's 82.5 kg,J. Verheijen,Weightlifting at the 1932 Summer Olympics – Men's 82.5 kg,L. Hostin
Weightlifting at the 1928 Summer Olympics – Men's 75 kg,G. Scheffer,Weightlifting at the 1932 Summer Olympics – Men's 75 kg,C. Galimberti
Weightlifting at the 1928 Summer Olympics – Men's 60 kg,H. Wölpert,Weightlifting at the 1932 Summer Olympics – Men's 60 kg,P. Gabetti
Weightlifting at the 1928 Summer Olympics – Men's +82.5 kg,J. Skobla,Weightlifting at the 1932 Summer Olympics – Men's +82.5 kg,A. Luhaäär
Weightlifting at the 1928 Summer Olympics – Men's 82.5 kg,J. Verheijen,Weightlifting at the 1932 Summer Olympics – Men's 82.5 kg,L. Hostin
Weightlifting at the 1928 Summer Olympics – Men's 75 kg,G. Scheffer,Weightlifting at the 1932 Summer Olympics – Men's 75 kg,C. Galimberti
Weightlifting at the 1928 Summer Olympics – Men's 60 kg,H. Wölpert,Weightlifting at the 1932 Summer Olympics – Men's 60 kg,P. Gabetti
Weightlifting at the 1928 Summer Olympics – Men's +82.5 kg,J. Skobla,Weightlifting at the 1932 Summer Olympics – Men's +82.5 kg,A. Luhaäär
Weightlifting at the 1924 Summer Olympics – Men's 82.5 kg,L. Friedrich,Weightlifting at the 1928 Summer Olympics – Men's 82.5 kg,F. Hünenberger
Weightlifting at the 1924 Summer Olympics – Men's 75 kg,J. Kikkas,Weightlifting at the 1928 Summer Olympics – Men's 75 kg,A. Neuland
Weightlifting at the 1924 Summer Olympics – Men's 67.5 kg,B. Durdis,Weightlifting at the 1928 Summer Olympics – Men's 67.5 kg,A. Zwerina
Weightlifting at the 1924 Summer Olympics – Men's 60 kg,A. Reinmann,Weightlifting at the 1928 Summer Olympics – Men's 60 kg,A. Stadler
Weightlifting at the 1924 Summer Olympics – Men's +82.5 kg,H. Tammer,Weightlifting at the 1928 Summer Olympics – Men's +82.5 kg,F. Aigner
Weightlifting at the 1924 Summer Olympics – Men's 82.5 kg,L. Friedrich,Weightlifting at the 1928 Summer Olympics – Men's 82.5 kg,F. Hünenberger
Weightlifting at the 1924 Summer Olympics – Men's 75 kg,J. Kikkas,Weightlifting at the 1928 Summer Olympics – Men's 75 kg,A. Neuland
Weightlifting at the 1924 Summer Olympics – Men's 67.5 kg,B. Durdis,Weightlifting at the 1928 Summer Olympics – Men's 67.5 kg,A. Zwerina
Weightlifting at the 1924 Summer Olympics – Men's 60 kg,A. Reinmann,Weightlifting at the 1928 Summer Olympics – Men's 60 kg,A. Stadler
Weightlifting at the 1924 Summer Olympics – Men's +82.5 kg,H. Tammer,Weightlifting at the 1928 Summer Olympics – Men's +82.5 kg,F. Aigner
Weightlifting at the 1920 Summer Olympics – Men's 82.5 kg,E. Pettersson,Weightlifting at the 1924 Summer Olympics – Men's 82.5 kg,F. Hünenberger
Weightlifting at the 1920 Summer Olympics – Men's 75 kg,A. Pettersson,Weightlifting at the 1924 Summer Olympics – Men's 75 kg,P. Bianchi
Weightlifting at the 1920 Summer Olympics – Men's 67.5 kg,F. Rooms,Weightlifting at the 1924 Summer Olympics – Men's 67.5 kg,L. Williquet
Weightlifting at the 1920 Summer Olympics – Men's 60 kg,E. Ryter,Weightlifting at the 1924 Summer Olympics – Men's 60 kg,A. Schmidt
Weightlifting at the 1920 Summer Olympics – Men's +82.5 kg,L. Bernot,Weightlifting at the 1924 Summer Olympics – Men's +82.5 kg,J. Alzin
Weightlifting at the 1920 Summer Olympics – Men's 82.5 kg,E. Pettersson,Weightlifting at the 1924 Summer Olympics – Men's 82.5 kg,F. Hünenberger
Weightlifting at the 1920 Summer Olympics – Men's 75 kg,A. Pettersson,Weightlifting at the 1924 Summer Olympics – Men's 75 kg,P. Bianchi
Weightlifting at the 1920 Summer Olympics – Men's 67.5 kg,F. Rooms,Weightlifting at the 1924 Summer Olympics – Men's 67.5 kg,L. Williquet
Weightlifting at the 1920 Summer Olympics – Men's 60 kg,E. Ryter,Weightlifting at the 1924 Summer Olympics – Men's 60 kg,A. Schmidt
Weightlifting at the 1920 Summer Olympics – Men's +82.5 kg,L. Bernot,Weightlifting at the 1924 Summer Olympics – Men's +82.5 kg,J. Alzin
Weightlifting at the 1896 Summer Olympics – Men's two hand lift,S. Versis,Weightlifting at the 1904 Summer Olympics – Men's two hand lift,L. Elliot
Water polo at the 1920 Summer Olympics,Sweden men's national water polo team,Water polo at the 1924 Summer Olympics,Belgium men's national water polo team
Water polo at the 1912 Summer Olympics,Belgium men's national water polo team,Water polo at the 1920 Summer Olympics,Sweden men's national water polo team
Tug of war at the 1908 Summer Olympics,M. P. Service,Tug of war at the 1912 Summer Olympics,Liverpool
Triathlon at the 2012 Summer Olympics – Women's,E. Densham,Triathlon at the 2016 Summer Olympics – Women's,L. Nordén
Triathlon at the 2012 Summer Olympics – Men's,J. Brownlee,Triathlon at the 2016 Summer Olympics – Men's,Francisco Javier Gómez Noya
Triathlon at the 2012 Summer Olympics – Women's,E. Densham,Triathlon at the 2016 Summer Olympics – Women's,L. Nordén
Triathlon at the 2012 Summer Olympics – Men's,J. Brownlee,Triathlon at the 2016 Summer Olympics – Men's,Francisco Javier Gómez Noya
Triathlon at the 2008 Summer Olympics – Women's,E. Moffatt,Triathlon at the 2012 Summer Olympics – Women's,V. Fernandes
Triathlon at the 2008 Summer Olympics – Men's,B. Docherty,Triathlon at the 2012 Summer Olympics – Men's,S. Whitfield
