col0,col1,col2,col3
Triathlon at the 2008 Summer Olympics – Women's,E. Moffatt,Triathlon at the 2012 Summer Olympics – Women's,V. Fernandes
Triathlon at the 2008 Summer Olympics – Men's,B. Docherty,Triathlon at the 2012 Summer Olympics – Men's,S. Whitfield
Triathlon at the 2004 Summer Olympics – Women's,S. Williams,Triathlon at the 2008 Summer Olympics – Women's,L. Harrop
Triathlon at the 2004 Summer Olympics – Men's,S. Riederer,Triathlon at the 2008 Summer Olympics – Men's,B. Docherty
Triathlon at the 2004 Summer Olympics – Women's,S. Williams,Triathlon at the 2008 Summer Olympics – Women's,L. Harrop
Triathlon at the 2004 Summer Olympics – Men's,S. Riederer,Triathlon at the 2008 Summer Olympics – Men's,B. Docherty
Triathlon at the 2000 Summer Olympics – Women's,M. Messmer,Triathlon at the 2004 Summer Olympics – Women's,M. Jones
Triathlon at the 2000 Summer Olympics – Men's,J. Řehula,Triathlon at the 2004 Summer Olympics – Men's,S. Vuckovic
Triathlon at the 2000 Summer Olympics – Women's,M. Messmer,Triathlon at the 2004 Summer Olympics – Women's,M. Jones
Triathlon at the 2000 Summer Olympics – Men's,J. Řehula,Triathlon at the 2004 Summer Olympics – Men's,S. Vuckovic
Tennis at the 2012 Summer Olympics – Women's singles,V. Azarenka,Tennis at the 2016 Summer Olympics – Women's singles,M. Sharapova
Tennis at the 2012 Summer Olympics – Women's doubles,M. Kirilenko,Tennis at the 2016 Summer Olympics – Women's Doubles,A. Hlaváčková
Tennis at the 2012 Summer Olympics – Mixed doubles,L. Raymond,Tennis at the 2016 Summer Olympics – Mixed doubles,A. Murray
Tennis at the 2012 Summer Olympics – Men's singles,Juan Martín del Potro,Tennis at the 2016 Summer Olympics – Men's singles,R. Federer
Tennis at the 2012 Summer Olympics – Men's doubles,R. Gasquet,Tennis at the 2016 Summer Olympics – Men's Doubles,J. Tsonga
Tennis at the 2012 Summer Olympics – Women's singles,V. Azarenka,Tennis at the 2016 Summer Olympics – Women's singles,M. Sharapova
Tennis at the 2012 Summer Olympics – Women's doubles,M. Kirilenko,Tennis at the 2016 Summer Olympics – Women's Doubles,A. Hlaváčková
Tennis at the 2012 Summer Olympics – Mixed doubles,L. Raymond,Tennis at the 2016 Summer Olympics – Mixed doubles,L. Robson
Tennis at the 2012 Summer Olympics – Men's singles,Juan Martín del Potro,Tennis at the 2016 Summer Olympics – Men's singles,R. Federer
Tennis at the 2012 Summer Olympics – Men's doubles,R. Gasquet,Tennis at the 2016 Summer Olympics – Men's Doubles,J. Tsonga
Tennis at the 2008 Summer Olympics – Women's singles,V. Zvonareva,Tennis at the 2012 Summer Olympics – Women's singles,D. Safina
Tennis at the 2008 Summer Olympics – Women's doubles,Y. Zi,Tennis at the 2012 Summer Olympics – Women's doubles,V. R. Pascual
Tennis at the 2008 Summer Olympics – Men's singles,N. Djokovic,Tennis at the 2012 Summer Olympics – Men's singles,F. González
Tennis at the 2008 Summer Olympics – Men's doubles,B. Bryan,Tennis at the 2012 Summer Olympics – Men's doubles,T. Johansson
Tennis at the 2008 Summer Olympics – Women's singles,V. Zvonareva,Tennis at the 2012 Summer Olympics – Women's singles,D. Safina
Tennis at the 2008 Summer Olympics – Women's doubles,Y. Zi,Tennis at the 2012 Summer Olympics – Women's doubles,V. R. Pascual
Tennis at the 2008 Summer Olympics – Men's singles,N. Djokovic,Tennis at the 2012 Summer Olympics – Men's singles,F. González
Tennis at the 2008 Summer Olympics – Men's doubles,M. Bryan,Tennis at the 2012 Summer Olympics – Men's doubles,T. Johansson
Tennis at the 2004 Summer Olympics – Women's singles,A. Molik,Tennis at the 2008 Summer Olympics – Women's singles,A. Mauresmo
Tennis at the 2004 Summer Olympics – Women's doubles,P. Tarabini,Tennis at the 2008 Summer Olympics – Women's doubles,C. Martínez
Tennis at the 2004 Summer Olympics – Women's singles,A. Molik,Tennis at the 2008 Summer Olympics – Women's singles,A. Mauresmo
Tennis at the 2004 Summer Olympics – Women's doubles,P. Tarabini,Tennis at the 2008 Summer Olympics – Women's doubles,V. R. Pascual
Tennis at the 2000 Summer Olympics – Women's singles,M. Seles,Tennis at the 2004 Summer Olympics – Women's singles,E. Dementieva
Tennis at the 1924 Summer Olympics – Women's singles,K. McKane,Tennis at the 1988 Summer Olympics – Women's singles,J. Vlasto
Tennis at the 1924 Summer Olympics – Women's doubles,D. Shepherd-Barron,Tennis at the 1988 Summer Olympics – Women's doubles,K. McKane
Tennis at the 1924 Summer Olympics – Mixed doubles,H. Timmer,Tennis at the 2012 Summer Olympics – Mixed doubles,M. Jessup
Tennis at the 1924 Summer Olympics – Men's singles,U. D. Morpurgo,Tennis at the 1988 Summer Olympics – Men's singles,H. Cochet
Tennis at the 1924 Summer Olympics – Men's doubles,J. Borotra,Tennis at the 1988 Summer Olympics – Men's doubles,H. Cochet
Tennis at the 1924 Summer Olympics – Women's singles,K. McKane,Tennis at the 1988 Summer Olympics – Women's singles,J. Vlasto
Tennis at the 1924 Summer Olympics – Women's doubles,D. Shepherd-Barron,Tennis at the 1988 Summer Olympics – Women's doubles,K. McKane
Tennis at the 1924 Summer Olympics – Mixed doubles,H. Timmer,Tennis at the 2012 Summer Olympics – Mixed doubles,M. Jessup
Tennis at the 1924 Summer Olympics – Men's singles,U. D. Morpurgo,Tennis at the 1988 Summer Olympics – Men's singles,H. Cochet
Tennis at the 1924 Summer Olympics – Men's doubles,J. Borotra,Tennis at the 1988 Summer Olympics – Men's doubles,H. Cochet
Tennis at the 1920 Summer Olympics – Women's singles,K. McKane,Tennis at the 1924 Summer Olympics – Women's singles,D. Holman
