col0,col1,col2,col3
Swimming at the 1920 Summer Olympics – Women's 4 × 100 metre freestyle relay,A. Berg,Swimming at the 1924 Summer Olympics – Women's 4 × 100 metre freestyle relay,C. Radcliffe
Swimming at the 1920 Summer Olympics – Women's 100 metre freestyle,F. Schroth,Swimming at the 1924 Summer Olympics – Women's 100 metre freestyle,I. Guest
Swimming at the 1920 Summer Olympics – Men's 4 × 200 metre freestyle relay,H. Taylor,Swimming at the 1924 Summer Olympics – Men's 4 × 200 metre freestyle relay,F. Beaurepaire
Swimming at the 1920 Summer Olympics – Men's 400 metre freestyle,G. Vernot,Swimming at the 1924 Summer Olympics – Men's 400 metre freestyle,L. Langer
Swimming at the 1920 Summer Olympics – Men's 200 metre breaststroke,A. Aaltonen,Swimming at the 1924 Summer Olympics – Men's 200 metre breaststroke,T. Henning
Swimming at the 1920 Summer Olympics – Men's 1500 metre freestyle,F. Beaurepaire,Swimming at the 1924 Summer Olympics – Men's 1500 metre freestyle,G. Vernot
Swimming at the 1920 Summer Olympics – Men's 100 metre freestyle,B. Harris,Swimming at the 1924 Summer Olympics – Men's 100 metre freestyle,P. Kealoha
Swimming at the 1920 Summer Olympics – Men's 100 metre backstroke,G. Blitz,Swimming at the 1924 Summer Olympics – Men's 100 metre backstroke,R. Kegeris
Swimming at the 1920 Summer Olympics – Women's 4 × 100 metre freestyle relay,A. Berg,Swimming at the 1924 Summer Olympics – Women's 4 × 100 metre freestyle relay,C. Radcliffe
Swimming at the 1920 Summer Olympics – Women's 100 metre freestyle,F. Schroth,Swimming at the 1924 Summer Olympics – Women's 100 metre freestyle,I. Guest
Swimming at the 1920 Summer Olympics – Men's 4 × 200 metre freestyle relay,H. Taylor,Swimming at the 1924 Summer Olympics – Men's 4 × 200 metre freestyle relay,F. Beaurepaire
Swimming at the 1920 Summer Olympics – Men's 400 metre freestyle,G. Vernot,Swimming at the 1924 Summer Olympics – Men's 400 metre freestyle,L. Langer
Swimming at the 1920 Summer Olympics – Men's 200 metre breaststroke,A. Aaltonen,Swimming at the 1924 Summer Olympics – Men's 200 metre breaststroke,T. Henning
Swimming at the 1920 Summer Olympics – Men's 1500 metre freestyle,F. Beaurepaire,Swimming at the 1924 Summer Olympics – Men's 1500 metre freestyle,G. Vernot
Swimming at the 1920 Summer Olympics – Men's 100 metre freestyle,B. Harris,Swimming at the 1924 Summer Olympics – Men's 100 metre freestyle,P. Kealoha
Swimming at the 1920 Summer Olympics – Men's 100 metre backstroke,G. Blitz,Swimming at the 1924 Summer Olympics – Men's 100 metre backstroke,R. Kegeris
Swimming at the 1912 Summer Olympics – Women's 4 × 100 metre freestyle relay,J. Sticker,Swimming at the 1920 Summer Olympics – Women's 4 × 100 metre freestyle relay,G. Rosenberg
Swimming at the 1912 Summer Olympics – Women's 100 metre freestyle,J. Fletcher,Swimming at the 1920 Summer Olympics – Women's 100 metre freestyle,M. Wylie
Swimming at the 1912 Summer Olympics – Men's 4 × 200 metre freestyle relay,H. Taylor,Swimming at the 1920 Summer Olympics – Men's 4 × 200 metre freestyle relay,D. Kahanamoku
Swimming at the 1912 Summer Olympics – Men's 400 metre freestyle,H. Hardwick,Swimming at the 1920 Summer Olympics – Men's 400 metre freestyle,J. Hatfield
Swimming at the 1912 Summer Olympics – Men's 400 metre breaststroke,P. Courtman,Swimming at the 1920 Summer Olympics – Men's 400 metre breaststroke,T. Henning
Swimming at the 1912 Summer Olympics – Men's 200 metre breaststroke,P. Malisch,Swimming at the 1920 Summer Olympics – Men's 200 metre breaststroke,W. Lützow
Swimming at the 1912 Summer Olympics – Men's 1500 metre freestyle,H. Hardwick,Swimming at the 1920 Summer Olympics – Men's 1500 metre freestyle,J. Hatfield
Swimming at the 1912 Summer Olympics – Men's 100 metre freestyle,K. Huszagh,Swimming at the 1920 Summer Olympics – Men's 100 metre freestyle,C. Healy
Swimming at the 1912 Summer Olympics – Men's 100 metre backstroke,P. Kellner,Swimming at the 1920 Summer Olympics – Men's 100 metre backstroke,O. Fahr
Swimming at the 1912 Summer Olympics – Women's 4 × 100 metre freestyle relay,J. Sticker,Swimming at the 1920 Summer Olympics – Women's 4 × 100 metre freestyle relay,G. Rosenberg
Swimming at the 1912 Summer Olympics – Women's 100 metre freestyle,J. Fletcher,Swimming at the 1920 Summer Olympics – Women's 100 metre freestyle,M. Wylie
Swimming at the 1912 Summer Olympics – Men's 4 × 200 metre freestyle relay,H. Taylor,Swimming at the 1920 Summer Olympics – Men's 4 × 200 metre freestyle relay,D. Kahanamoku
Swimming at the 1912 Summer Olympics – Men's 400 metre freestyle,H. Hardwick,Swimming at the 1920 Summer Olympics – Men's 400 metre freestyle,J. Hatfield
Swimming at the 1912 Summer Olympics – Men's 400 metre breaststroke,P. Courtman,Swimming at the 1920 Summer Olympics – Men's 400 metre breaststroke,T. Henning
Swimming at the 1912 Summer Olympics – Men's 200 metre breaststroke,P. Malisch,Swimming at the 1920 Summer Olympics – Men's 200 metre breaststroke,W. Lützow
Swimming at the 1912 Summer Olympics – Men's 1500 metre freestyle,H. Hardwick,Swimming at the 1920 Summer Olympics – Men's 1500 metre freestyle,J. Hatfield
Swimming at the 1912 Summer Olympics – Men's 100 metre freestyle,K. Huszagh,Swimming at the 1920 Summer Olympics – Men's 100 metre freestyle,C. Healy
Swimming at the 1912 Summer Olympics – Men's 100 metre backstroke,P. Kellner,Swimming at the 1920 Summer Olympics – Men's 100 metre backstroke,O. Fahr
Swimming at the 1908 Summer Olympics – Men's 4 × 200 metre freestyle relay,H. Hebner,Swimming at the 1912 Summer Olympics – Men's 4 × 200 metre freestyle relay,J. Munk
Swimming at the 1908 Summer Olympics – Men's 400 metre freestyle,O. Scheff,Swimming at the 1912 Summer Olympics – Men's 400 metre freestyle,F. Beaurepaire
Swimming at the 1908 Summer Olympics – Men's 200 metre breaststroke,P. Hanson,Swimming at the 1912 Summer Olympics – Men's 200 metre breaststroke,W. Robinson
Swimming at the 1908 Summer Olympics – Men's 1500 metre freestyle,F. Beaurepaire,Swimming at the 1912 Summer Olympics – Men's 1500 metre freestyle,T. Battersby
Swimming at the 1908 Summer Olympics – Men's 100 metre freestyle,H. Julin,Swimming at the 1912 Summer Olympics – Men's 100 metre freestyle,Z. Halmay
Swimming at the 1908 Summer Olympics – Men's 100 metre backstroke,H. Haresnape,Swimming at the 1912 Summer Olympics – Men's 100 metre backstroke,L. Dam
Swimming at the 1908 Summer Olympics – Men's 4 × 200 metre freestyle relay,C. Daniels,Swimming at the 1912 Summer Olympics – Men's 4 × 200 metre freestyle relay,B. L. Torres
Swimming at the 1908 Summer Olympics – Men's 400 metre freestyle,O. Scheff,Swimming at the 1912 Summer Olympics – Men's 400 metre freestyle,F. Beaurepaire
Swimming at the 1908 Summer Olympics – Men's 200 metre breaststroke,P. Hanson,Swimming at the 1912 Summer Olympics – Men's 200 metre breaststroke,W. Robinson
Swimming at the 1908 Summer Olympics – Men's 1500 metre freestyle,F. Beaurepaire,Swimming at the 1912 Summer Olympics – Men's 1500 metre freestyle,T. Battersby
Swimming at the 1908 Summer Olympics – Men's 100 metre freestyle,H. Julin,Swimming at the 1912 Summer Olympics – Men's 100 metre freestyle,Z. Halmay
Swimming at the 1908 Summer Olympics – Men's 100 metre backstroke,H. Haresnape,Swimming at the 1912 Summer Olympics – Men's 100 metre backstroke,L. Dam
Swimming at the 1904 Summer Olympics – Men's 50 yard freestyle,C. Daniels,Swimming at the 1988 Summer Olympics – Men's 50 metre freestyle,S. Leary
Swimming at the 1904 Summer Olympics – Men's 440 yard freestyle,O. Wahle,Swimming at the 1908 Summer Olympics – Men's 400 metre freestyle,F. Gailey
Swimming at the 1904 Summer Olympics – Men's 440 yard breaststroke,J. Handy,Swimming at the 1912 Summer Olympics – Men's 400 metre breaststroke,W. Brack
Swimming at the 1904 Summer Olympics – Men's 220 yard freestyle,E. Rausch,Swimming at the 1968 Summer Olympics – Men's 200 metre freestyle,F. Gailey
Swimming at the 1904 Summer Olympics – Men's 1 mile freestyle,F. Gailey,Swimming at the 1908 Summer Olympics – Men's 1500 metre freestyle,G. Kiss
Swimming at the 1904 Summer Olympics – Men's 100 yard freestyle,S. Leary,Swimming at the 1908 Summer Olympics – Men's 100 metre freestyle,C. Daniels
Swimming at the 1904 Summer Olympics – Men's 100 yard backstroke,G. Zacharias,Swimming at the 1908 Summer Olympics – Men's 100 metre backstroke,G. Hoffmann
Swimming at the 1904 Summer Olympics – Men's 50 yard freestyle,C. Daniels,Swimming at the 1988 Summer Olympics – Men's 50 metre freestyle,S. Leary
Swimming at the 1904 Summer Olympics – Men's 440 yard freestyle,O. Wahle,Swimming at the 1908 Summer Olympics – Men's 400 metre freestyle,F. Gailey
Swimming at the 1904 Summer Olympics – Men's 440 yard breaststroke,J. Handy,Swimming at the 1912 Summer Olympics – Men's 400 metre breaststroke,W. Brack
Swimming at the 1904 Summer Olympics – Men's 220 yard freestyle,E. Rausch,Swimming at the 1968 Summer Olympics – Men's 200 metre freestyle,F. Gailey
Swimming at the 1904 Summer Olympics – Men's 1 mile freestyle,F. Gailey,Swimming at the 1908 Summer Olympics – Men's 1500 metre freestyle,G. Kiss
Swimming at the 1904 Summer Olympics – Men's 100 yard freestyle,S. Leary,Swimming at the 1908 Summer Olympics – Men's 100 metre freestyle,C. Daniels
Swimming at the 1904 Summer Olympics – Men's 100 yard backstroke,G. Zacharias,Swimming at the 1908 Summer Olympics – Men's 100 metre backstroke,G. Hoffmann
Swimming at the 1900 Summer Olympics – Men's 200 metre freestyle,K. Ruberl,Swimming at the 1904 Summer Olympics – Men's 220 yard freestyle,Z. Halmay
Swimming at the 1900 Summer Olympics – Men's 200 metre backstroke,J. Drost,Swimming at the 1964 Summer Olympics – Men's 200 metre backstroke,K. Ruberl
Swimming at the 1900 Summer Olympics – Men's 200 metre freestyle,K. Ruberl,Swimming at the 1904 Summer Olympics – Men's 220 yard freestyle,Z. Halmay
Swimming at the 1900 Summer Olympics – Men's 200 metre backstroke,J. Drost,Swimming at the 1964 Summer Olympics – Men's 200 metre backstroke,K. Ruberl
Speed skating at the 2010 Winter Olympics – Women's team pursuit,K. Bachleda-Curuś,Speed skating at the 2014 Winter Olympics – Women's team pursuit,M. Hozumi
Speed skating at the 2010 Winter Olympics – Women's 500 metres,W. Beixing,Speed skating at the 2014 Winter Olympics – Women's 500 metres,J. Wolf
Speed skating at the 2010 Winter Olympics – Women's 5000 metres,C. Hughes,Speed skating at the 2014 Winter Olympics – Women's 5000 metres,S. Beckert
Speed skating at the 2010 Winter Olympics – Women's 3000 metres,K. Groves,Speed skating at the 2014 Winter Olympics – Women's 3000 metres,S. Beckert
Speed skating at the 2010 Winter Olympics – Women's 1500 metres,M. Sáblíková,Speed skating at the 2014 Winter Olympics – Women's 1500 metres,K. Groves
Speed skating at the 2010 Winter Olympics – Women's 1000 metres,L. v. Riessen,Speed skating at the 2014 Winter Olympics – Women's 1000 metres,A. Gerritsen
Speed skating at the 2010 Winter Olympics – Men's team pursuit,J. Blokhuijsen,Speed skating at the 2014 Winter Olympics – Men's team pursuit,C. Hedrick
Speed skating at the 2010 Winter Olympics – Men's 500 metres,J. Kato,Speed skating at the 2014 Winter Olympics – Men's 500 metres,K. Nagashima
Speed skating at the 2010 Winter Olympics – Men's 5000 metres,I. Skobrev,Speed skating at the 2014 Winter Olympics – Men's 5000 metres,L. Seung-hoon
Speed skating at the 2010 Winter Olympics – Men's 1500 metres,H. Bøkko,Speed skating at the 2014 Winter Olympics – Men's 1500 metres,S. Davis
Speed skating at the 2010 Winter Olympics – Men's 1000 metres,C. Hedrick,Speed skating at the 2014 Winter Olympics – Men's 1000 metres,M. Tae-bum
"Speed skating at the 2010 Winter Olympics – Men's 10,000 metres",B. d. Jong,"Speed skating at the 2014 Winter Olympics – Men's 10,000 metres",I. Skobrev
Speed skating at the 2010 Winter Olympics – Women's team pursuit,K. Woźniak,Speed skating at the 2014 Winter Olympics – Women's team pursuit,M. Tabata
Speed skating at the 2010 Winter Olympics – Women's 500 metres,W. Beixing,Speed skating at the 2014 Winter Olympics – Women's 500 metres,J. Wolf
Speed skating at the 2010 Winter Olympics – Women's 5000 metres,C. Hughes,Speed skating at the 2014 Winter Olympics – Women's 5000 metres,S. Beckert
Speed skating at the 2010 Winter Olympics – Women's 3000 metres,K. Groves,Speed skating at the 2014 Winter Olympics – Women's 3000 metres,S. Beckert
Speed skating at the 2010 Winter Olympics – Women's 1500 metres,M. Sáblíková,Speed skating at the 2014 Winter Olympics – Women's 1500 metres,K. Groves
Speed skating at the 2010 Winter Olympics – Women's 1000 metres,L. v. Riessen,Speed skating at the 2014 Winter Olympics – Women's 1000 metres,A. Gerritsen
Speed skating at the 2010 Winter Olympics – Men's team pursuit,J. Blokhuijsen,Speed skating at the 2014 Winter Olympics – Men's team pursuit,C. Hedrick
Speed skating at the 2010 Winter Olympics – Men's 500 metres,J. Kato,Speed skating at the 2014 Winter Olympics – Men's 500 metres,K. Nagashima
Speed skating at the 2010 Winter Olympics – Men's 5000 metres,I. Skobrev,Speed skating at the 2014 Winter Olympics – Men's 5000 metres,L. Seung-hoon
Speed skating at the 2010 Winter Olympics – Men's 1500 metres,H. Bøkko,Speed skating at the 2014 Winter Olympics – Men's 1500 metres,S. Davis
Speed skating at the 2010 Winter Olympics – Men's 1000 metres,C. Hedrick,Speed skating at the 2014 Winter Olympics – Men's 1000 metres,M. Tae-bum
"Speed skating at the 2010 Winter Olympics – Men's 10,000 metres",B. d. Jong,"Speed skating at the 2014 Winter Olympics – Men's 10,000 metres",I. Skobrev
Speed skating at the 2006 Winter Olympics – Women's 500 metres,R. Hui,Speed skating at the 2010 Winter Olympics – Women's 500 metres,W. Manli
Speed skating at the 2006 Winter Olympics – Women's 5000 metres,C. Klassen,Speed skating at the 2010 Winter Olympics – Women's 5000 metres,C. Pechstein
Speed skating at the 2006 Winter Olympics – Women's 3000 metres,C. Klassen,Speed skating at the 2010 Winter Olympics – Women's 3000 metres,R. Groenewold
Speed skating at the 2006 Winter Olympics – Women's 1500 metres,I. Wüst,Speed skating at the 2010 Winter Olympics – Women's 1500 metres,K. Groves
Speed skating at the 2006 Winter Olympics – Women's 1000 metres,A. Friesinger-Postma,Speed skating at the 2010 Winter Olympics – Women's 1000 metres,C. Klassen
Speed skating at the 2006 Winter Olympics – Men's team pursuit,E. Wennemars,Speed skating at the 2010 Winter Olympics – Men's team pursuit,D. Morrison
Speed skating at the 2006 Winter Olympics – Men's 500 metres,L. Kang-seok,Speed skating at the 2010 Winter Olympics – Men's 500 metres,D. Dorofeyev
Speed skating at the 2006 Winter Olympics – Men's 5000 metres,E. Fabris,Speed skating at the 2010 Winter Olympics – Men's 5000 metres,S. Kramer
Speed skating at the 2006 Winter Olympics – Men's 1500 metres,C. Hedrick,Speed skating at the 2010 Winter Olympics – Men's 1500 metres,S. Davis
Speed skating at the 2006 Winter Olympics – Men's 1000 metres,E. Wennemars,Speed skating at the 2010 Winter Olympics – Men's 1000 metres,J. Cheek
"Speed skating at the 2006 Winter Olympics – Men's 10,000 metres",C. Verheijen,"Speed skating at the 2010 Winter Olympics – Men's 10,000 metres",C. Hedrick
Speed skating at the 2006 Winter Olympics – Women's 500 metres,R. Hui,Speed skating at the 2010 Winter Olympics – Women's 500 metres,W. Manli
Speed skating at the 2006 Winter Olympics – Women's 5000 metres,C. Klassen,Speed skating at the 2010 Winter Olympics – Women's 5000 metres,C. Pechstein
Speed skating at the 2006 Winter Olympics – Women's 3000 metres,C. Klassen,Speed skating at the 2010 Winter Olympics – Women's 3000 metres,R. Groenewold
