col0,col1,col2,col3
Speed skating at the 2006 Winter Olympics – Women's 1500 metres,I. Wüst,Speed skating at the 2010 Winter Olympics – Women's 1500 metres,K. Groves
Speed skating at the 2006 Winter Olympics – Women's 1000 metres,A. Friesinger-Postma,Speed skating at the 2010 Winter Olympics – Women's 1000 metres,C. Klassen
Speed skating at the 2006 Winter Olympics – Men's team pursuit,S. Kramer,Speed skating at the 2010 Winter Olympics – Men's team pursuit,D. Morrison
Speed skating at the 2006 Winter Olympics – Men's 500 metres,L. Kang-seok,Speed skating at the 2010 Winter Olympics – Men's 500 metres,D. Dorofeyev
Speed skating at the 2006 Winter Olympics – Men's 5000 metres,E. Fabris,Speed skating at the 2010 Winter Olympics – Men's 5000 metres,S. Kramer
Speed skating at the 2006 Winter Olympics – Men's 1500 metres,C. Hedrick,Speed skating at the 2010 Winter Olympics – Men's 1500 metres,S. Davis
Speed skating at the 2006 Winter Olympics – Men's 1000 metres,E. Wennemars,Speed skating at the 2010 Winter Olympics – Men's 1000 metres,J. Cheek
"Speed skating at the 2006 Winter Olympics – Men's 10,000 metres",C. Verheijen,"Speed skating at the 2010 Winter Olympics – Men's 10,000 metres",C. Hedrick
Speed skating at the 2002 Winter Olympics – Women's 500 metres,S. Völker,Speed skating at the 2006 Winter Olympics – Women's 500 metres,M. Garbrecht-Enfeldt
Speed skating at the 2002 Winter Olympics – Women's 5000 metres,C. Hughes,Speed skating at the 2006 Winter Olympics – Women's 5000 metres,G. Smit
Speed skating at the 2002 Winter Olympics – Women's 3000 metres,C. Klassen,Speed skating at the 2006 Winter Olympics – Women's 3000 metres,R. Groenewold
Speed skating at the 2002 Winter Olympics – Women's 1500 metres,J. Rodriguez,Speed skating at the 2006 Winter Olympics – Women's 1500 metres,S. Völker
Speed skating at the 2002 Winter Olympics – Women's 1000 metres,J. Rodriguez,Speed skating at the 2006 Winter Olympics – Women's 1000 metres,S. Völker
Speed skating at the 2002 Winter Olympics – Men's 500 metres,K. Carpenter,Speed skating at the 2006 Winter Olympics – Men's 500 metres,H. Shimizu
Speed skating at the 2002 Winter Olympics – Men's 5000 metres,J. Boden,Speed skating at the 2006 Winter Olympics – Men's 5000 metres,D. Parra
Speed skating at the 2002 Winter Olympics – Men's 1500 metres,Å. Søndrål,Speed skating at the 2006 Winter Olympics – Men's 1500 metres,J. Uytdehaage
Speed skating at the 2002 Winter Olympics – Men's 1000 metres,J. Cheek,Speed skating at the 2006 Winter Olympics – Men's 1000 metres,J. Bos
"Speed skating at the 2002 Winter Olympics – Men's 10,000 metres",L. Sætre,"Speed skating at the 2006 Winter Olympics – Men's 10,000 metres",G. Romme
Speed skating at the 2002 Winter Olympics – Women's 500 metres,S. Völker,Speed skating at the 2006 Winter Olympics – Women's 500 metres,M. Garbrecht-Enfeldt
Speed skating at the 2002 Winter Olympics – Women's 5000 metres,C. Hughes,Speed skating at the 2006 Winter Olympics – Women's 5000 metres,G. Smit
Speed skating at the 2002 Winter Olympics – Women's 3000 metres,C. Klassen,Speed skating at the 2006 Winter Olympics – Women's 3000 metres,R. Groenewold
Speed skating at the 2002 Winter Olympics – Women's 1500 metres,J. Rodriguez,Speed skating at the 2006 Winter Olympics – Women's 1500 metres,S. Völker
Speed skating at the 2002 Winter Olympics – Women's 1000 metres,J. Rodriguez,Speed skating at the 2006 Winter Olympics – Women's 1000 metres,S. Völker
Speed skating at the 2002 Winter Olympics – Men's 500 metres,K. Carpenter,Speed skating at the 2006 Winter Olympics – Men's 500 metres,H. Shimizu
Speed skating at the 2002 Winter Olympics – Men's 5000 metres,J. Boden,Speed skating at the 2006 Winter Olympics – Men's 5000 metres,D. Parra
Speed skating at the 2002 Winter Olympics – Men's 1500 metres,Å. Søndrål,Speed skating at the 2006 Winter Olympics – Men's 1500 metres,J. Uytdehaage
Speed skating at the 2002 Winter Olympics – Men's 1000 metres,J. Cheek,Speed skating at the 2006 Winter Olympics – Men's 1000 metres,J. Bos
"Speed skating at the 2002 Winter Olympics – Men's 10,000 metres",L. Sætre,"Speed skating at the 2006 Winter Olympics – Men's 10,000 metres",G. Romme
Speed skating at the 1998 Winter Olympics – Women's 500 metres,T. Okazaki,Speed skating at the 2002 Winter Olympics – Women's 500 metres,S. Auch
Speed skating at the 1998 Winter Olympics – Women's 5000 metres,L. Prokasheva,Speed skating at the 2002 Winter Olympics – Women's 5000 metres,G. Niemann-Stirnemann
Speed skating at the 1998 Winter Olympics – Women's 3000 metres,A. Friesinger-Postma,Speed skating at the 2002 Winter Olympics – Women's 3000 metres,C. Pechstein
Speed skating at the 1998 Winter Olympics – Women's 1500 metres,C. Witty,Speed skating at the 2002 Winter Olympics – Women's 1500 metres,G. Niemann-Stirnemann
Speed skating at the 1998 Winter Olympics – Women's 1000 metres,C. L. Doan,Speed skating at the 2002 Winter Olympics – Women's 1000 metres,C. Witty
Speed skating at the 1998 Winter Olympics – Men's 500 metres,K. Overland,Speed skating at the 2002 Winter Olympics – Men's 500 metres,J. Wotherspoon
