col0,col1,col2,col3
Procambarus bouvieri,Cambaridae,iucn3.1,EN
Procambarus barbiger,Cambaridae,iucn3.1,DD
Procambarus attiguus,Cambaridae,iucn3.1,CR
Procambarus apalachicolae,Cambaridae,iucn3.1,EN
Procambarus angustatus,Cambaridae,IUCN3.1,EX
Procambarus acherontis,Cambaridae,iucn3.1,EN
Prionothelphusa,Pseudothelphusidae,iucn3.1,LC
Potamonautes unisulcatus,Potamonautidae,IUCN3.1,VU
Potamonautes suprasulcatus,Potamonautidae,IUCN3.1,LC
Potamonautes sidneyi,Potamonautidae,iucn3.1,LC
Potamonautes rukwanzi,Potamonautidae,IUCN3.1,EN
Potamonautes raybouldi,Potamonautidae,IUCN3.1,VU
Potamonautes platynotus,Potamonautidae,iucn3.1,LC
Potamonautes platycentron,Potamonautidae,IUCN3.1,EN
Potamonautes pilosus,Potamonautidae,IUCN3.1,VU
Potamonautes perlatus,Potamonautidae,IUCN3.1,LC
Potamonautes obesus,Potamonautidae,IUCN3.1,LC
Potamonautes niloticus,Potamonautidae,IUCN3.1,LC
Potamonautes neumanni,Potamonautidae,IUCN3.1,VU
Potamonautes mutandensis,Potamonautidae,IUCN3.1,EN
Potamonautes montivagus,Potamonautidae,IUCN3.1,VU
Potamonautes loveridgei,Potamonautidae,IUCN3.1,VU
Potamonautes loveni,Potamonautidae,IUCN3.1,LC
Potamonautes lirrangensis,Potamonautidae,IUCN3.1,LC
Potamonautes johnstoni,Potamonautidae,IUCN3.1,LC
Potamonautes isimangaliso,Potamonautidae,IUCN3.1,VU
Potamonautes infravallatus,Potamonautidae,IUCN3.1,VU
Potamonautes ignestii,Potamonautidae,IUCN3.1,VU
Potamonautes idjiwiensis,Potamonautidae,IUCN3.1,EN
Potamonautes gonocristatus,Potamonautidae,IUCN3.1,EN
Potamonautes gerdalensis,Potamonautidae,IUCN3.1,VU
Potamonautes emini,Potamonautidae,IUCN3.1,LC
Potamonautes didieri,Potamonautidae,IUCN3.1,DD
Potamonautes choloensis,Potamonautidae,IUCN3.1,VU
Potamonautes berardi,Potamonautidae,IUCN3.1,LC
Potamonautes aloysiisabaudiae,Potamonautidae,IUCN3.1,LC
Potamon potamios,Potamidae,iucn3.1,NT
Potamon ibericum,Potamidae,iucn3.1,NT
Potamon fluviatile,Potamidae,iucn3.1,NT
Potamon algeriense,Potamidae,iucn3.1,LC
Ponticyclops,Cyclopidae,IUCN2.3,LR/cd
Polycheles typhlops,Polychelidae,iucn3.1,LC
Polycheles sculptus,Polychelidae,iucn3.1,LC
Platyops,Mysidae,IUCN2.3,CR
Perbrinckia scitula,Gecarcinucidae,iucn3.1,CR
Perbrinckia integra,Gecarcinucidae,iucn3.1,VU
Perbrinckia glabra,Gecarcinucidae,iucn3.1,CR
Perbrinckia gabadagei,Gecarcinucidae,iucn3.1,CR
Perbrinckia fenestra,Gecarcinucidae,iucn3.1,VU
Pastilla dacuna,Gecarcinucidae,IUCN3.1,EN
Parribacus japonicus,Slipper lobster,iucn3.1,DD
Parribacus antarcticus,Slipper lobster,iucn3.1,LC
Parhippolyte sterreri,Barbouriidae,IUCN2.3,CR
Paratya curvirostris,Atyidae,IUCN3.1,LC
Parapinnixa affinis,Pinnotheridae,IUCN2.3,EN
Paramorariopsis,Canthocamptidae,IUCN2.3,VU
Paramelita flexa,Paramelitidae,IUCN2.3,VU
Paramelita barnardi,Paramelitidae,IUCN2.3,EN
Paralithodes platypus,King crab,IUCN3.1,LC
Paradiaptomus simplex,Diaptomidae,IUCN2.3,VU
Paradiaptomus natalensis,Diaptomidae,IUCN2.3,VU
Paradiaptomus excellens,Diaptomidae,IUCN2.3,VU
Paracyclopia,Pseudocyclopiidae,iucn3.1,CR
Panulirus versicolor,Spiny lobster,iucn3.1,LC
Panulirus polyphagus,Spiny lobster,iucn3.1,LC
Panulirus penicillatus,Spiny lobster,iucn3.1,LC
Panulirus pascuensis,Spiny lobster,iucn3.1,DD
Panulirus ornatus,Spiny lobster,iucn3.1,LC
Panulirus marginatus,Spiny lobster,iucn3.1,DD
Panulirus longipes,Spiny lobster,iucn3.1,LC
Panulirus homarus,Spiny lobster,iucn3.1,LC
Panulirus guttatus,Spiny lobster,iucn3.1,LC
Panulirus echinatus,Spiny lobster,iucn3.1,LC
Panulirus cygnus,Palinuridae,iucn3.1,LC
Panulirus brunneiflagellum,Spiny lobster,iucn3.1,DD
Panulirus argus,Spiny lobster,iucn3.1,DD
Palinurus mauritanicus,Spiny lobster,iucn3.1,LC
Palinurus charlestoni,Palinuridae,iucn3.1,NT
Palinurus barbarae,Palinuridae,iucn3.1,DD
Palibythus,Spiny lobster,iucn3.1,DD
Palaemonetes cummingi,Palaemonidae,IUCN3.1,CR
Palaemonetes antrorum,Palaemonidae,IUCN3.1,EN
Pacifastacus nigrescens,Astacidae,iucn3.1,EX
Pacifastacus fortis,Astacidae,iucn3.1,CR
Oziotelphusa stricta,Gecarcinucidae,iucn3.1,VU
Oziotelphusa ritigala,Gecarcinucidae,iucn3.1,VU
Oziotelphusa ceylonensis,Parathelphusidae,iucn3.1,LC
Orconectes virilis,Cambaridae,iucn3.1,LC
Orconectes sloanii,Cambaridae,iucn3.1,LC
Orconectes shoupi,Cambaridae,iucn3.1,EN
Orconectes saxatilis,Cambaridae,iucn3.1,VU
Orconectes obscurus,Cambaridae,IUCN3.1,LC
Orconectes limosus,Cambaridae,iucn3.1,LC
Orconectes immunis,Cambaridae,IUCN3.1,LC
Orconectes alabamensis,Cambaridae,iucn3.1,LC
Oedothelphusa,Pseudothelphusidae,iucn3.1,DD
Odontodiaptomus thomseni,Diaptomidae,IUCN2.3,DD
Occidodiaptomus kummerloewei,Diaptomidae,IUCN2.3,DD
Niphargus valachicus,Niphargidae,IUCN2.3,VU
Niphargus timavi,Niphargidae,IUCN2.3,VU
Niphargus stenopus,Niphargidae,iucn2.3,VU
Niphargus spoeckeri,Niphargidae,IUCN2.3,VU
Niphargus sphagnicolus,Niphargidae,IUCN2.3,VU
Niphargus hrabei,Niphargidae,IUCN2.3,VU
Niphargus hadzii,Niphargidae,IUCN2.3,VU
Niphargus aberrans,Niphargidae,IUCN2.3,VU
Niphargobates,Niphargidae,iucn2.3,VU
Nephropsis rosea,Lobster,iucn3.1,LC
Nephropsis atlantica,Lobster,iucn3.1,LC
Nephrops norvegicus,Lobster,iucn3.1,LC
Nephropides,Lobster,iucn3.1,DD
