col0,col1,col2,col3
Ski jumping at the 1932 Winter Olympics,K. Walberg,Ski jumping at the 1936 Winter Olympics,H. Beck
Ski jumping at the 1928 Winter Olympics,R. Burkert,Ski jumping at the 1932 Winter Olympics,S. Ruud
Ski jumping at the 1924 Winter Olympics,A. Haugen,Ski jumping at the 1928 Winter Olympics,N. Bonna
Skeleton at the 2010 Winter Olympics – Women's,A. Huber,Skeleton at the 2014 Winter Olympics – Women's,K. Szymkowiak
Skeleton at the 2010 Winter Olympics – Men's,A. Tretyakov,Skeleton at the 2014 Winter Olympics – Men's,M. Dukurs
Skeleton at the 2010 Winter Olympics – Women's,A. Huber,Skeleton at the 2014 Winter Olympics – Women's,K. Szymkowiak
Skeleton at the 2010 Winter Olympics – Men's,A. Tretyakov,Skeleton at the 2014 Winter Olympics – Men's,M. Dukurs
Skeleton at the 2006 Winter Olympics – Women's,M. Hollingsworth,Skeleton at the 2010 Winter Olympics – Women's,S. Rudman
Skeleton at the 2006 Winter Olympics – Men's,G. Stähli,Skeleton at the 2010 Winter Olympics – Men's,J. Pain
Skeleton at the 2006 Winter Olympics – Women's,M. Hollingsworth,Skeleton at the 2010 Winter Olympics – Women's,S. Rudman
Skeleton at the 2006 Winter Olympics – Men's,G. Stähli,Skeleton at the 2010 Winter Olympics – Men's,J. Pain
Skeleton at the 2006 Winter Olympics,G. Stähli,Skeleton at the 2010 Winter Olympics,S. Rudman
Skeleton at the 2002 Winter Olympics – Women's,A. Coomber,Skeleton at the 2006 Winter Olympics – Women's,L. A. Parsley
Skeleton at the 2002 Winter Olympics – Men's,G. Stähli,Skeleton at the 2006 Winter Olympics – Men's,M. Rettl
Skeleton at the 2002 Winter Olympics – Women's,A. Coomber,Skeleton at the 2006 Winter Olympics – Women's,L. A. Parsley
Skeleton at the 2002 Winter Olympics – Men's,G. Stähli,Skeleton at the 2006 Winter Olympics – Men's,M. Rettl
Skeleton at the 2002 Winter Olympics,G. Stähli,Skeleton at the 2006 Winter Olympics,L. A. Parsley
Skeleton at the 1948 Winter Olympics,J. Crammond,Skeleton at the 2002 Winter Olympics,J. Heaton
Skeleton at the 1928 Winter Olympics,"David Carnegie, 11th Earl of Northesk",Skeleton at the 1948 Winter Olympics,J. Heaton
Short track speed skating at the 2010 Winter Olympics – Women's 500 metres,A. Fontana,Short track speed skating at the 2014 Winter Olympics – Women's 500 metres,M. St-Gelais
Short track speed skating at the 2010 Winter Olympics – Women's 3000 metre relay,K. Reutter,Short track speed skating at the 2014 Winter Olympics – Women's 3000 metre relay,M. St-Gelais
Short track speed skating at the 2010 Winter Olympics – Women's 1500 metres,P. Seung-hi,Short track speed skating at the 2014 Winter Olympics – Women's 1500 metres,L. Eun-byul
Short track speed skating at the 2010 Winter Olympics – Women's 1000 metres,P. Seung-hi,Short track speed skating at the 2014 Winter Olympics – Women's 1000 metres,K. Reutter
Short track speed skating at the 2010 Winter Olympics – Men's 500 metres,F. Tremblay,Short track speed skating at the 2014 Winter Olympics – Men's 500 metres,S. Si-bak
Short track speed skating at the 2010 Winter Olympics – Men's 5000 metre relay,A. Ohno,Short track speed skating at the 2014 Winter Olympics – Men's 5000 metre relay,L. Ho-suk
Short track speed skating at the 2010 Winter Olympics – Men's 1500 metres,J. R. Celski,Short track speed skating at the 2014 Winter Olympics – Men's 1500 metres,A. A. Ohno
Short track speed skating at the 2010 Winter Olympics – Men's 1000 metres,A. A. Ohno,Short track speed skating at the 2014 Winter Olympics – Men's 1000 metres,L. Ho-suk
Short track speed skating at the 2010 Winter Olympics – Women's 500 metres,A. Fontana,Short track speed skating at the 2014 Winter Olympics – Women's 500 metres,M. St-Gelais
Short track speed skating at the 2010 Winter Olympics – Women's 3000 metre relay,A. Dudek,Short track speed skating at the 2014 Winter Olympics – Women's 3000 metre relay,M. St-Gelais
Short track speed skating at the 2010 Winter Olympics – Women's 1500 metres,P. Seung-hi,Short track speed skating at the 2014 Winter Olympics – Women's 1500 metres,L. Eun-byul
Short track speed skating at the 2010 Winter Olympics – Women's 1000 metres,P. Seung-hi,Short track speed skating at the 2014 Winter Olympics – Women's 1000 metres,K. Reutter
Short track speed skating at the 2010 Winter Olympics – Men's 500 metres,F. Tremblay,Short track speed skating at the 2014 Winter Olympics – Men's 500 metres,S. Si-bak
Short track speed skating at the 2010 Winter Olympics – Men's 5000 metre relay,A. Ohno,Short track speed skating at the 2014 Winter Olympics – Men's 5000 metre relay,S. Si-bak
Short track speed skating at the 2010 Winter Olympics – Men's 1500 metres,J. R. Celski,Short track speed skating at the 2014 Winter Olympics – Men's 1500 metres,A. A. Ohno
Short track speed skating at the 2010 Winter Olympics – Men's 1000 metres,A. A. Ohno,Short track speed skating at the 2014 Winter Olympics – Men's 1000 metres,L. Ho-suk
Short track speed skating at the 2006 Winter Olympics – Women's 500 metres,A. Leblanc-Boucher,Short track speed skating at the 2010 Winter Olympics – Women's 500 metres,E. Radanova
Short track speed skating at the 2006 Winter Olympics – Women's 3000 metre relay,K. Zini,Short track speed skating at the 2010 Winter Olympics – Women's 3000 metre relay,K. Roberge
Short track speed skating at the 2006 Winter Olympics – Women's 1500 metres,W. Meng,Short track speed skating at the 2010 Winter Olympics – Women's 1500 metres,C. Eun-kyung
Short track speed skating at the 2006 Winter Olympics – Women's 1000 metres,Y. Yang,Short track speed skating at the 2010 Winter Olympics – Women's 1000 metres,W. Meng
Short track speed skating at the 2006 Winter Olympics – Men's 500 metres,A. Hyun-soo,Short track speed skating at the 2010 Winter Olympics – Men's 500 metres,F. Tremblay
Short track speed skating at the 2006 Winter Olympics – Men's 5000 metre relay,J. Kepka,Short track speed skating at the 2010 Winter Olympics – Men's 5000 metre relay,M. Turcotte
Short track speed skating at the 2006 Winter Olympics – Men's 1500 metres,L. Jiajun,Short track speed skating at the 2010 Winter Olympics – Men's 1500 metres,L. Ho-suk
Short track speed skating at the 2006 Winter Olympics – Men's 1000 metres,A. A. Ohno,Short track speed skating at the 2010 Winter Olympics – Men's 1000 metres,L. Ho-suk
Short track speed skating at the 2006 Winter Olympics – Women's 500 metres,A. Leblanc-Boucher,Short track speed skating at the 2010 Winter Olympics – Women's 500 metres,E. Radanova
Short track speed skating at the 2006 Winter Olympics – Women's 3000 metre relay,K. Zini,Short track speed skating at the 2010 Winter Olympics – Women's 3000 metre relay,A. Leblanc-Boucher
Short track speed skating at the 2006 Winter Olympics – Women's 1500 metres,W. Meng,Short track speed skating at the 2010 Winter Olympics – Women's 1500 metres,C. Eun-kyung
Short track speed skating at the 2006 Winter Olympics – Women's 1000 metres,Y. Yang,Short track speed skating at the 2010 Winter Olympics – Women's 1000 metres,W. Meng
Short track speed skating at the 2006 Winter Olympics – Men's 500 metres,A. Hyun-soo,Short track speed skating at the 2010 Winter Olympics – Men's 500 metres,F. Tremblay
Short track speed skating at the 2006 Winter Olympics – Men's 5000 metre relay,R. Smith,Short track speed skating at the 2010 Winter Olympics – Men's 5000 metre relay,C. Hamelin
Short track speed skating at the 2006 Winter Olympics – Men's 1500 metres,L. Jiajun,Short track speed skating at the 2010 Winter Olympics – Men's 1500 metres,L. Ho-suk
Short track speed skating at the 2006 Winter Olympics – Men's 1000 metres,A. A. Ohno,Short track speed skating at the 2010 Winter Olympics – Men's 1000 metres,L. Ho-suk
Short track speed skating at the 2002 Winter Olympics – Women's 500 metres,W. Chunlu,Short track speed skating at the 2006 Winter Olympics – Women's 500 metres,E. Radanova
Short track speed skating at the 2002 Winter Olympics – Women's 3000 metre relay,M. Drolet,Short track speed skating at the 2006 Winter Olympics – Women's 3000 metre relay,Y. Yang
Short track speed skating at the 2002 Winter Olympics – Women's 1500 metres,E. Radanova,Short track speed skating at the 2006 Winter Olympics – Women's 1500 metres,C. Eun-kyung
Short track speed skating at the 2002 Winter Olympics – Women's 1000 metres,Y. Yang,Short track speed skating at the 2006 Winter Olympics – Women's 1000 metres,K. Gi-hyun
Short track speed skating at the 2002 Winter Olympics – Men's 500 metres,R. Smith,Short track speed skating at the 2006 Winter Olympics – Men's 500 metres,J. Guilmette
Short track speed skating at the 2002 Winter Olympics – Men's 5000 metre relay,A. Yulong,Short track speed skating at the 2006 Winter Olympics – Men's 5000 metre relay,F. Carta
Short track speed skating at the 2002 Winter Olympics – Men's 1500 metres,M. Gagnon,Short track speed skating at the 2006 Winter Olympics – Men's 1500 metres,L. Jiajun
Short track speed skating at the 2002 Winter Olympics – Men's 1000 metres,M. Turcotte,Short track speed skating at the 2006 Winter Olympics – Men's 1000 metres,A. A. Ohno
Short track speed skating at the 2002 Winter Olympics – Women's 500 metres,W. Chunlu,Short track speed skating at the 2006 Winter Olympics – Women's 500 metres,E. Radanova
Short track speed skating at the 2002 Winter Olympics – Women's 3000 metre relay,M. Drolet,Short track speed skating at the 2006 Winter Olympics – Women's 3000 metre relay,Y. Yang
Short track speed skating at the 2002 Winter Olympics – Women's 1500 metres,E. Radanova,Short track speed skating at the 2006 Winter Olympics – Women's 1500 metres,C. Eun-kyung
Short track speed skating at the 2002 Winter Olympics – Women's 1000 metres,Y. Yang,Short track speed skating at the 2006 Winter Olympics – Women's 1000 metres,K. Gi-hyun
Short track speed skating at the 2002 Winter Olympics – Men's 500 metres,R. Smith,Short track speed skating at the 2006 Winter Olympics – Men's 500 metres,J. Guilmette
Short track speed skating at the 2002 Winter Olympics – Men's 5000 metre relay,F. Kai,Short track speed skating at the 2006 Winter Olympics – Men's 5000 metre relay,F. Carta
Short track speed skating at the 2002 Winter Olympics – Men's 1500 metres,M. Gagnon,Short track speed skating at the 2006 Winter Olympics – Men's 1500 metres,L. Jiajun
Short track speed skating at the 2002 Winter Olympics – Men's 1000 metres,M. Turcotte,Short track speed skating at the 2006 Winter Olympics – Men's 1000 metres,A. A. Ohno
Short track speed skating at the 1998 Winter Olympics – Women's 500 metres,C. Lee-Kyung,Short track speed skating at the 2002 Winter Olympics – Women's 500 metres,Y. Yang
Short track speed skating at the 1998 Winter Olympics – Women's 3000 metre relay,A. Perreault,Short track speed skating at the 2002 Winter Olympics – Women's 3000 metre relay,Y. Yang
Short track speed skating at the 1998 Winter Olympics – Women's 1000 metres,W. Hye-kyung,Short track speed skating at the 2002 Winter Olympics – Women's 1000 metres,Y. Yang
Short track speed skating at the 1998 Winter Olympics – Men's 500 metres,H. Uematsu,Short track speed skating at the 2002 Winter Olympics – Men's 500 metres,A. Yulong
Short track speed skating at the 1998 Winter Olympics – Men's 5000 metre relay,Y. Ye,Short track speed skating at the 2002 Winter Olympics – Men's 5000 metre relay,C. Ji-hoon
Short track speed skating at the 1998 Winter Olympics – Men's 1000 metres,É. Bédard,Short track speed skating at the 2002 Winter Olympics – Men's 1000 metres,L. Jiajun
Short track speed skating at the 1998 Winter Olympics – Women's 500 metres,C. Lee-Kyung,Short track speed skating at the 2002 Winter Olympics – Women's 500 metres,Y. Yang
Short track speed skating at the 1998 Winter Olympics – Women's 3000 metre relay,A. Perreault,Short track speed skating at the 2002 Winter Olympics – Women's 3000 metre relay,S. Dandan
Short track speed skating at the 1998 Winter Olympics – Women's 1000 metres,W. Hye-kyung,Short track speed skating at the 2002 Winter Olympics – Women's 1000 metres,Y. Yang
Short track speed skating at the 1998 Winter Olympics – Men's 500 metres,H. Uematsu,Short track speed skating at the 2002 Winter Olympics – Men's 500 metres,A. Yulong
Short track speed skating at the 1998 Winter Olympics – Men's 5000 metre relay,A. Yulong,Short track speed skating at the 2002 Winter Olympics – Men's 5000 metre relay,C. Ji-hoon
Short track speed skating at the 1998 Winter Olympics – Men's 1000 metres,É. Bédard,Short track speed skating at the 2002 Winter Olympics – Men's 1000 metres,L. Jiajun
Short track speed skating at the 1994 Winter Olympics – Women's 500 metres,A. Peterson,Short track speed skating at the 1998 Winter Olympics – Women's 500 metres,Z. Yanmei
Short track speed skating at the 1994 Winter Olympics – Women's 3000 metre relay,C. Turner,Short track speed skating at the 1998 Winter Olympics – Women's 3000 metre relay,N. Lambert
Short track speed skating at the 1994 Winter Olympics – Women's 1000 metres,K. So-hee,Short track speed skating at the 1998 Winter Olympics – Women's 1000 metres,N. Lambert
Short track speed skating at the 1994 Winter Olympics – Men's 500 metres,N. Gooch,Short track speed skating at the 1998 Winter Olympics – Men's 500 metres,M. Vuillermin
Short track speed skating at the 1994 Winter Olympics – Men's 5000 metre relay,S. Bradbury,Short track speed skating at the 1998 Winter Olympics – Men's 5000 metre relay,E. Flaim
Short track speed skating at the 1994 Winter Olympics – Men's 1000 metres,M. Gagnon,Short track speed skating at the 1998 Winter Olympics – Men's 1000 metres,C. Ji-hoon
Short track speed skating at the 1994 Winter Olympics – Women's 500 metres,A. Peterson,Short track speed skating at the 1998 Winter Olympics – Women's 500 metres,Z. Yanmei
Short track speed skating at the 1994 Winter Olympics – Women's 3000 metre relay,C. Turner,Short track speed skating at the 1998 Winter Olympics – Women's 3000 metre relay,N. Lambert
Short track speed skating at the 1994 Winter Olympics – Women's 1000 metres,K. So-hee,Short track speed skating at the 1998 Winter Olympics – Women's 1000 metres,N. Lambert
Short track speed skating at the 1994 Winter Olympics – Men's 500 metres,N. Gooch,Short track speed skating at the 1998 Winter Olympics – Men's 500 metres,M. Vuillermin
Short track speed skating at the 1994 Winter Olympics – Men's 5000 metre relay,S. Bradbury,Short track speed skating at the 1998 Winter Olympics – Men's 5000 metre relay,E. Flaim
Short track speed skating at the 1994 Winter Olympics – Men's 1000 metres,M. Gagnon,Short track speed skating at the 1998 Winter Olympics – Men's 1000 metres,C. Ji-hoon
Short track speed skating at the 1992 Winter Olympics – Women's 500 metres,H. Ok-sil,Short track speed skating at the 1994 Winter Olympics – Women's 500 metres,L. Yan
Short track speed skating at the 1992 Winter Olympics – Women's 3000 metre relay,Y. Vlasova,Short track speed skating at the 1994 Winter Olympics – Women's 3000 metre relay,C. Turner
Short track speed skating at the 1992 Winter Olympics – Men's 5000 metre relay,T. Kawasaki,Short track speed skating at the 1994 Winter Olympics – Men's 5000 metre relay,F. Blackburn
Short track speed skating at the 1992 Winter Olympics – Men's 1000 metres,L. Joon-ho,Short track speed skating at the 1994 Winter Olympics – Men's 1000 metres,F. Blackburn
Short track speed skating at the 1992 Winter Olympics – Women's 500 metres,H. Ok-sil,Short track speed skating at the 1994 Winter Olympics – Women's 500 metres,L. Yan
Short track speed skating at the 1992 Winter Olympics – Women's 3000 metre relay,Y. Vlasova,Short track speed skating at the 1994 Winter Olympics – Women's 3000 metre relay,C. Turner
Short track speed skating at the 1992 Winter Olympics – Men's 5000 metre relay,Y. Akasaka,Short track speed skating at the 1994 Winter Olympics – Men's 5000 metre relay,M. Lackie
Short track speed skating at the 1992 Winter Olympics – Men's 1000 metres,L. Joon-ho,Short track speed skating at the 1994 Winter Olympics – Men's 1000 metres,F. Blackburn
Shooting at the 2012 Summer Olympics – Women's trap,D. Reau,Shooting at the 2016 Summer Olympics - Women's trap,Z. Štefečeková
Shooting at the 2012 Summer Olympics – Women's skeet,D. Barteková,Shooting at the 2016 Summer Olympics - Women's skeet,W. Ning
Shooting at the 2012 Summer Olympics – Women's 50 metre rifle three positions,A. Sýkorová,Shooting at the 2016 Summer Olympics – Women's 50 metre rifle three positions,I. Maksimović
Shooting at the 2012 Summer Olympics – Women's 25 metre pistol,O. Kostevych,Shooting at the 2016 Summer Olympics - Women's 25 metre pistol,C. Ying
Shooting at the 2012 Summer Olympics – Women's 10 metre air rifle,Y. Dan,Shooting at the 2016 Summer Olympics – Women's 10 metre air rifle,S. Bogacka
Shooting at the 2012 Summer Olympics – Women's 10 metre air pistol,O. Kostevych,Shooting at the 2016 Summer Olympics – Women's 10 metre air pistol,C. Goberville
Shooting at the 2012 Summer Olympics – Men's trap,F. Al-Deehani,Shooting at the 2016 Summer Olympics - Men's trap,M. Fabbrizi
Shooting at the 2012 Summer Olympics – Men's skeet,N. Al-Attiyah,Shooting at the 2016 Summer Olympics - Men's skeet,A. Golding
Shooting at the 2012 Summer Olympics – Men's double trap,V. Mosin,Shooting at the 2016 Summer Olympics - Men's double trap,H. Dahlby
Shooting at the 2012 Summer Olympics – Men's 50 metre rifle three positions,M. Emmons,Shooting at the 2016 Summer Olympics - Men's 50 metre rifle three positions,K. Jong-Hyun
Shooting at the 2012 Summer Olympics – Men's 50 metre rifle prone,R. Debevec,Shooting at the 2016 Summer Olympics - Men's 50 metre rifle prone,L. Cox
Shooting at the 2012 Summer Olympics – Men's 50 metre pistol,W. Zhiwei,Shooting at the 2016 Summer Olympics – Men's 50 metre pistol,C. Young-Rae
Shooting at the 2012 Summer Olympics – Men's 25 metre rapid fire pistol,D. Feng,Shooting at the 2016 Summer Olympics - Men's 25 metre rapid fire pistol,V. Kumar
Shooting at the 2012 Summer Olympics – Men's 10 metre air rifle,G. Narang,Shooting at the 2016 Summer Olympics – Men's 10 metre air rifle,N. Campriani
Shooting at the 2012 Summer Olympics – Men's 10 metre air pistol,A. Zlatić,Shooting at the 2016 Summer Olympics – Men's 10 metre air pistol,L. Tesconi
Shooting at the 2012 Summer Olympics – Women's trap,D. Reau,Shooting at the 2016 Summer Olympics - Women's trap,Z. Štefečeková
Shooting at the 2012 Summer Olympics – Women's skeet,D. Barteková,Shooting at the 2016 Summer Olympics - Women's skeet,W. Ning
Shooting at the 2012 Summer Olympics – Women's 50 metre rifle three positions,A. Sýkorová,Shooting at the 2016 Summer Olympics – Women's 50 metre rifle three positions,I. Maksimović
Shooting at the 2012 Summer Olympics – Women's 25 metre pistol,O. Kostevych,Shooting at the 2016 Summer Olympics - Women's 25 metre pistol,C. Ying
Shooting at the 2012 Summer Olympics – Women's 10 metre air rifle,Y. Dan,Shooting at the 2016 Summer Olympics – Women's 10 metre air rifle,S. Bogacka
Shooting at the 2012 Summer Olympics – Women's 10 metre air pistol,O. Kostevych,Shooting at the 2016 Summer Olympics – Women's 10 metre air pistol,C. Goberville
Shooting at the 2012 Summer Olympics – Men's trap,F. Al-Deehani,Shooting at the 2016 Summer Olympics - Men's trap,M. Fabbrizi
Shooting at the 2012 Summer Olympics – Men's skeet,N. Al-Attiyah,Shooting at the 2016 Summer Olympics - Men's skeet,A. Golding
Shooting at the 2012 Summer Olympics – Men's double trap,V. Mosin,Shooting at the 2016 Summer Olympics - Men's double trap,H. Dahlby
Shooting at the 2012 Summer Olympics – Men's 50 metre rifle three positions,M. Emmons,Shooting at the 2016 Summer Olympics - Men's 50 metre rifle three positions,K. Jong-Hyun
Shooting at the 2012 Summer Olympics – Men's 50 metre rifle prone,R. Debevec,Shooting at the 2016 Summer Olympics - Men's 50 metre rifle prone,L. Cox
Shooting at the 2012 Summer Olympics – Men's 50 metre pistol,W. Zhiwei,Shooting at the 2016 Summer Olympics – Men's 50 metre pistol,C. Young-Rae
Shooting at the 2012 Summer Olympics – Men's 25 metre rapid fire pistol,D. Feng,Shooting at the 2016 Summer Olympics - Men's 25 metre rapid fire pistol,V. Kumar
Shooting at the 2012 Summer Olympics – Men's 10 metre air rifle,G. Narang,Shooting at the 2016 Summer Olympics – Men's 10 metre air rifle,N. Campriani
Shooting at the 2012 Summer Olympics – Men's 10 metre air pistol,A. Zlatić,Shooting at the 2016 Summer Olympics – Men's 10 metre air pistol,L. Tesconi
Shooting at the 2008 Summer Olympics – Women's trap,C. Cogdell,Shooting at the 2012 Summer Olympics – Women's trap,Z. Štefečeková
Shooting at the 2008 Summer Olympics – Women's skeet,C. Brinker,Shooting at the 2012 Summer Olympics – Women's skeet,K. Rhode
Shooting at the 2008 Summer Olympics – Women's 50 metre rifle three positions,E. Y. Cruz,Shooting at the 2012 Summer Olympics – Women's 50 metre rifle three positions,K. Emmons
Shooting at the 2008 Summer Olympics – Women's 25 metre pistol,M. Dorjsuren,Shooting at the 2012 Summer Olympics – Women's 25 metre pistol,O. Gündegmaa
Shooting at the 2008 Summer Olympics – Women's 10 metre air rifle,S. Pejčić,Shooting at the 2012 Summer Olympics – Women's 10 metre air rifle,L. Galkina
Shooting at the 2008 Summer Olympics – Women's 10 metre air pistol,N. Salukvadze,Shooting at the 2012 Summer Olympics – Women's 10 metre air pistol,N. Paderina
Shooting at the 2008 Summer Olympics – Men's trap,A. Alipov,Shooting at the 2012 Summer Olympics – Men's trap,G. Pellielo
Shooting at the 2008 Summer Olympics – Men's skeet,A. Terras,Shooting at the 2012 Summer Olympics – Men's skeet,T. Brovold
Shooting at the 2008 Summer Olympics – Men's double trap,H. Binyuan,Shooting at the 2012 Summer Olympics – Men's double trap,F. D'Aniello
Shooting at the 2008 Summer Olympics – Men's 50 metre rifle three positions,R. Debevec,Shooting at the 2012 Summer Olympics – Men's 50 metre rifle three positions,J. Sukhorukov
Shooting at the 2008 Summer Olympics – Men's 50 metre rifle prone,W. Potent,Shooting at the 2012 Summer Olympics – Men's 50 metre rifle prone,M. Emmons
Shooting at the 2008 Summer Olympics – Men's 50 metre pistol,V. Isakov,Shooting at the 2012 Summer Olympics – Men's 50 metre pistol,T. Zongliang
Shooting at the 2008 Summer Olympics – Men's 25 metre rapid fire pistol,C. Reitz,Shooting at the 2012 Summer Olympics – Men's 25 metre rapid fire pistol,R. Schumann
Shooting at the 2008 Summer Olympics – Men's 10 metre air rifle,H. Häkkinen,Shooting at the 2012 Summer Olympics – Men's 10 metre air rifle,Z. Qinan
Shooting at the 2008 Summer Olympics – Men's 10 metre air pistol,J. Turner,Shooting at the 2012 Summer Olympics – Men's 10 metre air pistol,J. Jong-oh
Shooting at the 2008 Summer Olympics – Women's trap,C. Cogdell,Shooting at the 2012 Summer Olympics – Women's trap,Z. Štefečeková
Shooting at the 2008 Summer Olympics – Women's skeet,C. Brinker,Shooting at the 2012 Summer Olympics – Women's skeet,K. Rhode
Shooting at the 2008 Summer Olympics – Women's 50 metre rifle three positions,E. Y. Cruz,Shooting at the 2012 Summer Olympics – Women's 50 metre rifle three positions,K. Emmons
Shooting at the 2008 Summer Olympics – Women's 25 metre pistol,M. Dorjsuren,Shooting at the 2012 Summer Olympics – Women's 25 metre pistol,O. Gündegmaa
Shooting at the 2008 Summer Olympics – Women's 10 metre air rifle,S. Pejčić,Shooting at the 2012 Summer Olympics – Women's 10 metre air rifle,L. Galkina
Shooting at the 2008 Summer Olympics – Women's 10 metre air pistol,N. Salukvadze,Shooting at the 2012 Summer Olympics – Women's 10 metre air pistol,N. Paderina
Shooting at the 2008 Summer Olympics – Men's trap,A. Alipov,Shooting at the 2012 Summer Olympics – Men's trap,G. Pellielo
Shooting at the 2008 Summer Olympics – Men's skeet,A. Terras,Shooting at the 2012 Summer Olympics – Men's skeet,T. Brovold
Shooting at the 2008 Summer Olympics – Men's double trap,H. Binyuan,Shooting at the 2012 Summer Olympics – Men's double trap,F. D'Aniello
Shooting at the 2008 Summer Olympics – Men's 50 metre rifle three positions,R. Debevec,Shooting at the 2012 Summer Olympics – Men's 50 metre rifle three positions,J. Sukhorukov
Shooting at the 2008 Summer Olympics – Men's 50 metre rifle prone,W. Potent,Shooting at the 2012 Summer Olympics – Men's 50 metre rifle prone,M. Emmons
Shooting at the 2008 Summer Olympics – Men's 50 metre pistol,V. Isakov,Shooting at the 2012 Summer Olympics – Men's 50 metre pistol,T. Zongliang
Shooting at the 2008 Summer Olympics – Men's 25 metre rapid fire pistol,C. Reitz,Shooting at the 2012 Summer Olympics – Men's 25 metre rapid fire pistol,R. Schumann
Shooting at the 2008 Summer Olympics – Men's 10 metre air rifle,H. Häkkinen,Shooting at the 2012 Summer Olympics – Men's 10 metre air rifle,Z. Qinan
Shooting at the 2008 Summer Olympics – Men's 10 metre air pistol,J. Turner,Shooting at the 2012 Summer Olympics – Men's 10 metre air pistol,J. Jong-oh
Shooting at the 2004 Summer Olympics – Women's trap,L. Bo-na,Shooting at the 2008 Summer Olympics – Women's trap,M. Quintanal
Shooting at the 2004 Summer Olympics – Women's skeet,Z. Meftahatdinova,Shooting at the 2008 Summer Olympics – Women's skeet,W. Ning
Shooting at the 2004 Summer Olympics – Women's 50 metre rifle three positions,W. Chengyi,Shooting at the 2008 Summer Olympics – Women's 50 metre rifle three positions,V. Turisini
Shooting at the 2004 Summer Olympics – Women's 25 metre pistol,I. Ashumova,Shooting at the 2008 Summer Olympics – Women's 25 metre pistol,L. Hyková
Shooting at the 2004 Summer Olympics – Women's 10 metre air rifle,K. Kůrková,Shooting at the 2008 Summer Olympics – Women's 10 metre air rifle,L. Galkina
Shooting at the 2004 Summer Olympics – Women's 10 metre air pistol,M. Grozdeva,Shooting at the 2008 Summer Olympics – Women's 10 metre air pistol,J. Šekarić
Shooting at the 2004 Summer Olympics – Men's trap,A. Vella,Shooting at the 2008 Summer Olympics – Men's trap,G. Pellielo
Shooting at the 2004 Summer Olympics – Men's skeet,J. M. Rodríguez,Shooting at the 2008 Summer Olympics – Men's skeet,M. Kemppainen
Shooting at the 2004 Summer Olympics – Men's double trap,W. Zheng,Shooting at the 2008 Summer Olympics – Men's double trap,R. S. Rathore
Shooting at the 2004 Summer Olympics – Men's 50 metre rifle three positions,C. Planer,Shooting at the 2008 Summer Olympics – Men's 50 metre rifle three positions,M. Anti
Shooting at the 2004 Summer Olympics – Men's 50 metre rifle prone,S. Martynov,Shooting at the 2008 Summer Olympics – Men's 50 metre rifle prone,C. Lusch
Shooting at the 2004 Summer Olympics – Men's 50 metre pistol,K. Jong-su,Shooting at the 2008 Summer Olympics – Men's 50 metre pistol,J. Jong-oh
Shooting at the 2004 Summer Olympics – Men's 25 metre rapid fire pistol,S. Alifirenko,Shooting at the 2008 Summer Olympics – Men's 25 metre rapid fire pistol,S. Polyakov
Shooting at the 2004 Summer Olympics – Men's 10 metre air rifle,J. Gönci,Shooting at the 2008 Summer Olympics – Men's 10 metre air rifle,L. Jie
Shooting at the 2004 Summer Olympics – Men's 10 metre air pistol,V. Isakov,Shooting at the 2008 Summer Olympics – Men's 10 metre air pistol,M. Nestruyev
Shooting at the 2004 Summer Olympics – Women's trap,L. Bo-na,Shooting at the 2008 Summer Olympics – Women's trap,M. Quintanal
Shooting at the 2004 Summer Olympics – Women's skeet,Z. Meftahatdinova,Shooting at the 2008 Summer Olympics – Women's skeet,W. Ning
Shooting at the 2004 Summer Olympics – Women's 50 metre rifle three positions,W. Chengyi,Shooting at the 2008 Summer Olympics – Women's 50 metre rifle three positions,V. Turisini
Shooting at the 2004 Summer Olympics – Women's 25 metre pistol,I. Ashumova,Shooting at the 2008 Summer Olympics – Women's 25 metre pistol,L. Hyková
Shooting at the 2004 Summer Olympics – Women's 10 metre air rifle,K. Kůrková,Shooting at the 2008 Summer Olympics – Women's 10 metre air rifle,L. Galkina
Shooting at the 2004 Summer Olympics – Women's 10 metre air pistol,M. Grozdeva,Shooting at the 2008 Summer Olympics – Women's 10 metre air pistol,J. Šekarić
Shooting at the 2004 Summer Olympics – Men's trap,A. Vella,Shooting at the 2008 Summer Olympics – Men's trap,G. Pellielo
Shooting at the 2004 Summer Olympics – Men's skeet,J. M. Rodríguez,Shooting at the 2008 Summer Olympics – Men's skeet,M. Kemppainen
Shooting at the 2004 Summer Olympics – Men's double trap,W. Zheng,Shooting at the 2008 Summer Olympics – Men's double trap,R. S. Rathore
Shooting at the 2004 Summer Olympics – Men's 50 metre rifle three positions,C. Planer,Shooting at the 2008 Summer Olympics – Men's 50 metre rifle three positions,M. Anti
Shooting at the 2004 Summer Olympics – Men's 50 metre rifle prone,S. Martynov,Shooting at the 2008 Summer Olympics – Men's 50 metre rifle prone,C. Lusch
Shooting at the 2004 Summer Olympics – Men's 50 metre pistol,K. Jong-su,Shooting at the 2008 Summer Olympics – Men's 50 metre pistol,J. Jong-oh
Shooting at the 2004 Summer Olympics – Men's 25 metre rapid fire pistol,S. Alifirenko,Shooting at the 2008 Summer Olympics – Men's 25 metre rapid fire pistol,S. Polyakov
Shooting at the 2004 Summer Olympics – Men's 10 metre air rifle,J. Gönci,Shooting at the 2008 Summer Olympics – Men's 10 metre air rifle,L. Jie
Shooting at the 2004 Summer Olympics – Men's 10 metre air pistol,V. Isakov,Shooting at the 2008 Summer Olympics – Men's 10 metre air pistol,M. Nestruyev
Shooting at the 2000 Summer Olympics – Women's trap,G. E,Shooting at the 2004 Summer Olympics - Women's trap,D. Racinet
Shooting at the 2000 Summer Olympics – Women's skeet,D. Igaly,Shooting at the 2004 Summer Olympics - Women's skeet,S. Demina
Shooting at the 2000 Summer Olympics – Women's double trap,K. Rhode,Shooting at the 2004 Summer Olympics - Women's double trap,D. Gelisio
Shooting at the 2000 Summer Olympics – Women's 50 metre rifle three positions,M. Feklistova,Shooting at the 2004 Summer Olympics - Women's 50 metre rifle three positions,T. Goldobina
Shooting at the 2000 Summer Olympics – Women's 25 metre pistol,L. Yauhleuskaya,Shooting at the 2004 Summer Olympics – Women's 25 metre pistol,T. Luna
Shooting at the 2000 Summer Olympics – Women's 10 metre air rifle,G. Jing,Shooting at the 2004 Summer Olympics - Women's 10 metre air rifle,K. Cho-hyun
Shooting at the 2000 Summer Olympics – Women's 10 metre air pistol,A. Forder,Shooting at the 2004 Summer Olympics - Women's 10 metre air pistol,J. Šekarić
Shooting at the 2000 Summer Olympics – Men's trap,G. Pellielo,Shooting at the 2004 Summer Olympics - Men's trap,I. Peel
Shooting at the 2000 Summer Olympics – Men's skeet,J. Graves,Shooting at the 2004 Summer Olympics - Men's skeet,P. Málek
