col0,col1,col2,col3
Shooting at the 2000 Summer Olympics – Men's double trap,F. A. Deehani,Shooting at the 2004 Summer Olympics - Men's double trap,R. Mark
Shooting at the 2000 Summer Olympics – Men's 50 metre rifle three positions,H. Stenvaag,Shooting at the 2004 Summer Olympics - Men's 50 metre rifle three positions,J. Hirvi
Shooting at the 2000 Summer Olympics – Men's 50 metre rifle prone,S. Martynov,Shooting at the 2004 Summer Olympics - Men's 50 metre rifle prone,T. Grimmel
Shooting at the 2000 Summer Olympics – Men's 50 metre pistol,M. Tenk,Shooting at the 2004 Summer Olympics - Men's 50 metre pistol,I. Basinski
Shooting at the 2000 Summer Olympics – Men's 25 metre rapid fire pistol,I. Raicea,Shooting at the 2004 Summer Olympics - Men's 25 metre rapid fire pistol,M. Ansermet
Shooting at the 2000 Summer Olympics – Men's 10 metre running target,N. Zhiyuan,Shooting at the 2004 Summer Olympics - Men's 10 metre running target,O. Moldovan
Shooting at the 2000 Summer Olympics – Men's 10 metre air rifle,Y. Aleinikov,Shooting at the 2004 Summer Olympics - Men's 10 metre air rifle,A. Khadjibekov
Shooting at the 2000 Summer Olympics – Men's 10 metre air pistol,I. Basinski,Shooting at the 2004 Summer Olympics - Men's 10 metre air pistol,W. Yifu
Shooting at the 2000 Summer Olympics – Women's trap,G. E,Shooting at the 2004 Summer Olympics - Women's trap,D. Racinet
Shooting at the 2000 Summer Olympics – Women's skeet,D. Igaly,Shooting at the 2004 Summer Olympics - Women's skeet,S. Demina
Shooting at the 2000 Summer Olympics – Women's double trap,K. Rhode,Shooting at the 2004 Summer Olympics - Women's double trap,D. Gelisio
Shooting at the 2000 Summer Olympics – Women's 50 metre rifle three positions,M. Feklistova,Shooting at the 2004 Summer Olympics - Women's 50 metre rifle three positions,T. Goldobina
Shooting at the 2000 Summer Olympics – Women's 25 metre pistol,L. Yauhleuskaya,Shooting at the 2004 Summer Olympics – Women's 25 metre pistol,T. Luna
Shooting at the 2000 Summer Olympics – Women's 10 metre air rifle,G. Jing,Shooting at the 2004 Summer Olympics - Women's 10 metre air rifle,K. Cho-hyun
Shooting at the 2000 Summer Olympics – Women's 10 metre air pistol,A. Forder,Shooting at the 2004 Summer Olympics - Women's 10 metre air pistol,J. Šekarić
Shooting at the 2000 Summer Olympics – Men's trap,G. Pellielo,Shooting at the 2004 Summer Olympics - Men's trap,I. Peel
Shooting at the 2000 Summer Olympics – Men's skeet,J. Graves,Shooting at the 2004 Summer Olympics - Men's skeet,P. Málek
Shooting at the 2000 Summer Olympics – Men's double trap,F. A. Deehani,Shooting at the 2004 Summer Olympics - Men's double trap,R. Mark
Shooting at the 2000 Summer Olympics – Men's 50 metre rifle three positions,H. Stenvaag,Shooting at the 2004 Summer Olympics - Men's 50 metre rifle three positions,J. Hirvi
Shooting at the 2000 Summer Olympics – Men's 50 metre rifle prone,S. Martynov,Shooting at the 2004 Summer Olympics - Men's 50 metre rifle prone,T. Grimmel
Shooting at the 2000 Summer Olympics – Men's 50 metre pistol,M. Tenk,Shooting at the 2004 Summer Olympics - Men's 50 metre pistol,I. Basinski
Shooting at the 2000 Summer Olympics – Men's 25 metre rapid fire pistol,I. Raicea,Shooting at the 2004 Summer Olympics - Men's 25 metre rapid fire pistol,M. Ansermet
Shooting at the 2000 Summer Olympics – Men's 10 metre running target,N. Zhiyuan,Shooting at the 2004 Summer Olympics - Men's 10 metre running target,O. Moldovan
Shooting at the 2000 Summer Olympics – Men's 10 metre air rifle,Y. Aleinikov,Shooting at the 2004 Summer Olympics - Men's 10 metre air rifle,A. Khadjibekov
Shooting at the 2000 Summer Olympics – Men's 10 metre air pistol,I. Basinski,Shooting at the 2004 Summer Olympics - Men's 10 metre air pistol,W. Yifu
Shooting at the 1996 Summer Olympics – Women's double trap,D. Huddleston,Shooting at the 2000 Summer Olympics – Women's double trap,S. Kiermayer
Shooting at the 1996 Summer Olympics – Women's 50 metre rifle three positions,R. Mauer,Shooting at the 2000 Summer Olympics – Women's 50 metre rifle three positions,I. Gerasimenok
Shooting at the 1996 Summer Olympics – Women's 25 metre pistol,M. Logvinenko,Shooting at the 2000 Summer Olympics – Women's 25 metre pistol,D. Iorgova
Shooting at the 1996 Summer Olympics – Women's 10 metre air rifle,A. Ivošev,Shooting at the 2000 Summer Olympics – Women's 10 metre air rifle,P. Horneber
Shooting at the 1996 Summer Olympics – Women's 10 metre air pistol,M. Grozdeva,Shooting at the 2000 Summer Olympics – Women's 10 metre air pistol,M. Logvinenko
Shooting at the 1996 Summer Olympics – Men's trap,L. Bade,Shooting at the 2000 Summer Olympics – Men's trap,J. Lakatos
Shooting at the 1996 Summer Olympics – Men's skeet,A. Benelli,Shooting at the 2000 Summer Olympics – Men's skeet,M. Rzepkowski
Shooting at the 1996 Summer Olympics – Men's double trap,Z. Bing,Shooting at the 2000 Summer Olympics – Men's double trap,A. Pera
Shooting at the 1996 Summer Olympics – Men's 50 metre rifle three positions,W. Waibel,Shooting at the 2000 Summer Olympics – Men's 50 metre rifle three positions,S. Belyayev
Shooting at the 1996 Summer Olympics – Men's 50 metre rifle prone,J. Gönci,Shooting at the 2000 Summer Olympics – Men's 50 metre rifle prone,S. Belyayev
Shooting at the 1996 Summer Olympics – Men's 50 metre pistol,R. D. Donna,Shooting at the 2000 Summer Olympics – Men's 50 metre pistol,I. Basinski
Shooting at the 1996 Summer Olympics – Men's 25 metre rapid fire pistol,V. Vokhmyanin,Shooting at the 2000 Summer Olympics – Men's 25 metre rapid fire pistol,E. Milev
Shooting at the 1996 Summer Olympics – Men's 10 metre running target,M. Januš,Shooting at the 2000 Summer Olympics – Men's 10 metre running target,X. Jun
Shooting at the 1996 Summer Olympics – Men's 10 metre air rifle,J. Amat,Shooting at the 2000 Summer Olympics – Men's 10 metre air rifle,W. Waibel
Shooting at the 1996 Summer Olympics – Men's 10 metre air pistol,T. Kiryakov,Shooting at the 2000 Summer Olympics – Men's 10 metre air pistol,W. Yifu
Shooting at the 1996 Summer Olympics – Women's double trap,D. Huddleston,Shooting at the 2000 Summer Olympics – Women's double trap,S. Kiermayer
Shooting at the 1996 Summer Olympics – Women's 50 metre rifle three positions,R. Mauer,Shooting at the 2000 Summer Olympics – Women's 50 metre rifle three positions,I. Gerasimenok
Shooting at the 1996 Summer Olympics – Women's 25 metre pistol,M. Logvinenko,Shooting at the 2000 Summer Olympics – Women's 25 metre pistol,D. Iorgova
Shooting at the 1996 Summer Olympics – Women's 10 metre air rifle,A. Ivošev,Shooting at the 2000 Summer Olympics – Women's 10 metre air rifle,P. Horneber
Shooting at the 1996 Summer Olympics – Women's 10 metre air pistol,M. Grozdeva,Shooting at the 2000 Summer Olympics – Women's 10 metre air pistol,M. Logvinenko
Shooting at the 1996 Summer Olympics – Men's trap,L. Bade,Shooting at the 2000 Summer Olympics – Men's trap,J. Lakatos
Shooting at the 1996 Summer Olympics – Men's skeet,A. Benelli,Shooting at the 2000 Summer Olympics – Men's skeet,M. Rzepkowski
Shooting at the 1996 Summer Olympics – Men's double trap,Z. Bing,Shooting at the 2000 Summer Olympics – Men's double trap,A. Pera
Shooting at the 1996 Summer Olympics – Men's 50 metre rifle three positions,W. Waibel,Shooting at the 2000 Summer Olympics – Men's 50 metre rifle three positions,S. Belyayev
Shooting at the 1996 Summer Olympics – Men's 50 metre rifle prone,J. Gönci,Shooting at the 2000 Summer Olympics – Men's 50 metre rifle prone,S. Belyayev
Shooting at the 1996 Summer Olympics – Men's 50 metre pistol,R. D. Donna,Shooting at the 2000 Summer Olympics – Men's 50 metre pistol,I. Basinski
Shooting at the 1996 Summer Olympics – Men's 25 metre rapid fire pistol,V. Vokhmyanin,Shooting at the 2000 Summer Olympics – Men's 25 metre rapid fire pistol,E. Milev
Shooting at the 1996 Summer Olympics – Men's 10 metre running target,M. Januš,Shooting at the 2000 Summer Olympics – Men's 10 metre running target,X. Jun
Shooting at the 1996 Summer Olympics – Men's 10 metre air rifle,J. Amat,Shooting at the 2000 Summer Olympics – Men's 10 metre air rifle,W. Waibel
Shooting at the 1996 Summer Olympics – Men's 10 metre air pistol,T. Kiryakov,Shooting at the 2000 Summer Olympics – Men's 10 metre air pistol,W. Yifu
Shooting at the 1992 Summer Olympics – Women's 50 metre rifle three positions,M. Ksiazkiewicz,Shooting at the 1996 Summer Olympics - Women's 50 metre rifle three positions,N. Matova
Shooting at the 1992 Summer Olympics – Women's 25 metre pistol,M. Dorjsuren,Shooting at the 1996 Summer Olympics - Women's 25 metre pistol,L. Duihong
Shooting at the 1992 Summer Olympics – Women's 10 metre air rifle,A. Binder,Shooting at the 1996 Summer Olympics - Women's 10 metre air rifle,V. Letcheva
Shooting at the 1992 Summer Olympics – Women's 10 metre air pistol,M. Grozdeva,Shooting at the 1996 Summer Olympics - Women's 10 metre air pistol,J. Šekarić
Shooting at the 1992 Summer Olympics – Trap,M. Venturini,Shooting at the 1996 Summer Olympics - Men's trap,K. Watanabe
Shooting at the 1992 Summer Olympics – Skeet,B. Rossetti,Shooting at the 1996 Summer Olympics - Men's skeet,J. Giha
Shooting at the 1992 Summer Olympics – Men's 50 metre rifle three positions,R. Koba,Shooting at the 1996 Summer Olympics - Men's 50 metre rifle three positions,R. Foth
Shooting at the 1992 Summer Olympics – Men's 50 metre rifle prone,S. Pletikosić,Shooting at the 1996 Summer Olympics - Men's 50 metre rifle prone,H. Stenvaag
Shooting at the 1992 Summer Olympics – Men's 50 metre pistol,R. Skanåker,Shooting at the 1996 Summer Olympics - Men's 50 metre pistol,W. Yifu
Shooting at the 1992 Summer Olympics – Men's 25 metre rapid fire pistol,V. Vokhmyanin,Shooting at the 1996 Summer Olympics - Men's 25 metre rapid fire pistol,A. Kuzmins
Shooting at the 1992 Summer Olympics – Men's 10 metre running target,L. Račanský,Shooting at the 1996 Summer Olympics - Men's 10 metre running target,A. Asrabayev
Shooting at the 1992 Summer Olympics – Men's 10 metre air rifle,J. Riederer,Shooting at the 1996 Summer Olympics - Men's 10 metre air rifle,F. Badiou
Shooting at the 1992 Summer Olympics – Men's 10 metre air pistol,S. Babii,Shooting at the 1996 Summer Olympics - Men's 10 metre air pistol,S. Pyzhianov
Shooting at the 1992 Summer Olympics – Women's 50 metre rifle three positions,M. Ksiazkiewicz,Shooting at the 1996 Summer Olympics - Women's 50 metre rifle three positions,N. Matova
Shooting at the 1992 Summer Olympics – Women's 25 metre pistol,M. Dorjsuren,Shooting at the 1996 Summer Olympics - Women's 25 metre pistol,L. Duihong
Shooting at the 1992 Summer Olympics – Women's 10 metre air rifle,A. Binder,Shooting at the 1996 Summer Olympics - Women's 10 metre air rifle,V. Letcheva
Shooting at the 1992 Summer Olympics – Women's 10 metre air pistol,M. Grozdeva,Shooting at the 1996 Summer Olympics - Women's 10 metre air pistol,J. Šekarić
Shooting at the 1992 Summer Olympics – Trap,M. Venturini,Shooting at the 1996 Summer Olympics - Men's trap,K. Watanabe
Shooting at the 1992 Summer Olympics – Skeet,B. Rossetti,Shooting at the 1996 Summer Olympics - Men's skeet,J. Giha
Shooting at the 1992 Summer Olympics – Men's 50 metre rifle three positions,R. Koba,Shooting at the 1996 Summer Olympics - Men's 50 metre rifle three positions,R. Foth
Shooting at the 1992 Summer Olympics – Men's 50 metre rifle prone,S. Pletikosić,Shooting at the 1996 Summer Olympics - Men's 50 metre rifle prone,H. Stenvaag
Shooting at the 1992 Summer Olympics – Men's 50 metre pistol,R. Skanåker,Shooting at the 1996 Summer Olympics - Men's 50 metre pistol,W. Yifu
Shooting at the 1992 Summer Olympics – Men's 25 metre rapid fire pistol,V. Vokhmyanin,Shooting at the 1996 Summer Olympics - Men's 25 metre rapid fire pistol,A. Kuzmins
Shooting at the 1992 Summer Olympics – Men's 10 metre running target,L. Račanský,Shooting at the 1996 Summer Olympics - Men's 10 metre running target,A. Asrabayev
Shooting at the 1992 Summer Olympics – Men's 10 metre air rifle,J. Riederer,Shooting at the 1996 Summer Olympics - Men's 10 metre air rifle,F. Badiou
Shooting at the 1992 Summer Olympics – Men's 10 metre air pistol,S. Babii,Shooting at the 1996 Summer Olympics - Men's 10 metre air pistol,S. Pyzhianov
Shooting at the 1988 Summer Olympics – Women's 50 metre rifle three positions,V. Cherkasova,Shooting at the 1992 Summer Olympics - Women's 50 metre rifle three positions,V. Letcheva
Shooting at the 1988 Summer Olympics – Women's 25 metre pistol,J. Šekarić,Shooting at the 1992 Summer Olympics - Women's 25 metre pistol,T. Hasegawa
