col0,col1,col2,col3
Shooting at the 1984 Summer Olympics – Women's 25 metre pistol,P. Dench,Shooting at the 1988 Summer Olympics – Women's 25 metre pistol,R. Fox
Shooting at the 1984 Summer Olympics – Women's 10 metre air rifle,W. Xiaoxuan,Shooting at the 1988 Summer Olympics – Women's 10 metre air rifle,E. Gufler
Shooting at the 1984 Summer Olympics – Mixed trap,D. Carlisle,Shooting at the 1988 Summer Olympics – Mixed trap,F. Boza
Shooting at the 1984 Summer Olympics – Mixed skeet,L. S. Rossi,Shooting at the 1988 Summer Olympics – Mixed skeet,O. R. Rasmussen
Shooting at the 1984 Summer Olympics – Men's 50 metre running target,H. Shiping,Shooting at the 1988 Summer Olympics – Men's 50 metre running target,H. Bellingrodt
Shooting at the 1984 Summer Olympics – Men's 50 metre rifle three positions,A. Allan,Shooting at the 1988 Summer Olympics – Men's 50 metre rifle three positions,D. Nipkow
"Shooting at the 1984 Summer Olympics – Men's 50 metre rifle, prone",M. Sullivan,"Shooting at the 1988 Summer Olympics – Men's 50 metre rifle, prone",M. Bury
Shooting at the 1984 Summer Olympics – Men's 50 metre free pistol,W. Yifu,Shooting at the 1988 Summer Olympics – Men's 50 metre free pistol,R. Skanåker
Shooting at the 1984 Summer Olympics – Men's 25 metre rapid fire pistol,R. Bies,Shooting at the 1988 Summer Olympics – Men's 25 metre rapid fire pistol,C. Ion
Shooting at the 1984 Summer Olympics – Men's 10 metre air rifle,B. Dagger,Shooting at the 1988 Summer Olympics – Men's 10 metre air rifle,A. Kronthaler
Shooting at the 1984 Summer Olympics – Women's 50 metre rifle three positions,W. Jewell,Shooting at the 1988 Summer Olympics – Women's 50 metre rifle three positions,U. Holmer
Shooting at the 1984 Summer Olympics – Women's 25 metre pistol,P. Dench,Shooting at the 1988 Summer Olympics – Women's 25 metre pistol,R. Fox
Shooting at the 1984 Summer Olympics – Women's 10 metre air rifle,W. Xiaoxuan,Shooting at the 1988 Summer Olympics – Women's 10 metre air rifle,E. Gufler
Shooting at the 1984 Summer Olympics – Mixed trap,D. Carlisle,Shooting at the 1988 Summer Olympics – Mixed trap,F. Boza
Shooting at the 1984 Summer Olympics – Mixed skeet,L. S. Rossi,Shooting at the 1988 Summer Olympics – Mixed skeet,O. R. Rasmussen
Shooting at the 1984 Summer Olympics – Men's 50 metre running target,H. Shiping,Shooting at the 1988 Summer Olympics – Men's 50 metre running target,H. Bellingrodt
Shooting at the 1984 Summer Olympics – Men's 50 metre rifle three positions,A. Allan,Shooting at the 1988 Summer Olympics – Men's 50 metre rifle three positions,D. Nipkow
"Shooting at the 1984 Summer Olympics – Men's 50 metre rifle, prone",M. Sullivan,"Shooting at the 1988 Summer Olympics – Men's 50 metre rifle, prone",M. Bury
Shooting at the 1984 Summer Olympics – Men's 50 metre free pistol,W. Yifu,Shooting at the 1988 Summer Olympics – Men's 50 metre free pistol,R. Skanåker
Shooting at the 1984 Summer Olympics – Men's 25 metre rapid fire pistol,R. Bies,Shooting at the 1988 Summer Olympics – Men's 25 metre rapid fire pistol,C. Ion
Shooting at the 1984 Summer Olympics – Men's 10 metre air rifle,B. Dagger,Shooting at the 1988 Summer Olympics – Men's 10 metre air rifle,A. Kronthaler
Shooting at the 1980 Summer Olympics – Mixed trap,J. Damme,Shooting at the 1984 Summer Olympics – Mixed trap,R. Yambulatov
Shooting at the 1980 Summer Olympics – Mixed skeet,R. Castrillo,Shooting at the 1984 Summer Olympics – Mixed skeet,L. Carlsson
Shooting at the 1980 Summer Olympics – Mixed 50 metre rifle three positions,S. Johansson,Shooting at the 1984 Summer Olympics – Men's 50 metre rifle three positions,B. Hartstein
Shooting at the 1980 Summer Olympics – Mixed 50 metre free pistol,L. Dyakov,Shooting at the 1984 Summer Olympics - Men's 50 metre pistol,H. Vollmar
Shooting at the 1980 Summer Olympics – Mixed trap,J. Damme,Shooting at the 1984 Summer Olympics – Mixed trap,R. Yambulatov
Shooting at the 1980 Summer Olympics – Mixed skeet,R. Castrillo,Shooting at the 1984 Summer Olympics – Mixed skeet,L. Carlsson
Shooting at the 1980 Summer Olympics – Mixed 50 metre rifle three positions,S. Johansson,Shooting at the 1984 Summer Olympics – Men's 50 metre rifle three positions,B. Hartstein
Shooting at the 1980 Summer Olympics – Mixed 50 metre free pistol,L. Dyakov,Shooting at the 1984 Summer Olympics - Men's 50 metre pistol,H. Vollmar
Shooting at the 1976 Summer Olympics – Mixed skeet,W. Gawlikowski,Shooting at the 1980 Summer Olympics – Mixed skeet,E. Swinkels
Shooting at the 1976 Summer Olympics – Mixed 50 metre running target,J. Greszkiewicz,Shooting at the 1980 Summer Olympics – Mixed 50 metre running target,A. Kedyarov
Shooting at the 1976 Summer Olympics – Mixed 50 metre rifle three positions,W. Seibold,Shooting at the 1980 Summer Olympics – Mixed 50 metre rifle three positions,M. Murdock
"Shooting at the 1976 Summer Olympics – Mixed 50 metre rifle, prone",G. Lushchikov,"Shooting at the 1980 Summer Olympics – Mixed 50 metre rifle, prone",U. Lind
Shooting at the 1976 Summer Olympics – Mixed 50 metre free pistol,R. Dollinger,Shooting at the 1980 Summer Olympics – Mixed 50 metre free pistol,H. Vollmar
Shooting at the 1976 Summer Olympics – Mixed 25 metre rapid fire pistol,R. Ferraris,Shooting at the 1980 Summer Olympics – Mixed 25 metre rapid fire pistol,J. Wiefel
Shooting at the 1976 Summer Olympics – Mixed skeet,W. Gawlikowski,Shooting at the 1980 Summer Olympics – Mixed skeet,E. Swinkels
Shooting at the 1976 Summer Olympics – Mixed 50 metre running target,J. Greszkiewicz,Shooting at the 1980 Summer Olympics – Mixed 50 metre running target,A. Kedyarov
Shooting at the 1976 Summer Olympics – Mixed 50 metre rifle three positions,W. Seibold,Shooting at the 1980 Summer Olympics – Mixed 50 metre rifle three positions,M. Murdock
"Shooting at the 1976 Summer Olympics – Mixed 50 metre rifle, prone",G. Lushchikov,"Shooting at the 1980 Summer Olympics – Mixed 50 metre rifle, prone",U. Lind
Shooting at the 1976 Summer Olympics – Mixed 50 metre free pistol,R. Dollinger,Shooting at the 1980 Summer Olympics – Mixed 50 metre free pistol,H. Vollmar
Shooting at the 1976 Summer Olympics – Mixed 25 metre rapid fire pistol,R. Ferraris,Shooting at the 1980 Summer Olympics – Mixed 25 metre rapid fire pistol,J. Wiefel
Shooting at the 1972 Summer Olympics – Mixed trap,S. Basagni,Shooting at the 1976 Summer Olympics – Mixed trap,M. Carrega
Shooting at the 1972 Summer Olympics – Mixed skeet,M. Buchheim,Shooting at the 1976 Summer Olympics – Mixed skeet,Y. Petrov
Shooting at the 1972 Summer Olympics – Mixed 50 metre running target,J. Kynoch,Shooting at the 1976 Summer Olympics – Mixed 50 metre running target,H. Bellingrodt
Shooting at the 1972 Summer Olympics – Mixed 50 metre rifle three positions,W. Lippoldt,Shooting at the 1976 Summer Olympics – Mixed 50 metre rifle three positions,L. Bassham
"Shooting at the 1972 Summer Olympics – Mixed 50 metre rifle, prone",N. Rotaru,"Shooting at the 1976 Summer Olympics – Mixed 50 metre rifle, prone",V. Auer
Shooting at the 1972 Summer Olympics – Mixed 50 metre free pistol,R. Dollinger,Shooting at the 1976 Summer Olympics – Mixed 50 metre free pistol,D. Iuga
Shooting at the 1972 Summer Olympics – Mixed 25 metre rapid fire pistol,V. Torshin,Shooting at the 1976 Summer Olympics – Mixed 25 metre rapid fire pistol,L. Falta
Shooting at the 1972 Summer Olympics – Mixed trap,S. Basagni,Shooting at the 1976 Summer Olympics – Mixed trap,M. Carrega
Shooting at the 1972 Summer Olympics – Mixed skeet,M. Buchheim,Shooting at the 1976 Summer Olympics – Mixed skeet,Y. Petrov
Shooting at the 1972 Summer Olympics – Mixed 50 metre running target,J. Kynoch,Shooting at the 1976 Summer Olympics – Mixed 50 metre running target,H. Bellingrodt
Shooting at the 1972 Summer Olympics – Mixed 50 metre rifle three positions,W. Lippoldt,Shooting at the 1976 Summer Olympics – Mixed 50 metre rifle three positions,L. Bassham
"Shooting at the 1972 Summer Olympics – Mixed 50 metre rifle, prone",N. Rotaru,"Shooting at the 1976 Summer Olympics – Mixed 50 metre rifle, prone",V. Auer
Shooting at the 1972 Summer Olympics – Mixed 50 metre free pistol,R. Dollinger,Shooting at the 1976 Summer Olympics – Mixed 50 metre free pistol,D. Iuga
Shooting at the 1972 Summer Olympics – Mixed 25 metre rapid fire pistol,V. Torshin,Shooting at the 1976 Summer Olympics – Mixed 25 metre rapid fire pistol,L. Falta
Shooting at the 1968 Summer Olympics – Mixed trap,K. Czekalla,Shooting at the 1972 Summer Olympics – Mixed trap,T. Garrigus
Shooting at the 1968 Summer Olympics – Mixed skeet,K. Wirnhier,Shooting at the 1972 Summer Olympics – Mixed skeet,R. Garagnani
Shooting at the 1968 Summer Olympics – Mixed 50 metre rifle three positions,V. Parkhimovich,Shooting at the 1972 Summer Olympics – Mixed 50 metre rifle three positions,J. Writer
"Shooting at the 1968 Summer Olympics – Mixed 50 metre rifle, prone",I. Ballinger,"Shooting at the 1972 Summer Olympics – Mixed 50 metre rifle, prone",L. Hammerl
Shooting at the 1968 Summer Olympics – Mixed 50 metre pistol,H. Vollmar,Shooting at the 1972 Summer Olympics – Mixed 50 metre pistol,H. Mertel
"Shooting at the 1968 Summer Olympics – Mixed 300 metre free rifle, three positions",K. Müller,"Shooting at the 1972 Summer Olympics – Mixed 300 metre free rifle, three positions",V. Kornev
Shooting at the 1968 Summer Olympics – Mixed 25 metre rapid fire pistol,R. Suleymanov,Shooting at the 1972 Summer Olympics – Mixed 25 metre rapid fire pistol,M. Roșca
Shooting at the 1968 Summer Olympics – Mixed trap,K. Czekalla,Shooting at the 1972 Summer Olympics – Mixed trap,T. Garrigus
Shooting at the 1968 Summer Olympics – Mixed skeet,K. Wirnhier,Shooting at the 1972 Summer Olympics – Mixed skeet,R. Garagnani
Shooting at the 1968 Summer Olympics – Mixed 50 metre rifle three positions,V. Parkhimovich,Shooting at the 1972 Summer Olympics – Mixed 50 metre rifle three positions,J. Writer
"Shooting at the 1968 Summer Olympics – Mixed 50 metre rifle, prone",I. Ballinger,"Shooting at the 1972 Summer Olympics – Mixed 50 metre rifle, prone",L. Hammerl
Shooting at the 1968 Summer Olympics – Mixed 50 metre pistol,H. Vollmar,Shooting at the 1972 Summer Olympics – Mixed 50 metre pistol,H. Mertel
"Shooting at the 1968 Summer Olympics – Mixed 300 metre free rifle, three positions",K. Müller,"Shooting at the 1972 Summer Olympics – Mixed 300 metre free rifle, three positions",V. Kornev
Shooting at the 1968 Summer Olympics – Mixed 25 metre rapid fire pistol,R. Suleymanov,Shooting at the 1972 Summer Olympics – Mixed 25 metre rapid fire pistol,M. Roșca
Shooting at the 1964 Summer Olympics – Men's 50 metre rifle three positions,L. Hammerl,Shooting at the 1984 Summer Olympics – Men's 50 metre rifle three positions,V. Velichkov
"Shooting at the 1964 Summer Olympics – Men's 50 metre rifle, prone",T. Pool,"Shooting at the 1984 Summer Olympics – Men's 50 metre rifle, prone",L. Wigger
Shooting at the 1964 Summer Olympics – Men's 50 metre free pistol,Y. Yoshikawa,Shooting at the 1968 Summer Olympics – Mixed 50 metre pistol,F. Green
Shooting at the 1964 Summer Olympics – Men's 25 metre rapid fire pistol,L. Nácovský,Shooting at the 1984 Summer Olympics – Men's 25 metre rapid fire pistol,I. Tripșa
Shooting at the 1964 Summer Olympics – Men's 50 metre rifle three positions,L. Hammerl,Shooting at the 1984 Summer Olympics – Men's 50 metre rifle three positions,V. Velichkov
"Shooting at the 1964 Summer Olympics – Men's 50 metre rifle, prone",T. Pool,"Shooting at the 1984 Summer Olympics – Men's 50 metre rifle, prone",L. Wigger
Shooting at the 1964 Summer Olympics – Men's 50 metre free pistol,Y. Yoshikawa,Shooting at the 1968 Summer Olympics – Mixed 50 metre pistol,F. Green
Shooting at the 1964 Summer Olympics – Men's 25 metre rapid fire pistol,L. Nácovský,Shooting at the 1984 Summer Olympics – Men's 25 metre rapid fire pistol,I. Tripșa
Shooting at the 1960 Summer Olympics – Men's trap,S. Kalinin,Shooting at the 1964 Summer Olympics – Men's trap,G. Rossini
Shooting at the 1960 Summer Olympics – Men's 50 metre rifle three positions,K. Zähringer,Shooting at the 1964 Summer Olympics – Men's 50 metre rifle three positions,M. Nyýazow
"Shooting at the 1960 Summer Olympics – Men's 50 metre rifle, prone",E. Forcella,"Shooting at the 1964 Summer Olympics – Men's 50 metre rifle, prone",J. E. Hill
Shooting at the 1960 Summer Olympics – Men's 50 metre pistol,Y. Yoshikawa,Shooting at the 1964 Summer Olympics – Men's 50 metre pistol,M. Umarov
"Shooting at the 1960 Summer Olympics – Men's 300 metre free rifle, three positions",V. Borisov,"Shooting at the 1964 Summer Olympics – Men's 300 metre free rifle, three positions",H. R. Spillmann
Shooting at the 1960 Summer Olympics – Men's 25 metre rapid fire pistol,A. Zabelin,Shooting at the 1964 Summer Olympics – Men's 25 metre rapid fire pistol,P. Linnosvuo
Shooting at the 1960 Summer Olympics – Men's trap,S. Kalinin,Shooting at the 1964 Summer Olympics – Men's trap,G. Rossini
Shooting at the 1960 Summer Olympics – Men's 50 metre rifle three positions,K. Zähringer,Shooting at the 1964 Summer Olympics – Men's 50 metre rifle three positions,M. Nyýazow
"Shooting at the 1960 Summer Olympics – Men's 50 metre rifle, prone",E. Forcella,"Shooting at the 1964 Summer Olympics – Men's 50 metre rifle, prone",J. E. Hill
Shooting at the 1960 Summer Olympics – Men's 50 metre pistol,Y. Yoshikawa,Shooting at the 1964 Summer Olympics – Men's 50 metre pistol,M. Umarov
"Shooting at the 1960 Summer Olympics – Men's 300 metre free rifle, three positions",V. Borisov,"Shooting at the 1964 Summer Olympics – Men's 300 metre free rifle, three positions",H. R. Spillmann
Shooting at the 1960 Summer Olympics – Men's 25 metre rapid fire pistol,A. Zabelin,Shooting at the 1964 Summer Olympics – Men's 25 metre rapid fire pistol,P. Linnosvuo
Shooting at the 1956 Summer Olympics – Men's trap,A. Ciceri,Shooting at the 1960 Summer Olympics – Men's trap,A. Smelczyński
Shooting at the 1956 Summer Olympics – Men's 50 metre rifle three positions,J. Sundberg,Shooting at the 1960 Summer Olympics – Men's 50 metre rifle three positions,O. Hořínek
"Shooting at the 1956 Summer Olympics – Men's 50 metre rifle, prone",G. Boa,"Shooting at the 1960 Summer Olympics – Men's 50 metre rifle, prone",V. Borisov
Shooting at the 1956 Summer Olympics – Men's 50 metre pistol,O. Pinion,Shooting at the 1960 Summer Olympics – Men's 50 metre pistol,M. Umarov
"Shooting at the 1956 Summer Olympics – Men's 300 metre free rifle, three positions",V. Ylönen,"Shooting at the 1960 Summer Olympics – Men's 300 metre free rifle, three positions",A. Erdman
Shooting at the 1956 Summer Olympics – Men's 25 metre rapid fire pistol,G. Lichiardopol,Shooting at the 1960 Summer Olympics – Men's 25 metre rapid fire pistol,Y. Cherkasov
Shooting at the 1956 Summer Olympics – Men's trap,A. Ciceri,Shooting at the 1960 Summer Olympics – Men's trap,A. Smelczyński
Shooting at the 1956 Summer Olympics – Men's 50 metre rifle three positions,J. Sundberg,Shooting at the 1960 Summer Olympics – Men's 50 metre rifle three positions,O. Hořínek
"Shooting at the 1956 Summer Olympics – Men's 50 metre rifle, prone",G. Boa,"Shooting at the 1960 Summer Olympics – Men's 50 metre rifle, prone",V. Borisov
Shooting at the 1956 Summer Olympics – Men's 50 metre pistol,O. Pinion,Shooting at the 1960 Summer Olympics – Men's 50 metre pistol,M. Umarov
"Shooting at the 1956 Summer Olympics – Men's 300 metre free rifle, three positions",V. Ylönen,"Shooting at the 1960 Summer Olympics – Men's 300 metre free rifle, three positions",A. Erdman
Shooting at the 1956 Summer Olympics – Men's 25 metre rapid fire pistol,G. Lichiardopol,Shooting at the 1960 Summer Olympics – Men's 25 metre rapid fire pistol,Y. Cherkasov
Shooting at the 1952 Summer Olympics – Men's trap,H. Liljedahl,Shooting at the 1956 Summer Olympics – Men's trap,K. Holmqvist
Shooting at the 1952 Summer Olympics – Men's 50 metre rifle three positions,B. Andreyev,Shooting at the 1956 Summer Olympics – Men's 50 metre rifle three positions,V. Ylönen
"Shooting at the 1952 Summer Olympics – Men's 50 metre rifle, prone",A. Jackson,"Shooting at the 1956 Summer Olympics – Men's 50 metre rifle, prone",B. Andreyev
Shooting at the 1952 Summer Olympics – Men's 50 metre pistol,A. Balogh,Shooting at the 1956 Summer Olympics – Men's 50 metre pistol,Á. León
"Shooting at the 1952 Summer Olympics – Men's 300 metre free rifle, three positions",L. Vainshtein,"Shooting at the 1956 Summer Olympics – Men's 300 metre free rifle, three positions",R. Bürchler
Shooting at the 1952 Summer Olympics – Men's 25 metre rapid fire pistol,G. Lichiardopol,Shooting at the 1956 Summer Olympics – Men's 25 metre rapid fire pistol,S. Kun
"Shooting at the 1952 Summer Olympics – Men's 100 metre running deer, single and double shot",T. Mäki,"Shooting at the 1956 Summer Olympics – Men's 100 metre running deer, single and double shot",P. O. Sköldberg
Shooting at the 1952 Summer Olympics – Men's trap,H. Liljedahl,Shooting at the 1956 Summer Olympics – Men's trap,K. Holmqvist
Shooting at the 1952 Summer Olympics – Men's 50 metre rifle three positions,B. Andreyev,Shooting at the 1956 Summer Olympics – Men's 50 metre rifle three positions,V. Ylönen
"Shooting at the 1952 Summer Olympics – Men's 50 metre rifle, prone",A. Jackson,"Shooting at the 1956 Summer Olympics – Men's 50 metre rifle, prone",B. Andreyev
Shooting at the 1952 Summer Olympics – Men's 50 metre pistol,A. Balogh,Shooting at the 1956 Summer Olympics – Men's 50 metre pistol,Á. León
"Shooting at the 1952 Summer Olympics – Men's 300 metre free rifle, three positions",L. Vainshtein,"Shooting at the 1956 Summer Olympics – Men's 300 metre free rifle, three positions",R. Bürchler
Shooting at the 1952 Summer Olympics – Men's 25 metre rapid fire pistol,G. Lichiardopol,Shooting at the 1956 Summer Olympics – Men's 25 metre rapid fire pistol,S. Kun
"Shooting at the 1952 Summer Olympics – Men's 100 metre running deer, single and double shot",T. Mäki,"Shooting at the 1956 Summer Olympics – Men's 100 metre running deer, single and double shot",P. O. Sköldberg
"Shooting at the 1948 Summer Olympics – Men's 50 metre rifle, prone",J. Jonsson,"Shooting at the 1952 Summer Olympics – Men's 50 metre rifle, prone",W. Tomsen
Shooting at the 1948 Summer Olympics – Men's 50 metre pistol,T. Ullman,Shooting at the 1952 Summer Olympics – Men's 50 metre pistol,R. Schnyder
"Shooting at the 1948 Summer Olympics – Men's 300 metre free rifle, three positions",W. Røgeberg,"Shooting at the 1952 Summer Olympics – Men's 300 metre free rifle, three positions",P. Janhonen
Shooting at the 1948 Summer Olympics – Men's 25 metre rapid fire pistol,S. Lundquist,Shooting at the 1952 Summer Olympics – Men's 25 metre rapid fire pistol,Carlos Enrique Díaz Sáenz Valiente
"Shooting at the 1948 Summer Olympics – Men's 50 metre rifle, prone",J. Jonsson,"Shooting at the 1952 Summer Olympics – Men's 50 metre rifle, prone",W. Tomsen
Shooting at the 1948 Summer Olympics – Men's 50 metre pistol,T. Ullman,Shooting at the 1952 Summer Olympics – Men's 50 metre pistol,R. Schnyder
"Shooting at the 1948 Summer Olympics – Men's 300 metre free rifle, three positions",W. Røgeberg,"Shooting at the 1952 Summer Olympics – Men's 300 metre free rifle, three positions",P. Janhonen
