col0,col1,col2,col3
Shooting at the 1948 Summer Olympics – Men's 25 metre rapid fire pistol,S. Lundquist,Shooting at the 1952 Summer Olympics – Men's 25 metre rapid fire pistol,Carlos Enrique Díaz Sáenz Valiente
"Shooting at the 1936 Summer Olympics – Men's 50 metre rifle, prone",C. d. Jammonières,"Shooting at the 1948 Summer Olympics – Men's 50 metre rifle, prone",E. Krempel
Shooting at the 1936 Summer Olympics – Men's 50 metre pistol,C. d. Jammonières,Shooting at the 1948 Summer Olympics – Men's 50 metre pistol,E. Krempel
Shooting at the 1936 Summer Olympics – Men's 25 metre rapid fire pistol,T. Ullman,Shooting at the 1948 Summer Olympics – Men's 25 metre rapid fire pistol,H. Hax
"Shooting at the 1936 Summer Olympics – Men's 50 metre rifle, prone",C. d. Jammonières,"Shooting at the 1948 Summer Olympics – Men's 50 metre rifle, prone",E. Krempel
Shooting at the 1936 Summer Olympics – Men's 50 metre pistol,C. d. Jammonières,Shooting at the 1948 Summer Olympics – Men's 50 metre pistol,E. Krempel
Shooting at the 1936 Summer Olympics – Men's 25 metre rapid fire pistol,T. Ullman,Shooting at the 1948 Summer Olympics – Men's 25 metre rapid fire pistol,H. Hax
"Shooting at the 1932 Summer Olympics – Men's 50 metre rifle, prone",Z. S. Hradetzky,"Shooting at the 1936 Summer Olympics – Men's 50 metre rifle, prone",G. Huet
Shooting at the 1932 Summer Olympics – Men's 25 metre rapid fire pistol,D. Matteucci,Shooting at the 1936 Summer Olympics – Men's 25 metre rapid fire pistol,H. Hax
"Shooting at the 1932 Summer Olympics – Men's 50 metre rifle, prone",Z. S. Hradetzky,"Shooting at the 1936 Summer Olympics – Men's 50 metre rifle, prone",G. Huet
Shooting at the 1932 Summer Olympics – Men's 25 metre rapid fire pistol,D. Matteucci,Shooting at the 1936 Summer Olympics – Men's 25 metre rapid fire pistol,H. Hax
Shooting at the 1924 Summer Olympics – Men's trap,F. Hughes,Shooting at the 1952 Summer Olympics – Men's trap,K. Huber
"Shooting at the 1924 Summer Olympics – Men's 50 metre rifle, prone",J. Hartmann,"Shooting at the 1932 Summer Olympics – Men's 50 metre rifle, prone",M. Dinwiddie
Shooting at the 1924 Summer Olympics – Men's 25 metre rapid fire pistol,L. Hannelius,Shooting at the 1932 Summer Olympics – Men's 25 metre rapid fire pistol,V. Carlberg
Shooting at the 1924 Summer Olympics – Men's trap,F. Hughes,Shooting at the 1952 Summer Olympics – Men's trap,K. Huber
"Shooting at the 1924 Summer Olympics – Men's 50 metre rifle, prone",J. Hartmann,"Shooting at the 1932 Summer Olympics – Men's 50 metre rifle, prone",M. Dinwiddie
Shooting at the 1924 Summer Olympics – Men's 25 metre rapid fire pistol,L. Hannelius,Shooting at the 1932 Summer Olympics – Men's 25 metre rapid fire pistol,V. Carlberg
Shooting at the 1920 Summer Olympics – Men's trap,F. Wright,Shooting at the 1924 Summer Olympics – Men's trap,F. Troeh
Shooting at the 1920 Summer Olympics – Men's team clay pigeons,A. Swahn,Shooting at the 1924 Summer Olympics – Men's team clay pigeons,E. Fesinger
Shooting at the 1920 Summer Olympics – Men's 50 metre free pistol,A. Lane,Shooting at the 1936 Summer Olympics – Men's 50 metre pistol,A. d. Costa
Shooting at the 1920 Summer Olympics – Men's 30 metre military pistol,F. Zulauf,Shooting at the 1924 Summer Olympics – Men's 25 metre rapid fire pistol,R. Bracken
"Shooting at the 1920 Summer Olympics – Men's 300 metre free rifle, three positions",Ø. Østensen,"Shooting at the 1948 Summer Olympics – Men's 300 metre free rifle, three positions",N. Larsen
"Shooting at the 1920 Summer Olympics – Men's 100 metre team running deer, single shots",C. Osburn,"Shooting at the 1924 Summer Olympics – Men's 100 metre team running deer, single shots",K. M. Wegelius
"Shooting at the 1920 Summer Olympics – Men's 100 metre team running deer, double shots",K. M. Wegelius,"Shooting at the 1924 Summer Olympics – Men's 100 metre team running deer, double shots",O. Swahn
"Shooting at the 1920 Summer Olympics – Men's 100 metre running deer, single shots",H. Natvig,"Shooting at the 1924 Summer Olympics – Men's 100 metre running deer, single shots",A. Swahn
"Shooting at the 1920 Summer Olympics – Men's 100 metre running deer, double shots",E. Liberg,"Shooting at the 1924 Summer Olympics – Men's 100 metre running deer, double shots",F. Landelius
Shooting at the 1920 Summer Olympics – Men's trap,F. Wright,Shooting at the 1924 Summer Olympics – Men's trap,F. Troeh
Shooting at the 1920 Summer Olympics – Men's team clay pigeons,A. Swahn,Shooting at the 1924 Summer Olympics – Men's team clay pigeons,A. Bosquet
Shooting at the 1920 Summer Olympics – Men's 50 metre free pistol,A. Lane,Shooting at the 1936 Summer Olympics – Men's 50 metre pistol,A. d. Costa
Shooting at the 1920 Summer Olympics – Men's 30 metre military pistol,F. Zulauf,Shooting at the 1924 Summer Olympics – Men's 25 metre rapid fire pistol,R. Bracken
"Shooting at the 1920 Summer Olympics – Men's 300 metre free rifle, three positions",Ø. Østensen,"Shooting at the 1948 Summer Olympics – Men's 300 metre free rifle, three positions",N. Larsen
"Shooting at the 1920 Summer Olympics – Men's 100 metre team running deer, single shots",C. Osburn,"Shooting at the 1924 Summer Olympics – Men's 100 metre team running deer, single shots",K. M. Wegelius
"Shooting at the 1920 Summer Olympics – Men's 100 metre team running deer, double shots",Y. Kolho,"Shooting at the 1924 Summer Olympics – Men's 100 metre team running deer, double shots",E. Benedicks
"Shooting at the 1920 Summer Olympics – Men's 100 metre running deer, single shots",H. Natvig,"Shooting at the 1924 Summer Olympics – Men's 100 metre running deer, single shots",A. Swahn
"Shooting at the 1920 Summer Olympics – Men's 100 metre running deer, double shots",E. Liberg,"Shooting at the 1924 Summer Olympics – Men's 100 metre running deer, double shots",F. Landelius
Shooting at the 1912 Summer Olympics – Men's trap,H. Blau,Shooting at the 1920 Summer Olympics – Men's trap,A. Goeldel
Shooting at the 1912 Summer Olympics – Men's team free rifle,L. J. Madsen,Shooting at the 1920 Summer Olympics – Men's team free rifle,O. Sæther
Shooting at the 1912 Summer Olympics – Men's 600 metre free rifle,J. Jackson,Shooting at the 1924 Summer Olympics – Men's 600 metre free rifle,C. Osburn
Shooting at the 1912 Summer Olympics – Men's 50 metre team small-bore rifle,C. Osburn,Shooting at the 1920 Summer Olympics – Men's 50 metre team small-bore rifle,V. Carlberg
Shooting at the 1912 Summer Olympics – Men's 50 metre team free pistol,C. Stewart,Shooting at the 1920 Summer Olympics – Men's 50 metre team free pistol,V. Carlberg
"Shooting at the 1912 Summer Olympics – Men's 50 metre rifle, prone",H. Burt,"Shooting at the 1924 Summer Olympics – Men's 50 metre rifle, prone",W. Milne
Shooting at the 1912 Summer Olympics – Men's 50 metre pistol,C. Stewart,Shooting at the 1920 Summer Olympics – Men's 50 metre free pistol,P. Dolfen
Shooting at the 1912 Summer Olympics – Men's 30 metre team military pistol,C. Stewart,Shooting at the 1920 Summer Olympics – Men's 30 metre team military pistol,N. Melnitsky
"Shooting at the 1912 Summer Olympics – Men's 300 metre free rifle, three positions",N. Larsen,"Shooting at the 1920 Summer Olympics – Men's 300 metre free rifle, three positions",L. J. Madsen
Shooting at the 1912 Summer Olympics – Men's 25 metre rapid fire pistol,Johan Hübner von Holst,Shooting at the 1920 Summer Olympics – Men's 30 metre military pistol,P. Palén
"Shooting at the 1912 Summer Olympics – Men's 100 metre team running deer, single shots",A. Londen,"Shooting at the 1920 Summer Olympics – Men's 100 metre team running deer, double shots",W. Libbey
"Shooting at the 1912 Summer Olympics – Men's 100 metre running deer, single shots",N. Toivonen,"Shooting at the 1920 Summer Olympics – Men's 100 metre running deer, single shots",Å. Lundeberg
"Shooting at the 1912 Summer Olympics – Men's 100 metre running deer, double shots",O. Swahn,"Shooting at the 1920 Summer Olympics – Men's 100 metre running deer, double shots",E. Benedicks
Shooting at the 1912 Summer Olympics – Men's trap,H. Blau,Shooting at the 1920 Summer Olympics – Men's trap,A. Goeldel
Shooting at the 1912 Summer Olympics – Men's team free rifle,L. J. Madsen,Shooting at the 1920 Summer Olympics – Men's team free rifle,O. Sæther
Shooting at the 1912 Summer Olympics – Men's 600 metre free rifle,J. Jackson,Shooting at the 1924 Summer Olympics – Men's 600 metre free rifle,C. Osburn
Shooting at the 1912 Summer Olympics – Men's 50 metre team small-bore rifle,W. Leushner,Shooting at the 1920 Summer Olympics – Men's 50 metre team small-bore rifle,R. Örtegren
Shooting at the 1912 Summer Olympics – Men's 50 metre team free pistol,C. Stewart,Shooting at the 1920 Summer Olympics – Men's 50 metre team free pistol,V. Carlberg
"Shooting at the 1912 Summer Olympics – Men's 50 metre rifle, prone",H. Burt,"Shooting at the 1924 Summer Olympics – Men's 50 metre rifle, prone",W. Milne
Shooting at the 1912 Summer Olympics – Men's 50 metre pistol,C. Stewart,Shooting at the 1920 Summer Olympics – Men's 50 metre free pistol,P. Dolfen
Shooting at the 1912 Summer Olympics – Men's 30 metre team military pistol,C. Stewart,Shooting at the 1920 Summer Olympics – Men's 30 metre team military pistol,A. Kash
"Shooting at the 1912 Summer Olympics – Men's 300 metre free rifle, three positions",N. Larsen,"Shooting at the 1920 Summer Olympics – Men's 300 metre free rifle, three positions",L. J. Madsen
Shooting at the 1912 Summer Olympics – Men's 25 metre rapid fire pistol,Johan Hübner von Holst,Shooting at the 1920 Summer Olympics – Men's 30 metre military pistol,P. Palén
"Shooting at the 1912 Summer Olympics – Men's 100 metre team running deer, single shots",N. Toivonen,"Shooting at the 1920 Summer Olympics – Men's 100 metre team running deer, double shots",W. Libbey
"Shooting at the 1912 Summer Olympics – Men's 100 metre running deer, single shots",N. Toivonen,"Shooting at the 1920 Summer Olympics – Men's 100 metre running deer, single shots",Å. Lundeberg
"Shooting at the 1912 Summer Olympics – Men's 100 metre running deer, double shots",O. Swahn,"Shooting at the 1920 Summer Olympics – Men's 100 metre running deer, double shots",E. Benedicks
"Shooting at the 1908 Summer Olympics – Men's trap, team",G. Whitaker,"Shooting at the 1912 Summer Olympics – Men's trap, team",A. Westover
Shooting at the 1908 Summer Olympics – Men's trap,A. Maunder,Shooting at the 1912 Summer Olympics – Men's trap,G. Beattie
Shooting at the 1908 Summer Olympics – Men's single-shot running deer,A. Rogers,"Shooting at the 1912 Summer Olympics – Men's 100 metre running deer, single shots",T. Ranken
Shooting at the 1908 Summer Olympics – Men's double-shot running deer,O. Swahn,"Shooting at the 1912 Summer Olympics – Men's 100 metre running deer, double shots",T. Ranken
"Shooting at the 1908 Summer Olympics – Men's 50 yard free pistol, team",W. Ellicott,"Shooting at the 1912 Summer Olympics – Men's 50 metre free pistol, team",P. V. Asbroeck
Shooting at the 1908 Summer Olympics – Men's 50 yard free pistol,J. Gorman,Shooting at the 1912 Summer Olympics – Men's 50 metre pistol,R. Storms
"Shooting at the 1908 Summer Olympics – Men's 300 metre free rifle, three positions",O. Sæther,"Shooting at the 1912 Summer Olympics – Men's 300 metre free rifle, three positions",H. Simon
"Shooting at the 1908 Summer Olympics – Men's 300 metre free rifle, team",M. Lecoq,Shooting at the 1912 Summer Olympics – Men's team free rifle,A. Jansson
"Shooting at the 1908 Summer Olympics – Men's trap, team",H. Creasey,"Shooting at the 1912 Summer Olympics – Men's trap, team",A. Westover
Shooting at the 1908 Summer Olympics – Men's trap,A. Maunder,Shooting at the 1912 Summer Olympics – Men's trap,G. Beattie
Shooting at the 1908 Summer Olympics – Men's single-shot running deer,A. Rogers,"Shooting at the 1912 Summer Olympics – Men's 100 metre running deer, single shots",T. Ranken
Shooting at the 1908 Summer Olympics – Men's double-shot running deer,O. Swahn,"Shooting at the 1912 Summer Olympics – Men's 100 metre running deer, double shots",T. Ranken
"Shooting at the 1908 Summer Olympics – Men's 50 yard free pistol, team",J. Wallingford,"Shooting at the 1912 Summer Olympics – Men's 50 metre free pistol, team",Charles Paumier du Verger
Shooting at the 1908 Summer Olympics – Men's 50 yard free pistol,J. Gorman,Shooting at the 1912 Summer Olympics – Men's 50 metre pistol,R. Storms
"Shooting at the 1908 Summer Olympics – Men's 300 metre free rifle, three positions",O. Sæther,"Shooting at the 1912 Summer Olympics – Men's 300 metre free rifle, three positions",H. Simon
"Shooting at the 1908 Summer Olympics – Men's 300 metre free rifle, team",M. Lecoq,Shooting at the 1912 Summer Olympics – Men's team free rifle,P. Arvidsson
Shooting at the 1900 Summer Olympics – Men's trap,J. d. Clary,Shooting at the 1908 Summer Olympics – Men's trap,R. Guyot
Shooting at the 1900 Summer Olympics – Men's 50 metre free pistol,K. Stäheli,Shooting at the 1908 Summer Olympics – Men's 50 yard free pistol,A. Paroche
"Shooting at the 1900 Summer Olympics – Men's 300 metre free rifle, three positions",P. V. Asbroeck,"Shooting at the 1908 Summer Olympics – Men's 300 metre free rifle, three positions",A. P. Nielsen
Shooting at the 1900 Summer Olympics – Men's 25 metre rapid fire pistol,E. Balme,Shooting at the 1912 Summer Olympics – Men's 25 metre rapid fire pistol,L. Moreaux
Shooting at the 1900 Summer Olympics – Men's trap,J. d. Clary,Shooting at the 1908 Summer Olympics – Men's trap,R. Guyot
Shooting at the 1900 Summer Olympics – Men's 50 metre free pistol,K. Stäheli,Shooting at the 1908 Summer Olympics – Men's 50 yard free pistol,A. Paroche
"Shooting at the 1900 Summer Olympics – Men's 300 metre free rifle, three positions",P. V. Asbroeck,"Shooting at the 1908 Summer Olympics – Men's 300 metre free rifle, three positions",A. P. Nielsen
Shooting at the 1900 Summer Olympics – Men's 25 metre rapid fire pistol,E. Balme,Shooting at the 1912 Summer Olympics – Men's 25 metre rapid fire pistol,L. Moreaux
Shooting at the 1896 Summer Olympics – Men's 30 metre free pistol,I. Frangoudis,Shooting at the 1900 Summer Olympics – Men's 50 metre free pistol,H. Nielsen
"Shooting at the 1896 Summer Olympics – Men's 300 metre free rifle, three positions",V. Jensen,"Shooting at the 1900 Summer Olympics – Men's 300 metre free rifle, three positions",I. Frangoudis
Shooting at the 1896 Summer Olympics – Men's 25 metre rapid fire pistol,H. Nielsen,Shooting at the 1900 Summer Olympics - Men's 25 metre rapid fire pistol,G. Orphanidis
Shooting at the 1896 Summer Olympics – Men's 30 metre free pistol,I. Frangoudis,Shooting at the 1900 Summer Olympics – Men's 50 metre free pistol,H. Nielsen
"Shooting at the 1896 Summer Olympics – Men's 300 metre free rifle, three positions",V. Jensen,"Shooting at the 1900 Summer Olympics – Men's 300 metre free rifle, three positions",I. Frangoudis
Shooting at the 1896 Summer Olympics – Men's 25 metre rapid fire pistol,H. Nielsen,Shooting at the 1900 Summer Olympics - Men's 25 metre rapid fire pistol,G. Orphanidis
Sailing at the 2012 Summer Olympics – Women's RS:X,Z. Klepacka,Sailing at the 2016 Summer Olympics – Women's RS:X,T. Petäjä
Sailing at the 2012 Summer Olympics – Women's 470,L. Westerhof,Sailing at the 2016 Summer Olympics – Women's 470,S. Clark
Sailing at the 2012 Summer Olympics – Men's RS:X,P. Miarczyński,Sailing at the 2016 Summer Olympics – Men's RS:X,N. Dempsey
Sailing at the 2012 Summer Olympics – Men's 470,Juan de la Fuente,Sailing at the 2016 Summer Olympics – Men's 470,L. Patience
Sailing at the 2012 Summer Olympics – Laser Radial,E. V. Acker,Sailing at the 2016 Summer Olympics – Laser Radial,M. Bouwmeester
Sailing at the 2012 Summer Olympics – Laser,R. Myrgren,Sailing at the 2016 Summer Olympics – Laser,P. Kontides
Sailing at the 2012 Summer Olympics – Finn,J. Lobert,Sailing at the 2016 Summer Olympics – Finn,J. Høgh-Christensen
Sailing at the 2012 Summer Olympics – 49er,A. Nørregaard,Sailing at the 2016 Summer Olympics – 49er,B. Tuke
Sailing at the 2012 Summer Olympics – Women's RS:X,Z. Klepacka,Sailing at the 2016 Summer Olympics – Women's RS:X,T. Petäjä
Sailing at the 2012 Summer Olympics – Women's 470,L. Westerhof,Sailing at the 2016 Summer Olympics – Women's 470,S. Clark
Sailing at the 2012 Summer Olympics – Men's RS:X,P. Miarczyński,Sailing at the 2016 Summer Olympics – Men's RS:X,N. Dempsey
Sailing at the 2012 Summer Olympics – Men's 470,Juan de la Fuente,Sailing at the 2016 Summer Olympics – Men's 470,L. Patience
Sailing at the 2012 Summer Olympics – Laser Radial,E. V. Acker,Sailing at the 2016 Summer Olympics – Laser Radial,M. Bouwmeester
Sailing at the 2012 Summer Olympics – Laser,R. Myrgren,Sailing at the 2016 Summer Olympics – Laser,P. Kontides
Sailing at the 2012 Summer Olympics – Finn,J. Lobert,Sailing at the 2016 Summer Olympics – Finn,J. Høgh-Christensen
Sailing at the 2012 Summer Olympics – 49er,A. Nørregaard,Sailing at the 2016 Summer Olympics – 49er,B. Tuke
Sailing at the 2008 Summer Olympics – Women's RS:X,B. Shaw,Sailing at the 2012 Summer Olympics – Women's RS:X,A. Sensini
Sailing at the 2008 Summer Olympics – Women's 470,F. Oliveira,Sailing at the 2012 Summer Olympics – Women's 470,L. Berkhout
Sailing at the 2008 Summer Olympics – Star,A. Ekstrom,Sailing at the 2012 Summer Olympics – Star,R. Scheidt
Sailing at the 2008 Summer Olympics – Men's RS:X,S. Zubari,Sailing at the 2012 Summer Olympics – Men's RS:X,J. Bontemps
Sailing at the 2008 Summer Olympics – Men's 470,N. Charbonnier,Sailing at the 2012 Summer Olympics – Men's 470,J. Glanfield
Sailing at the 2008 Summer Olympics – Laser Radial,X. Lijia,Sailing at the 2012 Summer Olympics – Laser Radial,G. Scheidt
Sailing at the 2008 Summer Olympics – Laser,D. Romero,Sailing at the 2012 Summer Olympics – Laser,V. Žbogar
Sailing at the 2008 Summer Olympics – Finn,G. Florent,Sailing at the 2012 Summer Olympics – Finn,Z. Railey
Sailing at the 2008 Summer Olympics – 49er,H. Peckolt,Sailing at the 2012 Summer Olympics – 49er,I. Martínez
Sailing at the 2008 Summer Olympics – Women's RS:X,B. Shaw,Sailing at the 2012 Summer Olympics – Women's RS:X,A. Sensini
Sailing at the 2008 Summer Olympics – Women's 470,F. Oliveira,Sailing at the 2012 Summer Olympics – Women's 470,L. Berkhout
Sailing at the 2008 Summer Olympics – Star,A. Ekstrom,Sailing at the 2012 Summer Olympics – Star,R. Scheidt
Sailing at the 2008 Summer Olympics – Men's RS:X,S. Zubari,Sailing at the 2012 Summer Olympics – Men's RS:X,J. Bontemps
Sailing at the 2008 Summer Olympics – Men's 470,N. Charbonnier,Sailing at the 2012 Summer Olympics – Men's 470,J. Glanfield
Sailing at the 2008 Summer Olympics – Laser Radial,X. Lijia,Sailing at the 2012 Summer Olympics – Laser Radial,G. Scheidt
Sailing at the 2008 Summer Olympics – Laser,D. Romero,Sailing at the 2012 Summer Olympics – Laser,V. Žbogar
Sailing at the 2008 Summer Olympics – Finn,G. Florent,Sailing at the 2012 Summer Olympics – Finn,Z. Railey
Sailing at the 2008 Summer Olympics – 49er,H. Peckolt,Sailing at the 2012 Summer Olympics – 49er,I. Martínez
Sailing at the 2004 Summer Olympics – Yngling,C. Otzen,Sailing at the 2008 Summer Olympics – Yngling,R. Taran
Sailing at the 2004 Summer Olympics – Women's 470,T. Torgersson,Sailing at the 2008 Summer Olympics – Women's 470,N. V. Dufresne
Sailing at the 2004 Summer Olympics – Tornado,S. Lange,Sailing at the 2008 Summer Olympics – Tornado,C. Ogletree
Sailing at the 2004 Summer Olympics – Star,P. Rambeau,Sailing at the 2008 Summer Olympics – Star,R. MacDonald
Sailing at the 2004 Summer Olympics – Men's 470,K. Seki,Sailing at the 2008 Summer Olympics – Men's 470,N. Rogers
Sailing at the 2004 Summer Olympics – Laser,V. Žbogar,Sailing at the 2008 Summer Olympics – Laser,A. Geritzer
Sailing at the 2004 Summer Olympics – Finn,M. Kusznierewicz,Sailing at the 2008 Summer Olympics – Finn,R. Trujillo
Sailing at the 2004 Summer Olympics – 49er,S. Hiscocks,Sailing at the 2008 Summer Olympics – 49er,G. Leonchuk
Sailing at the 2004 Summer Olympics – Yngling,C. Otzen,Sailing at the 2008 Summer Olympics – Yngling,R. Taran
Sailing at the 2004 Summer Olympics – Women's 470,T. Torgersson,Sailing at the 2008 Summer Olympics – Women's 470,N. V. Dufresne
Sailing at the 2004 Summer Olympics – Tornado,S. Lange,Sailing at the 2008 Summer Olympics – Tornado,C. Ogletree
Sailing at the 2004 Summer Olympics – Star,P. Rambeau,Sailing at the 2008 Summer Olympics – Star,R. MacDonald
Sailing at the 2004 Summer Olympics – Men's 470,K. Seki,Sailing at the 2008 Summer Olympics – Men's 470,J. Glanfield
Sailing at the 2004 Summer Olympics – Laser,V. Žbogar,Sailing at the 2008 Summer Olympics – Laser,A. Geritzer
Sailing at the 2004 Summer Olympics – Finn,M. Kusznierewicz,Sailing at the 2008 Summer Olympics – Finn,R. Trujillo
Sailing at the 2004 Summer Olympics – 49er,S. Hiscocks,Sailing at the 2008 Summer Olympics – 49er,G. Leonchuk
Sailing at the 2000 Summer Olympics – Women's Mistral One Design,B. Kendall,Sailing at the 2004 Summer Olympics – Women's Mistral One Design,A. Lux
Sailing at the 2000 Summer Olympics – Women's 470,R. Taran,Sailing at the 2004 Summer Olympics – Women's 470,J. J. Isler
Sailing at the 2000 Summer Olympics – Tornado,R. Schwall,Sailing at the 2004 Summer Olympics – Tornado,D. Bundock
Sailing at the 2000 Summer Olympics – Star,T. Grael,Sailing at the 2004 Summer Olympics – Star,I. Walker
Sailing at the 2000 Summer Olympics – Men's Mistral One Design,A. McIntosh,Sailing at the 2004 Summer Olympics – Men's Mistral One Design,C. Espínola
Sailing at the 2000 Summer Olympics – Men's 470,J. Conte,Sailing at the 2004 Summer Olympics – Men's 470,P. Foerster
Sailing at the 2000 Summer Olympics – Laser,M. Blackburn,Sailing at the 2004 Summer Olympics – Laser,R. Scheidt
Sailing at the 2000 Summer Olympics – Finn,F. Lööf,Sailing at the 2004 Summer Olympics – Finn,L. Devoti
Sailing at the 2000 Summer Olympics – Europe,S. Amato,Sailing at the 2004 Summer Olympics – Europe,M. Matthijsse
Sailing at the 2000 Summer Olympics – 49er,C. McKee,Sailing at the 2004 Summer Olympics – 49er,I. Barker
Sailing at the 2000 Summer Olympics – Women's Mistral One Design,B. Kendall,Sailing at the 2004 Summer Olympics – Women's Mistral One Design,A. Lux
Sailing at the 2000 Summer Olympics – Women's 470,R. Taran,Sailing at the 2004 Summer Olympics – Women's 470,J. J. Isler
Sailing at the 2000 Summer Olympics – Tornado,R. Schwall,Sailing at the 2004 Summer Olympics – Tornado,D. Bundock
Sailing at the 2000 Summer Olympics – Star,T. Grael,Sailing at the 2004 Summer Olympics – Star,I. Walker
Sailing at the 2000 Summer Olympics – Men's Mistral One Design,A. McIntosh,Sailing at the 2004 Summer Olympics – Men's Mistral One Design,C. Espínola
Sailing at the 2000 Summer Olympics – Men's 470,J. Conte,Sailing at the 2004 Summer Olympics – Men's 470,P. Foerster
Sailing at the 2000 Summer Olympics – Laser,M. Blackburn,Sailing at the 2004 Summer Olympics – Laser,R. Scheidt
