col0,col1,col2,col3
Neoglyphea,Glypheidae,iucn3.1,DD
Namibcypris,Candonidae,IUCN2.3,EX
Murunducaris juneae,Parastenocarididae,IUCN2.3,LR/cd
Murray crayfish,Parastacidae,iucn3.1,DD
Moserius percoi,Trichoniscidae,IUCN2.3,VU
Migmathelphusa olivacea,Parathelphusidae,iucn3.1,EN
Mexilana,Cirolanidae,IUCN2.3,VU
Metatrichoniscoides celticus,Trichoniscidae,IUCN2.3,VU
Metanephrops mozambicus,Lobster,iucn3.1,DD
Metanephrops japonicus,Lobster,iucn3.1,DD
Metanephrops challengeri,Lobster,iucn3.1,LC
Metanephrops boschmai,Lobster,iucn3.1,LC
Metanephrops binghami,Lobster,iucn3.1,LC
Metanephrops australiensis,Lobster,iucn3.1,LC
Metadiaptomus purcelli,Diaptomidae,IUCN2.3,VU
Metadiaptomus capensis,Diaptomidae,IUCN2.3,VU
Mesocyclops insulensis,Cyclopidae,IUCN2.3,VU
Martiana,Pseudothelphusidae,iucn3.1,DD
Macropodia tenuirostris,Inachidae,IUCN3.1,NE
Macropodia formosa,Inachidae,IUCN3.1,NE
Macropodia czernjawskii,Inachidae,IUCN3.1,NE
Macrobrachium rosenbergii,Palaemonidae,iucn3.1,LC
Macrobrachium formosense,Palaemonidae,iucn3.1,LC
Macrobrachium carcinus,Palaemonidae,IUCN3.1,LC
Lobithelphusa,Pseudothelphusidae,iucn3.1,DD
Lirceus usdagalun,Asellidae,TNC,G2
Liocypris grandis,Cyprididae,IUCN2.3,EX
Linderiella occidentalis,Chirocephalidae,IUCN2.3,LR/nt
Limnocythere porphyretica,Limnocytheridae,IUCN2.3,VU
Leucocythere helenae,Limnocytheridae,IUCN2.3,VU
Lepidurus packardi,Triopsidae,iucn2.3,EN
Laurentaeglyphea,Glypheidae,iucn3.1,DD
Kentucky cave shrimp,Atyidae,iucn3.1,VU
Kapcypridopsis barnardi,Cyprididae,IUCN2.3,CR
Johora thaiana,Potamidae,iucn3.1,LC
Johora singaporensis,Potamidae,iucn3.1,CR
Jasus paulensis,Spiny lobster,iucn3.1,DD
Jasus lalandii,Spiny lobster,iucn3.1,LC
Jasus frontalis,Spiny lobster,iucn3.1,DD
Jasus edwardsii,Spiny lobster,iucn3.1,LC
Jasus caveorum,Spiny lobster,iucn3.1,DD
Japanese spiny lobster,Spiny lobster,iucn3.1,DD
Ingolfiella longipes,Ingolfiellidae,IUCN2.3,CR
Imnadia panonica,Limnadiidae,IUCN2.3,VU
Imnadia cristata,Limnadiidae,IUCN2.3,VU
Imnadia banatica,Limnadiidae,IUCN2.3,VU
Idunella sketi,Liljeborgiidae,IUCN2.3,CR
Idiodiaptomus,Diaptomidae,IUCN2.3,DD
Ibacus peronii,Slipper lobster,iucn3.1,LC
Ibacus ciliatus,Scyllaridae,iucn3.1,DD
Ibacus alticrenatus,Slipper lobster,iucn3.1,LC
Homarus gammarus,Lobster,iucn3.1,LC
Hemiboeckella powellensis,Centropagidae,IUCN2.3,VU
Heliodiaptomus pulcher,Diaptomidae,IUCN2.3,VU
Heliodiaptomus kolleruensis,Diaptomidae,IUCN2.3,VU
Hainanpotamon vietnamicum,Potamidae,iucn3.1,DD
Guinotia dentata,Pseudothelphusidae,IUCN3.1,LC
Globonautes,Potamonautidae,iucn3.1,EN
Gandalfus puia,Bythograeidae,NZTCS,SP
Gammarus pecos,Gammaridae,IUCN2.3,VU
Gammarus hyalelloides,Gammaridae,IUCN2.3,VU
Gammarus desperatus,Gammaridae,IUCN2.3,CR
Gammarus bousfieldi,Gammaridae,IUCN2.3,VU
Gammarus acherondytes,Gammaridae,IUCN3.1,EN
Galearctus avulsus,Slipper lobster,iucn3.1,LC
Fabaeformiscandona aemonae,Candonidae,IUCN2.3,VU
Eunephrops manningi,Lobster,iucn3.1,DD
Eunephrops cadenasi,Lobster,iucn3.1,LC
Eunephrops bairdii,Lobster,iucn3.1,DD
Eudiaptomus chappuisi,Diaptomidae,IUCN2.3,DD
Euastacus sulcatus,Parastacidae,iucn3.1,VU
Euastacus spinifer,Parastacidae,iucn3.1,LC
Euastacus maidae,Parastacidae,iucn3.1,CR
Euastacus jagara,Parastacidae,iucn3.1,CR
Epischura massachusettsensis,Temoridae,IUCN2.3,DD
Epischura baikalensis,Temoridae,IUCN2.3,VU
Epilobocera sinuatifrons,Pseudothelphusidae,iucn3.1,LC
