col0,col1,col2,col3
W. H. Shuster,Philadelphia,United States,1969-02-09
W. Leistikow,Kingdom of Prussia,Germany,1908-07-24
V. Spisanelli,Piedmont,Italy,1662-1-1
V. Gotti,Bologna,Italy,1636-0-0
T. Aldrovandini,Bologna,Italy,1736-10-23
S. Peterzano,Bergamo,Italy,1596-1-1
S. Sparrow,North Carolina,United States,2000-1-1
S. Isham,New York City,United States,1914-06-12
R. M. Gutti,Rome,Italy,1943-0-0
R. M. Emslie,England,United Kingdom,1932-01-08
R. Medearis,"Fayette, Missouri",United States,2001-7-5
P. Fontana,Bologna,Italy,1597-1-1
P. Ghitti,Italy,Italy,1703-1-1
P. Aldrovandini,Bologna,Italy,1735-1-1
P. Paltronieri,Italy,Italians,1741-07-08
P. Novelli,Sicily,Italy,1647-08-27
P. B. Henrie,Florida,United States,1999-0-0
P. d. Matteis,Cilento,Italy,1727-7-26
O. Kirchner,Germany,Germany,1960-0-0
O. Arpke,Germany,Germany,1943-12-04
Ottmar Elliger the Younger,Hamburg,Netherlands,1735-1-1
O. Marinari,Florence,Italy,1715-01-05
N. Bodenheim,Amsterdam,Netherlands,1951-01-07
M. Kawabata,Japan,Japanese people,2001-06-29
M. Goodman,Manchester,United Kingdom,1938-0-0
M. Heming,London,United Kingdom,1855-0-0
M. L. Kirschner,Prague,Germany,1931-06-30
M. E. Duffield-Rosenberg,"Bath, Somerset",England,1914-0-0
M. Davids,Rendsburg,Germany,1905-0-0
M. D. Robinson,Northern Ireland,United Kingdom,1920-07-03
M. Meen,Suffolk,United Kingdom,1824-0-0
M. I. Dicksee,London,England,1903-06-06
L. Starr,London,United Kingdom,1909-0-0
L. Blatherwick,London Borough of Richmond upon Thames,United Kingdom,1934-0-0
Joseph Heintz the Younger,Augsburg,Germany,1678-1-1
J. Fleck,Austria-Hungary,United States,1977-04-05
J. Simpson,Kingdom of Great Britain,United Kingdom of Great Britain and Ireland,1847-1-1
J. Kacere,United States,United States,1999-08-05
J. F. Murphy,"Oswego, New York",United States,1921-01-30
J. Macgregor,Liverpool,United Kingdom,1919-0-0
J. O. Lewis,Philadelphia,United States,1858-1-1
J. Vignali,Pratovecchio,Italy,1664-08-03
J. Smith,Sheffield,United Kingdom,2011-06-11
I. Heitland,England,United Kingdom,1895-0-0
I. Soyer,Borisoglebsk,United States,1981-07-08
H. A. Darmesteter,London,United Kingdom,1923-0-0
H. C. Angell,Horsham,United Kingdom,1884-03-08
H. Tetzner,Germany,Germany,2007-08-20
H. Schaare,New York City,United States,2008-04-09
H. Multscher,Leutkirch im Allgäu,German people,1467-0-0
H. Grundig,Dresden,German Democratic Republic,1958-09-11
H. A. Darmesteter,London,United Kingdom,1923-0-0
G. S. John,United States,United States,1972-07-22
G. d. Treviso,Treviso,Italy,1544-9-20
G. Marracci,Lucca,Italy,1704-1-1
G. G. Semenza,Bologna,Italy,1638-1-1
G. B. Sassi,Milan,Italy,1762-1-1
G. B. Bertani,Mantua,Italy,1576-4-2
G. d. Po,Palermo,Italy,1726-11-16
G. Boni,Bologna,Italy,1766-01-07
G. Gimignani,Pistoia,Italy,1681-1-1
G. Macdonald,England,English people,1952-0-0
G. D. Hammond,Brixton,United Kingdom,1952-07-21
G. C. Montoya,"Ohkay Owingeh, New Mexico",United States of America,2015-01-02
G. Post,"Oakland, California",United States,1997-03-26
G. Cope,"West Chester, Pennsylvania",United States,1929-01-15
F. Hogenberg,Mechelen,Duchy of Burgundy,1590-1-1
F. Geffels,Antwerp,Flemish,1694-1-1
F. Lauri,Rome,Italy,1635-1-1
