col0,col1,col2,col3,col4
Summit Lake Provincial Park,British Columbia,British Columbia,British Columbia,British Columbia
Sulphur Passage Provincial Park,British Columbia,British Columbia,British Columbia,British Columbia
Sukunka Falls Provincial Park,British Columbia,British Columbia,British Columbia,British Columbia
Sugaw Creek Park,North Carolina,North Carolina,North Carolina,North Carolina
Sugarbowl-Grizzly Den Provincial Park and Protected Area,British Columbia,British Columbia,British Columbia,British Columbia
Sue Channel Provincial Park,British Columbia,British Columbia,British Columbia,British Columbia
Sudeten Provincial Park,British Columbia,British Columbia,British Columbia,British Columbia
Stuart River Provincial Park,British Columbia,British Columbia,British Columbia,British Columbia
Stuart Lake Marine Provincial Park,British Columbia,British Columbia,British Columbia,British Columbia
Stone Mountain Provincial Park,British Columbia,British Columbia,British Columbia,British Columbia
Stikine River Provincial Park,British Columbia,British Columbia,British Columbia,British Columbia
Stemwinder Provincial Park,British Columbia,British Columbia,British Columbia,British Columbia
Steelhead Provincial Park,British Columbia,British Columbia,British Columbia,British Columbia
Stawamus Chief Provincial Park,British Columbia,British Columbia,British Columbia,British Columbia
Stamp River Provincial Park,British Columbia,British Columbia,British Columbia,British Columbia
Stagleap Provincial Park,British Columbia,British Columbia,British Columbia,British Columbia
St. Mary's Alpine Provincial Park,British Columbia,British Columbia,British Columbia,British Columbia
Squitty Bay Provincial Park,British Columbia,British Columbia,British Columbia,British Columbia
Sproat Lake Provincial Park,British Columbia,British Columbia,British Columbia,British Columbia
Spipiyus Provincial Park,British Columbia,British Columbia,British Columbia,British Columbia
Spider Lake Provincial Park,British Columbia,British Columbia,British Columbia,British Columbia
Spectacle Lake Provincial Park,British Columbia,British Columbia,British Columbia,British Columbia
Spatsizi Plateau Wilderness Provincial Park,British Columbia,British Columbia,British Columbia,British Columbia
Spatsizi Headwaters Provincial Park,British Columbia,British Columbia,British Columbia,British Columbia
Sowchea Bay Provincial Park,British Columbia,British Columbia,British Columbia,British Columbia
South Texada Island Provincial Park,British Columbia,British Columbia,British Columbia,British Columbia
South Chilcotin Mountains Provincial Park,British Columbia,British Columbia,British Columbia,British Columbia
Sooke Potholes Provincial Park,British Columbia,British Columbia,British Columbia,British Columbia
Sooke Mountain Provincial Park,British Columbia,British Columbia,British Columbia,British Columbia
Smith River Falls – Fort Halkett Provincial Park,British Columbia,British Columbia,British Columbia,British Columbia
Smelt Bay Provincial Park,British Columbia,British Columbia,British Columbia,British Columbia
Small River Caves Provincial Park,British Columbia,British Columbia,British Columbia,British Columbia
Small Inlet Marine Provincial Park,British Columbia,British Columbia,British Columbia,British Columbia
Slim Creek Provincial Park,British Columbia,British Columbia,British Columbia,British Columbia
Sleeping Beauty Mountain Provincial Park,British Columbia,British Columbia,British Columbia,British Columbia
Skookumchuck Rapids Provincial Park,British Columbia,British Columbia,British Columbia,British Columbia
Skookumchuck Narrows Provincial Park,British Columbia,British Columbia,British Columbia,British Columbia
Skaha Bluffs Provincial Park,British Columbia,British Columbia,British Columbia,British Columbia
Skagit Valley Provincial Park,British Columbia,British Columbia,British Columbia,British Columbia
Sir Alexander Mackenzie Provincial Park,British Columbia,British Columbia,British Columbia,British Columbia
Simson Marine Provincial Park,British Columbia,British Columbia,British Columbia,British Columbia
Silver Star Provincial Park,British Columbia,British Columbia,British Columbia,British Columbia
Silver Lake Provincial Park,British Columbia,British Columbia,British Columbia,British Columbia
Silver Beach Provincial Park,British Columbia,British Columbia,British Columbia,British Columbia
Sikanni Old Growth Provincial Park,British Columbia,British Columbia,British Columbia,British Columbia
Shuswap River Islands Provincial Park,British Columbia,British Columbia,British Columbia,British Columbia
Shuswap Lake Provincial Park,British Columbia,British Columbia,British Columbia,British Columbia
Shuswap Lake Marine Provincial Park,British Columbia,British Columbia,British Columbia,British Columbia
Seven Sisters Provincial Park and Protected Area,British Columbia,British Columbia,British Columbia,British Columbia
Seeley Lake Provincial Park,British Columbia,British Columbia,British Columbia,British Columbia
Sechelt Inlets Marine Provincial Park,British Columbia,British Columbia,British Columbia,British Columbia
Schoolhouse Lake Provincial Park,British Columbia,British Columbia,British Columbia,British Columbia
Schoen Lake Provincial Park,British Columbia,British Columbia,British Columbia,British Columbia
Scatter River Old Growth Provincial Park,British Columbia,British Columbia,British Columbia,British Columbia
Sasquatch Provincial Park,British Columbia,British Columbia,British Columbia,British Columbia
Sargeant Bay Provincial Park,British Columbia,British Columbia,British Columbia,British Columbia
Santa Gertrudis-Boca del Infierno Provincial Park,British Columbia,British Columbia,British Columbia,British Columbia
Sandy Island Marine Provincial Park,British Columbia,British Columbia,British Columbia,British Columbia
Sandwell Provincial Park,British Columbia,British Columbia,British Columbia,British Columbia
Saltery Bay Provincial Park,British Columbia,British Columbia,British Columbia,British Columbia
Sabine Channel Marine Provincial Park,British Columbia,British Columbia,British Columbia,British Columbia
Ryan Provincial Park,British Columbia,British Columbia,British Columbia,British Columbia
Ruth Lake Provincial Park,British Columbia,British Columbia,British Columbia,British Columbia
Rugged Point Marine Provincial Park,British Columbia,British Columbia,British Columbia,British Columbia
Ruckle Provincial Park,British Columbia,British Columbia,British Columbia,British Columbia
Rubyrock Lake Provincial Park,British Columbia,British Columbia,British Columbia,British Columbia
Ross Lake Provincial Park,British Columbia,British Columbia,British Columbia,British Columbia
Rosewall Creek Provincial Park,British Columbia,British Columbia,British Columbia,British Columbia
Rosebery Provincial Park,British Columbia,British Columbia,British Columbia,British Columbia
Roscoe Bay Provincial Park,British Columbia,British Columbia,British Columbia,British Columbia
Rolley Lake Provincial Park,British Columbia,British Columbia,British Columbia,British Columbia
Roderick Haig-Brown Provincial Park,British Columbia,British Columbia,British Columbia,British Columbia
Rocky Point Park,British Columbia,British Columbia,British Columbia,British Columbia
Rock Bay Marine Provincial Park,British Columbia,British Columbia,British Columbia,British Columbia
Roberts Creek Provincial Park,British Columbia,British Columbia,British Columbia,British Columbia
Rendezvous Island South Provincial Park,British Columbia,British Columbia,British Columbia,British Columbia
Renaissance Park,North Carolina,North Carolina,United States,North Carolina
Redfern-Keily Provincial Park,British Columbia,British Columbia,British Columbia,British Columbia
Red Bluff Provincial Park,British Columbia,British Columbia,British Columbia,British Columbia
Rebecca Spit Marine Provincial Park,British Columbia,British Columbia,British Columbia,British Columbia
Rearguard Falls,British Columbia,British Columbia,British Columbia,British Columbia
Read Island Provincial Park,British Columbia,British Columbia,British Columbia,British Columbia
Rainbow Alley Provincial Park,British Columbia,British Columbia,British Columbia,British Columbia
"Queen Elizabeth Park, British Columbia",British Columbia,British Columbia,British Columbia,British Columbia
Quatsino Provincial Park,British Columbia,British Columbia,British Columbia,British Columbia
Pyramid Creek Falls Provincial Park,British Columbia,British Columbia,British Columbia,British Columbia
Pure Lake Provincial Park,British Columbia,British Columbia,British Columbia,British Columbia
Purden Lake Provincial Park,British Columbia,British Columbia,British Columbia,British Columbia
Puntchesakut Lake Provincial Park,British Columbia,British Columbia,British Columbia,British Columbia
Pukeashun Provincial Park,British Columbia,British Columbia,British Columbia,British Columbia
Ptarmigan Creek Provincial Park and Protected Area,British Columbia,British Columbia,British Columbia,British Columbia
Prudhomme Lake Provincial Park,British Columbia,British Columbia,British Columbia,British Columbia
Prophet River Wayside Provincial Park,British Columbia,British Columbia,British Columbia,British Columbia
Prophet River Hotsprings Provincial Park,British Columbia,British Columbia,British Columbia,British Columbia
Princess Louisa Marine Provincial Park,British Columbia,British Columbia,British Columbia,British Columbia
Premier Lake Provincial Park,British Columbia,British Columbia,British Columbia,British Columbia
Porpoise Bay Provincial Park,British Columbia,British Columbia,British Columbia,British Columbia
Porcupine Meadows Provincial Park,British Columbia,British Columbia,British Columbia,British Columbia
Pirates Cove Marine Provincial Park,British Columbia,British Columbia,British Columbia,British Columbia
Pinnacles Provincial Park,British Columbia,British Columbia,British Columbia,British Columbia
Pine River Breaks Provincial Park,British Columbia,British Columbia,British Columbia,British Columbia
Pine Le Moray Provincial Park,British Columbia,British Columbia,British Columbia,British Columbia
Pilot Bay Provincial Park,British Columbia,British Columbia,British Columbia,British Columbia
Pillar Provincial Park,British Columbia,British Columbia,British Columbia,British Columbia
Penrose Island Marine Provincial Park,British Columbia,British Columbia,British Columbia,British Columbia
Pennask Lake Provincial Park,British Columbia,British Columbia,British Columbia,British Columbia
Pennask Creek Provincial Park,British Columbia,British Columbia,British Columbia,British Columbia
Peace River Corridor Provincial Park,British Columbia,British Columbia,British Columbia,British Columbia
Paul Lake Provincial Park,British Columbia,British Columbia,British Columbia,British Columbia
Painted Bluffs Provincial Park,British Columbia,British Columbia,British Columbia,British Columbia
Paarens Beach Provincial Park,British Columbia,British Columbia,British Columbia,British Columbia
Owyacumish River Provincial Park,British Columbia,British Columbia,British Columbia,British Columbia
Otter Lake Provincial Park,British Columbia,British Columbia,British Columbia,British Columbia
Oregon Jack Provincial Park,British Columbia,British Columbia,British Columbia,British Columbia
Oregana Creek Provincial Park,British Columbia,British Columbia,British Columbia,British Columbia
Oliver Cove Marine Provincial Park,British Columbia,British Columbia,British Columbia,British Columbia
Okeover Arm Provincial Park,British Columbia,British Columbia,British Columbia,British Columbia
Okanagan Falls Provincial Park,British Columbia,British Columbia,British Columbia,British Columbia
Octopus Islands Marine Provincial Park,British Columbia,British Columbia,British Columbia,British Columbia
Nuntsi Provincial Park,British Columbia,British Columbia,British Columbia,British Columbia
Nuchatlitz Provincial Park,British Columbia,British Columbia,British Columbia,British Columbia
North Thormanby Island,British Columbia,British Columbia,British Columbia,British Columbia
North Thompson River Provincial Park,British Columbia,British Columbia,British Columbia,British Columbia
North Thompson Oxbows Manteau Provincial Park,British Columbia,British Columbia,British Columbia,British Columbia
North Thompson Oxbows Jensen Island Provincial Park,British Columbia,British Columbia,British Columbia,British Columbia
North Thompson Oxbows East Provincial Park,British Columbia,British Columbia,British Columbia,British Columbia
North Thompson Islands Provincial Park,British Columbia,British Columbia,British Columbia,British Columbia
Nitinat River Provincial Park,British Columbia,British Columbia,British Columbia,British Columbia
Niskonlith Lake Provincial Park,British Columbia,British Columbia,British Columbia,British Columbia
Ningunsaw Provincial Park,British Columbia,British Columbia,British Columbia,British Columbia
Nimpkish Lake Provincial Park,British Columbia,British Columbia,British Columbia,British Columbia
Nilkitkwa Lake Provincial Park,British Columbia,British Columbia,British Columbia,British Columbia
Nickel Plate Provincial Park,British Columbia,British Columbia,British Columbia,British Columbia
Netalzul Meadows Provincial Park,British Columbia,British Columbia,British Columbia,British Columbia
