col0,col1,col2,col3,col4
Gladstone Provincial Park,British Columbia,British Columbia,British Columbia,British Columbia
Gitnadoiks River Provincial Park,British Columbia,British Columbia,British Columbia,British Columbia
Gilnockie Provincial Park,British Columbia,British Columbia,British Columbia,British Columbia
Gibson Marine Provincial Park,British Columbia,British Columbia,British Columbia,British Columbia
Garden Bay Marine Provincial Park,British Columbia,British Columbia,British Columbia,British Columbia
Gabriola Sands Provincial Park,British Columbia,British Columbia,British Columbia,British Columbia
French Beach Provincial Park,British Columbia,British Columbia,British Columbia,British Columbia
French Bar Creek Provincial Park,British Columbia,British Columbia,British Columbia,British Columbia
Fred Antoine Provincial Park,British Columbia,British Columbia,British Columbia,British Columbia
Fraser River Provincial Park,British Columbia,British Columbia,British Columbia,British Columbia
François Lake Provincial Park,British Columbia,British Columbia,British Columbia,British Columbia
Francis Point Provincial Park,British Columbia,British Columbia,British Columbia,British Columbia
François Lake Provincial Park,British Columbia,British Columbia,British Columbia,British Columbia
Fossli Provincial Park,British Columbia,British Columbia,British Columbia,British Columbia
Fort George Canyon Provincial Park,British Columbia,British Columbia,British Columbia,British Columbia
Flores Island Marine Provincial Park,British Columbia,British Columbia,British Columbia,British Columbia
Flat Lake Provincial Park,British Columbia,British Columbia,British Columbia,British Columbia
Finn Creek Provincial Park,British Columbia,British Columbia,British Columbia,British Columbia
Finlay-Russel Provincial Park and Protected Area,British Columbia,British Columbia,British Columbia,British Columbia
Finger-Tatuk Provincial Park,British Columbia,British Columbia,British Columbia,British Columbia
Fillongley Provincial Park,British Columbia,British Columbia,British Columbia,British Columbia
Ferry Island Provincial Park,British Columbia,British Columbia,British Columbia,British Columbia
F. H. Barber Provincial Park,British Columbia,British Columbia,British Columbia,British Columbia
Exmoor,Lynmouth,Lynmouth,Dulverton,Lynmouth
Exchamsiks River Provincial Park,British Columbia,British Columbia,British Columbia,British Columbia
Evanoff Provincial Park,British Columbia,British Columbia,British Columbia,British Columbia
Ethel F. Wilson Memorial Provincial Park,British Columbia,British Columbia,British Columbia,British Columbia
Eskers Provincial Park,British Columbia,British Columbia,British Columbia,British Columbia
Erie Creek Provincial Park,British Columbia,British Columbia,British Columbia,British Columbia
Erg Mountain Provincial Park,British Columbia,British Columbia,British Columbia,British Columbia
Epsom Provincial Park,British Columbia,British Columbia,British Columbia,British Columbia
Epper Passage Provincial Park,British Columbia,British Columbia,British Columbia,British Columbia
Entiako Provincial Park,British Columbia,British Columbia,British Columbia,British Columbia
English Lake Provincial Park,British Columbia,British Columbia,British Columbia,British Columbia
Eneas Lakes Provincial Park,British Columbia,British Columbia,British Columbia,British Columbia
Emar Lakes Provincial Park,British Columbia,British Columbia,British Columbia,British Columbia
Ellison Provincial Park,British Columbia,British Columbia,British Columbia,British Columbia
Elk Valley Provincial Park,British Columbia,British Columbia,British Columbia,British Columbia
Elk Lakes Provincial Park,British Columbia,British Columbia,British Columbia,British Columbia
Elk Falls Provincial Park,British Columbia,British Columbia,British Columbia,British Columbia
Elephant Hill Provincial Park,British Columbia,British Columbia,British Columbia,British Columbia
Edge Hills Provincial Park,British Columbia,British Columbia,British Columbia,British Columbia
Ed Bird – Estella Lakes Provincial Park,British Columbia,British Columbia,British Columbia,British Columbia
Echo Lake Provincial Park,British Columbia,British Columbia,British Columbia,British Columbia
Echo Bay Marine Provincial Park,British Columbia,British Columbia,British Columbia,British Columbia
East Pine Provincial Park,British Columbia,British Columbia,British Columbia,British Columbia
Eakin Creek Floodplain Provincial Park,British Columbia,British Columbia,British Columbia,British Columbia
Eakin Creek Canyon Provincial Park,British Columbia,British Columbia,British Columbia,British Columbia
Eagle Bay Provincial Park,British Columbia,British Columbia,British Columbia,British Columbia
Dune Za Keyih Provincial Park and Protected Area,British Columbia,British Columbia,British Columbia,British Columbia
Dry Gulch Provincial Park,British Columbia,British Columbia,British Columbia,British Columbia
Drumbeg Provincial Park,British Columbia,British Columbia,British Columbia,British Columbia
Drewry Point Provincial Park,British Columbia,British Columbia,British Columbia,British Columbia
Downing Provincial Park,British Columbia,British Columbia,British Columbia,British Columbia
Dixie Cove Marine Provincial Park,British Columbia,British Columbia,British Columbia,British Columbia
Dionisio Point Provincial Park,British Columbia,British Columbia,British Columbia,British Columbia
Diana Lake Provincial Park,British Columbia,British Columbia,British Columbia,British Columbia
Denetiah Provincial Park,British Columbia,British Columbia,British Columbia,British Columbia
Dawley Passage Provincial Park,British Columbia,British Columbia,British Columbia,British Columbia
Davis Lake Provincial Park,British Columbia,British Columbia,British Columbia,British Columbia
Dall River Old Growth Provincial Park,British Columbia,British Columbia,British Columbia,British Columbia
Dala-Kildala Rivers Estuaries Provincial Park,British Columbia,British Columbia,British Columbia,British Columbia
Dahl Lake Provincial Park,British Columbia,British Columbia,British Columbia,British Columbia
Cummins Lakes Provincial Park,British Columbia,British Columbia,British Columbia,British Columbia
Crowsnest Provincial Park,British Columbia,British Columbia,British Columbia,British Columbia
Crooked River Provincial Park,British Columbia,British Columbia,British Columbia,British Columbia
Cowichan River Provincial Park,British Columbia,British Columbia,British Columbia,British Columbia
Cottonwood River Provincial Park,British Columbia,British Columbia,British Columbia,British Columbia
Coste Rocks Provincial Park,British Columbia,British Columbia,British Columbia,British Columbia
Cornwall Hills Provincial Park,British Columbia,British Columbia,British Columbia,British Columbia
Cormorant Channel Marine Provincial Park,British Columbia,British Columbia,British Columbia,British Columbia
Coquihalla River Provincial Park,British Columbia,British Columbia,British Columbia,British Columbia
Coquihalla Canyon Provincial Park,British Columbia,British Columbia,British Columbia,British Columbia
Copeland Islands Marine Provincial Park,British Columbia,British Columbia,British Columbia,British Columbia
Conkle Lake Provincial Park,British Columbia,British Columbia,British Columbia,British Columbia
Columbia Lake Provincial Park,British Columbia,British Columbia,British Columbia,British Columbia
Columbia Lake Ecological Reserve,British Columbia,British Columbia,British Columbia,British Columbia
Coldwater River Provincial Park,British Columbia,British Columbia,British Columbia,British Columbia
Cody Caves Provincial Park,British Columbia,British Columbia,British Columbia,British Columbia
Codville Lagoon Marine Provincial Park,British Columbia,British Columbia,British Columbia,British Columbia
Close To The Edge Provincial Park and Protected Area,British Columbia,British Columbia,British Columbia,British Columbia
Clendinning Provincial Park,British Columbia,British Columbia,British Columbia,British Columbia
Clayoquot Plateau Provincial Park,British Columbia,British Columbia,British Columbia,British Columbia
Clayoquot Arm Provincial Park,British Columbia,British Columbia,British Columbia,British Columbia
Claud Elliott Lake Provincial Park,British Columbia,British Columbia,British Columbia,British Columbia
Claud Elliott Creek Ecological Reserve,British Columbia,British Columbia,British Columbia,British Columbia
Cinnemousun Narrows Provincial Park,British Columbia,British Columbia,British Columbia,British Columbia
Chu Chua Cottonwood Provincial Park,British Columbia,British Columbia,British Columbia,British Columbia
Christina Lake Provincial Park,British Columbia,British Columbia,British Columbia,British Columbia
Choquette Hot Springs Provincial Park,British Columbia,British Columbia,British Columbia,British Columbia
Chilliwack River Provincial Park,British Columbia,British Columbia,British Columbia,British Columbia
Chemainus River Provincial Park,British Columbia,British Columbia,British Columbia,British Columbia
Chasm Provincial Park,British Columbia,British Columbia,British Columbia,British Columbia
Chase Provincial Park,British Columbia,British Columbia,British Columbia,British Columbia
Charlie Lake Provincial Park,British Columbia,British Columbia,British Columbia,British Columbia
Champion Lakes Provincial Park,British Columbia,British Columbia,British Columbia,British Columbia
Cedar Point Provincial Park,British Columbia,British Columbia,British Columbia,British Columbia
Catala Island Marine Provincial Park,British Columbia,British Columbia,British Columbia,British Columbia
Castle Rock Hoodoos Provincial Park,British Columbia,British Columbia,British Columbia,British Columbia
Cariboo River Provincial Park,British Columbia,British Columbia,British Columbia,British Columbia
Cariboo Mountains Provincial Park,British Columbia,British Columbia,British Columbia,British Columbia
Canim Beach Provincial Park,British Columbia,British Columbia,British Columbia,British Columbia
Canal Flats Provincial Park,British Columbia,British Columbia,British Columbia,British Columbia
Callaghan Lake Provincial Park,British Columbia,British Columbia,British Columbia,British Columbia
Call Lake Provincial Park,British Columbia,British Columbia,British Columbia,British Columbia
Butler Ridge Provincial Park,British Columbia,British Columbia,British Columbia,British Columbia
Buse Lake Protected Area,British Columbia,British Columbia,British Columbia,British Columbia
Burns Lake Park,British Columbia,British Columbia,British Columbia,British Columbia
Burgoyne Bay Provincial Park,British Columbia,British Columbia,British Columbia,British Columbia
Burges James Gadsden Provincial Park,British Columbia,British Columbia,British Columbia,British Columbia
Bull Canyon Provincial Park,British Columbia,British Columbia,British Columbia,British Columbia
Bulkley Junction Provincial Park,British Columbia,British Columbia,British Columbia,British Columbia
Bugaboo Provincial Park,British Columbia,British Columbia,British Columbia,British Columbia
Buckinghorse River Wayside Provincial Park,British Columbia,British Columbia,British Columbia,British Columbia
Buccaneer Bay Provincial Park,British Columbia,British Columbia,British Columbia,British Columbia
Broughton Archipelago Provincial Park,British Columbia,British Columbia,British Columbia,British Columbia
Bridge River Delta Provincial Park,British Columbia,British Columbia,British Columbia,British Columbia
Bridge Lake Provincial Park,British Columbia,British Columbia,British Columbia,British Columbia
Bridal Veil Falls Provincial Park,British Columbia,British Columbia,British Columbia,British Columbia
Brackendale Eagles Provincial Park,British Columbia,British Columbia,British Columbia,British Columbia
Boyle Point Provincial Park and Protected Area,British Columbia,British Columbia,British Columbia,British Columbia
Boya Lake Provincial Park,British Columbia,British Columbia,British Columbia,British Columbia
Boundary Creek Provincial Park,British Columbia,British Columbia,British Columbia,British Columbia
Boulder Creek Provincial Park,British Columbia,British Columbia,British Columbia,British Columbia
Border Lake Provincial Park,British Columbia,British Columbia,British Columbia,British Columbia
Bonaparte Provincial Park,British Columbia,British Columbia,British Columbia,British Columbia
Bodega Ridge Provincial Park,British Columbia,British Columbia,British Columbia,British Columbia
Bocock Peak Provincial Park,British Columbia,British Columbia,British Columbia,British Columbia
Bobtail Mountain Provincial Park,British Columbia,British Columbia,British Columbia,British Columbia
Blue River Pine Provincial Park,British Columbia,British Columbia,British Columbia,British Columbia
Blue River Black Spruce Provincial Park,British Columbia,British Columbia,British Columbia,British Columbia
Blue Earth Lake Provincial Park,British Columbia,British Columbia,British Columbia,British Columbia
Bligh Island Marine Provincial Park,British Columbia,British Columbia,British Columbia,British Columbia
Blanket Creek Provincial Park,British Columbia,British Columbia,British Columbia,British Columbia
Blackcomb Glacier Provincial Park,British Columbia,British Columbia,British Columbia,British Columbia
Bishop River Provincial Park,British Columbia,British Columbia,British Columbia,British Columbia
Bishop Bay – Monkey Beach Conservancy,British Columbia,British Columbia,British Columbia,British Columbia
Bijoux Falls Provincial Park,British Columbia,British Columbia,British Columbia,British Columbia
Big Creek Provincial Park,British Columbia,British Columbia,British Columbia,British Columbia
Big Bar Lake Provincial Park,British Columbia,British Columbia,British Columbia,British Columbia
Bellhouse Provincial Park,British Columbia,British Columbia,British Columbia,British Columbia
Bedard Aspen Provincial Park,British Columbia,British Columbia,British Columbia,British Columbia
Beaver Creek Provincial Park,British Columbia,British Columbia,British Columbia,British Columbia
Beatton River Provincial Park,British Columbia,British Columbia,British Columbia,British Columbia
Beatton Provincial Park,British Columbia,British Columbia,British Columbia,British Columbia
Bearhole Lake Provincial Park and Protected Area,British Columbia,British Columbia,British Columbia,British Columbia
Bear Glacier Provincial Park,British Columbia,British Columbia,British Columbia,British Columbia
Barkerville Provincial Park,British Columbia,British Columbia,British Columbia,British Columbia
Banana Island Provincial Park,British Columbia,British Columbia,British Columbia,British Columbia
Bamberton Provincial Park,British Columbia,British Columbia,British Columbia,British Columbia
Babine River Corridor Provincial Park,British Columbia,British Columbia,British Columbia,British Columbia
Babine Mountains Provincial Park,British Columbia,British Columbia,British Columbia,British Columbia
Babine Lake Marine Provincial Park,British Columbia,British Columbia,British Columbia,British Columbia
Artlish Caves Provincial Park,British Columbia,British Columbia,British Columbia,British Columbia
Arrowstone Provincial Park,British Columbia,British Columbia,British Columbia,British Columbia
Arrow Lakes Provincial Park,British Columbia,British Columbia,British Columbia,British Columbia
Arctic Pacific Lakes Provincial Park,British Columbia,British Columbia,British Columbia,British Columbia
Arbutus Grove Provincial Park,British Columbia,British Columbia,British Columbia,British Columbia
Anstey-Hunakwa Provincial Park,British Columbia,British Columbia,British Columbia,British Columbia
Andy Bailey Provincial Park,British Columbia,British Columbia,British Columbia,British Columbia
Anderson Bay Provincial Park,British Columbia,British Columbia,British Columbia,British Columbia
Allison Lake Provincial Park,British Columbia,British Columbia,British Columbia,British Columbia
Alice Lake Provincial Park,British Columbia,British Columbia,British Columbia,British Columbia
Akamina-Kishinena Provincial Park,British Columbia,British Columbia,British Columbia,British Columbia
Adams Lake Provincial Park,British Columbia,British Columbia,British Columbia,British Columbia
