col0,col1,col2,col3
Arafat: A Monthly Critique of Muslim Thought,1946,427533470,1947
Antibiotics and Chemotherapy,1954,1344164,2000
Annual Review of Sex Research,1990,49393326,2007
Annual Bulletin,1908,2038856,1914
Annales d'histochimie,1956,1481309,1976
Annales Aequatoria,1937,405811410,1962
Animal Science,1959,701463537,2006
Anales de Química,1903,802697545,1998
Anales de Física,1968,29164947,1998
Afrique & Histoire,2003,55492518,2009
African Journal of International Affairs,1998,85449825,2010
African Issues,1971,56137807,2004
Advances in Space Research,1981,7004415,1981
Advances in Atmospheric Sciences,1984,67618364,1984
Advances in Applied Mathematics,1980,35239151,1980
Acta Zoologica Mexicana,1955,1461038,1971
Acta Physica Polonica,1920,637499350,1970
Acta Numerica,1992,49342645,1992
Acta Biochimica et Biophysica Sinica,1958,58876308,2003
Acadiensis,1901,316257829,1901
AIDS Research and Human Retroviruses,1983,13812822,1983
Études Phénoménologiques,1985,12876393,2008
