col0,col1,col2,col3,col4
Journal of Non-Crystalline Solids,0022-3093,JNCSBJ,Hybrid,biweekly
Journal of Neurosurgery,0022-3085,JONSAC,"Delayed, after 12 months",Monthly
Journal of Neuroscience Methods,0165-0270,JNMEDT,Hybrid,18/year
Journal of Neurophysiology,0022-3077,JONEA4,After one year,Monthly
Journal of Neurology,0340-5354,JNRYA9,Hybrid open access,Monthly
Journal of Neurochemistry,0022-3042,JONRA9,"Delayed, after 1 year",24/year
Journal of Molecular Biology,0022-2836,JMOBAK,Hybrid,50/year
"Journal of Mining and Metallurgy, Section B",1450-5339,JMBMFR,yes,Biannual
Journal of Medical Biochemistry,1452-8258,JMBBAN,Yes,Quarterly
Journal of Materials Research and Technology,2214-0697,JMRTAL,Yes,Quarterly
Journal of Library Administration,0193-0826,JLADEL,Hybrid,8/year
Journal of Leukocyte Biology,0741-5400,JLBIE7,"Delayed, after 12 months, andhybrid",Monthly
Journal of Instrumentation,1748-0221,JIONAS,Hybrid,Monthly
Journal of Industrial Ecology,1088-1980,JINEFZ,Hybrid,Bimonthly
Journal of Immunology,0022-1767,JOIMA3,1998-Delayed12 months,24/year
Journal of Hymenoptera Research,1070-9428,JHYREJ,Yes,Upon acceptance
Journal of Huntington's Disease,1879-6397,JHDOA3,Hybrid,Quarterly
Journal of Histochemistry and Cytochemistry,0022-1554,JHCYAS,After 12 months,Monthly
Journal of Heredity,0022-1503,JOHEA8,Optional,Bimonthly
Journal of Group Theory,1433-5883,JGTHFQ,Hybrid,Bimonthly
Journal of Geriatric Cardiology,1671-5411,JGCOBQ,Yes,Quarterly
Journal of General Virology,0022-1317,JGVIAY,"Delayed, after 12 months",Monthly
Journal of Experimental Medicine,0022-1007,JEMEAV,"Delayed, after 6 months",Monthly
Journal of Experimental Botany,0022-0957,JEBOA6,Hybrid,18/year
Journal of Evolutionary Biology,1010-061X,JEBIEQ,"Delayed, after 2 years",Bimonthly
Journal of Environmental Radioactivity,0265-931X,JERAEE,Hybrid,Monthly
Journal of Environmental Biology,0254-8704,JEBIDP,Yes,Bimonthly
Journal of Electroceramics,1385-3449,JOELFJ,Hybrid,8/year
Journal of Computational Biology,1066-5277,JCOBEM,Hybrid,Monthly
Journal of Clinical Pathology,0021-9746,JCPAAK,After 12 months,Monthly
Journal of Clinical Oncology,0732-183X,JCONDN,"Delayed, after 1 year",36/year
Journal of Clinical Microbiology,0095-1137,JCMIDW,"Delayed, after 6 months",Monthly
Journal of Clinical Investigation,0021-9738,JCINAO,Yes,Monthly; articles published weekly online
Journal of Cerebral Blood Flow & Metabolism,0271-678X,JCBMDN,"Delayed, after 2 years",Monthly
Journal of Cell Science,0021-9533,JNCSAI,After 6 months,Biweekly
Journal of Cancer,1837-9664,JCWAAL,Yes,9/year
Journal of Biomedical Science,1021-7770,JBCIEA,Yes,Upon acceptance
Journal of Biomedical Informatics,1532-0464,JBIOBL,Hybridanddelayed(after 12 months),Bimonthly
Journal of Biological Chemistry,0021-9258,JBCHA3,After 12 months,Weekly
Journal of Bacteriology,0021-9193,JOBAAY,"Delayed, after 6 months:Hybrid",Biweekly
Journal of Applied Biomedicine,1214-021X,JABOBD,Yes,Quarterly
Journal of Antimicrobial Chemotherapy,0305-7453,JACHDX,Hybridanddelayed(after 12 months),Monthly
Journal of Acquired Immune Deficiency Syndromes,1077-9450,JJASFJ,After 12 months,15/year
Journal of Accounting and Public Policy,0278-4254,JACPDN,Hybrid,Bimonthly
Japanese Journal of Applied Physics,0021-4922,JJAPB6,Special issues available for one year after publication,Monthly
Izvestiya Vysshikh Uchebnykh Zavedenii. Radioelektronika,0021-3470,IVUZB5,Hybrid,Monthly
Issues in Science and Technology Librarianship,1092-1206,ISTLF9,Yes,Quarterly
Israel Journal of Entomology,0075-1243,IJENB9,Yes,Continuously
Inverse Problems,0266-5611,INPEEY,Hybrid,12
International Journal of Systematic and Evolutionary Microbiology,1466-5026,ISEMF5,"Delayed, after 24 months",Monthly
International Journal of Radiation Biology,0955-3002,IJRBE7,Hybrid,Monthly
International Journal of Pharma and Bio Sciences,0975-6299,IJPBJ2,Yes,Quarterly
International Journal of Mosquito Research,2348-5906,IJMRK2,Yes,Quarterly
International Journal of Medical Sciences,1449-1907,IJMSGZ,Yes,10/year
International Journal of Mathematics and Mathematical Sciences,0161-1712,INTJM4,Yes,Biweekly
International Journal of Epidemiology,0300-5771,IJEPBF,Hybrid,Bimonthly
International Journal of Energy Research,0363-907X,IJERDN,Hybrid,Monthly
International Journal of Clinical Rheumatology,1758-4272,IJCRHH,Yes,Quarterly
International Journal of Biological Sciences,1449-2288,IJBSB9,Yes,10/year
International Clinical Psychopharmacology,0268-1315,ICLPE4,optional,bimonthly
Internal Medicine,0918-2918,IEDIEP,Yes,Monthly
Interface,1064-8208,ELSIE3,Yes,Quarterly
Infection and Immunity,0019-9567,INFIBR,Delayed,Monthly
Indian Journal of Pathology & Microbiology,0377-4929,IJPMDT,Yes,Quarterly
Indian Journal of Ophthalmology,0301-4738,IJOMBM,Yes,Bimonthly
Indian Journal of Medical Sciences,0019-5359,INJMAO,Yes,Monthly
Indian Journal of Medical Research,0971-5916,IMIREV,Yes,Monthly
Immunotherapy,1750-743X,IMMUCO,Hybrid,Monthly
Immunogenetics,0093-7711,IMNGBK,hybrid,Monthly
Immunity,1074-7613,IUNIEH,"Delayed, after 12 months",Monthly
Imaging in Medicine,1755-5191,IMMECA,Yes,Quarterly
