col0,col1,col2,col3,col4
IEEE Transactions on Pattern Analysis and Machine Intelligence,0162-8828,ITPIDJ,No,Monthly
IEEE Transactions on Information Theory,0018-9448,IETTAW,No,Monthly
IEEE Transactions on Fuzzy Systems,1063-6706,IEFSEV,No,Bimonthly
IEEE Transactions on Evolutionary Computation,1089-778X,ITEVF5,No,Bimonthly
IEEE Transactions on Computers,0018-9340,ITCOB4,No,Monthly
Heart,1355-6037,HEARFR,Hybrid,Biweekly
Health Physics,0017-9078,HLTPAO,Hybrid,Monthly
Health Economics,1057-9230,HEECEZ,Hybrid,Monthly
Gut,0017-5749,GUTTAK,"Delayed, after 12 months",Monthly
Geophysical Research Letters,0094-8276,GPRLAJ,"""Frontier Articles"" section",Biweekly
Genome Research,1088-9051,GEREFS,After 6 months,Monthly
Genome Biology and Evolution,1759-6653,GBEEA5,Yes,Monthly
Genetica,0016-6707,GENEA3,Hybrid,Monthly
Genes,2073-4425,GENEG9,Yes,Quarterly
Genes & Development,0890-9369,GEDEEP,"Delayed, after 6 months",Biweekly
"Genes, Brain and Behavior",1601-183X,GBBEAO,"Delayed, after 2 years;hybrid",Monthly
"Gender, Work and Organization",0968-6673,GWORF8,Hybrid,Bimonthly
Fluid Dynamics Research,0169-5983,FDRSEH,no,Bimonthly
Fishery Bulletin,0090-0656,FSYBAY,Yes,Quarterly
Fennia,0015-0010,FENNAJ,Yes,Biannual
FEBS Letters,0014-5793,FEBLAL,After 12 months/Hybrid,24 issues/year
FEBS Journal,1742-464X,FJEOAC,Delayed,Biweekly
Experimental Parasitology,0014-4894,EXPAAA,Hybrid,Monthly
Experimental & Molecular Medicine,1226-3613,EMMEF3,Yes,Monthly
European Journal of Pharmaceutical Sciences,0928-0987,EPSCED,Hybrid,15/year
European Journal of Neuroscience,0953-816X,EJONEI,Hybrid,Biweekly
European Journal of Medical Research,0949-2321,EJMRFL,Yes,Monthly
European Journal of Endocrinology,0804-4643,EJOEEP,After 12 months,Monthly
European Journal of Clinical Pharmacology,0031-6970,EJCPAS,upon paying open access fee,Monthly
European Journal of Clinical Microbiology & Infectious Diseases,0934-9723,EJCDEU,Hybrid,Monthly
Epileptic Disorders,1294-9361,EPDIFP,"Delayed, registration (free) required",Quarterly
Environmental Sciences Europe,2190-4707,USZOE9,Yes,Upon acceptance
Environmental Research Letters,1748-9326,ERLNAL,Yes,Quarterly
Environmental Health Perspectives,0091-6765,EVHPAZ,Yes,Monthly
Environmental Fluid Mechanics,1567-7419,EFMNAA,Hybrid,Bimonthly
Entropy,1099-4300,ENTRFG,Yes,Monthly
Endoscopy,0013-726X,ENDCAM,Hybrid,Monthly
Endocrine Journal,0918-8959,ENJOEO,Yes,Monthly
Emerging Infectious Diseases,1080-6040,EIDIFA,Yes,Monthly
Electronic Journal of Theoretical Physics,1729-5254,EJTPBC,Yes,Quarterly
Earth and Planetary Science Letters,0012-821X,EPSLA2,Hybrid,48/year
EPL,0295-5075,EULEE8,Hybrid,Biweekly
ELife,2050-084X,ELIFA8,Yes,Continuous
Drugs,0012-6667,DRUGAY,Hybrid,18/year
Drugs & Aging,1170-229X,DRAGE6,Hybrid,Monthly
Drug Metabolism and Disposition,0090-9556,DMDSAI,After 12 months,Monthly
Discrete Mathematics & Theoretical Computer Science,1365-8050,DTCSFX,Yes,Quarterly
Developmental Neurobiology,1932-8451,DNEEAM,"Delayed, after 12 months",Monthly
Developmental Dynamics,1058-8388,DEDYEI,After 1 year,Monthly
Developmental Cell,1534-5807,DCEEBE,1 year embargo,24/year
Developmental Biology,0012-1606,DEBIAO,"Delayed, after 12 months",Biweekly
Dalton Transactions,1477-9226,DTARAF,Hybrid,Weekly
DNA Research,1340-2838,DARSE8,Yes,6/year
Cytometry Part A,1552-4922,CYTODQ,Hybrid,Monthly
Current Issues in Molecular Biology,1467-3037,CMBIF6,Hybrid open access journal,One or more volumes per year
Current Approaches in Psychiatry,1309-0658,PGYSA9,Yes,Quarterly
CrystEngComm,1466-8033,CRECF4,Hybrid,Biweekly
Cosmic Research,0010-9525,CSCRA7,Hybrid,Bimonthly
Computer,0018-9162,CPTRB4,No,Monthly
Communications on Pure and Applied Mathematics,0010-3640,CPMAMV,Hybrid,Monthly
"Combinatorics, Probability and Computing",0963-5483,CPCOFG,"Delayed, after 6 months",6/year
