col0,col1,col2,col3,col4
Cognition,0010-0277,CGTNAU,Hybrid,Bimonthly
Clinical and Vaccine Immunology,1556-679X,CVILA6,Delayed,Monthly
Clinical Therapeutics,0149-2918,CLTHDG,Hybrid,Monthly
Clinical Science,0143-5221,CSCIAE,After 12 months,Biweekly
Clinical Pharmacology & Therapeutics,0009-9236,CLPTAT,Hybrid,Monthly
Clinical Microbiology Reviews,0893-8512,CMIREX,"Delayed, after 12 months","Continuous online publication, quarterly print"
Clinical Medicine,1470-2118,CMLUBK,"Delayed, after 1 year",Bimonthly
Clinical Interventions in Aging,1176-9092,CIALBC,Yes,Upon acceptance
Clinical Cancer Research,1078-0432,CCREF,"Delayed, after 12 months",Biweekly
Classical and Quantum Gravity,0264-9381,CQGRDG,Hybrid,24
Chinese Medical Journal,0366-6999,CMDJAS,Yes,Biweekly
Chemistry Education Research and Practice,1109-4028,CERPCE,Yes,Quarterly
Chemical Science,2041-6520,CSHCCN,Yes,Monthly
Chemical Engineering Science,0009-2509,CESCAC,Hybrid,24 issues per year
Cell Research,1001-0602,CREEB6,Hybrid,Monthly
Cell,0092-8674,CELLB5,After 12 months,Biweekly
Catalysis Science & Technology,2044-4753,CSTAGD,Hybrid,Monthly
Cardiology in Review,1061-5377,CRVIE4,Hybrid,Bimonthly
Carcinogenesis,0143-3334,CRNGDP,Hybrid,Monthly
"Cancer Immunology, Immunotherapy",0340-7004,CIIMDN,Hybrid,Monthly
Cancer Cell,1535-6108,CCAECI,"Delayed, after 12 months",Monthly
Canadian Journal of Public Health,0319-2652,CJPEA4,Delayed open access,Bimonthly
Canadian Journal of Physics,0008-4204,CJPHAD,Hybrid,Monthly
CA,0007-9235,CAMCAM,Yes,Bimonthly
Bulletins of American Paleontology,0007-5779,BAPLAJ,Yes (2008-present),Biannually
Bulletin of the World Health Organization,0042-9686,BWHOA6,Yes,Monthly
British Journal of Psychiatry,0007-1250,BJPYAJ,After 12 months,Monthly
British Journal of Pharmacology,0007-1188,BJPCBM,"Hybrid,delayed(after 12 months)",Biweekly
British Journal of Medical Practitioners,1757-8515,BJMPBC,Yes,Quarterly
British Journal of Clinical Pharmacology,0306-5251,BCPHBM,"Delayedafter 12 months,hybrid",Monthly
British Journal of Anaesthesia,0007-0912,BJANAD,"Delayed, after 6 months",monthly
British Dental Journal,0007-0610,BDJOAJ,Hybrid,Bimonthly
Breast Cancer Research,1465-5411,BCRRCT,Yes,Bimonthly
Brazilian Archives of Biology and Technology,1516-8913,BABTFC,Yes,Bimonthly
"Blood Cells, Molecules and Diseases",1079-9796,BCMDFX,Hybrid,8/year
Biotechnology and Bioengineering,0006-3592,BIBIAU,Hybrid,12/yr.
Biotechnology and Applied Biochemistry,0885-4513,BABIEC,Hybrid,Bimonthly
Biophysical Journal,0006-3495,BIOJAU,"Hybrid,delayed(after 12 months)",Biweekly (24 issues/year)
