col0,col1,col2,col3,col4
Annali dell'Istituto Superiore di Sanità,0021-2571,AISSAW,Yes,Quarterly
Anatolian Journal of Cardiology,1302-8723,AKDNAO,Yes,8/year
Analytical Methods,1759-9660,AMNEGX,hybrid,Monthly
American Journal of Translational Research,1943-8141,AJTRA7,Yes,Quarterly
American Journal of Pharmaceutical Education,0002-9459,AJPDAD,Yes,Quarterly
American Journal of Nursing,0002-936X,AJNUAK,Delayed7 years:Hybrid,Monthly
American Journal of Kidney Diseases,0272-6386,AJKDD,Hybrid,Monthly
Alzheimer's Research & Therapy,1758-9193,ARTLCD,Yes,Monthly
African Invertebrates,1681-5556,ANMUA9,Yes,Upon Acceptance
Advanced Science,2198-3844,ASDCCF,yes,12
Advanced Functional Materials,1616-301X,AFMDC6,some,twice per month
Addiction,0965-2140,ADICE5,Hybrid,Monthly
Acta Zoologica Mexicana,0065-1737,AZMEEF,since 1994,Triannually
Acta Psychiatrica Scandinavica,0001-690X,APYSA9,Hybrid,Monthly
Acta Palaeontologica Polonica,0567-7920,APGPAC,Yes,Quarterly
Acta Ophthalmologica,1755-375X,AOOUAQ,Hybrid,8/year
Acta Oncologica,0284-186X,ACTOEL,"Delayed, after 6 months",8/year
Acta Biomaterialia,1742-7061,ABCICB,Hybrid,Monthly
Acta Biológica Colombiana,0120-548X,ABICEP,Yes,Quarterly
Acta Astronautica,0094-5765,AASTCF,Hybrid,Monthly
Acarologia,0044-586X,ACRLAW,Yes,Quarterly
ASN Neuro,1759-0914,ANSEFU,Yes,Bimonthly
APMIS,0903-4641,APMSEL,Gold (optional),monthly
AIDS,0269-9370,AIDSET,After 12 months,18 per year
ACS Medicinal Chemistry Letters,1948-5875,amclct,Via author payment only,Monthly
