col0,col1,col2,col3
W. Reich,A. Reich,Austria-Hungary,http://dbpedia.org/resource/Wilhelm_Reich__restingPlacePosition__1
S. Maceo,R. Maceo,Italy,http://dbpedia.org/resource/Sam_Maceo__restingPlacePosition__1
R. Maceo,S. Maceo,Italy,http://dbpedia.org/resource/Rosario_Maceo__restingPlacePosition__1
L. Saigō,T. Ieyasu,Japan,http://dbpedia.org/resource/Lady_Saigō__restingPlacePosition__1
J. d'Adelswärd-Fersen,C. Annicelli,Paris,http://dbpedia.org/resource/Jacques_d'Adelswärd-Fersen__restingPlacePosition__1
B. Fosse,A. Reinking,Chicago,http://dbpedia.org/resource/Bob_Fosse__restingPlacePosition__1
