col0,col1,col2,col3
Ú. Murayama,Spain,N. Murayama,Úrsula Murayama
Éleuthère Irénée du Pont,"Greenville, Delaware",D. P. family,Éleuthère Irénée du Pont de Nemours
Z. Heller,New York,B. Heller,Zoë Kate Hinde Heller
Y. Dzhugashvili,Georgia,J. Stalin,Yevgeny Yakovlevich Golishev
Y. Choudhury,England,N. Choudhury,Yasmin Ara Choudhury
Y. Jaswal,Islamabad,U. Jaswal,Yasir Jaswal
W. Johnson-Marquart,Virginia Beach,Herbert Fisk Johnson III,Winnie Johnson
W. H. Ackland,Belmont Mansion,J. H. Acklen,William Hayes Acklen
W. D. Orthwein,"St. Louis, Missouri",C. F. Orthwein,William David Orthwein
W. K. Kellogg,"Battle Creek, Michigan",J. H. Kellogg,Will Keith Kellogg
W. Anderson,New York City,E. C. Anderson,Wesley Wales Anderson
W. Weyl,"Woodstock, New York",J. Stern,Walter Edward Weyl
V. Cha,Korea,K. Yuri,Hyunjung Cha
V. Astor,New York,A. family,William Vincent Astor
Vijayachander,Telangana,T. Suryakumari,Vijayachander Telidevara
Vijay,Chennai,List of South Indian film families,Joseph Vijay Chandrasekhar
V. Devgan,India,Kajol,Veeru Devgan
V. Saab,Ecuador,A. Gómez,Valeska Alexandra Saab Gómez
U. Jaswal,Islamabad,Y. Jaswal,Uzair Jaswal
Tulisa,Friern Barnet,Dappy,Tula Paulina Contostavlos
T. N. Cox,"Long Island, New York",F. A. Nixon,Patricia Nixon
T. Wall,"Los Angeles, California",D. Tidwell,Travis Michael Wall
T. Waterhouse,"Balmoral, New South Wales",T. J. Smith,Thomas Robert Waterhouse
T. Fahn,"Los Angeles, California",M. Fahn,Thomas Fahn
T. Fisher,Las Vegas Valley,C. Fisher,Todd Emmanuel Fisher
T. Legge-Bourke,Crickhowell,H. Legge-Bourke,Alexandra Shân Legge-Bourke
T. Mowry,"Agoura Hills, California",A. Housley,Tia Dashon Mowry
Thomas F. Frist Jr.,"Belle Meade, Tennessee",B. Frist,Thomas Fearn Frist Jr.
T. v. Gogh,Amsterdam,V. v. Gogh,Theodoor van Gogh
T. Giannakopoulos,Athens,P. Giannakopoulos,Thanasis Giannakopoulos
T. Bergson,Warsaw,H. Bergson,Tamar
T. Sarandos,California,C. Avant,Theodore Anthony Sarandos Jr.
T. Ahmed,Bangladesh,A. Hayat,Tauquir Ahmed
T. Mowry,"Napa Valley, California",T. Mowry,Tamera Darvette Mowry
S. Sanchez,Philippines,A. Atayde,Jossette Campo
S. Stallone,"Beverly Hills, California",F. Stallone,Sylvester Gardenzio Stallone
S. Dutt,"Hyderabad, India",N. Ashwin,Swapna Dutt Chalasani
Sushanth,Hyderabad,A. N. Rao,Anumolu Sushanth
S. Klatten,Bad Homburg,S. Quandt,Susanne Hanna Ursula Quandt
Suriya,Chennai,Karthi,Saravanan Sivakumar
S. Deol,India,List of Hindi film clans,Ajay Singh Deol
S. Hartono,Dutch East Indies,D. Sastrowardoyo,Carolina Felicita Gerardine Sunaryati Sastrowardoyo
Sujitha,Pollachi,Actress,Sujitha
S. Maniratnam,Chennai,K. Haasan,Suhasini Charuhasan
S. Mohanlal,Kerala,S. Balaje,Suchitra Balaji
Stewart W. Bainum Sr.,"Chevy Chase, Maryland",D. Bainum,Stewart William Bainum
S. R. McQueen,Chicago,E. Iglesias,Steven Chadwick McQueen
S. Cuozzo,Upper East Side,L. Hershey,Steven D. Cuozzo
S. Coogan,East Sussex,B. Coogan,Stephen John Coogan
S. M. Badger,"Santa Fe, New Mexico",F. M. Sr.,Stephen Mills Badger II
S. Lokesh,Bangalore,S. Naidu,Srujan Lokesh
S. Lee,New York,C. Lee,Shelton Jackson Lee
S. List,"Los Angeles, California",P. List,Spencer List
S. Seth,India,List of Hindi film clans,Soumya Seth
S. Nélisse,Montreal,I. Nélisse,Marie-Sophie Nélisse
S. Loren,"Geneva, Switzerland",A. Mussolini,Sofia Villani Scicolone
S. Knowles,Louisiana,Beyoncé,Solange Piaget Knowles
S. Allsopp,Edinburgh,K. Allsopp,Helen Atherley Allsopp
S. Rynkiewicz,Stockholm,W. Gryniewicz,Slawomir Stanislaw Rynkiewicz Berg
S. Cowell,California,N. Cowell,Simon Phillip Cowell
S. Pinal,Mexico,Miguel Hidalgo y Costilla,Silvia Pinal Hidalgo
S. Rausing,London,R. Rausing,Sigrid Maria Elisabet Rausing
S. Robertson,"West Monroe, Louisiana",P. Robertson,Silas Merritt Robertson
S. Rajkumar,Karnataka,K. Bangarappa,Putta Swamy
S. D. Thacher,"Ojai, California",R. Sherman,Sherman Day Thacher
S. S. Prakash,Chennai,B. S. Prakash,Sheila Sri Prakash
S. Rezayee,Kabul,F. Rezayee,Shaima
S. Ramphaul,South Africa,Father,Shahrina Ramphaul
S. H. Jafari,Iran,M. Zamani,Hossein Jafari
S. Kishimoto,Tokyo,M. Kishimoto,Seishi Kishimoto
S. Eastwood,"San Diego, California",K. Eastwood,Scott Clinton Reeves
S. Bullock,"New Orleans, Louisiana",G. Bullock-Prado,Sandra Annette Bullock
S. L. Flournoy,West Virginia,C. S. White,Samuel Lightfoot Flournoy
S. Womack,Bedfordshire,G. Best,Samantha Zoe Janus
S. Faiers,England,B. Faiers,Samantha Elizabeth Faiers
S. Khan,India,List of Hindi film clans,Abdul Rashid Salim Salman Khan
Sally Ward Lawrence Hunt Armstrong Downs,Boston,R. M. Johnson,Sally Ward
S. Hemings,Monticello,J. Hemings,Sarah Hemings
S. Ali,Karachi,S. Ali,Sajal Ali
S. Shankar,Telangana,P. Jagannadh,Sairam Shankar Petla
S. A. Khan,India,List of Hindi film clans,Sajid Ali Khan
S. Shivdasani,India,List of Hindi film clans,Sadhana Shivdasani
S. R. Walton,"Bentonville, Arkansas",J. Walton,Samuel Robson Walton
S. N. Surendar,Chennai,Vijay,S.N.Surendar
R. Shaw,Shanghai,R. R. Shaw,Shao Renjie
R. E. Disney,Los Angeles,D. family,Roy Edward Disney
R. Roy,India,R. Roy,Ronit Bose Roy
R. Rudd,Somerset,A. Rudd,Roland Dacre Rudd
R. Sacks,Laguna Beach,Z. Bielski,Rodney Cyril Sacks
R. Humes,London,P. Ince,Rochelle Eulah Eileen Wiseman
R. d. Rothschild,Château de Laversine,James Mayer de Rothschild,Robert Philippe de Rothschild
Robert Ringen Hermann Jr.,"St. Louis, Missouri",A. Busch,Robert Ringen Hermann
R. H. Ellsworth,Upper East Side,O. Ellsworth,Robert Hatfield Ellsworth
R. Kardashian,"Hidden Hills, California",K. Kardashian,Robert Arthur Kardashian
R. Livingstone,London,I. Livingstone,Richard John Livingstone
R. Gutierrez,Philippines,R. Gutierrez,Richard Kristian Gutierrez
R. Dreyfuss,"Encinitas, California",N. Dreyfuss,Richard Stephen Dreyfus
R. Branson,British Virgin Islands,High Court of Justice,Richard Charles Nicholas Branson
R. Rajaratnam,Brazil,R. Rajaratnam,Rajarengan Rajaratnam
R. Baker,Kent,E. producer,Reginald Poynton Baker
R. Belldegrun,California,P. Zabludowicz,Rebecka Zabludowicz
R. J. Harbert,"Mountain Brook, Alabama",B. L. Harbert,Raymond Jones Harbert
Rawer,Ancient Egypt,Prince,Rawer
R. Daggubati,India,D. Ramanaidu,Rana Daggubati
R. Paul,India,R. Paul,Rakesh Paul
R. Laurel,Makati City,J. P. Laurel,Raymund Joseph Teves Laurel
Rajinikanth,Chennai,List of South Indian film families,Shivaji Rao Gaekwad
R. Khanna,Maharashtra,A. Kumar,Jatin Khanna
Rajesh,Bangalore,A. Sarja,Vidyasagar
R. S. Gupta,"Fatehpur, Uttar Pradesh",Rama Agrahari Girls College,Radhe Shyam Gupta
Raamshankar,Telangana,P. Jagannadh,Raam Shankar Petla
P. Banerjee,Allahabad,A. A. Ali,Purnima Ganguly
P. Jagannadh,Hyderabad,S. Shankar,Puri Jagannadh
P. Jacob,Goa,Tiatrist,Miguel Jacob Carmo Luis Fernandes
P. Thackeray,Mumbai,R. Thackeray,Keshav Thakre
Prabhas,India,K. R. Uppalapati,Venkata Satyanarayana Prabhas Raju Uppalapati
P. Williams,Atlanta,H. Williams,Porsha Dyanne Williams
P. Zabludowicz,England,R. Belldegrun,Chaim Zabludowicz
P. Geldof,London,H. Green,Little Pixie Geldof
P. Lier,Netherlands,Beatrix of the Netherlands,Albrecht Willem Lier
