col0,col1,col2,col3
Cambaroides sachalinensis,Cambaridae,iucn3.1,DD
Cambaroides koshewnikowi,Cambaridae,iucn3.1,DD
Cambaroides dauricus,Cambaridae,iucn3.1,DD
Cambarellus shufeldtii,Cambaridae,IUCN3.1,LC
Cambarellus puer,Cambaridae,iucn3.1,LC
Cambarellus patzcuarensis,Cambaridae,iucn3.1,EN
Cambarellus lesliei,Cambaridae,iucn3.1,LC
Cambarellus diminutus,Cambaridae,iucn3.1,DD
Cambarellus blacki,Cambaridae,iucn3.1,DD
California spiny lobster,Spiny lobster,iucn3.1,LC
Caecidotea nickajackensis,Asellidae,IUCN2.3,VU
Caecidotea macropropoda,Asellidae,IUCN2.3,VU
Caecidotea barri,Asellidae,IUCN2.3,EN
Brasiliothelphusa,Pseudothelphusidae,iucn3.1,DD
Branchinella wellardi,Thamnocephalidae,IUCN2.3,VU
Branchinella simplex,Thamnocephalidae,IUCN2.3,VU
Branchinella lithaca,Thamnocephalidae,IUCN2.3,CR
Branchinella denticulata,Thamnocephalidae,IUCN2.3,VU
Branchinella basispina,Thamnocephalidae,IUCN2.3,VU
Branchinella apophysata,Thamnocephalidae,IUCN2.3,VU
Branchinella alachua,Thamnocephalidae,IUCN2.3,EN
Branchinecta sandiegonensis,Branchinectidae,IUCN2.3,EN
Branchinecta lynchi,Branchinectidae,IUCN2.3,VU
Branchinecta longiantenna,Branchinectidae,IUCN2.3,EN
Branchinecta gigas,Branchinectidae,iucn2.3,LC
Bouchardina,Cambaridae,iucn3.1,DD
Blue crayfish,Cambaridae,iucn3.1,LC
Bermudamysis,Mysidae,IUCN2.3,CR
Bermudagidiella,Bogidiellidae,IUCN2.3,CR
Bee shrimp,Atyidae,IUCN3.1,LC
Barbicambarus cornutus,Cambaridae,iucn3.1,LC
Balanus aquila,Balanidae,IUCN2.3,DD
Austropotamobius torrentium,Astacidae,iucn3.1,DD
Austropotamobius pallipes,Crayfish,iucn3.1,EN
Austrogammarus australis,Paramelitidae,IUCN3.1,CR
Atya scabra,Atyidae,iucn3.1,LC
Atya lanipes,Atyidae,iucn3.1,LC
Atya gabonensis,Atyidae,IUCN3.1,LC
Attheyella yemanjae,Canthocamptidae,IUCN2.3,LR/cd
Astacus pachypus,Astacidae,iucn3.1,DD
Astacus leptodactylus,Astacidae,iucn3.1,LC
Astacus astacus,Astacidae,iucn3.1,VU
Astacoides crosnieri,Parastacidae,IUCN3.1,DD
Astacoides caldwelli,Parastacidae,IUCN3.1,EN
Astacoides betsileoensis,Parastacidae,IUCN3.1,EN
Arubolana imula,Cirolanidae,IUCN2.3,VU
Arubolana aruboides,Cirolanidae,IUCN2.3,CR
Artemia monica,Artemiidae,iucn2.3,LR/cd
Armatobalanus nefrens,Archaeobalanidae,IUCN2.3,DD
Argyrodiaptomus neglectus,Diaptomidae,IUCN2.3,DD
Arctodiaptomus michaeli,Diaptomidae,IUCN2.3,VU
Arctodiaptomus kamtschaticus,Diaptomidae,IUCN2.3,VU
Arctodiaptomus euacanthus,Diaptomidae,IUCN2.3,VU
Arctodiaptomus burduricus,Diaptomidae,IUCN2.3,VU
Arctides guineensis,Slipper lobster,iucn3.1,LC
Aquadulcaris pheronyx,Paramelitidae,IUCN2.3,CR
Antrolana,Cirolanidae,ESA,LT
American lobster,Lobster,iucn3.1,LC
Alabama cave shrimp,Atyidae,IUCN3.1,EN
Afrocyclops pauliani,Cyclopidae,IUCN2.3,EX
Acocil,Cambaridae,iucn3.1,LC
Achlidon,Pseudothelphusidae,iucn3.1,LC
Acanthocyclops hypogeus,Cyclopidae,IUCN2.3,VU
