col0,col1,col2,col3
C. Bulgheroni,Buenos Aires,A. Bulgheroni,Carlos Alberto Bulgheroni
C. M. Jr.,"Indian Wells, California",W. MacMillan,Cargill MacMillan
C. Douglas,"Bronx, New York",C. Zeta-Jones,Cameron Morrell Douglas
B. Fletcher,New York City,G. S. Fletcher,Alphonse Fletcher Jr.
B. Nordstrom,Seattle,J. W. Nordstrom,Bruce A. Nordstrom
B. Jenner,"Malibu, California",K. Jenner,Sam Brody Jenner
B. A. Fernandes,British Raj,B. Fernandes,Braz Anthony Fernandes
B. Keener,"Los Angeles, California",C. Fite,Brandon James Keener
B. Bell,"Holmby Hills, Los Angeles, California",W. J. Bell,Bradley Phillip Bell
B. Srinu,Telangana,P. K. Murali,Boyapati Srinivas
B. Hermann,"St Louis, Missouri",G. Busch,Robert Ringen Hermann Sr
B. Rausing,Vaud,R. Rausing,Birgit Mayne
B. A. Yap,Quezon City,B. A. Jr.,"James Carlos Aquino Yap, Jr."
B. Laurie,"Bel Air, Los Angeles","J. "". Walton",William J. Laurie
B. Kurtis,"Mettawa, Illinois",F. Kurtis,William Horton Kuretich
Beyoncé,California,S. Knowles,Beyoncé Giselle Knowles
B. Alisjahbana,Dutch East Indies,S. T. Alisjahbana,Betti Setiastuti
B. DeVos,"Ada, Michigan",E. Prince,Elisabeth Prince
B. Wegner,Berlin,G. W. Paus,Jacob Benjamin Wegner
B. Mankiewicz,California,J. L. Mankiewicz,Benjamin Fredrick Mankiewicz
B. Hadid,New York,G. Hadid,Isabella Khair Hadid
B. Utsahi,Balrampur,A. Ahmad,Mohammed Shafi Khan
B. Hilton,"Holmby Hills, Los Angeles, California",F. Hilton,William Barron Hilton
B. Streisand,"Malibu, California",J. Brolin,Barbara Joan Streisand
B. Margera,"Pocopson Township, Chester County, Pennsylvania",J. Margera,Brandon Cole Margera
A. Tisdale,California,J. Tisdale,Ashley Michelle Tisdale
Arya,Chennai,Sathya,Jamshad Ceethirakath
A. Franklin,"Bloomfield Hills, Michigan",C. Franklin,Aretha Louise Franklin
A. Afolayan,Abuja,K. Afolayan,Aremu Afolayan
A. Bhandari,India,N. Bhandari,Anup
A. Polk,8th arrondissement of Paris,J. K. Polk,Antoinette Wayne Van Leer Polk
A. Ansari,"Plano, Texas",A. Ansari,Anousheh Raissyan
A. H. Bass,Connecticut,J. Klausner,Anne Hendricks
A. Gittinger,Seattle,J. W. Nordstrom,Anne Nordstrom
A. W. Cornell,"Berkeley, California",M. Weiser,Ann Weiser
A. Bassett,"Uintah County, Utah",J. Bassett,Anna M. Bassett
A. Yllana,Quezon City,J. Yllana,"Andrés José Garchitorena Yllana, Jr."
A. Cepeda,Madrid,L. Paz,Angélica María Cepeda Jiménez
A. Nazarian,"Beverly Hills, California",S. Nazarian,Angella Maddahi
A. Morahan,England,H. Morahan,Andrew Douglas Morahan
A. Yakunin,Hampstead,V. Yakunin,Andrey Yakunin
A. Hales,Los Angeles,J. Hales,Andrew Gerald Hales
A. Fountaine,England,T. Martin,Andrew Fountaine
A. M. Orozco,Argentina,V. Orozco,Ana María Orozco Aristizábal
A. L. Barber,"Irvington, New York",J. J. Albright,Amzi Lorenzo Barber
A. Pinchot,Grey Towers National Historic Site,G. Pinchot,Amos Richards Eno Pinchot
A. Bachchan,Mumbai,A. R. Bachchan,Amitabh Harivansh Rai Bachchan
A. Patel,India,A. Patel,Amisha Amit Patel
A. MacArthur,Ontario,J. MacArthur,Amber Dawn MacArthur
A. Sudano,Tennessee,B. Sudano,Amanda Grace Sudano
A. Holden,London,J. Holden,Amanda Louise Holden
