col0,col1,col2,col3
Amala,India,A. N. Rao,Amala Mukherjee
A. Arjun,India,R. Charan,Allu Arjun
A. Naresh,"Hyderabad, India",A. Rajesh,Edara Naresh
A. Kazmi,Canada,Shyam,Ali Arsalan Kazmi
A. Daddario,California,E. Q. Daddario,Alexandra Anna Daddario
A. Cousteau,"Washington, D.C.",J. Cousteau,Alexandra Marguerite Clémentine Cousteau
A. Skarsgård,California,G. Skarsgård,Alexander Johan Hjalmar Skarsgård
A. E. Orr,New York City,G. Munn,Alexander Ector Orr
A. Gonzaga,Philippines,T. Gonzaga,Catherine Cruz Gonzaga
A. Bulgheroni,Buenos Aires,C. Bulgheroni,Alejandro Pedro Bulgheroni
A. Morissette,California,W. Morissette,Alanis Nadine Morissette
A. A. El-Fattah,Cairo,M. Seif,علاء أحمد سيف عبد الفتاح
A. Kumar,Maharashtra,R. Khanna,Rajiv Hari Om Bhatia
A. Akhtar,India,List of Hindi film clans,Adhuna Bhabani
A. Acklen,Belmont Mansion,R. Cheatham,Adelicia Hayes
A. Johnson,"Boston, Massachusetts",Edward C. Johnson III,Abigail Pierrepont Johnson
Aadi,Film Nagar,P. J. Sarma,Aditya Pudipeddi
Ú. Murayama,Spain,N. Murayama,Úrsula Murayama
Éleuthère Irénée du Pont,"Greenville, Delaware",D. P. family,Éleuthère Irénée du Pont de Nemours
