col0,col1,col2,col3
W. Moon,United Kingdom,R. C. Moon,Brighton
William Frank Buckley Sr.,Americans,"William F. Buckley, Jr.","Duval County, Texas"
V. Moulavi,British Raj,M. Eeza,Vakkom
T. Dahl,British people,S. Dahl,Buckinghamshire
R. Meyer,United States,J. Meyer,Los Angeles
R. Hendrick,United States,R. Hendrick,Virginia
R. Roshan,India,H. Roshan,India
O. S. Bræk,Norway,L. S. Bræk,Trondheim
O. Raknes,Norway,M. Elster,Oslo
M. Das,India,A. Das,Cuttack
Marcel Jacobo Laniado de Wind,Ecuadorian,Guayaquil,Ecuador
K. Stoltenberg,Norway,J. Stoltenberg,Oslo
J. v. Ustinov,Germany,P. Ustinov,"Berlin, Germany"
H. Xianfan,People's Republic of China,Engineer,Fusui County
H. H. Corbett,British nationality law,S. Corbett,Lancashire
H. Shockey,Canada,J. Shockey,Canada
H. A. Kwitang,Dutch East Indies,Muhammad,Jakarta
G. M. Vanderbilt,United States,G. Vanderbilt,"New York, New York"
G. Marston,United States,Q. Marston,United States
G. L. Sampson,Americans,G. L. Sampson,"Abington, Massachusetts"
G. V. Raja,India,Aswathi Thirunal Gowri Lakshmi Bayi,Poonjar
E. Vaughan,Welsh people,"John Vaughan, 1st Viscount Lisburne",Cardiganshire
C. Howe,Citizenship of the United States,M. Howe,"Sandusky, Michigan"
C. B. Benson,United States,W. S. Benson,"Macon, Georgia"
C. t. Boom,Netherlands,C. t. Boom,Amsterdam
B. Peli,Israel,A. Peli,Tel Aviv
B. Holness,British nationality law,N. Nova,"Ashford, Kent"
B. Rush,United States,C. Cowan,"Santa Barbara, California"
Abdullah ibn Alawi al-Haddad,Yemen,Muhammad,"Tarim, Yemen"
Abdul Samad Khan Achakzai,Pakistan,M. K. Achakzai,Quetta
A. Kiarostami,Iran,B. Kiarostami,Iran
