col0,col1,col2,col3,col4,col5,col6
J. P. Siebenkees,Germany,Germany,1759-10-04,1796,1759-10-04,1796-06-25
J. H. Pestalozzi,Old Swiss Confederacy,Brugg,1746-01-12,1827,1746-01-12,1827-02-17
J. G. Droysen,Province of Pomerania,German Empire,1808-07-06,1884,1808-07-06,1884-6-19
J. G. Fichte,Rammenau,Berlin,1762-05-19,1814,1762-05-19,1814-01-27
J. G. Herder,Morąg,Weimar,1744-08-25,1803,1744-08-25,1803-12-18
J. G. Hamann,Kingdom of Prussia,Münster,1730-08-27,1788,1730-08-27,1788-06-21
J. F. Herbart,Oldenburg,Göttingen,1776-05-04,1841,1776-05-04,1841-08-14
J. E. Erdmann,Russian Empire,German Empire,1805-06-13,1892,1805-06-13,1892-6-12
J. C. Gottsched,"Mendeleyevo, Kaliningrad, Kaliningrad Oblast",Electorate of Saxony,1700-02-02,1766,1700-02-02,1766-12-12
J. C. Adelung,Spantekow,Dresden,1732-0-0,1806,1732-0-0,1806-0-0
J. Bentham,Houndsditch,London,1748-02-15,1832,1748-02-15,1832-06-06
