col0,col1,col2,col3,col4,col5,col6
J. Wahl,Marseille,Paris,1888-05-25,1974,1888-05-25,1974-06-19
J. Hyppolite,Jonzac,Paris,1907-01-08,1968,1907-01-08,1968-10-26
J. Gebser,Poznań,Wabern bei Bern,1905-08-20,1973,1905-08-20,1973-05-14
J. Cavaillès,Saint-Maixent-l'École,Reims,1903-05-15,1944,1903-05-15,1944-02-17
J. Bodin,Angers,Laon,1529-1-1,1596,1529-1-1,1596-1-1
J. Baudrillard,"Reims, France",Paris,1929-07-27,2007,1929-07-27,2007-03-06
J. d. Crousaz,Lausanne,Lausanne,1663-04-13,1750,1663-04-13,1748-1-1
J. Sartre,Paris,Paris,1905-06-21,1980,1905-06-21,1980-04-15
J. Guyau,France,Menton,1854-10-28,1888,1854-10-28,1888-03-31
J. Rousseau,Republic and Canton of Geneva,Ermenonville,1712-06-28,1778,1712-06-28,1778-07-02
J. Mattéi,Oran,Marseille,1941-03-09,2014,1941-03-09,2014-03-24
J. Lyotard,"Versailles, Yvelines",Paris,1924-08-10,1998,1924-08-10,1998-04-21
J. Mattéi,French Algeria,Marseille,1941-03-09,2014,1941-03-09,2014-03-24
J. Lyotard,"Versailles, Yvelines",Paris,1924-08-10,1998,1924-08-10,1998-04-21
J. Newman,Brooklyn,Ontario,1948-02-28,2007,1948-02-28,2007-06-17
J. Patočka,Kingdom of Bohemia,Czechoslovakia,1907-06-01,1977,1907-06-01,1977-03-13
J. Mukařovský,Kingdom of Bohemia,Czechoslovakia,1891-11-11,1975,1891-11-11,1975-02-08
J. Hus,Kingdom of Bohemia,Bishopric of Constance,1369-1-1,1415,1369-1-1,1415-07-06
Jan Baudouin de Courtenay,Congress Poland,Second Polish Republic,1845-03-13,1929,1845-03-13,1929-11-3
J. S. al-Zahawi,Baghdad,Iraq,1863-06-17,1936,1863-06-17,1936-1-1
J. S. Coleman,Utah,Los Angeles,1919-02-04,1985,1919-02-04,1985-04-20
J. Rachels,"Columbus, Georgia",United States of America,1941-05-30,2003,1941-05-30,2003-09-05
J. Mill,Angus,London,1773-04-06,1836,1773-04-06,1836-06-23
J. Martineau,Norwich,London,1805-04-21,1900,1805-04-21,1900-01-11
J. M. Edie,North Dakota,"Sarasota, Florida",1927-11-03,1998,1927-11-03,1998-02-21
J. F. Ross,"Providence, Rhode Island","Boston, Massachusetts",1931-10-09,2010,1931-10-09,2010-07-12
J. D. McCawley,Glasgow,Chicago,1938-03-30,1999,1938-03-30,1999-04-10
J. S. Beck,Royal Prussia,German Confederation,1761-08-06,1840,1761-08-06,1840-08-29
J. Schegk,Schorndorf,Duchy of Württemberg,1511-06-06,1587,1511-06-06,1587-05-09
J. F. Fries,"Barby, Germany",Jena,1773-08-23,1843,1773-08-23,1843-8-10
J. Böhme,Görlitz,Holy Roman Empire,1575-3-8,1624,1575-3-8,1624-11-17
J. Maritain,Paris,Toulouse,1882-11-18,1973,1882-11-18,1973-04-28
J. Lacan,Paris,France,1901-04-13,1981,1901-04-13,1981-09-09
J. Garelli,Kingdom of Yugoslavia,Paris,1931-06-02,2014,1931-06-02,2014-12-24
J. Ellul,Bordeaux,France,1912-01-06,1994,1912-01-06,1994-05-19
J. Derrida,Algiers,France,1930-07-15,2004,1930-07-15,2004-10-09
J. Taubes,Vienna,Berlin,1923-02-25,1987,1923-02-25,1987-03-21
J. Moleschott,'s-Hertogenbosch,Rome,1822-08-09,1893,1822-08-09,1893-5-20
J. M. E. McTaggart,London,London,1866-09-03,1925,1866-09-03,1925-01-18
J. L. Mackie,Australia,England,1917-08-25,1981,1917-08-25,1981-12-12
J. L. Austin,"Lancaster, Lancashire",Oxford,1911-03-26,1960,1911-03-26,1960-02-08
J. J. C. Smart,Cambridge,Melbourne,1920-09-16,2012,1920-09-16,2012-10-06
