col0,col1,col2,col3,col4,col5,col6
A. Caraco,Ottoman Empire,France,1919-07-08,1971,1919-07-08,1971-09-07
A. Camus,Dréan,Villeblevin,1913-11-07,1960,1913-11-07,1960-01-04
A. Watts,Kent,California,1915-01-06,1973,1915-01-06,1973-11-16
Al-Mutanabbi,Abbasid Caliphate,Baghdad,915-1-1,965,915-1-1,0965-09-23
Al-Maʿarri,Hamdanid,Maarrat al-Nu'man,973-1-1,1057,973-1-1,1057-0-0
Al-Kindi,Kufa,Abbasid Caliphate,801-1-1,873,801-1-1,866-1-1
Al-Jahiz,Abbasid Caliphate,Basra,775-1-1,868,775-1-1,868-1-1
A. G. Calvo,Spain,Spain,1926-10-15,2012,1926-10-15,2012-11-01
A. Spir,Kherson Governorate,Geneva,1837-11-15,1890,1837-11-15,1890-03-26
A. P. Adler,Copenhagen,Copenhagen,1812-08-29,1869,1812-08-29,1869-10-05
A. Reinach,German Empire,Belgium,1883-12-23,1917,1883-12-23,1917-11-16
A. Korais,İzmir,Paris,1748-04-27,1833,1748-04-27,1833-04-06
A. Weishaupt,Electorate of Bavaria,Gotha,1748-02-06,1830,1748-02-06,1830-11-18
A. Watson,Leicester,Royal Tunbridge Wells,1914-08-10,2007,1914-08-10,2007-08-24
A. Smith,Scotland,Edinburgh,1723-06-16,1790,1723-06-16,1790-07-17
A. Schaff,Lwów,Warsaw,1913-03-10,2006,1913-03-10,2006-11-12
Adam Karl August von Eschenmayer,Duchy of Württemberg,Kingdom of Württemberg,1768-07-04,1852,1768-07-04,1852-11-17
A. Ferguson,Logierait,Scotland,1723-06-20,1816,1723-06-20,1816-02-22
Abul Hasan Ali Hasani Nadwi,India,India,1913-12-5,1999,1913-12-5,1999-12-31
A. a. al-Khoei,Khoy,Kufa,1899-11-19,1992,1899-11-19,1992-08-08
A. Yusuf,Kufa,Baghdad,731-1-1,798,731-1-1,795-0-0
Abu'l-Fida,Damascus,Hama,1273-0-0,1331,1273-0-0,1331-10-27
Abhinavagupta,Kashmir,Kashmir,950-1-1,1016,950-1-1,1020-1-1
A. Arvasi,"Van, Turkey",Ankara,1865-1-1,1943,1865-1-1,1943-1-1
A. Haq,India,Karachi,1870-1-1,1961,1870-1-1,1961-08-16
A. Dehlavi,Delhi,Delhi,1551-0-0,1642,1551-0-0,1642-1-1
A. B. Badis,"Constantine, Algeria",Algeria,1889-12-04,1940,1889-12-04,1940-04-16
A. R. Badawi,Egypt,Cairo,1917-02-17,2002,1917-02-17,2002-07-25
A. a. al-Kawakibi,Aleppo,Ottoman Empire,1855-1-1,1902,1855-1-1,1902-1-1
A. J. Ayer,England,England,1910-10-29,1989,1910-10-29,1989-06-27
A. D. Gordon,Russian Empire,Degania Alef,1856-06-09,1922,1856-06-09,1922-02-22
Étienne de La Boétie,Sarlat-la-Canéda,Bordeaux,1530-11-01,1563,1530-11-01,1563-08-18
É. Souriau,Lille,Paris,1892-04-26,1979,1892-04-26,1979-11-19
É. Gilson,Paris,Auxerre,1884-06-13,1978,1884-06-13,1978-09-19
Étienne Bonnot de Condillac,Grenoble,Beaugency,1714-09-30,1780,1714-09-30,1780-08-03
É. Meyerson,Lublin,France,1859-02-12,1933,1859-02-12,1933-11-2
É. Chartier,Orne,Le Vésinet,1868-03-03,1951,1868-03-03,1951-06-02
É. Boutroux,Hauts-de-Seine,Paris,1845-07-28,1921,1845-07-28,1921-11-22
É. Halévy,Étretat,Sucy-en-Brie,1870-09-06,1937,1870-09-06,1937-08-21
