col0,col1,col2,col3
W. Roberts,United States of America,1914-02-11,1914-02-11
T. Kelley,United States,1914-12-12,1914-12-12
P. Laval,United States,1882-11-08,1882-11-08
P. Stern,United States,1919-09-03,1919-09-03
M. Nichols,United States,1952-0-0,1952-0-0
M. Powell,United States,1968-09-04,1968-09-04
L. McPhee,Americans,1958-1-1,1958-1-1
K. Grannan,Americans,1969-1-1,1969-1-1
J. Francesconi,United States,1957-05-11,1957-05-11
J. Tenneson,United States,1945-05-29,1945-05-29
J. Gutmann,Germany,1905-5-28,1905-5-28
J. Silverthorne,United States,1946-1-1,1946-1-1
J. Mermelstein,United States,1957-1-1,1957-1-1
G. C. Cox,United States of America,1851-1-1,1851-1-1
E. Stoller,United States,1915-05-16,1915-05-16
E. Landy,United States,1942-1-1,1942-1-1
C. P. Dettloff,Canada,1899-7-7,1899-7-7
C. Fernandez,Americans,1965-0-0,1965-0-0
B. Groethe,United States of America,1923-11-02,1923-11-02
A. Pollitzer,United States,1894-10-31,1894-10-31
A. Modica,Americans,1960-1-1,1960-1-1
A. Rapoport,United States,1954-05-22,1954-05-22
