col0,col1,col2,col3,col4
W. Roberts,The Dalles,The Dalles,2014-08-22,2014
W. McBride,Berlin,Missouri,2015-01-29,2015
V. Jorgensen,"West Linn, Oregon","Portland, Oregon",1994-06-14,1994
R. Jensen,Texas,"Fargo, North Dakota",2001-04-26,2001
P. Laval,"Fresno, California",New York City,1966-02-20,1966
P. Stern,Los Angeles,Philadelphia,2014-12-13,2014
P. Stackpole,"Novato, California",San Francisco,1997-05-11,1997
G. Harrison,Brooklyn,Philadelphia,1902-12-15,1902
F. G. Carpenter,Nanjing,Ohio,1924-06-18,1924
E. Stoller,"Williamstown, Massachusetts",Chicago,2004-10-29,2004
E. Elisofon,New York City,New York City,1973-04-07,1973
D. Avison,Boston,Virginia,2004-03-07,2004
C. Alexander,"Saratoga Springs, New York","Tulsa, Oklahoma",2012-03-07,2012
B. Eppridge,United States,Argentina,2013-10-03,2013
A. Pollitzer,New York City,"Charleston, South Carolina",1975-07-03,1975
A. C. Abadie,San Francisco,New York City,1950-01-01,1950
