col0,col1,col2,col3,col4
J. Baxter,Nova Scotia,"Dartmouth, Nova Scotia",1987-04-04,1987-04-04
J. Hanna,Canada,Ottawa,1980-01-22,1980-01-22
J. Isaacson,"Virginia, Minnesota","Duluth, Minnesota",1983-7-14,1983-7-14
J. Ellegaard,Stevns Municipality,Denmark,1987-07-02,1987-07-02
J. Schraeder,British Columbia,British Columbia,1976-09-21,1976-09-21
J. Ménard,Quebec,Saint-Romuald,1976-01-19,1976-01-19
J. Smith,"Robbinsdale, Minnesota","Blaine, Minnesota",1983-9-18,1983-9-18
J. Roach,"Saint John, New Brunswick","Saint John, New Brunswick",1984-07-11,1984-07-11
J. Gunnlaugson,Manitoba,Winnipeg,1984-06-02,1984-06-02
J. Zezel,"Hibbing, Minnesota",Bemidji Curling Club,1991-03-04,1991-03-04
J. Pitko,Kemi,"Lohja, Finland",1981-09-08,1981-09-08
J. LeBlanc,"Halifax, Nova Scotia","Chester, Nova Scotia",1997-05-25,1997-05-25
J. Sullanmaa,Hyvinkää,Finland,1981-12-19,1981-12-19
J. Harvey,Manitoba,Granite Curling Club,1967-03-28,1967-03-28
J. Sinclair,"Anchorage, Alaska","Charlotte, North Carolina",1992-02-21,1992-02-21
J. Korab,Harbour Grace,"St. John's, Newfoundland and Labrador",1979-11-28,1979-11-28
J. Koe,Yellowknife,Yellowknife,1977-11-03,1977-11-03
J. King,Alberta,Saville Sports Centre,1973-11-21,1973-11-21
J. Haskell,"Bemidji, Minnesota",Bemidji Curling Club,1980-07-18,1980-07-18
J. Danbrook,"Vernon, British Columbia","Halifax, Nova Scotia",1988-06-05,1988-06-05
J. Grattan,Canada,"Oromocto, New Brunswick",1974-07-28,1974-07-28
J. Armstrong,British Columbia,"Kelowna, British Columbia",1976-03-19,1976-03-19
J. Harrison,Ontario,Mississauga,1978-07-28,1978-07-28
I. Schori,Switzerland,Flims,1983-12-04,1983-12-04
H. V. Petersson,Norway,Oslo,1984-01-05,1984-01-05
H. Rajala,"Sault Ste. Marie, Ontario",Ottawa,1962-02-12,1962-02-12
H. Nicol,Ontario,Don Mills,1987-01-06,1987-01-06
H. Simonsen,Denmark,Denmark,1984-09-07,1984-09-07
H. Strong,"St. John's, Newfoundland and Labrador","St. John's, Newfoundland and Labrador",1976-11-09,1976-11-09
H. Smith,New Brunswick,"Halifax, Nova Scotia",1972-09-21,1972-09-21
H. Martin,"Halifax, Nova Scotia",Bally Haly Golf & Curling Club,1963-11-10,1963-11-10
H. Jensen,Alberta,"Airdrie, Alberta",1985-1-1,1985-1-1
H. McCormick,"Lansing, Michigan","Irvington, New York",1976-08-07,1976-08-07
H. V. Petersson,Norway,Oslo,1984-01-05,1984-01-05
G. Hemmings,Quebec,"Sorel, Quebec",1962-05-10,1962-05-10
G. Drummond,Scotland,Scotland,1989-02-03,1989-02-03
G. Balsdon,Toronto,Cataraqui Golf and Country Club,1977-10-09,1977-10-09
G. Howard,Ontario,"Coldwater, Ontario",1962-07-17,1962-07-17
G. Apollonio,Italy,Cortina d'Ampezzo,1988-03-13,1988-03-13
G. Un-chi,Dangjin,Euijeongbu City,1990-01-23,1990-01-23
G. Ramsay,Prince Edward Island,Calgary,1988-10-26,1988-10-26
G. Wheatcroft,Nanaimo,New Westminster,1965-11-30,1965-11-30
G. Walker,Beaverlodge,"St. John's, Newfoundland and Labrador",1985-11-28,1985-11-28
F. Kaufmann,Unterseen,Flims,1987-11-03,1987-11-03
F. Davanger,Bergen,Oslo,1963-4-1,1963-4-1
E. MacDonald,Scotland,Inverness,1975-11-17,1975-11-17
E. Arkhipov,Moscow,Moscow,1992-01-04,1992-01-04
E. Muirhead,Scotland,Pitlochry,1990-04-22,1990-04-22
E. Carmody,Prince Edward Island,"Edmonton, Alberta",1988-08-04,1988-08-04
E. Brown,"Madison, Wisconsin","Madison, Wisconsin",1973-01-25,1973-01-25
E. Fenson,Minnesota,Minnesota,1971-05-06,1971-05-06
E. Miskew,Ontario,Ottawa,1989-02-14,1989-02-14
E. Kızılkaya,Erzurum,Atatürk University,1991-1-1,1991-1-1
E. Galkina,Moscow,Moscow,1988-08-10,1988-08-10
E. J. Harnden,Ontario,"Sault Ste. Marie, Ontario",1983-04-14,1983-04-14
D. Gaspari,Italy,Cortina d'Ampezzo,1984-06-05,1984-06-05
D. Samagalski,Winnipeg,"West St. Paul, Manitoba",1984-09-09,1984-09-09
D. Neufeld,"Steinbach, Manitoba",Winnipeg,1981-01-25,1981-01-25
D. McCormick,Saskatoon,"Madison, Wisconsin",1974-1-8,1974-1-8
D. Joanisse,British Columbia,New Westminster,1971-12-08,1971-12-08
D. Gemmell,British Columbia,New Jersey,1967-08-27,1967-08-27
D. Deruelle,Ontario,"Brampton, Ontario",1982-06-17,1982-06-17
D. Moses,Northwest Territories,"Yellowknife, Northwest Territories",1969-11-10,1969-11-10
D. McEwen,Ottawa,Manitoba,1980-07-03,1980-07-03
D. Nedohin,Manitoba,Alberta,1973-12-20,1973-12-20
D. Murdoch,Dumfries,Aberdeen,1978-04-17,1978-04-17
D. Roach,"Saint John, New Brunswick","Saint John, New Brunswick",1986-12-29,1986-12-29
D. Robertson,Manitoba,Winnipeg,1965-03-13,1965-03-13
D. Parsons,City of Halifax,New Brunswick,1990-01-29,1990-01-29
D. Inglis,Ontario,Ottawa,1988-02-26,1988-02-26
D. Jentsch,Füssen,Germany,1982-01-15,1982-01-15
D. Ferguson,"St. Albert, Alberta",Edmonton,1987-02-25,1987-02-25
D. Muyres,"Humboldt, Saskatchewan","Saskatoon, Saskatchewan",1987-02-25,1987-02-25
D. Peters,Manitoba,"East St. Paul, Manitoba",1984-09-18,1984-09-18
D. Matchett,"Newmarket, Ontario","Cookstown, Ontario",1975-09-01,1975-09-01
D. Pewarchuk,Saskatchewan,"Victoria, British Columbia",1990-08-16,1990-08-16
D. J. Kidby,"Regina, Saskatchewan","Regina, Saskatchewan",1987-03-24,1987-03-24
C. Webster,Medicine Hat,Greater Sudbury,1975-02-26,1975-02-26
C. V. Ymeren,Ontario,"Ingersoll, Ontario",1989-03-10,1989-03-10
C. Savill,West Germany,Ottawa,1978-10-25,1978-10-25
C. Brown,"Madison, Wisconsin","Blaine, Minnesota",1975-08-18,1975-08-18
C. George,Minnesota,"St. Paul, Minnesota",1986-06-24,1986-06-24
C. Scholz,Germany,Germany,1989-08-01,1989-08-01
C. Morris,"Humboldt, Saskatchewan",Calgary,1971-06-21,1971-06-21
C. Flasch,"Biggar, Saskatchewan","Saskatoon, Saskatchewan",1991-02-27,1991-02-27
C. Mitchell,"Freeport, Bahamas",Ontario,1969-09-23,1969-09-23
C. Pinkney,Nova Scotia,"Truro, Nova Scotia",1957-04-20,1957-04-20
C. Jones,"Halifax, Nova Scotia",Mayflower Curling Club,1959-12-16,1959-12-16
C. Hodgson,Alberta,"West St. Paul, Manitoba",1990-06-08,1990-06-08
C. Pescia,Zürich,Switzerland,1963-11-17,1963-11-17
C. Hamilton,Scotland,Scotland,1989-01-31,1989-01-31
C. Svae,Norway,Oslo,1982-03-21,1982-03-21
C. Sundgren,Sweden,Karlstad,1989-07-31,1989-07-31
C. Urech,Switzerland,Flims,1984-01-15,1984-01-15
C. Bertrup,Sweden,Sweden,1976-12-23,1976-12-23
C. Schille,"Barrhead, Alberta","Regina, Saskatchewan",1983-02-19,1983-02-19
C. Plys,"Duluth, Minnesota",Duluth Curling Club,1987-08-13,1987-08-13
C. Gardner,Ontario,"Ajax, Ontario",1985-03-25,1985-03-25
C. Yoshida,Hokkaido,Japan,1991-07-26,1991-07-26
C. Carey,Manitoba,The Glencoe Club,1984-09-12,1984-09-12
C. Thomas,"Victoria, British Columbia",Calgary,1986-04-04,1986-04-04
