col0,col1,col2,col3
O'Flaherty V.C.,G. B. Shaw,1917-02-17,An Irish soldier in the British army gets conflicting responses when he returns home
No-No Boy,K. Narasaki,2010-03-27,"World War IIDraft resistance,Asian Americanfamily"
Night of the Auk,A. Oboler,1956-11-12,Space travelers returning to Earth after the first moon landing.
Night and Day,T. Stoppard,1978-11-08,"Colonialism, themedia"
Nevis Mountain Dew,S. Carter,1978-12-07,The evening of the 50th birthday celebration of the family patriarch who is confined to an iron lung.
Neighbourhood Watch,A. Ayckbourn,2011-09-13,"Taking the law into own hands, authoritarian ideals"
My Wonderful Day,A. Ayckbourn,2009-10-13,"Child's view of affairs, family breakdown"
My Sister Sadie,A. Ayckbourn,2003-12-02,"Family, science fiction"
My Sister Eileen,J. Chodorov,1940-12-26,Two sisters from Ohio seek fame and fortune in Manhattan
My Redbreast,M. Mosulishvili,2013-07-12,"Chito, Sopho, Shoka, Toko, Baxter O'Sullivan, Alice O'Sullivan"
My Night with Reg,K. Elyot,1994-03-31,Witty drama about gay manners and morals in the age of AIDS.
Mrs. Warren's Profession,G. B. Shaw,1902-01-05,The madam of a string of brothels justifies her career to her daughter
Moonlight,H. Pinter,1993-09-07,"family, love, life, death, and dying"
Money and Friends,D. Williamson,1991-11-28,friendship
Miss Yesterday,A. Ayckbourn,2004-12-02,Time travel / changing history
Misalliance,G. B. Shaw,1910-02-23,Odd goings on at a country house
Mi Minör,M. Arikan,2012-12-01,democracy
"Metamora; or, The Last of the Wampanoags",J. A. Stone,1829-12-15,Native Americans
Menschen und Leidenschaften,M. Lermontov,1948-01-28,Family conflict
Men Above the Law,A. Pisemsky,1866-01-17,"Domestic violence, unlawfulness in Russia in the times of serfdom"
McQueen,J. Phillips,2015-05-12,Alexander McQueen
"Marino Faliero, Doge of Venice",L. Byron,1821-04-25,The downfall of Marino Faliero
Marat/Sade,P. Weiss,1964-04-29,"French Revolution,sado-masochism"
Man of the Moment,A. Ayckbourn,1988-08-10,Celebrity criminals
Making Tracks,A. Ayckbourn,1981-12-16,Making music
Making History,B. Friel,1988-09-20,"Irish nationalism,Nine Years' War,historiography"
Madmen and Specialists,W. Soyinka,1970-08-01,Nigerian Civil War
M. Butterfly,D. H. Hwang,1988-02-10,East/West cultural stereotypes
LyreBird,T. Coppin,1998-03-05,Biography of Robert Helpmann
Lucky Guy,N. Ephron,2013-04-01,Mike McAlaryjournalist career
Love's Comedy,H. Ibsen,1873-11-24,LoveandMarriage
"Louder, Please",N. Krasna,1931-11-12,comedy
Long Day's Journey into Night,E. O'Neill,1956-02-02,An autobiographical account of his explosive home life with a drug-addicted mother.
Live Not as You Would Like To,A. Ostrovsky,1854-12-03,Maslenitsa
Life of Riley,A. Ayckbourn,2010-09-21,"Terminal illness, relationships"
Life and Beth,A. Ayckbourn,2008-07-22,"Ghosts, marriage, closure"
Les Liaisons Dangereuses,C. Hampton,1985-09-24,"A tale of seduction, revenge, and human malice"
Les Blancs,L. Hansberry,1970-11-15,"Africa, colonialism, revolution"
Le Bourgeois gentilhomme,Molière,1670-10-14,social climbingsatire
L'Impromptu de Paris,J. Giraudoux,1937-12-03,A play about the theatre itself
King Hedley II,A. Wilson,1999-12-11,a man's salvation and a quest for redemption for a family and a people
June Moon,R. Lardner,1929-10-09,A young man from upstate New York seeks fame as aTin Pan Alleylyricist
Jugglers Three,D. Williamson,1972-07-17,Vietnam War
Judith,J. Giraudoux,1931-11-04,Judith must seduce and kill invading general to save her city.
Joking Apart,A. Ayckbourn,1978-01-11,A happy couple and those around them
John Bull's Other Island,G. B. Shaw,1904-11-01,An English businessman charms Irish villagers into mortgaging their homes
J.B.,A. MacLeish,1958-12-11,A retelling of theBook of Job
It Felt Like a Kiss,A. Curtis,2009-07-02,American power
It Could Be Any One Of Us,A. Ayckbourn,1983-10-05,Murder mystery
Invisible Friends,A. Ayckbourn,1989-11-23,Imaginary friends
Intimate Exchanges,A. Ayckbourn,1982-06-03,The consequences of seemingly trivial decisions. Marital discontent.
Improbable Fiction,A. Ayckbourn,2005-05-31,Writers' imaginations
Imaginary Friends,N. Ephron,2002-09-21,The decades-long rivalry betweenLillian HellmanandMary McCarthy
If I Were You,A. Ayckbourn,2006-10-17,Marital difficulty
I Hate This,D. Hansen,2003-02-28,"Loss of a stillborn child, told from a father's perspective."
I Am a Camera,J. V. Druten,1951-11-28,An English writer living in Berlin before the rise of the Hitler regime
I Am My Own Wife,D. Wright,2003-05-27,A biography of Charlotte von Mahlsdorf
I'll Eat You Last: A Chat with Sue Mengers,J. Logan,2013-04-24,Hollywood
Hysteria,T. Johnson,1993-08-01,Two of the world's greatest and most eccentric minds collide when Sigmund Freud and Salvador Dalí meet
How He Lied to Her Husband,G. B. Shaw,1904-09-26,A poet falls in love with a married woman
House & Garden,A. Ayckbourn,1999-06-19,Politics
His Dark Materials,P. Pullman,2003-12-20,"Life and death, power and authority"
Heroes,T. Stoppard,2005-10-18,"A Parisian boulevard comedy about three men: an idealist, a pragmatist and a fence sitter"
Hernani,V. Hugo,1830-02-23,Courtly romance
Haunting Julia,A. Ayckbourn,1994-12-01,"Ghosts, suicide"
Hapgood,T. Stoppard,1988-03-08,"Espionage,quantum mechanics"
Green Grow the Lilacs,L. Riggs,1930-12-08,Love
Goodnight Children Everywhere,R. Nelson,1997-12-11,Lives changed by theevacuations of civilians in Britain during World War II
Good People,D. Lindsay-Abaire,2011-02-08,Middle classlife in a South Boston neighborhood
Good,C. P. Taylor,1981-09-09,The path of Professor John Halder to the embrace of Nazi antisemitism
Golden Child,D. H. Hwang,1996-11-19,Religion/Family
Getting Married,G. B. Shaw,1908-05-12,Various couples have very different views about marriage
Geneva,G. B. Shaw,1938-07-25,Fascist dictators are brought to court
Gem of the Ocean,A. Wilson,2003-04-28,"in spiritual turmoil, a new life is sought and a magical journey across history and time is undertaken"
GamePlan,A. Ayckbourn,2001-05-24,Teenage prostitution
FlatSpin,A. Ayckbourn,2001-07-03,"Romance, Secret Service"
Fish in the Dark,L. David,2015-03-05,Comedy
Farfetched Fables,G. B. Shaw,1951-01-13,Characters discuss ideas for a utopian future
Fanny's First Play,G. B. Shaw,1911-04-19,Two respectable families learn to cope with wayward children
Family Devotions,D. H. Hwang,1981-10-18,East/West cultural stereotypes; Religion; Family
Face Value,D. H. Hwang,1993-03-09,East/West cultural stereotypes
