col0,col1,col2,col3
FOB,D. H. Hwang,1980-06-08,East/West cultural stereotypes
Entertaining Mr Sloane,J. Orton,1964-05-06,A landlady and her brother entice a psychopathic young man into sexual liaisons
Enron,L. Prebble,2009-09-17,TheEnron scandal
Electra,J. Giraudoux,1937-05-13,"Electra and her brother Orestes plot revenge against their mother Clytemnestra and stepfather Aegisthus for the murder of their father, Agamemnon"
Eden,S. Carter,1976-03-03,A recent Caribbean immigrant discovers that his daughter has fallen in love with an uneducated African-American man from the rural South.
Eclipsed,D. Gurira,2015-10-14,"Sisterhood,Rape,Kidnapping,Survival,Peace"
Déjàvu,J. Osborne,1992-05-08,A middle-aged man rants about modern life
Duel of Angels,J. Giraudoux,1953-11-04,A faithful wife is betrayed and driven to suicide.
Drowning on Dry Land,A. Ayckbourn,2004-05-04,Celebrity culture
Dracula,J. Godber,1995-10-25,The Transylvanian Count Dracula has arrived in England
