col0,col1,col2,col3
A Word from Our Sponsor,A. Ayckbourn,1995-04-20,Temptation
A Village Wooing,G. B. Shaw,1934-04-16,an odd couple spar with one another
A Small Family Business,A. Ayckbourn,1987-05-21,"Greed, corruption"
A Profitable Position,A. Ostrovsky,1863-09-27,"Corruption, bribery, social conflict"
A Lie of the Mind,S. Shepard,1985-12-05,Two families torn apart by tragedy
A Gentleman from Mississippi,T. A. Wise,1908-09-28,Political corruption
A Doll's House,H. Ibsen,1879-12-21,The awakening of a middle-class wife and mother.
A Delicate Balance,E. Albee,1966-09-22,Dysfunction in suburbia
A Chorus of Disapproval,A. Ayckbourn,1984-05-02,An amateur operatic society mirrors The Beggar's Opera
8,D. L. Black,2011-09-19,Perry v. Schwarzenegger trial reenactment using original court transcripts and first-hand interviews of the people involved
4.48 Psychosis,S. Kane,2000-06-23,Clinical depression
Ẹni Ògún,W. Oguntokun,2014-07-19,Autobiographical works ofWole Soyinka
