col0,col1,col2,col3,col4
Y. Vickers,"Kansas City, Missouri",0,2011-4-27,1928-08-26
W. Rey,Netherlands,0,1973-8-13,1949-08-25
S. Hamilton,"Glendale, California",0,1969-9-3,1945-05-13
P. Sheehan,San Francisco,0,2006-1-14,1931-09-07
P. Bryant,"Indianapolis, Indiana",0,2010-12-4,1959-02-08
M. Pertile,"Whittier, California",0,1997-2-21,1941-11-23
M. Gaba,Chicago,0,2016-5-3,1939-11-13
M. Stafford,Houston,0,2006-11-0,1931-02-07
M. Collinson,Malta,0,2014-8-14,1952-07-22
List of Playboy Playmates of 1994,Ukraine,0,2002-2-7,1967-11-21
J. Cochran,Indiana,0,2004-5-21,1942-02-20
J. L. Jackson,Cleveland,0,2010-1-22,1969-03-21
J. Mansfield,"Bryn Mawr, Pennsylvania",0,1967-06-29,1933-04-19
G. Root,Illinois,0,2006-1-8,1948-05-28
E. Meyer,Atlanta,0,1977-3-27,1928-12-13
E. Bridges,Florida,0,2002-2-7,1973-05-24
D. Michelle,California,0,2004-4-11,1945-12-08
D. Webber,Los Angeles,0,2008-8-19,1932-07-29
C. Myers,"Toledo, Ohio",0,2011-11-4,1950-09-12
C. Kreski,"Wyandotte, Michigan",0,1995-3-21,1946-09-19
C. Farrington,"Davisboro, Georgia",0,2015-10-12,1936-08-05
C. Jennings,"Saint Paul, Minnesota",0,1979-10-3,1949-12-20
C. Speck,Gdańsk,0,2013-3-22,1942-08-01
C. Lynn,"Price, Utah",0,2014-1-15,1979-08-15
B. Blue,United States,0,2000-8-23,1931-08-14
A. Parks,"Glendale, California",0,2010-6-21,1941-10-18
