col0,col1,col2,col3,col4
C. Eberle,"Regina, Saskatchewan","Regina, Saskatchewan",1981-09-17,1981-09-17
C. Osborne,Canada,Thurso,1966-06-17,1966-06-17
C. Stevens,"Lunenburg, Nova Scotia","Halifax, Nova Scotia",1974-06-23,1974-06-23
C. Overton-Clapham,Manitoba,Winnipeg,1969-07-19,1969-07-19
C. Auld,"Kingston, Ontario",Port Perry,1971-0-0,1971-0-0
C. Scheidegger,"Red Deer, Alberta","Lethbridge, Alberta",1988-01-31,1988-01-31
C. Rycroft,Alberta,Alberta,1977-08-29,1977-08-29
C. Delahunt,Ontario,"Owen Sound, Ontario",1981-07-11,1981-07-11
C. McRorie,Árborg,Calgary,1963-12-06,1963-12-06
C. Flaxey,Ontario,Mississauga,1983-08-30,1983-08-30
B. Cochrane,"Winchester, Ontario","Russell, Ontario",1957-10-09,1957-10-09
B. Webster,Alberta,Calgary,1978-08-02,1978-08-02
B. Virtue,Alberta,"Regina, Saskatchewan",1986-09-21,1986-09-21
B. O'Neill,"Ancaster, Ontario",Ottawa Curling Club,1986-05-06,1986-05-06
B. Gallant,Prince Edward Island,"St. John's, Newfoundland and Labrador",1990-02-18,1990-02-18
