col0,col1,col2,col3,col4
W. Miller,Glasgow,1810-8-0,1872-8-20,1810-8-0
W. J. Mickle,Langholm,1734-9-29,1788-10-28,1734-9-29
W. Hamilton,West Lothian,1704-1-1,1754-03-25,1704-1-1
W. B. Rands,"Chelsea, London",1823-12-24,1882-04-23,1823-12-24
W. Ambrose,"Bangor, Gwynedd",1813-8-1,1873-10-31,1813-8-1
W. Lyon,North Berwick,1887-1-1,1915-5-8,1887-1-1
T. Conran,India,1931-4-7,2013-1-14,1931-4-7
T. O. Mordaunt,London,1730-1-1,1809-1-1,1730-1-1
T. Tiller,Truro,1916-9-19,1987-12-24,1916-9-19
S. Roberts,Llanllyfni,1871-03-28,1930-08-15,1871-03-28
Sarah Fuller Flower Adams,Old Harlow,1805-02-22,1848-09-14,1805-02-22
R. Mathias,Talybont-on-Usk,1915-9-4,2007-8-16,1915-9-4
O. Owain,Pwllheli,1929-12-11,1993-12-1,1929-12-11
M. Abdy,London,1797-2-25,1867-7-19,1797-2-25
M. Tait,Kirkwall,1918-11-11,1999-1-1,1918-11-11
K. Gershon,Bielefeld,1923-8-29,1993-3-24,1923-8-29
J. Leftwich,Zutphen,1892-1-1,1983-1-1,1892-1-1
J. Fairfax,Devon,1930-11-09,2009-01-14,1930-11-09
