col0,col1,col2,col3,col4
J. Williams,"Chelsea, London",1806-2-1,1885-3-15,1806-2-1
J. L. Robertson,Milnathort,1846-9-18,1922-6-1,1846-9-18
J. G. Fairfax,Australia,1886-07-15,1976-01-27,1886-07-15
I. F. Mayo,London,1843-12-10,1914-5-13,1843-12-10
I. D. Hooson,Rhosllannerchrugog,1880-9-2,1948-10-18,1880-9-2
I. Tree,London,1897-1-27,1968-4-13,1897-1-27
I. Peate,Llanbrynmair,1901-2-27,1982-10-19,1901-2-27
I. D. Ffraid,Conwy County Borough,1814-7-23,1875-3-4,1814-7-23
G. Mechain,Mechain,1440-0-0,1502-0-0,1440-0-0
F. W. Tancred,New Zealand,1874-2-21,1925-11-25,1874-2-21
E. Williams,Caernarfonshire,1867-05-02,1926-10-13,1867-05-02
E. John,United Kingdom,1883-11-27,1917-02-28,1883-11-27
D. Thomas,Llanwenog,1828-6-4,1909-3-9,1828-6-4
D. Richards,Towyn,1751-1-22,1827-5-12,1751-1-22
C. Middleton,Truro,1926-6-10,2015-11-29,1926-6-10
A. James,Nantlle,1677-0-0,1749-8-25,1677-0-0
