col0,col1,col2,col3,col4
B. Pierce,"New Westminster, British Columbia","New Westminster, British Columbia",1969-07-07,1969-07-07
B. Laing,Ontario,Calgary,1978-12-10,1978-12-10
B. Bottcher,Alberta,Edmonton,1991-12-19,1991-12-19
B. Nicholls,Quebec,"Saint-Romuald, Quebec",1972-08-09,1972-08-09
B. Moskowy,"Regina, Saskatchewan","West St. Paul, Manitoba",1990-08-14,1990-08-14
B. Clark,"Grand Forks, North Dakota","Seattle, Washington",1977-09-12,1977-09-12
B. Jacobs,Ontario,"Sault Ste. Marie, Ontario",1985-06-11,1985-06-11
B. Gushue,Canada,"St. John's, Newfoundland and Labrador",1980-06-16,1980-06-16
B. Chorostkowski,Northwest Territories,Yellowknife,1973-09-05,1973-09-05
B. Ursel,Manitoba,Kelowna,1965-02-12,1965-02-12
B. Joyce,"Lunenburg, Nova Scotia",Halifax Regional Municipality,1983-03-06,1983-03-06
B. MacDonald,"Cold Lake, Alberta",Edmonton,1976-04-10,1976-04-10
B. Feltscher,Chur,Flims,1978-10-13,1978-10-13
B. Stopera,New York,"Irvington, New York",1968-08-13,1968-08-13
B. Å. Ramsfjell,Oslo,Oslo,1967-11-30,1967-11-30
B. Schwarz,Zürich,Geneva,1991-08-10,1991-08-10
B. Hebert,Saskatchewan,Calgary,1983-03-16,1983-03-16
B. Spencer,Manitoba,Winnipeg,1966-02-14,1966-02-14
B. J. Neufeld,Manitoba,Winnipeg,1986-02-28,1986-02-28
A. Ogasawara,Hokkaido,Japan,1978-11-25,1978-11-25
A. Sippala,Ontario,Thunder Bay,1987-01-21,1987-01-21
A. Razhabov,Saint Petersburg,Saint Petersburg,1989-04-28,1989-04-28
A. Kalalb,Moscow,Saint Petersburg,1988-03-16,1988-03-16
A. Carmody,"Summerside, Prince Edward Island","Summerside, Prince Edward Island",1989-11-29,1989-11-29
A. Lemay,Quebec,"Dollard-des-Ormeaux, Quebec",1977-05-16,1977-05-16
A. Sloan,Dumfries,Scotland,1991-02-05,1991-02-05
A. Sidorova,Moscow,Moscow,1991-02-06,1991-02-06
A. Ohmiya,"Tokoro District, Hokkaidō","Aomori, Aomori",1989-10-12,1989-10-12
A. Swisshelm,"Middletown, Ohio","Highland Park, Illinois",1968-03-09,1968-03-09
A. Jensen,Denmark,Tårnby,1973-05-23,1973-05-23
A. Kapp,Sonthofen,Füssen,1967-12-08,1967-12-08
A. Drozdov,Moscow,Moscow,1988-02-23,1988-02-23
A. Gibson,Nova Scotia,"Halifax, Nova Scotia",1979-05-31,1979-05-31
A. Sinclair,Ontario,Ottawa,1993-05-14,1993-05-14
A. Schöpp,Garmisch-Partenkirchen,Garmisch-Partenkirchen,1965-02-27,1965-02-27
A. Nixon,Saskatchewan,The Glencoe Club,1977-09-29,1977-09-29
A. Holland,Saskatchewan,"Regina, Saskatchewan",1974-07-10,1974-07-10
A. Gates,Ontario,Greater Sudbury,1986-03-26,1986-03-26
A. Pottinger,Brampton,Minnesota,1973-07-05,1973-07-05
A. Lyburn,Scotland,"Brandon, Manitoba",1972-01-06,1972-01-06
A. Goring,Ontario,"Milton, Ontario",1963-11-15,1963-11-15
A. Pätz,Switzerland,"Baden, Switzerland",1990-03-08,1990-03-08
A. Kovaleva,Russia,Saint Petersburg,1993-02-18,1993-02-18
A. Tselousov,Saint Petersburg,Russia,1975-12-23,1975-12-23
A. Stukalskiy,Zelenograd,Moscow,1988-07-08,1988-07-08
A. Raeva,Russia,Russia,1992-08-20,1992-08-20
A. Kauste,Espoo,Lohja,1979-11-17,1979-11-17
A. Geving,Minnesota,"Duluth, Minnesota",1987-02-13,1987-02-13
A. Spencer,"Guelph, Ontario","Guelph, Ontario",1972-07-11,1972-07-11
A. Enright,"Rosalind, Alberta",Alberta,1983-11-16,1983-11-16
A. Casey,Prince Edward Island,"Summerside, Prince Edward Island",1989-08-28,1989-08-28
É. Sylvain,Quebec,Saint-Romuald,1971-06-16,1971-06-16
