col0,col1,col2,col3
The Right Way,Justice for the Elderly,Tzomet,List of pensioners' parties
The Network,Christian Democracy,The Democrats,Political corruption
The Italian Socialists,New Italian Socialist Party,United Socialists,Social democracy
Tamil National Liberation Alliance,Tamil National Alliance,Tamil National Alliance,Sri Lankan Tamil Nationalism
Sí Cumple,Cambio 90,Fuerza 2011,Conservatism
Somali National Alliance,United Somali Congress,Somalia Reconciliation and Restoration Council,Anti-communism
Socialist Workers Party,Social Democratic Union of Workers and Smallholders,Left Alliance,Socialism
Socialist Unity,Italian Socialist Party,Italian Democratic Socialist Party,Social democracy
Socialist Radical Party,Radical Party,Radical Party,Laïcité
Socialist People's Party,Labour Party,Socialist Left Party,Socialism
Socialist Peasants' Party,National Peasants' Party,Ploughmen's Front,Corporatism
Socialist Party of the Islands,PSOE,Socialist Party of Mallorca,Self-determination
Socialist Party of Greece,Communist Party of Greece,Greek Socialist League,Anti-fascism
Socialist Convergence of Catalonia,Socialist Movement of Catalonia,Socialist Party of Catalonia-Congress,Marxism
Social Democratic Party,Labour Party,Liberal Democrats,Centrism
Social Democratic Forum,Democratic Party,The Frontier,Direct democracy
Social Democrat Party,National Democratic Party,Radical Party,Democratic socialism
Social Christian Conservative Party,Conservative Party,Christian Democratic Party,Christian democracy
Social Action,National Alliance,The People of Freedom,National conservatism
Silver Republican Party,Republican Party,Democratic Party,Liberalism in the United States
Serb People's Party,People's Party,New Serb Democracy,National conservatism
Scottish Socialist Party,Independent Labour Party,Labour Party,Social democracy
Sammarinese Reformist Socialist Party,Party of Socialists and Democrats,Socialist Party,Progressivism
Sammarinese Democratic Progressive Party,Sammarinese Communist Party,Party of Democrats,Democratic socialism
Sammarinese Communist Refoundation,Sammarinese Communist Party,United Left,Communism
Sí Cumple,Cambio 90,Fuerza 2011,Conservatism
Revolutionary Communist Party,Communist Party of Brazil,October 8th Revolutionary Movement,Communism
Republican Democratic Concentration,Action Party,Italian Republican Party,Social liberalism
Renewing Communist Ecological Left,Communist Party of Greece,SYRIZA,Communism
Rafi,Mapai,Israeli Labor Party,Social democracy
Radicals,Whigs,Liberal Party,Radicalism
Radical Party,Italian Liberal Party,Pannella List,Anti-clericalism
Radical Party,Liberal Party,Social Democrat Radical Party,Radicalism
Radical Democratic Party,Progressive Party,Liberal Party,Progressivism
Radical Democracy,Radical Party,National Democracy of Centre,Classical liberalism
Proletarian Democracy,Italian Communist Party,Communist Refoundation Party,Communism
Pro-Euro Conservative Party,Conservative Party,Liberal Democrats,Pro-Europeanism
Principlists Pervasive Coalition,Alliance of Builders of Islamic Iran,Ali Larijani,Conservatism
Popular Socialist Union,Socialist Party of Chile,Socialist Party of Chile,Democratic socialism
Popular Socialist Party,Socialist Party of Chile,Socialist Party of Chile,Democratic socialism
Popular Social Party,People's Party,Centre Union,Nationalism
Political Spring,New Democracy,New Democracy,Conservatism
Political Party of Radicals,Catholic People's Party,GreenLeft,Green politics
Poland Comes First,Law and Justice,Poland Together,Christian democracy
Ploughmen's Front,People's Party,Romanian Communist Party,Agrarian socialism
"People for Real, Open and United Democracy",Attack,National Front for the Salvation of Bulgaria,Euroscepticism
People's Socialist Party of Montenegro,Socialist People's Party of Montenegro,New Serb Democracy,Democratic socialism
People's Party of Catalonia,National Front of Catalonia,Socialist Party of Catalonia-Congress,Workers' self-management
People's Monarchist Party,National Monarchist Party,Italian Democratic Party of Monarchist Unity,Conservatism
People's Life First,Democratic Party of Japan,Tomorrow Party of Japan,Pragmatism
People's Democratic Party,Democratic Unionist Party,Democratic Unionist Party,Khatmiyya
People's Democratic Party,Union of the Democratic Centre,People's Party,Christian democracy
Peelite,Conservative Party,Liberal Party,Free trade
Party of Liberal Democrats,Croatian Social Liberal Party,Croatian People's Party,Social liberalism
Party of Democratic Socialism,Union of the Democratic Centre,Synaspismos,Political radicalism
Partido Ortodoxo,Authentic Party,26th of July Movement,Anti-imperialism
Participation Party,Uri Party,Unified Progressive Party,Social liberalism
Parti Marhaen Malaysia,Parti Rakyat Malaysia,Parti Keadilan Masyarakat Malaysia,Marhaenism
Onafhankelijke Burger Partij,Party for Freedom,Democratic Political Turning Point,Populism
Nullifier Party,Democratic-Republican Party,Democratic Party United States,Economic liberalism
New Socialist Party,Party of Socialists and Democrats,Socialist Party,Social democracy
New People's Alliance,Socialist Party of Chile,Communist Party of Chile,Marxism
New Party,Labour Party,British Union of Fascists,Fascism
New Party,People's Party,Greek Rally,Nationalism
New Fraternity Party,New Frontier Party,Democratic Party of Japan,Democratic socialism
New Democratic Party,Democratic Party of Albania,Democratic Party of Albania,Conservatism
NewLabour Party,New Zealand Labour Party,Alliance,Democratic Socialism
National Union for the Progress of Romania,Social Democratic Party,People's Movement Party,Progressivism
National Smallholders' and Civic Party,"Independent Smallholders, Agrarian Workers and Civic Party",United Smallholders' Party,Agrarianism
National Republican Party,Democratic-Republican Party,Whig Party,Jeffersonian democracy
National Party,Colombian Liberal Party,Colombian Conservative Party,Nationalism
National Party,Conservative Party,Liberal Party,Classical liberalism
National List,Rafi,Likud,Zionism
National Liberation Movement,Convention People's Party,United Party,J. B. Danquah
National Liberal Party,Liberal Party,Conservative Party,Liberal conservatism
National Labour Party,Labour Party,Labour Party,Trade union
National Labor Party,Australian Labor Party,Nationalist Party of Australia,Interventionism
National Ideal for Unity,IMRO – Bulgarian National Movement,National Front for the Salvation of Bulgaria,Nationalism
National Home,Hetz,Likud,Liberalism
National Falange,Conservative Party,Christian Democratic Party,Catholic social teaching
National Awakening,Social Democratic Party,Social Democratic Alliance,Social democracy
National-Social Association,Evangelical Social Congress,Free-minded Union,Christian socialism
Mugwumps,Republican Party,Democratic Party,Grover Cleveland
Movement of Unitarian Communists,Communist Refoundation Party,Democrats of the Left,Communism
Movement for the Recovery of the PCE,Communist Party of Spain,Communist Party of the Peoples of Spain,Marxism-Leninism
Movement for the Left,Communist Refoundation Party,Left Ecology Freedom,Communism
Moria,Shas,United Torah Judaism,Haredi Judaism
Moderate Liberal Party,Liberal Party,Conservative Party,Christian democracy
Mizrachi,United Religious Front,National Religious Party,Religious Zionism
Middle Italy,Union of Christian and Centre Democrats,Democratic Party,Christian democracy
Malaysian Social Justice Party,Parti Gerakan Rakyat Malaysia,Parti Marhaen Malaysia,Socialism
Lively Aosta Valley,Valdostan Union,Autonomy Liberty Participation Ecology,Social liberalism
Liberal Unionist Party,Liberal Party,Conservative Party,Liberalism
Liberal Union,National Liberal Party,German Free-minded Party,Classical liberalism
Liberal Republican Party,Republican Party,Democratic Party,Classical liberalism
Liberal Reformist Party,National Liberal Party,Alliance of Liberals and Democrats,Liberalism
