col0,col1,col2,col3
Liberal Reformist Party,Party for Freedom and Progress,Mouvement Réformateur,Liberalism
Liberal Reformers,Italian Radicals,The People of Freedom,Liberalism
Liberal People's Party,Liberal Party,Liberal Party,Social liberalism
Liberal Party,New Frontier Party,Democratic Party of Japan,Neoliberalism
Liberal Party,Croatian Social Liberal Party,Croatian Social Liberal Party,Social liberalism
Liberal Forum,Freedom Party of Austria,NEOS – The New Austria,Classical liberalism
Liberal Democratic Pole,Segni Pact,Forza Italia,Liberalism
Liberal Democratic Party,National Liberal Party,Democratic Liberal Party,Conservative liberalism
Liberal Democratic Party,Liberal Party,Liberal Party,Liberalism
Left Party – Zona Franca,Party of Democrats,United Left,Socialism
League of Empire Loyalists,Conservative Party,National Front,Anti-Semitism
Lal Communist Party Hind Union,Communist Party of India,Communist Party of India,Marxism-Leninism
Labor Party,National Liberal Party,Peasants' Party,Agrarian socialism
Kurdistan Revolutionary Party,Kurdish Democratic Party,Kurdish Democratic Party,Kurdish nationalism
Justice Party,Socialist Party of Ukraine,United Left and Peasants,Democratic socialism
Japan Renewal Party,Liberal Democratic Party,New Frontier Party,Centrism
Japan Labour-Farmer Party,Social Democratic Party,Japan Masses Party,Socialism
Japan Democratic Party,Liberal Party,Liberal Democratic Party,Conservatism
Italy Work in Progress,Five Star Movement,The Other Europe,Direct democracy
Italian Socialist Party of Proletarian Unity,Italian Socialist Party,Proletarian Unity Party,Socialism
Italian Reformist Socialist Party,Italian Socialist Party,United Socialist Party,Social democracy
Italian Liberal Right,Italian Liberal Party,The People of Freedom,Conservative liberalism
Italian Democratic Socialist Party,Italian Socialist Party,Italian Democratic Socialists,Social democracy
Irish National Federation,Irish National League,Irish Parliamentary Party,Irish nationalism
Independent Socialist Faction,Ya'ad – Civil Rights Movement,Left Camp of Israel,Socialism
Independent Social Democratic Party,Hungarian Social Democratic Party,Hungarian Social Democratic Party,Social democracy
Independent Liberals,Liberal Party,Alignment,Liberalism
Independent Fianna Fáil,Fianna Fáil,Fianna Fáil,Irish Republicanism
Hungarian Democratic People's Party,Hungarian Democratic Forum,Hungarian Democratic Forum,Christian democracy
Hebrew Communists,Maki,Mapam,Communism
Healyite Nationalist,Irish National Federation,All-for-Ireland League,Irish nationalism
Gibraltar Labour Party,Gibraltar Socialist Labour Party,Gibraltar Social Democrats,Progressivism
Gesher – Zionist Religious Centre,National Religious Party,National Religious Party,Religious Zionism
Genuine Republican Party,Republican Party,Republican Socialist Unity Party,Conservatism
Future Hope Alliance,Grand National Party,Saenuri Party,Conservatism
Freedom Party,National Democratic Party,Conference Party,Liberalism
Free-minded Union,German Free-minded Party,Progressive People's Party,Classical liberalism
Free-minded Liberal Party,Liberal Party,Conservative Party,Economic liberalism
Force of the South,The People of Freedom,Great South,Christian democracy
Fasci Italiani di Combattimento,Italian Socialist Party,National Fascist Party,Fascism
Evangelical People's Party,Christian Democratic Appeal,GreenLeft,Christian left
European Republicans Movement,Italian Republican Party,Italian Republican Party,Social liberalism
European Democracy,Italian People's Party,Union of the Centre,Christian democracy
Euro-Populars for San Marino,Sammarinese Christian Democratic Party,Union for the Republic,Christian democracy
Egyptian Citizen Party,National Democratic Party,Conference Party,Populism
Economic Synergy,Liberal Party,Business and Professionals Alliance for Hong Kong,Conservatism
Dōshi Club,Democratic Party,Democratic Liberal Party,Liberalism
Dixiecrat,Democratic Party,Democratic Party,Racial segregation
Dissident left-wing,Historical Left,Historical Left,Progressivism
