col0,col1,col2,col3
Derby Dilly,British Whig Party,Conservative Party,Church of England
Democratic Socialist Radical Party,Radical Party,Radical Party,Democratic socialism
Democratic Socialist Party,Social Democratic Party,New Frontier Party,Democratic socialism
Democratic Party,Progressive Party,Democratic Federal Republican Party,Liberalism
Democratic Left,Democrats of the Left,Left Ecology Freedom,Democratic socialism
Democratic Left,Workers' Party of Ireland,Labour Party,Democratic socialism
Democratic Federal Republican Party,Democratic Party,Republican Nationalist Federal Union,Catalanism
Democratic Centre,Croatian Democratic Union,Croatian Democratic Union,Liberal conservatism
Democratic Alternative,Finnish People's Democratic League,Left Alliance,Communism
Democratic Alliance,New Democracy,New Democracy,Liberalism
Democrat Party,Radical Party,Democratic Party,Social democracy
Dōshi Club,Democratic Party,Democratic Liberal Party,Liberalism
Cumann na nGaedheal,Sinn Féin,Fine Gael,Conservatism
Croatian True Revival,Croatian Democratic Union,Croatian Democratic Union,Nationalism
Croatian Bloc,Croatian Democratic Union,Only Croatia – Movement for Croatia,Nationalism
Cooperation and Brotherhood,Cooperation and Development,Cooperation and Development,Israeli Arab
Constitutional Movement,National Front,British National Party,British nationalism
Constitutional Democratic Party,Liberals,Italian Social Democratic Party,Social liberalism
Communist Party of Galicia,Communist Party of Galicia,Partido Socialista Obrero Español,Democratic socialism
Christian Democratic Centre,Christian Democracy,Union of the Centre,Christian democracy
Chilean Social Democracy Party,Radical Party,Social Democrat Radical Party,Social democracy
Centrists of Galicia,Galician Coalition,People's Party,Conservatism
Centre Democrats,Sammarinese Christian Democratic Party,Union for the Republic,Centrism
Centre,Liberal Party,Coalition Party,Union between Sweden and Norway
"Centre, Democracy and Progress",Democratic Centre,Centre of Social Democrats,Christian democracy
Catalan State-Proletarian Party,Estat Català,Proletarian Catalan Party,Catalanism
California Progressive Party,Republican Party,Republican Party,Populism
Belgian Democratic Union,Catholic Party,Belgian Socialist Party,Christian socialism
Barisan Sosialis,People's Action Party,Workers' Party of Singapore,Socialism
Atid,Yiud,Center Party,Liberalism
Article 50,Party for Freedom,For the Netherlands,Euroscepticism
Arab List for Bedouin and Villagers,Alignment,Alignment,Israeli Arab
Anti-Masonic Party,National Republican Party,United States Whig Party,Protectionism
Alsatian Workers and Peasants Party,French Communist Party,Independent Regional Party for Alsace-Lorraine,Alsace
All-German People's Party,Christian Democratic Union,Social Democratic Party of Germany,Christian democracy
Ahdut HaAvoda,Mapai,Mapai,Labor Zionism
Advancement Unification Party,Grand National Party,Saenuri Party,Liberal conservatism
Action libérale nationale,Quebec Liberal Party,Union Nationale,Progressivism
Action démocratique du Québec,Quebec Liberal Party,Coalition Avenir Québec,Conservatism
