col0,col1,col2,col3,col4,col5
Socialist Party,Lisbon,General Union of Workers,C. César,1973-04-19,1973
SWAPO,Namibia,Former Liberation Movements of Southern Africa,H. Geingob,1960-04-19,1960
Party of Communists of the Republic of Moldova,Chişinău,Union of Communist Parties – Communist Party of the Soviet Union,V. Voronin,1993-10-22,1993
Parti Gerakan Rakyat Malaysia,Kuala Lumpur,Council of Asian Liberals and Democrats,M. S. Keong,1968-03-24,1968
National Action Party,Mexico City,Christian Democrat Organization of America,R. A. Cortés,1939-09-16,1939
Hong Kong Federation of Trade Unions,Hong Kong,Pro-Beijing camp,L. Suk-yee,1948-04-17,1948
Democrats,Brasília,Christian Democrat Organization of America,J. A. Maia,1985-01-24,1985
African National Congress,Johannesburg,Former Liberation Movements of Southern Africa,J. Zuma,1912-01-08,1912
