col0,col1,col2,col3,col4
J. J. Davis,Washington and Lee School of Law,"Clarksburg, West Virginia",1916-03-19,John James Davis
J. I. Nicholl,"Christ Church, Oxford",Italy,1853-01-27,John Iltyd Nicholl
John H. Bankhead II,University of Alabama,"Bethesda, Maryland",1946-06-12,John Hollis Bankhead II
J. G. Pollard,George Washington University,United States,1937-04-28,John Garland Pollard
J. G. Schmitz,"California State University, Long Beach","Bethesda, Maryland",2001-01-10,John George Schmitz
"John Dalberg-Acton, 1st Baron Acton",Oscott College,German Empire,1902-06-19,John Emerich Edward Dalberg-Acton
J. B. Watkins,University of Richmond,"Richmond, Virginia",1931-11-30,John Benjamin Watkins
J. Ferrier,University of Amsterdam,Netherlands,2010-01-04,Johan Henri Eliza Ferrier
J. Ghiz,Harvard Law School,Charlottetown,1996-11-09,Joseph Atallah Ghiz
J. Camacho,Our Lady of the Rosary University,Bogotá,1816-08-31,José Joaquín Justo Camacho Lago
J. Grimond,"Balliol College, Oxford",Scotland,1993-10-24,Joseph Grimond
J. Rhodes,Ohio State University,"Columbus, Ohio",2001-03-04,James Allen Rhodes
J. Olin,Cornell University,Virginia,2006-07-29,James Randolph Olin
J. Carlton,University of Sydney,Melbourne,2015-12-25,James Joseph Carlton
J. Thorpe,"Trinity College, Oxford",England,2014-12-04,John Jeremy Thorpe
Jan Kappeyne van de Coppello,University of Leiden,The Hague,1892-7-28,Joannes Kappeyne van de Coppello
J. M. Collins,Harvard Business School,Texas,1989-07-21,James Mitchell Collins
J. Bayley,Stanford University,Australia,1968-01-14,James Garfield Bayley
J. A. Walker,University of Virginia,United States,1901-10-21,James Alexander Walker
J. P. Royall,Washington and Lee University,United States,1945-08-14,John Powell Royall
J. K. Robinson,Virginia Tech,"Winchester, Virginia",1990-04-08,James Kenneth Robinson
J. F. Sergent,Milligan College,Tennessee,1956-12-14,John Franklin Sergent
J. B. Woodson,Washington University in St. Louis,"Richmond, Virginia",1963-07-07,Julian Belmont Woodson
I. Welsh,Newcastle Boys' High School,"Newcastle, New South Wales",2007-03-15,Ivan Joseph Welsh
I. E. Crary,Trinity College,"Marshall, Michigan",1854-05-08,Isaac Edwin Crary
H. D. Macrossan,University of Sydney,Australia,1940-06-23,Hugh Denis Macrossan
