col0,col1,col2,col3,col4
H. Heflin,University of Alabama School of Law,Alabama,2005-03-29,Howell Thomas Heflin
H. Carwile,Alma White College,"Richmond, Virginia",1987-06-06,Howard Hearnes Carwile
H. Walpole,Eton College,London,1797-03-02,Horatio Walpole
H. Welker,Bachelor of Laws,"Bethesda, Maryland",1957-10-30,Herman Orville Welker
H. S. Foote,Washington and Lee University,"Nashville, Tennessee",1880-05-20,Henry Stuart Foote
H. M. Jackson,Stanford University,"Everett, Washington",1983-09-01,Henry Martin Jackson
H. Garde,Queen's University Belfast,Australia,1932-09-08,Henry Croker Garde
H. Roethof,Utrecht University,Netherlands,1996-01-15,Hendrik Jan Rutten meergenaamd Roethof
H. B. Apperson,Virginia Tech,"Richmond, Virginia",1948-02-02,Harvey Black Apperson
H. Hughes,University of Iowa,"Glendale, Arizona",1996-10-23,Harold Everett Hughes
H. John Heinz III,Yale University,"Lower Merion Township, Pennsylvania",1991-04-04,Henry John Heinz III
G. Hall,International Lenin School,Manhattan,2000-10-13,Arvo Kustaa Halberg
G. Ritchie,University of St. Andrews,Dauphin—Swan River—Marquette,1998-11-20,William Gordon Ritchie
G. F. Marsh,University of North Carolina at Chapel Hill,United States,1982-01-04,Gordon Franklin Marsh
Gerrit Jan van Heuven Goedhart,Leiden University,Geneva,1956-07-08,Gerrit Jan Goedhart
G. W. Johnson,Transylvania University,Battle of Shiloh,1862-04-08,George Washington Johnson
G. T. Rison,University of Virginia,Virginia,1929-01-28,George Townes Rison
G. T. Davis,Massachusetts,"Portland, Maine",1877-06-17,George Thomas Davis
G. R. Davis,Williston Seminary,Chicago,1899-11-25,George Royal Davis
G. N. Conrad,University of Virginia School of Law,United States,1937-01-21,George Newton Conrad
G. Murphy,Yale University,Florida,1992-05-03,George Lloyd Murphy
G. L. Fletcher,University of Richmond,United States,1929-03-03,George Latham Fletcher
G. E. Cryer,University of Michigan,Los Angeles,1961-05-24,George Edward Cryer
"George E. Allen, Sr.",University of Virginia,"Richmond, Virginia",1972-07-21,George Edward Allen
"George E. Allen, Jr.",Virginia Tech,"Richmond, Virginia",1990-02-21,"George Edward Allen, Jr."
G. Cromwell,Yale University,New York,1934-09-17,George Cromwell
G. W. Mapp,Centre College,Virginia,1941-02-02,George Walter Mapp
F. Sergeyev,Bauman Moscow State Technical University,Russian SFSR,1921-07-24,Fyodor Andreyevich Sergeyev
F. Church,Stanford University,"Bethesda, Maryland",1984-04-07,Frank Forrester Church III
E. Dirksen,University of Minnesota Law School,"Washington, D.C.",1969-09-07,Everett McKinley Dirksen
E. Salgar,National University of Colombia,Bogotá,1885-11-25,Eustorgio Salgar Moreno
E. McCarthy,University of Minnesota,"Washington, D.C.",2005-12-10,Eugene Joseph McCarthy
E. Kefauver,University of Tennessee,"Bethesda, Maryland",1963-08-10,Carey Estes Kefauver
E. C. 2nd,Yale University,Boston,1983-05-28,Erastus Corning II
E. O. Herrera,Université Libre de Bruxelles,Kingdom of Italy,1937-02-18,Enrique Alfredo Olaya Herrera
E. T. Douglas,University of Chicago,New York,1994-01-28,Emily Taft
E. E. Meredith,Hampden–Sydney College,United States,1900-07-29,Elisha Edward Meredith
E. Toxopeus,Utrecht University,Netherlands,2009-08-28,Edzo Hendrik Toxopeus
E. V. Long,University of Missouri,Missouri,1972-11-06,Edward Vaughn Long
E. E. Holland,University of Virginia,United States,1941-10-23,Edward Everett Holland
E. C. Eicher,University of Chicago,"Alexandria, Virginia",1944-11-29,Edward C. Eicher
E. G. Dodson,University of Virginia,Virginia,1969-04-08,Edward Griffith Dodson
D. G. Brotzman,University of Colorado at Boulder,"Alexandria, Virginia",2004-09-15,Donald Glenn Brotzman
"D. "". Lukens",Ohio State University,Dallas,2010-05-22,Donald Edgar Lukens
D. Kite,Sydney Technical College,Australia,2012-08-21,Delcia Ivy Smith
D. Brewster,Princeton University,Maryland,2007-08-19,Daniel Baugh Brewster
D. French Slaughter Jr.,University of Virginia,United States,1998-10-02,Daniel French Slaughter Jr.
C. T. Jordan,Roanoke College,Florida,1924-01-28,Cornelius Theodore Jordan
C. Darden,Oxford University,Virginia,1981-06-09,"Colgate Whitehead Darden, Jr."
C. Calderón,Our Lady of the Rosary University,Bogotá,1913-07-19,Clímaco Calderón Reyes
C. T. Bowers,University of Richmond,"Richmond, Virginia",1968-09-30,Clyde Thomas Bowers
C. Evatt,"Royal Military College, Duntroon",New South Wales,1984-09-15,Clive Raleigh Evatt
C. P. Case,Rutgers University,"Washington, D.C.",1982-03-05,"Clifford Philip Case, Jr."
C. I. Bakewell,Georgetown University,"University City, Missouri",1987-03-18,Claude Ignatius Bakewell
C. Estier,Sciences Po,Paris,2016-03-10,Claude Hasday Ezratty
C. Pell,Columbia University,"Newport, Rhode Island",2009-01-01,Claiborne de Borda Pell
C. Calderón,Our Lady of the Rosary University,Bogotá,1913-07-19,Clímaco Calderón Reyes
"Charles Wood, 2nd Viscount Halifax","Christ Church, Oxford",England,1934-01-19,Charles Lindley Wood
C. U. Gravatt,College of Physicians and Surgeons,"Richmond, Virginia",1922-04-14,Charles Urquhart Gravatt
Charles Ruijs de Beerenbrouck,Utrecht University,Netherlands,1936-04-17,Charles Joseph Maria Ruijs de Beerenbrouck
C. Nicholson,Edinburgh University,Hertfordshire,1903-11-08,Isaac Ascough
C. H. Barton,University of Oxford,Australia,1902-06-16,Charles Hastings Barton
C. H. Percy,University of Chicago,"Washington, D.C.",2011-09-17,Charles Harting Percy
C. A. Lindbergh,University of Michigan Law School,United States,1924-05-24,Carl Månsson
C. Swartz,Uppsala University,Stockholm,1926-11-06,Carl Johan Gustaf Swartz
C. Stokes,Cleveland State University,Cleveland,1996-04-03,Carl Burton Stokes
C. O. Goolrick,University of Virginia School of Law,Virginia,1960-06-04,Charles O'Conor Goolrick
B. Rinehart,Ohio State University,"Columbus, Ohio",2015-02-18,Dana Gillman Rinehart
B. Sundlun,Harvard Law School,"Jamestown, Rhode Island",2011-07-21,Bruce George Sundlun
B. Yeltsin,Ural State Technical University,Moscow,2007-04-23,(Борис Николаевич Ельцин)
B. Franks,DePauw University,New York,2010-04-09,Robert Douglas Franks
B. O'Brien,University of North Carolina,"Virginia Beach, Virginia",2012-11-09,"Joseph William O'Brien, Jr."
B. A. Davis,Georgetown University,Virginia,1944-05-31,Beverly Andrew Davis
B. Muse,Duke University,"Reston, Virginia",1986-05-04,Benjamin Muse
B. Mboi,University of Indonesia,Dutch East Indies,2015-06-23,Aloysius Benedictus Mboi
B. Calvo,University of Magdalena,Ecuador,1889-01-02,Bartolomé Calvo Díaz de Lamadrid
A. E. Strode,University of Mississippi,United States,1946-05-17,Aubrey Ellis Strode
"Arthur Lee, 1st Viscount Lee of Fareham","Royal Military Academy, Woolwich",England,1947-07-21,Arthur Hamilton Lee
A. C. Harman,Virginia Military Institute,"Richmond, Virginia",1927-06-15,Arthur C. Harman
A. Sharon,Hebrew University of Jerusalem,Israel,2014-01-11,Ariel Scheinermann
A. Mussert,Delft University of Technology,The Hague,1946-05-07,Anton Adriaan Mussert
A. J. Celebrezze,John Carroll University,Cleveland,1998-10-29,Antonio Giuseppe Cilibrizzi
A. Hambro,Eton College,Dorset,1957-11-19,Angus Valdemar Hambro
A. Bubnov,Moscow Agricultural Institute,Soviet Union,1938-08-01,Andrei Sergeyevich Bubnov
A. P. Kitchin,Wake Forest University,North Carolina,1983-10-22,Alvin Paul Kitchin
A. Landon,University of Kansas,Kansas,1987-10-12,Alfred Mossman Landon
A. R. Hobbs,Virginia Tech,United States,1929-10-15,Alexander Raleigh Hobbs
A. G. Crockett,Emory and Henry College,United States,1919-07-27,Alexander George Crockett
A. Neave,"Merton College, Oxford",Westminster Hospital,1979-03-30,Airey Middleton Sheffield Neave
A. Kuyper,Leiden University,Netherlands,1920-11-08,Abraham Kuijper
