col0,col1,col2,col3
İ. İnönü,M. İnönü,1884-09-24,1884-09-24
Á. Uribe,Lina María Moreno Mejía,1952-07-04,1952-07-04
Z. Mirza,F. Mirza,1954-01-12,1954-01-12
Z. J. Corrales,Luis Humberto Gómez Gallo,1969-07-31,1969-07-31
Z. Sefati,Ayatollah,1948-1-1,1948-1-1
Z. Hanzhi,Q. Guanhua,1935-07-14,1935-07-14
Z. Bate,H. Holt,1909-03-10,1909-03-10
Z. Shazar,R. Katznelson-Shazar,1889-11-24,1889-11-24
Z. F. Paharudin,Datin,1966-07-31,1966-07-31
Z. Bangura,Alhaji,1959-12-18,1959-12-18
Z. Goldsmith,S. Goldsmith,1975-01-20,1975-01-20
Y. Luzhkov,Y. Baturina,1936-09-21,1936-09-21
Y. Posun,G. Deok-gwi,1897-08-26,1897-08-26
Y. Tsedenbal,A. Filatova,1916-09-17,1916-09-17
Y. Johansson,E. Åsbrink,1964-02-13,1964-02-13
Y. Rabin,L. Rabin,1922-03-01,1922-03-01
Y. Navon,O. Navon,1921-04-09,1921-04-09
Y. Ben-Zvi,R. Y. Ben-Zvi,1884-11-24,1884-11-24
Y. Chia-kan,L. Chi-chun,1905-10-23,1905-10-23
Y. Qun,L. Biao,1917-1-1,1917-1-1
Y. Fukuda,K. Fukuda,1936-07-16,1936-07-16
Y. Arafat,S. Arafat,1929-08-24,1929-08-24
Y. S. Rajasekhara Reddy,Y. Vijayalakshmi,1949-07-08,1949-07-08
X. Rincón,J. C. Latorre,1968-07-05,1968-07-05
W. Ting-kwong,L. Suk-yee,1949-09-12,1949-09-12
W. M. Crane,J. P. Boardman,1853-04-23,1853-04-23
W. Wilberforce,B. S. Wilberforce,1759-08-24,1759-08-24
W. S. Smith,"Abigail ""Nabby"" Adams Smith",1755-1-1,1755-1-1
W. S. IV,K. Chase,1830-09-12,1830-09-12
"William Pitt, 1st Earl of Chatham","Hester Pitt, Countess of Chatham",1708-11-15,1708-11-15
W. P. Reeves,M. P. Reeves,1857-02-10,1857-02-10
W. P. Hobby,O. C. Hobby,1878-03-26,1878-03-26
W. McMahon,S. McMahon,1908-02-23,1908-02-23
"William Lamb, 2nd Viscount Melbourne",L. C. Lamb,1779-03-15,1779-03-15
William James Parke Hume,A. Stevenson,1866-01-25,1866-01-25
W. J. Bailey,M. J. Smith,1807-01-13,1807-01-13
W. Hutchinson,A. Hutchinson,1586-0-0,1586-0-0
W. Hamilton,E. L. Hamilton,1730-12-13,1730-12-13
W. Gopallawa,Née,1896-09-17,1896-09-17
W. G. Conley,Bertie Ison Martin Conley,1866-01-08,1866-01-08
W. F. Norrell,C. D. Norrell,1896-08-29,1896-08-29
W. E. Stevenson,S. C. Stevenson,1820-03-18,1820-03-18
W. E. Glasscock,M. M. Glasscock,1862-12-13,1862-12-13
W. Dyer,M. Dyer,1609-09-19,1609-09-19
"William Cavendish-Bentinck, 3rd Duke of Portland","Dorothy Bentinck, Duchess of Portland",1738-04-14,1738-04-14
"William Cavendish, 4th Duke of Devonshire","Charlotte Cavendish, Marchioness of Hartington",1720-05-08,1720-05-08
W. C. Street,D. Connecticut,1816-08-26,1816-08-26
W. C. Marland,V. A. Marland,1918-03-26,1918-03-26
W. Brownbill,F. Brownbill,1864-01-19,1864-01-19
W. Aitken,P. L. Maffey,1903-06-10,1903-06-10
W. A. MacCorkle,B. G. MacCorkle,1857-05-07,1857-05-07
Willa McCord Blake Eslick,E. E. Eslick,1878-09-08,1878-09-08
W. Iwan,P. Silesia,1871-08-05,1871-08-05
W. F. Cox,D. C. Florida,1895-08-14,1895-08-14
W. Mather,D. Mather,1945-10-02,1945-10-02
W. Webb,W. Webb,1941-02-17,1941-02-17
W. Goodwin,M. W. Goodwin,1967-02-22,1967-02-22
W. G. Harding,F. Harding,1865-11-02,1865-11-02
W. E. Hearnes,B. C. Hearnes,1923-07-24,1923-07-24
W. Washington,M. B. Washington,1915-04-15,1915-04-15
W. Ulbricht,L. Ulbricht,1893-06-30,1893-06-30
W. Sisulu,A. Sisulu,1912-05-18,1912-05-18
W. Livingston,S. family,1740-11-27,1740-11-27
W. Hoyt,C. Colony,1618-09-06,1618-09-06
W. Capps,L. Capps,1934-05-05,1934-05-05
W. Stiles,J. MacAlpine,1950-10-18,1950-10-18
W. Barron,O. W. Barron,1911-12-08,1911-12-08
V. V. Kiệt,P. L. Cam,1922-11-23,1922-11-23
V. Holubovych,T. Kardynalovska,1885-2-1,1885-2-1
V. Vynnychenko,R. Vynnychenko,1880-07-28,1880-07-28
V. Eriksson,O. Erland,1956-08-18,1956-08-18
V. P. Holm,M. Holm,1902-03-14,1902-03-14
V. B. Vargas,C. I. Proctor,1921-09-17,1921-09-17
V. Massey,A. Massey,1887-02-20,1887-02-20
V. Santos,R. Recto,1953-11-03,1953-11-03
V. Niinistö,M. Wetterstrand,1976-07-30,1976-07-30
V. Maheswaran,T. Maheswaran,1972-11-23,1972-11-23
V. Fox,Marta Sahagún de Fox,1942-07-02,1942-07-02
V. Duterte,S. Roa-Duterte,1911-11-23,1911-11-23
"Vere Ponsonby, 9th Earl of Bessborough","Roberte Ponsonby, Countess of Bessborough",1880-10-27,1880-10-27
V. Chervenkov,G. Dimitrov,1900-09-06,1900-09-06
V. Borzov,L. Tourischeva,1949-10-20,1949-10-20
V. Jackson,M. Jackson,1949-04-03,1949-04-03
