col0,col1,col2,col3
Zamia wallisii,Zamiaceae,IUCN3.1,CR
Zamia verschaffeltii,Zamiaceae,IUCN3.1,NT
Zamia vazquezii,Zamiaceae,IUCN3.1,CR
Zamia variegata,Zamiaceae,IUCN3.1,EN
Zamia urep,Zamiaceae,IUCN3.1,CR
Zamia ulei,Zamiaceae,IUCN3.1,NT
Zamia tuerckheimii,Zamiaceae,IUCN3.1,NT
Zamia standleyi,Zamiaceae,IUCN3.1,VU
Zamia spartea,Zamiaceae,IUCN3.1,CR
Zamia soconuscensis,Zamiaceae,IUCN3.1,VU
Zamia skinneri,Zamiaceae,IUCN3.1,EN
Zamia roezlii,Zamiaceae,IUCN3.1,NT
Zamia pygmaea,Zamiaceae,IUCN3.1,CR
Zamia purpurea,Zamiaceae,IUCN3.1,CR
Zamia pumila,Zamiaceae,IUCN3.1,NT
Zamia pseudoparasitica,Zamiaceae,IUCN3.1,NT
Zamia pseudomonticola,Zamiaceae,IUCN3.1,NT
Zamia prasina,Zamiaceae,IUCN3.1,CR
Zamia portoricensis,Zamiaceae,IUCN3.1,EN
Zamia polymorpha,Zamiaceae,IUCN3.1,NT
Zamia poeppigiana,Zamiaceae,IUCN3.1,NT
Zamia picta,Zamiaceae,IUCN3.1,EN
Zamia paucijuga,Zamiaceae,IUCN3.1,NT
Zamia obliqua,Zamiaceae,IUCN3.1,NT
Zamia neurophyllidia,Zamiaceae,IUCN3.1,NT
Zamia muricata,Zamiaceae,IUCN3.1,NT
Zamia monticola,Zamiaceae,IUCN3.1,CR
Zamia montana,Zamiaceae,IUCN3.1,CR
Zamia melanorrhachis,Zamiaceae,IUCN3.1,EN
Zamia manicata,Zamiaceae,IUCN3.1,NT
Zamia macrochiera,Zamiaceae,IUCN3.1,CR
Zamia lucayana,Zamiaceae,IUCN3.1,EN
Zamia loddigesii,Zamiaceae,IUCN3.1,NT
Zamia lecointei,Zamiaceae,IUCN3.1,NT
Zamia lacandona,Zamiaceae,IUCN3.1,EN
Zamia kickxii,Zamiaceae,IUCN3.1,DD
Zamia ipetiensis,Zamiaceae,IUCN3.1,VU
Zamia integrifolia,Zamiaceae,IUCN3.1,NT
Zamia inermis,Zamiaceae,IUCN3.1,CR
Zamia hymenophyllidia,Zamiaceae,IUCN3.1,CR
Zamia herrerae,Zamiaceae,IUCN3.1,VU
Zamia gentryi,Zamiaceae,IUCN3.1,VU
Zamia furfuracea,Zamiaceae,IUCN3.1,EN
Zamia fischeri,Zamiaceae,IUCN3.1,EN
Zamia fairchildiana,Zamiaceae,IUCN3.1,NT
Zamia erosa,Zamiaceae,IUCN3.1,VU
Zamia encephalartoides,Zamiaceae,IUCN3.1,VU
Zamia dressleri,Zamiaceae,IUCN3.1,EN
Zamia disodon,Zamiaceae,IUCN3.1,CR
Zamia cunaria,Zamiaceae,IUCN3.1,NT
Zamia cremnophila,Zamiaceae,IUCN3.1,EN
Zamia chigua,Zamiaceae,IUCN3.1,NT
Zamia boliviana,Zamiaceae,IUCN3.1,NT
Zamia angustifolia,Zamiaceae,IUCN3.1,DD
Zamia amplifolia,Zamiaceae,IUCN3.1,CR
Zamia amazonum,Zamiaceae,IUCN3.1,NT
Zamia acuminata,Zamiaceae,IUCN3.1,VU
Stangeria,Stangeriaceae,IUCN3.1,NT
Microcycas,Zamiaceae,IUCN3.1,CR
Macrozamia viridis,Zamiaceae,IUCN3.1,VU
Macrozamia stenomera,Zamiaceae,IUCN3.1,LC
Macrozamia spiralis,Zamiaceae,IUCN3.1,EN
Macrozamia secunda,Zamiaceae,IUCN3.1,VU
Macrozamia riedlei,Zamiaceae,IUCN3.1,LC
Macrozamia reducta,Zamiaceae,IUCN3.1,LC
Macrozamia polymorpha,Zamiaceae,IUCN3.1,LC
Macrozamia plurinervia,Zamiaceae,IUCN3.1,EN
Macrozamia platyrhachis,Zamiaceae,IUCN3.1,LC
Macrozamia pauli-guilielmi,Zamiaceae,IUCN3.1,EN
Macrozamia parcifolia,Zamiaceae,IUCN3.1,VU
Macrozamia occidua,Zamiaceae,IUCN3.1,VU
Macrozamia mountperriensis,Zamiaceae,IUCN3.1,LC
Macrozamia moorei,Zamiaceae,IUCN3.1,LC
Macrozamia montana,Zamiaceae,IUCN3.1,LC
Macrozamia miquelii,Zamiaceae,IUCN3.1,LC
Macrozamia macdonnellii,Zamiaceae,IUCN3.1,LC
Macrozamia lucida,Zamiaceae,IUCN3.1,LC
Macrozamia longispina,Zamiaceae,IUCN3.1,LC
