col0,col1,col2,col3
V. Adamkus,A. Adamkienė,1926-11-03,1926-11-03
V. Yogeswaran,S. Yogeswaran,1934-02-05,1934-02-05
V. T. Sambanthan,U. Sambanthan,1919-06-16,1919-06-16
V. V. Kiệt,P. L. Cam,1922-11-23,1922-11-23
United States Senate career of Barack Obama,M. Obama,1961-08-04,1961-08-04
U. Nasir,Malik Mehr un Nisa Afridi,1938-02-01,1938-02-01
Ulysses S. Grant presidential administration scandals,J. Grant,1821-04-27,1821-04-27
"Uchter Knox, 5th Earl of Ranfurly",V. Charlemont,1856-08-14,1856-08-14
T. Gunasekara,Née,1935-01-23,1935-01-23
T. Bratteli,R. Bratteli,1910-01-11,1910-01-11
T. Macdonald,P. Brooks,1917-06-06,1917-06-06
T. Álvarez,M. Ruiz,1978-5-10,1978-5-10
T. G. Masaryk,C. Garrigue,1850-03-07,1850-03-07
T. G. Gutiérrez,E. S. Alfaro,1831-12-16,1831-12-16
T. Padoa-Schioppa,F. Kostoris,1940-07-23,1940-07-23
T. Mulcair,C. Pinhas,1954-10-24,1954-10-24
T. G. Gutiérrez,E. S. Alfaro,1831-12-16,1831-12-16
T. G. Masaryk,C. Garrigue,1850-03-07,1850-03-07
T. Hardy,L. Hardy,1957-05-17,1957-05-17
T. Stevenson,G. Paterson,1945-1-1,1945-1-1
"Tim Razzall, Baron Razzall",Divorce,1943-06-12,1943-06-12
T. Hutchinson,D. Hutchinson,1949-08-11,1949-08-11
T. C. Pompeianus,Lucilla,125-1-1,125-1-1
T. Rein,K. Rudd,1958-07-17,1958-07-17
T. W. Palmer,Lizzie Pitts Merrill Palmer,1830-01-25,1830-01-25
T. Seamer,M. M. Sr.,1632-07-15,1632-07-15
T. S. McMillan,C. G. McMillan,1888-11-27,1888-11-27
"Thomas Pelham-Holles, 1st Duke of Newcastle","Harriet Pelham-Holles, Duchess of Newcastle-upon-Tyne",1693-07-21,1693-07-21
Thomas Mann Randolph Jr.,M. J. Randolph,1768-10-01,1768-10-01
T. M. Davis,J. D. Davis,1949-01-05,1949-01-05
T. L. Judge,C. Judge,1934-10-12,1934-10-12
T. Lee,H. H. Ludwell,1690-0-0,1690-0-0
T. Klestil,E. Klestil,1932-11-04,1932-11-04
T. Downey,C. Browner,1949-01-28,1949-01-28
T. Davis,Paulina Kellogg Wright Davis,1806-12-18,1806-12-18
T. Betts,M. M. Jr.,1650-06-03,1650-06-03
T. W. Brevard,C. S. Carolina,1804-09-24,1804-09-24
T. Heuss,E. Heuss-Knapp,1884-01-31,1884-01-31
T. H. Caraway,H. Caraway,1871-10-17,1871-10-17
T. Rein,K. Rudd,1958-07-17,1958-07-17
T. Grier,R. Grier,1936-08-12,1936-08-12
T. Beyer,L. Beyer,1951-01-26,1951-01-26
T. Schwinden,J. Schwinden,1925-08-31,1925-08-31
T. Fatma,A. Khan,1949-03-10,1949-03-10
T. Sunia,F. S. Sunia,1941-08-29,1941-08-29
T. Karpela,O. Saarela,1970-08-22,1970-08-22
T. Fraser,M. Fraser,1936-02-28,1936-02-28
T. Marukawa,T. Otsuka,1971-01-19,1971-01-19
T. Arslan,Princess Zeina Talal Arslan,1965-06-12,1965-06-12
T. Miki,M. Miki,1907-03-17,1907-03-17
T. Erlander,A. Erlander,1901-06-13,1901-06-13
T. Parata,Katherine Te Rongokahira Parata,1865-0-0,1865-0-0
S. Demirel,N. Demirel,1924-11-01,1924-11-01
S. Rhee,F. Donner,1875-04-18,1875-04-18
S. Hermon,J. Hermon,1955-08-11,1955-08-11
S. Björnsson,G. Björnsson,1881-02-27,1881-02-27
S. McCaw,C. McCaw,1962-1-1,1962-1-1
S. S. Barnala,S. K. Barnala,1925-10-21,1925-10-21
Sulla,Valeria,-138-1-1,-138-1-1
Sukarno,Fatmawati,1901-06-06,1901-06-06
Suharto,S. Hartinah,1921-06-08,1921-06-08
S. Dion,J. Krieber,1955-09-28,1955-09-28
S. Bridges,D. Bridges,1898-09-09,1898-09-09
S. Hosie,S. Robison,1963-01-03,1963-01-03
S. Hutchins,D. Beamer,1956-04-22,1956-04-22
S. Cowper,M. M. Stewart,1938-08-21,1938-08-21
S. S. John,S. Fitch,1735-1-1,1735-1-1
S. Kinnock,H. Thorning-Schmidt,1970-01-01,1970-01-01
S. E. Smith,J. K. Smith,1927-09-24,1927-09-24
S. Hall,J. Hall,1928-11-30,1928-11-30
S. Johnson,C. J. Wahl,1940-08-18,1940-08-18
S. Henig,"Ruth Henig, Baroness Henig",1939-07-07,1939-07-07
S. Bruce,E. Bruce,1883-04-15,1883-04-15
S. Baldwin,"Lucy Baldwin, Countess Baldwin of Bewdley",1867-08-03,1867-08-03
S. Cripps,I. Cripps,1889-04-24,1889-04-24
S. Dion,J. Krieber,1955-09-28,1955-09-28
S. McMahon,W. McMahon,1932-08-01,1932-08-01
S. d. Chair,L. J. Tadgell,1911-08-22,1911-08-22
S. Milošević,M. Marković,1941-08-20,1941-08-20
S. Bandaranaike,S. W. R. D. Bandaranaike,1916-04-17,1916-04-17
"Sir Robert Eden, 1st Baronet, of Maryland",C. Eden,1741-09-14,1741-09-14
"Sir Henry Norman, 1st Baronet",M. M. Dowie,1858-09-19,1858-09-19
S. Kennedy-Doornbos,J. Kennedy,1970-12-19,1970-12-19
S. Danczuk,"United Kingdom general election, 2010",1966-10-24,1966-10-24
S. Bradstreet,A. Bradstreet,1603-03-18,1603-03-18
S. Edström,R. R. Edström,1870-11-11,1870-11-11
S. Koroma,E. B. Koroma,1958-03-19,1958-03-19
S. N. Reddy,B. N. Reddy,1968-11-16,1968-11-16
S. Summerskill,J. Ryman,1931-09-09,1931-09-09
S. Porter,L. Porter,1930-11-29,1930-11-29
S. N. Pettis,J. Pettis,1924-07-12,1924-07-12
S. Rideout,M. Rideout,1917-07-17,1917-07-17
S. Martel,H. Hampton,1963-04-08,1963-04-08
S. Saskiw,S. Stubbs,1981-08-13,1981-08-13
S. Stone,D. M. Stone,1951-04-23,1951-04-23
S. Stubbs,S. Saskiw,1979-12-08,1979-12-08
S. Molisa,G. M. Molisa,1952-0-0,1952-0-0
S. Casey,K. Casey,1963-05-16,1963-05-16
S. Libby,H. Grant,1950-08-22,1950-08-22
S. Africanus,A. Paulla,-235-1-1,-235-1-1
S. Jindal,O. P. Jindal,1950-03-20,1950-03-20
S. Maharaj,A. Rawat,1951-09-21,1951-09-21
S. Steelman,D. Steelman,1958-05-03,1958-05-03
S. Henderson,S. Ramsay,1964-04-04,1964-04-04
S. S. Thaik,Sao Nang Hearn Kham,1896-0-0,1896-0-0
S. Abacha,M. Abacha,1943-09-20,1943-09-20
S. Pupatello,J. Bennett,1962-10-06,1962-10-06
S. Jackson,J. J. Jr.,1963-09-14,1963-09-14
S. Stephens,F. C. Berkeley,1629-1-1,1629-1-1
S. Smith,M. M. Sr.,1646-1-1,1646-1-1
S. Marvin,J. Platt,1664-0-0,1664-0-0
S. Kellogg,J. Platt,1673-02-19,1673-02-19
S. J. Barrows,I. Barrows,1845-05-26,1845-05-26
Samuel Ealy Johnson Jr.,R. Baines,1877-10-11,1877-10-11
S. Comstock,T. Hanford,1680-02-06,1680-02-06
S. Geagea,S. Geagea,1952-10-25,1952-10-25
S. P. Enrile,"Juan Ponce Enrile, Jr.",1958-7-16,1958-7-16
S. Burton,P. Burton,1925-04-01,1925-04-01
S. Wagenknecht,O. Lafontaine,1969-07-16,1969-07-16
S. C. C. Anthony Pillai,C. Anthonypillai,1914-04-27,1914-04-27
S. A. Wickramasinghe,D. Y. Wickremasinghe,1901-04-13,1901-04-13
S. Demirel,N. Demirel,1924-11-01,1924-11-01
R. Dalton,H. Dalton,1890-03-09,1890-03-09
R. B. Pratt,J. T. Pratt,1877-08-24,1877-08-24
Rush D. Holt Sr.,H. F. Holt,1905-06-19,1905-06-19
R. Haggen,L. Haggen,1887-07-29,1887-07-29
R. Karunathilake,Née,1933-03-15,1933-03-15
R. Khomeini,K. Saqafi,1902-09-24,1902-09-24
R. Kirchschläger,H. Kirchschläger,1915-03-20,1915-03-20
R. Dölling,E. Dölling,1902-11-04,1902-11-04
R. Blades,L. Mason,1948-07-16,1948-07-16
R. Schneider,B. Schneider,1939-05-13,1939-05-13
R. Matheus,A. Garotinho,1963-04-06,1963-04-06
R. McKenna,J. McKenna,1941-05-08,1941-05-08
R. Bozimo,A. B. Bozimo,1946-01-01,1946-01-01
R. Matheus,A. Garotinho,1963-04-06,1963-04-06
R. Reagan,J. Wyman,1911-02-06,1911-02-06
R. LeBlanc,D. F. LeBlanc,1927-12-18,1927-12-18
R. Michener,N. Michener,1900-04-19,1900-04-19
R. Moo-hyun,K. Yang-sook,1946-09-01,1946-09-01
R. Moyer,E. Moyer,1934-08-16,1934-08-16
R. d. Quiroga,I. d. Suárez,1512-0-0,1512-0-0
R. Braithwaite,J. Braithwaite,1932-05-17,1932-05-17
R. Hide,L. Crome,1956-12-16,1956-12-16
R. Kinahan,C. d. Burgh,1916-09-24,1916-09-24
R. S. Vilella,C. Dapena,1913-02-19,1913-02-19
R. W. Wilcox,T. Laanui,1855-02-15,1855-02-15
R. Walpole,M. L. Walpole,1676-08-26,1676-08-26
