col0,col1,col2,col3
"Robert Spencer, 2nd Earl of Sunderland","Anne Spencer, Countess of Sunderland",1641-09-05,1641-09-05
R. Maxwell,E. Maxwell,1923-06-10,1923-06-10
R. Kocharyan,B. Kocharyan,1954-08-31,1954-08-31
R. J. McMordie,J. McMordie,1849-01-31,1849-01-31
R. Jackson,C. Jackson,1946-09-24,1946-09-24
R. Guéï,R. D. Guéï,1941-03-16,1941-03-16
"Robert Gascoyne-Cecil, 3rd Marquess of Salisbury","Georgina Gascoyne-Cecil, Marchioness of Salisbury",1830-02-03,1830-02-03
Robert F. Wagner Jr.,P. Fraser,1910-04-20,1910-04-20
R. Coombs,Y. Catley,1959-07-29,1959-07-29
R. Badinter,É. Badinter,1928-03-30,1928-03-30
R. B. Meyner,H. S. Meyner,1908-07-03,1908-07-03
R. v. Weizsäcker,M. v. Weizsäcker,1920-04-15,1920-04-15
R. Squires,H. Squires,1880-01-18,1880-01-18
R. L. Neuberger,M. Neuberger,1912-12-26,1912-12-26
R. J. Daley,"E. "". Daley",1902-05-15,1902-05-15
R. Gomez,L. Torres,1966-04-07,1966-04-07
R. C. Moody,H. family,1813-02-13,1813-02-13
R. A. Snelling,B. W. Snelling,1927-02-18,1927-02-18
R. Maduro,Aguas Santas Ocaña Navarro,1946-04-20,1946-04-20
R. Lagos,L. Durán,1928-3-2,1928-3-2
R. R. Jamieson,A. Jamieson,1856-12-12,1856-12-12
R. Alfonsín,M. L. Barreneche,1927-03-12,1927-03-12
R. Hnatyshyn,G. Hnatyshyn,1934-03-16,1934-03-16
R. B. Palejo,Z. Baloch,1930-02-21,1930-02-21
R. Wickremesinghe,Doctorate,1949-03-24,1949-03-24
R. Churchill,P. Harriman,1911-05-28,1911-05-28
R. Premadasa,H. Premadasa,1923-06-23,1923-06-23
R. Flanders,H. H. Flanders,1880-09-28,1880-09-28
