col0,col1,col2,col3
K. C. James,"Charles E. James, Sr.",1949-06-01,1949-06-01
K. Corrigan,D. Corrigan,1953-1-1,1953-1-1
K. O. McCarthy,D. M. McCarthy,1894-04-24,1894-04-24
K. Falk,P. Bock,1951-06-24,1951-06-24
K. A. Blatz,W. W. Jr.,1954-07-22,1954-07-22
"Katharine Stewart-Murray, Duchess of Atholl","John Stewart-Murray, 8th Duke of Atholl",1874-11-06,1874-11-06
"Katharine Elliot, Baroness Elliot of Harwood",W. Elliot,1903-01-15,1903-01-15
K. Ellis,D. Penberthy,1977-09-22,1977-09-22
"Karol Stanisław ""Panie Kochanku"" Radziwiłł",M. K. Lubomirska,1734-02-27,1734-02-27
K. Carstens,V. Carstens,1914-12-14,1914-12-14
K. Minnis,J. Minnis,1954-1-1,1954-1-1
K. Hossain,H. Hossain,1937-04-20,1937-04-20
K. Khuen-Héderváry,M. Teleki,1849-05-23,1849-05-23
K. Széll,I. Vörösmarty,1843-06-08,1843-06-08
J. Kiedroń,Z. Kirkor-Kiedroniowa,1879-03-23,1879-03-23
J. Srivastava,H. C. Srivastava,1937-05-02,1937-05-02
J. Habyarimana,A. Habyarimana,1937-03-08,1937-03-08
J. Trudeau,S. Grégoire,1971-12-25,1971-12-25
J. Kahn,F. P. Kahn,1861-02-28,1861-02-28
Julio César Turbay Ayala,N. Q. Turbay,1916-06-18,1916-06-18
J. Morgan,R. Morgan,1944-11-02,1944-11-02
J. Kirkbride,A. MacKay,1960-06-05,1960-06-05
J. Ridsdale,P. Ridsdale,1915-06-08,1915-06-08
"Julian Byng, 1st Viscount Byng of Vimy","Evelyn Byng, Viscountess Byng of Vimy",1862-09-11,1862-09-11
J. Irwin,G. Irwin,1951-09-08,1951-09-08
J. Léger,G. Léger,1913-04-04,1913-04-04
J. Chaplin,"Robert Walpole, 10th Baron Walpole",1939-08-19,1939-08-19
J. Verde,T. Domínguez,1971-07-07,1971-07-07
J. Perón,E. Perón,1895-10-08,1895-10-08
J. L. Sanfuentes,A. Echazarreta,1858-12-27,1858-12-27
J. J. Ibarretxe,B. Errazti,1957-05-15,1957-05-15
J. Goulart,Maria Teresa Fontela Goulart,1918-03-01,1918-03-01
J. Figueiredo,D. Figueiredo,1918-01-15,1918-01-15
J. MacPhail,J. Shavick,1952-03-06,1952-03-06
J. T. Ovalle,R. Bezanilla,1787-12-21,1787-12-21
J. M. Carrera,M. Fontecilla,1785-10-15,1785-10-15
J. M. Iglesias,J. C. Tapia,1823-01-05,1823-01-05
J. L. Portillo,S. Montenegro,1920-06-16,1920-06-16
J. A. Páez,D. O. Orzúa,1790-06-13,1790-06-13
J. Alperovich,Beatriz Rojkés de Alperovich,1955-04-14,1955-04-14
J. Hanan,S. Hanan,1868-05-12,1868-05-12
J. Chamberlain,F. Chamberlain,1828-09-08,1828-09-08
J. Platt,M. M. Jr.,1672-02-17,1672-02-17
J. M. McCormick,R. H. McCormick,1877-05-16,1877-05-16
J. Lyons,E. Lyons,1879-09-15,1879-09-15
J. Gardiner,M. Holman,1886-07-04,1886-07-04
J. Estrada,L. Estrada,1937-04-19,1937-04-19
J. Cook,D. M. Cook,1860-12-07,1860-12-07
J. Alston,T. B. Alston,1779-1-1,1779-1-1
J. Iloilo,K. Iloilo,1920-12-29,1920-12-29
J. T. Ovalle,R. Bezanilla,1787-12-21,1787-12-21
J. M. Carrera,M. Fontecilla,1785-10-15,1785-10-15
J. M. Iglesias,J. C. Tapia,1823-01-05,1823-01-05
J. L. Portillo,S. Montenegro,1920-06-16,1920-06-16
J. A. Páez,D. O. Orzúa,1790-06-13,1790-06-13
J. Alperovich,Beatriz Rojkés de Alperovich,1955-04-14,1955-04-14
J. H. Rhon,M. E. Amaya,1956-01-28,1956-01-28
J. Hoyl,T. C. California,1834-03-03,1834-03-03
J. Sullivan,C. Sullivan,1950-11-10,1950-11-10
J. L. Christensen,T. D. Holland,1963-02-20,1963-02-20
J. Spender,C. Zampatti,1935-12-02,1935-12-02
"John Simon, 1st Viscount Simon","Kathleen Simon, Viscountess Simon",1873-02-28,1873-02-28
J. Ryman,S. Summerskill,1930-11-07,1930-11-07
J. Read,P. R. Island,1633-0-0,1633-0-0
John R. McKernan Jr.,O. Snowe,1948-05-20,1948-05-20
J. Penrose,D. Harding,1964-06-22,1964-06-22
J. N. Dalton,E. P. Dalton,1931-07-11,1931-07-11
J. Minnis,K. Minnis,1953-12-14,1953-12-14
J. McEwen,A. McEwen,1900-03-29,1900-03-29
J. Maples,J. Corbin,1943-04-22,1943-04-22
J. M. Ashbrook,J. S. Ashbrook,1928-09-21,1928-09-21
J. Kufuor,T. Kufuor,1938-12-08,1938-12-08
J. J. Rogers,E. N. Rogers,1881-08-18,1881-08-18
J. J. Jacob,J. B. Jacob,1829-12-09,1829-12-09
J. J. Cornwell,E. B. Cornwell,1867-07-11,1867-07-11
"John Hope, 1st Marquess of Linlithgow","Hersey Hope, Marchioness of Linlithgow",1860-09-25,1860-09-25
J. Hancock,D. Quincy,1737-01-23,1737-01-23
J. H. Lee,D. Connecticut,1850-08-09,1850-08-09
J. Gorton,B. Gorton,1911-09-09,1911-09-09
J. Glenn,A. Glenn,1921-07-18,1921-07-18
J. G. Yap,J. C. Cajes,1977-10-16,1977-10-16
J. G. Schmitz,Née,1930-08-12,1930-08-12
J. Edwards,E. Edwards,1953-06-10,1953-06-10
"John Eccles, 2nd Viscount Eccles","Diana Eccles, Viscountess Eccles",1931-04-20,1931-04-20
J. Dunwoody,G. Dunwoody,1929-06-03,1929-06-03
J. Diefenbaker,E. Brower,1895-09-18,1895-09-18
J. Deming,R. Treat,1615-0-0,1615-0-0
J. D. Lodge,F. Braggiotti,1903-10-20,1903-10-20
J. Cramer,M. Cramer,1896-02-18,1896-02-18
J. Copp,S. Hayes,1673-06-09,1673-06-09
J. C. West,L. R. West,1922-08-27,1922-08-27
J. C. Keegan,L. G. Keegan,1952-02-21,1952-02-21
J. C. Frémont,J. B. Frémont,1813-01-21,1813-01-21
J. Buchan,"Susan Buchan, Baroness Tweedsmuir",1875-08-26,1875-08-26
J. Brewin,G. Brewin,1936-09-14,1936-09-14
J. Bidwell,A. Bidwell,1819-08-05,1819-08-05
J. Betts,D. Kellogg,1650-06-20,1650-06-20
J. B. Jr.,E. Lockwood,1692-11-17,1692-11-17
J. Benedict,J. Gregory,1649-02-06,1649-02-06
J. Belding,S. Hayes,1650-01-09,1650-01-09
J. Bartlett,T. Betts,1677-10-05,1677-10-05
J. B. Henderson,M. F. Henderson,1826-11-16,1826-11-16
J. Rau,C. Rau,1931-01-16,1931-01-16
J. Clark,M. McTeer,1939-06-05,1939-06-05
J. Bullock,H. Bullock,1955-04-13,1955-04-13
J. Appiah,P. Cripps,1918-11-16,1918-11-16
J. Crespo,J. Parejo,1841-08-22,1841-08-22
J. Campbell,G. Cressy,1948-03-25,1948-03-25
"Joan Walmsley, Baroness Walmsley","Martin Thomas, Baron Thomas of Gresford",1943-04-12,1943-04-12
J. Ruddock,F. Doran,1943-12-28,1943-12-28
J. Goulart,Maria Teresa Fontela Goulart,1918-03-01,1918-03-01
J. Figueiredo,D. Figueiredo,1918-01-15,1918-01-15
J. Thorn,M. Thorn,1882-06-01,1882-06-01
J. Sillars,M. MacDonald,1937-10-04,1937-10-04
J. McGreevey,D. M. McGreevey,1957-08-06,1957-08-06
J. Fitzpatrick,G. practitioner,1952-04-04,1952-04-04
J. Dowd,J. Anderson,1951-03-05,1951-03-05
J. Qing,T. Na,1914-03-19,1914-03-19
J. Fernandopulle,S. Fernandopulle,1953-01-11,1953-01-11
J. Norman,Née,1962-06-23,1962-06-23
J. Rawlings,Nana Konadu Agyeman Rawlings,1947-06-22,1947-06-22
J. Thorpe,M. Stein,1929-04-29,1929-04-29
J. Clarke,F. Latham,1605-12-01,1605-12-01
J. McAllister,J. Graham,1973-07-04,1973-07-04
J. Mossop,D. Betts,1960-1-1,1960-1-1
"Jennie Lee, Baroness Lee of Asheridge",A. Bevan,1904-11-03,1904-11-03
J. Adamson,W. M. Adamson,1882-05-09,1882-05-09
J. Bate,Z. Bate,1906-05-05,1906-05-05
J. McHugh,M. McHugh,1934-12-18,1934-12-18
J. D. Davis,T. M. Davis,1956-02-28,1956-02-28
J. Sauvé,M. Sauvé,1922-04-26,1922-04-26
J. Tiberi,X. Tiberi,1935-01-30,1935-01-30
J. Hay,D. Hay,1940-0-0,1940-0-0
"Jean Corston, Baroness Corston",P. Townsend,1942-05-05,1942-05-05
J. Carnahan,M. Carnahan,1933-12-20,1933-12-20
J. Stirbois,M. Stirbois,1945-01-30,1945-01-30
J. Germain,A. Hidalgo,1966-06-12,1966-06-12
J. Borloo,B. Schönberg,1951-04-07,1951-04-07
J. Bertrand,G. Bertrand,1916-06-20,1916-06-20
J. Duvalier,M. Bennett,1951-07-03,1951-07-03
Jayasudha,N. Kapoor,1958-12-17,1958-12-17
J. Malik-Yeganov,M. Bayramalibeyova,1878-1-1,1878-1-1
J. Jędrzejewicz,Cezaria Baudouin de Courtenay Ehrenkreutz Jędrzejewiczowa,1885-06-21,1885-06-21
J. Howard,J. Howard,1944-08-11,1944-08-11
"Jane Ewart-Biggs, Baroness Ewart-Biggs",C. Ewart-Biggs,1929-08-22,1929-08-22
J. Cobden,T. F. Unwin,1851-04-28,1851-04-28
J. Barton,E. Barton,1851-06-11,1851-06-11
J. Rokita,N. Rokita,1959-06-18,1959-06-18
J. Pullinger,D. Lovick,1947-1-1,1947-1-1
Jan Kappeyne van de Coppello,Bachelor,1822-10-02,1822-10-02
J. Raskin,S. B. Raskin,1962-12-13,1962-12-13
