col0,col1,col2,col3
J. Wilson,A. Wilson,1848-11-29,1848-11-29
"James Waldegrave, 2nd Earl Waldegrave",M. Walpole,1715-03-04,1715-03-04
J. P. Henderson,F. C. Henderson,1808-03-31,1808-03-31
J. McCombs,E. McCombs,1873-12-09,1873-12-09
J. Lockwood,S. Smith,1683-04-21,1683-04-21
J. Goldsmith,L. A. Goldsmith,1933-02-26,1933-02-26
J. E. Ferguson,M. A. Ferguson,1871-08-31,1871-08-31
J. C. Cleveland,H. Cleveland,1920-06-13,1920-06-13
J. B. Longley,H. Longley,1924-04-22,1924-04-22
J. Allen,M. P. Allen,1912-12-28,1912-12-28
J. Alexander,M. Alexander,1691-1-1,1691-1-1
J. Parizeau,L. Lapointe,1930-08-09,1930-08-09
J. Hébert,Marie Marguerite Françoise Hébert,1757-11-15,1757-11-15
Jacob De la Gardie,E. Brahe,1583-06-20,1583-06-20
J. B. Jackson,M. W. Jackson,1829-04-06,1829-04-06
J. Enrile,S. P. Enrile,1958-07-16,1958-07-16
J. Dromey,H. Harman,1948-09-21,1948-09-21
J. W. Fulbright,H. M. Fulbright,1905-04-09,1905-04-09
J. G. Smith,A. E. Smith,1818-07-22,1818-07-22
J. Kiedroń,Z. Kirkor-Kiedroniowa,1879-03-23,1879-03-23
I. Straus,I. Straus,1845-02-06,1845-02-06
Isabel Martínez de Perón,J. Perón,1931-02-04,1931-02-04
I. E. Crary,J. democracy,1804-10-02,1804-10-02
I. Robinson,P. Robinson,1949-09-06,1949-09-06
I. Baker,H. B. Sr.,1901-11-17,1901-11-17
"Irene Adams, Baroness Adams of Craigielea",A. Adams,1947-09-27,1947-09-27
I. Meta,M. Kryemadhi,1969-03-24,1969-03-24
I. Hatoyama,Y. Hatoyama,1918-06-27,1918-06-27
I. K. Acheampong,F. Acheampong,1931-09-23,1931-09-23
I. W. Jones,E. Llwyd,1949-05-22,1949-05-22
I. Copeland,Richard Ronald John Copeland,1875-1-1,1875-1-1
I. Hatoyama,K. Hatoyama,1883-01-01,1883-01-01
I. Nasir,N. Mohamed,1926-09-02,1926-09-02
I. Babangida,M. Babangida,1941-08-17,1941-08-17
I. Malcolm,J. Langtry,1868-09-03,1868-09-03
I. Deans,D. Deans,1937-08-16,1937-08-16
I. Coleman,S. Powell,1958-01-18,1958-01-18
I. K. Hicks,D. C. Florida,1881-02-20,1881-02-20
H. Mangakāhia,Meri Te Tai Mangakahia,1838-1-1,1838-1-1
H. Gibbs,Order of the British Empire,1902-11-22,1902-11-22
H. J. Flemming,A. M. Flemming,1899-01-05,1899-01-05
H. Gregg,C. Gregg,1917-11-22,1917-11-22
H. Hampton,S. Martel,1952-05-17,1952-05-17
H. A. Holt,I. W. Holt,1898-03-01,1898-03-01
H. Branting,A. Branting,1860-11-23,1860-11-23
H. Batchelder,C. California,1837-12-14,1837-12-14
H. Riipinen,H. Riipinen,1883-10-30,1883-10-30
Hilda González de Duhalde,E. Duhalde,1946-10-14,1946-10-14
H. Higashikokubaru,Divorce,1957-09-16,1957-09-16
H. G. Kump,Edna Hall Scott Kump,1877-10-31,1877-10-31
H. Overstreet,E. C. Georgia,1821-10-11,1821-10-11
H. M. Mathews,L. F. Mathews,1834-03-29,1834-03-29
H. L. III,Anne Hill Carter Lee,1756-01-29,1756-01-29
"Henry John Temple, 3rd Viscount Palmerston","Emily Lamb, Countess Cowper",1784-10-20,1784-10-20
H. D. Hatfield,"South Carolina ""Carrie"" Bronson Hatfield",1875-09-15,1875-09-15
H. Campbell-Bannerman,C. L. Campbell-Bannerman,1836-09-07,1836-09-07
"Henry Cadogan, Viscount Chelsea",T. Honourable,1868-06-13,1868-06-13
"Henry Brooke, Baron Brooke of Cumnor","Barbara Brooke, Baroness Brooke of Ystradfellte",1903-04-09,1903-04-09
H. Bonilla,Divorce,1954-01-02,1954-01-02
H. A. Blake,E. Blake,1840-01-08,1840-01-08
H. A. Smith,Lady May Abel Smith,1900-03-08,1900-03-08
H. Guergis,R. Jaffer,1969-02-19,1969-02-19
H. McElhone,F. McElhone,1933-04-10,1933-04-10
H. Kroger,M. Kroger,1959-03-11,1959-03-11
H. Coonan,A. Rogers,1947-10-29,1947-10-29
H. Berg,A. Berg,1932-07-15,1932-07-15
H. Parata,W. Gardiner,1958-11-01,1958-11-01
H. Hawke,B. Hawke,1929-07-20,1929-07-20
H. Hughes,P. D. Hughes,1926-11-13,1926-11-13
H. Harpham,G. Furniss,1954-02-21,1954-02-21
H. Reed,C. M. Reed,1813-08-26,1813-08-26
H. L. Ratwatte,Née,1900-0-0,1900-0-0
H. Nicolson,V. Sackville-West,1886-11-21,1886-11-21
"Harold Alexander, 1st Earl Alexander of Tunis","Margaret Alexander, Countess Alexander of Tunis",1891-12-10,1891-12-10
H. Hammami,R. Nasraoui,1952-01-08,1952-01-08
H. Sultanov,A. Sultanova,1889-05-26,1889-05-26
H. John Heinz III,T. Heinz,1938-10-23,1938-10-23
H. Mangakāhia,Meri Te Tai Mangakahia,1838-1-1,1838-1-1
G. Persson,A. Steen,1949-01-20,1949-01-20
G. Andrássy,K. Kendeffy,1823-03-03,1823-03-03
G. Dunwoody,J. Dunwoody,1930-12-12,1930-12-12
"Gwendolen Guinness, Countess of Iveagh","Rupert Guinness, 2nd Earl of Iveagh",1881-07-22,1881-07-22
"Guy Black, Baron Black of Brentwood",M. Bolland,1964-08-06,1964-08-06
G. R. Pinilla,C. C. Londoño,1900-03-12,1900-03-12
G. D. Ordaz,G. Borja,1911-03-12,1911-03-12
G. W. Wolff,Bachelor,1834-11-14,1834-11-14
G. a. Wetterstedt,Charlotta Aurora De Geer,1776-12-29,1776-12-29
G. Grewal,N. Grewal,1957-12-21,1957-12-21
G. L. Valencia,S. L. Navia,1909-04-27,1909-04-27
G. Endara,A. M. Díaz,1936-05-12,1936-05-12
G. Scafaru,Ciuciuleni,1905-1-1,1905-1-1
G. Vashadze,N. Ananiashvili,1958-07-19,1958-07-19
G. Brewin,J. Brewin,1938-12-23,1938-12-23
G. Pason,A. Pason,1966-04-19,1966-04-19
Government of Mir-Hossein Mousavi,Z. Rahnavard,1939-07-17,1939-07-17
G. Duttweiler,A. Duttweiler,1888-08-18,1888-08-18
G. Prentice,B. Prentice,1951-01-28,1951-01-28
G. Cressy,J. Campbell,1943-0-0,1943-0-0
G. Byron,B. Byron,1929-06-22,1929-06-22
G. A. Nikoi,A. Nikoi,1927-6-6,1927-6-6
G. Cunningham,S. B. Cunningham,1943-09-16,1943-09-16
G. Furniss,H. Harpham,1957-03-14,1957-03-14
G. Vargas,D. Vargas,1882-04-19,1882-04-19
G. Schwan,P. Eigen,1943-05-22,1943-05-22
G. Riesco,M. Errázuriz,1854-05-28,1854-05-28
G. Zamora,C. L. Abdala,1964-01-06,1964-01-06
G. Keddy,J. Streatch,1953-02-15,1953-02-15
G. Pyatakov,Y. Bosch,1890-08-18,1890-08-18
G. Papandreou,C. Andrianou,1888-02-13,1888-02-13
G. Vanier,P. Vanier,1888-04-23,1888-04-23
G. Clemenceau,M. Plummer,1841-09-28,1841-09-28
G. W. Collins,C. Collins,1925-03-05,1925-03-05
G. W. Bush,L. Bush,1946-07-06,1946-07-06
G. W. Atkinson,Myra Horner Camden Atkinson,1845-06-29,1845-06-29
G. Vasiliou,A. Vassiliou,1931-05-20,1931-05-20
G. Reid,F. Reid,1845-02-25,1845-02-25
G. Osborne,F. Osborne,1971-05-23,1971-05-23
G. Nigh,D. Nigh,1927-06-09,1927-06-09
G. McGovern,E. McGovern,1922-07-19,1922-07-19
G. L. Rockwell,M. Þ. Hallgrímsson,1918-03-09,1918-03-09
"George Curzon, 1st Marquess Curzon of Kedleston","Grace Curzon, Marchioness Curzon of Kedleston",1859-01-11,1859-01-11
G. Canning,"Joan Canning, 1st Viscountess Canning",1770-04-11,1770-04-11
G. C. Sibley,M. E. Sibley,1782-04-01,1782-04-01
G. Regan,K. Regan,1959-11-22,1959-11-22
G. Caperton,I. H. Caperton,1940-02-21,1940-02-21
G. Dissanayake,S. Dissanayake,1942-03-20,1942-03-20
G. Marius,Julia,-155-0-0,-155-0-0
G. Gago,P. Gago,1957-1-1,1957-1-1
G. Brodtmann,C. Uhlmann,1963-11-24,1963-11-24
G. G. Videla,R. Markmann,1898-11-22,1898-11-22
G. Persson,A. Steen,1949-01-20,1949-01-20
F. Houphouët-Boigny,M. Houphouët-Boigny,1905-10-18,1905-10-18
F. Ebert,L. Ebert,1871-02-04,1871-02-04
"Freeman Freeman-Thomas, 1st Marquess of Willingdon","Marie Freeman-Thomas, Marchioness of Willingdon",1866-09-12,1866-09-12
F. Due,Alethe Wilhelmine Georgine Sibbern,1796-04-14,1796-04-14
F. A. Pike,M. H. Pike,1816-12-09,1816-12-09
F. Thompson,J. K. Thompson,1942-08-19,1942-08-19
F. Nile,E. Nile,1934-09-15,1934-09-15
F. Baden,Divorce,1934-05-04,1934-05-04
F. Jonas,M. Jonas,1899-10-04,1899-10-04
F. McKenna,Née,1948-01-19,1948-01-19
F. L. Roberts,B. Roberts,1915-12-28,1915-12-28
F. Farrar,P. Farrar,1929-04-02,1929-04-02
F. Doran,J. Ruddock,1949-04-13,1949-04-13
F. Church,B. C. Church,1924-07-25,1924-07-25
F. S. López,E. Lynch,1826-7-24,1826-7-24
F. Pizarro,Q. Sisa,1478-3-16,1478-3-16
F. Morazán,M. J. Lastiri,1792-10-03,1792-10-03
F. F. Pérez,Lourdes Rodríguez de Flores,1959-10-17,1959-10-17
F. H. Fee,Pennsylvania,1850-0-0,1850-0-0
"Frances Davidson, Viscountess Davidson","J. C. C. Davidson, 1st Viscount Davidson",1894-05-29,1894-05-29
F. Smith,Divorce,1932-09-17,1932-09-17
F. K. Haskell,N. Totenberg,1916-02-07,1916-02-07
F. Bogado,A. Bortolozzi,1939-02-20,1939-02-20
F. R. Gibbs,W. B. Gibbs,1890-04-04,1890-04-04
F. P. Kahn,J. Kahn,1866-11-09,1866-11-09
F. Bjelke-Petersen,J. Bjelke-Petersen,1920-08-11,1920-08-11
F. Reid,G. Reid,1867-11-10,1867-11-10
F. Reinfeldt,F. Reinfeldt,1967-06-14,1967-06-14
F. Ramos,A. Ramos,1928-03-18,1928-03-18
Fiame Mata'afa Faumuina Mulinu'u II,L. F. Mata'afa,1921-08-05,1921-08-05
Fernando de la Rúa,I. P. Urien,1937-09-15,1937-09-15
Fernando Collor de Mello,R. Collor,1949-08-12,1949-08-12
F. Ashraff,M. H. M. Ashraff,1953-08-20,1953-08-20
F. Mádl,D. Mádl,1931-01-29,1931-01-29
F. Gyurcsány,K. Dobrev,1961-06-04,1961-06-04
