col0,col1,col2,col3
B. Mulroney,M. Mulroney,1939-03-20,1939-03-20
B. Faulkner,L. Faulkner,1921-02-18,1921-02-18
"Brenda Dean, Baroness Dean of Thornton-le-Fylde",Order of the British Empire,1943-04-29,1943-04-29
B. Peper,N. Kroes,1940-02-13,1940-02-13
B. Yeltsin,N. Yeltsina,1931-02-01,1931-02-01
B. Wieniawa-Długoszowski,B. Wieniawa-Długoszowska,1881-07-22,1881-07-22
B. Matsui,D. Matsui,1941-09-17,1941-09-17
B. Vela,F. V. Sr.,1936-05-27,1936-05-27
B. Bayh,M. Bayh,1928-01-22,1928-01-22
B. Waller,C. Waller,1926-10-21,1926-10-21
B. Luther,D. Luther,1945-06-27,1945-06-27
B. Emerson,J. A. Emerson,1938-01-01,1938-01-01
B. Clinton,H. Clinton,1946-08-19,1946-08-19
B. Byron,G. Byron,1932-07-27,1932-07-27
B. Desjarlais,B. Desjarlais,1955-08-19,1955-08-19
B. Chew,L. G. Eng,1964-08-15,1964-08-15
B. Gorton,J. Gorton,1915-06-23,1915-06-23
B. Rivadavia,Juana del Pino y Vera Mujica,1780-05-20,1780-05-20
B. Sévigny,M. Bibeau,1961-12-18,1961-12-18
B. Landry,C. Renaud,1937-03-09,1937-03-09
B. Mkapa,A. Mkapa,1938-11-12,1938-11-12
B. Disraeli,M. A. Disraeli,1804-12-21,1804-12-21
B. Butler,S. H. Butler,1818-11-05,1818-11-05
B. S. Calvert,E. Calvert,1722-01-27,1722-01-27
"Benedict Calvert, 4th Baron Baltimore","Charlotte Lee, Lady Baltimore",1679-03-21,1679-03-21
B. Mboi,N. Mboi,1935-05-22,1935-05-22
B. Storer,Maria Longworth Nichols Storer,1847-08-28,1847-08-28
B. Betancur,Rosa Helena Álvarez Yepes,1923-02-04,1923-02-04
B. Stronach,J. O. Koss,1966-05-02,1966-05-02
B. Neal,J. D. Bosca,1963-01-10,1963-01-10
B. Vaea,B. T. Vaea,1921-05-15,1921-05-15
B. Rosenkranz,H. Rosenkranz,1958-07-20,1958-07-20
B. Pollastrini,I. Sanpaolo,1947-09-30,1947-09-30
B. Hogan,A. Kathrada,1952-02-28,1952-02-28
B. Follett,K. Follett,1942-12-25,1942-12-25
B. Ayrton-Gould,G. Gould,1886-06-01,1886-06-01
B. Obama,M. Obama,1961-08-04,1961-08-04
B. Silpa-archa,J. Silpa-archa,1932-08-19,1932-08-19
B. Muluzi,A. C. Muluzi,1943-03-17,1943-03-17
B. Gemayel,S. Gemayel,1947-11-10,1947-11-10
B. Fashola,A. Fashola,1963-06-28,1963-06-28
B. U,B. name,1887-05-26,1887-05-26
B. J. Habibie,H. A. Habibie,1936-06-25,1936-06-25
B. C. Reece,L. G. Reece,1889-12-22,1889-12-22
B. Ecevit,R. Ecevit,1925-05-28,1925-05-28
A. Sultanova,H. Sultanov,1895-1-1,1895-1-1
A. Albu,M. Jahoda,1903-09-21,1903-09-21
A. San,K. Kyi,1915-02-13,1915-02-13
A. l. Torre,A. Guzmán,1946-0-0,1946-0-0
A. Abbott,H. Abbott,1886-05-04,1886-05-04
A. Sediqi,M. Rajai,1943-09-02,1943-09-02
A. Mohajerani,J. Kadivar,1954-07-23,1954-07-23
A. Horn,M. Gyllenstierna,1664-04-06,1664-04-06
A. R. Atkinson,L. Atkinson,1863-08-05,1863-08-05
A. I. Boreman,Laurane Tanner Bullock Boreman,1823-07-24,1823-07-24
A. Damude,"Canadian federal election, 1940",1889-10-15,1889-10-15
A. Chung,D. Chung,1918-01-10,1918-01-10
A. Phillips,C. Taylor,1930-09-12,1930-09-12
A. Arias,M. Moscoso,1901-08-15,1901-08-15
A. Carlson,B. Carlson,1934-09-24,1934-09-24
A. T. Allen,D. o. Medicine,1910-12-27,1910-12-27
A. B. Fleming,C. W. Fleming,1839-10-15,1839-10-15
"Archibald Primrose, 5th Earl of Rosebery","Hannah Primrose, Countess of Rosebery",1847-05-07,1847-05-07
Archduke Rainer Ferdinand of Austria,Archduchess Maria Karoline of Austria,1827-01-11,1827-01-11
A. A. Vilá,L. Gándara,1962-02-13,1962-02-13
A. Ratwatte,Née,1938-07-14,1938-07-14
A. Saca,Ana Ligia Mixco Sol de Saca,1965-3-9,1965-3-9
A. Bibesco,E. Asquith,1878-07-19,1878-07-19
A. Weiner,H. Abedin,1964-09-04,1964-09-04
A. Garotinho,R. Garotinho,1960-04-18,1960-04-18
