col0,col1,col2,col3
A. L. Michelsen,C. C. Blanco,1913-06-30,1913-06-30
A. Pendarves,M. Delany,1662-11-11,1662-11-11
A. F. Molamure,A. Meedeniya,1888-0-0,1888-0-0
A. Bustamante,G. Bustamante,1884-02-24,1884-02-24
A. Ignatiev,C. S. Ignatyeva,1842-05-22,1842-05-22
A. S. Potocki,A. Tyszkiewicz,1778-05-15,1778-05-15
A. L. Camargo,B. P. Martínez,1906-07-03,1906-07-03
A. R. Thomas,L. M. Thomas,1898-04-12,1898-04-12
A. J. Beveridge,C. E. Beveridge,1862-10-06,1862-10-06
A. G. Sr.,P. L. Gore,1907-12-26,1907-12-26
A. G. Simms,R. H. McCormick,1882-10-08,1882-10-08
A. B. White,A. W. White,1856-09-22,1856-09-22
A. Simpson,P. Quiviger,1948-09-20,1948-09-20
A. Keen,A. Keen,1937-11-25,1937-11-25
A. Sarkar,M. Sarkar,1947-0-0,1947-0-0
A. Neave,"Diana Neave, Baroness Airey of Abingdon",1916-01-23,1916-01-23
A. Erlander,T. Erlander,1902-09-28,1902-09-28
A. T. Ali,V. Ali,1966-09-30,1966-09-30
A. Osman,Princess Lalla Nuzha of Morocco,1930-01-03,1930-01-03
A. Kathrada,B. Hogan,1929-08-21,1929-08-21
A. T. Kabbah,P. Kabbah,1932-02-16,1932-02-16
A. Taylor,A. Hoagland,1821-10-02,1821-10-02
A. Clarkson,J. R. Saul,1939-02-10,1939-02-10
A. Bortolozzi,F. Bogado,1949-03-01,1949-03-01
