col0,col1,col2,col3
A. Dix,R. Saklikar,1964-04-20,1964-04-20
A. L. Mateos,E. Sámano,1909-05-26,1909-05-26
A. Ames,B. B. Ames,1835-10-31,1835-10-31
A. Pankhurst,T. Walsh,1885-06-19,1885-06-19
Adam Clayton Powell Jr.,H. Scott,1908-11-29,1908-11-29
A. Watson,C. Watson,1855-02-04,1855-02-04
A. Occhetto,E. K. Bove,1936-03-03,1936-03-03
A. Hoagland,A. Taylor,1797-03-24,1797-03-24
A. A. Ribicoff,C. Ribicoff,1910-04-09,1910-04-09
A. Guzmán,A. l. Torre,1934-12-03,1934-12-03
A. Wahid,S. Nuriyah,1940-09-07,1940-09-07
A. Y. Ahmed,H. A. Samatar,1934-12-15,1934-12-15
A. N. R. Robinson,P. Robinson,1926-12-16,1926-12-16
İ. İnönü,M. İnönü,1884-09-24,1884-09-24
Á. Uribe,Lina María Moreno Mejía,1952-07-04,1952-07-04
