col0,col1,col2,col3
Biblis Nuclear Power Plant,1969,55101600000000000,2525000000
Berkshire Wind Power Project,2009,189000000000000,15000000
Belleville Nuclear Power Plant,1980,57740400000000000,2726000000
Bavaria Solarpark,2004,39060000000000,10080000
Bailianhe Pumped Storage Power Station,2004,3481200000000000,1200000000
Bahçe Wind Farm,2008,1800000000000000,135000000
Avenal Solar Facility,2010,208800000000000,57700000
Aura Hydroelectric Power Station,1913,6393600000000000,290000000
Alamosa Solar Generating Project,2011,315194400000000,37000000
Ain Beni Mathar Integrated Thermo Solar Combined Cycle Power Plant,2008,12736800000000000,472000000
