col0,col1,col2,col3,col4,col5,col6
W. B. Williams,"New York, New York",Babylon,1923-08-06,1923-08-06,William Breitbard,1986-08-03
V. Corea,New Malden,"Kurana, Sri Lanka",1927-09-11,1927-09-11,Hector Vernon Ivan Corea,2002-09-23
T. Tevan,Canada,"Kingston, Ontario",1933-03-01,1933-03-01,"Theodore ""Oral"" Tevan",2011-08-12
T. Quillin,Las Vegas Valley,Oklahoma City,1930-02-17,1930-02-17,Theodore Quillin,2011-04-20
S. Capen,Massachusetts,United States,1946-02-28,1946-02-28,Stephen Harold Capen,2005-09-12
R. Lyons,Cincinnati,Cincinnati,1905-10-04,1905-10-04,Ruth Evelyn Reeves,1988-11-07
R. Leonard,"Evanston, Illinois","Redwood Falls, Minnesota",1931-01-19,1931-01-19,LeRoy Stewart Leonard,2014-09-04
R. Kool,Canada,Singapore,1954-1-1,1954-1-1,Roger Kiew,2005-10-31
R. W. Morgan,"Tarzana, California","Galion, Ohio",1937-07-23,1937-07-23,Robert Wilbur Morgan,1998-05-22
R. Rayner,"Fort Myers, Florida",New York City,1919-07-23,1919-07-23,Raymond M. Rahner,2004-01-21
P. Greene,United States,United States,1931-01-23,1931-01-23,"Ralph Waldo Greene, Jr.",1984-01-10
P. Harvey,"Phoenix, Arizona","Tulsa, Oklahoma",1918-09-04,1918-09-04,Paul Harvey Aurandt,2009-02-28
N. Rogers,"Broward County, Florida","Rochester, New York",1942-11-05,1942-11-05,Nelson Roger Behelfer,2010-12-24
M. Dickin,Cornwall,"Reading, Berkshire",1943-09-28,1943-09-28,Robert Michael Dickin,2006-12-18
K. K. Rike,Norway,Norway,1944-07-12,1944-07-12,Kjell Kristian Rike,2008-05-19
K. Kraddick,"Gretna, Louisiana","Napoleon, Ohio",1959-08-22,1959-08-22,David Peter Cradick,2013-07-27
K. Prewitt,Manhattan,"Washington, D.C.",1946-12-14,1946-12-14,Kenneth Bernard Prewitt,2015-04-11
K. Keech,New York,Honolulu,1895-06-28,1895-06-28,Kelvin Kirkwood Keech,1977-05-22
K-Swift,Baltimore,Baltimore,1978-10-19,1978-10-19,Khia Danielle Edgerton,2008-07-21
J. Watt,Brighton,"Blackheath, London",1901-10-27,1901-10-27,John Ernest Watt,1960-02-23
J. Peel,Cusco,Heswall,1939-08-30,1939-08-30,John Robert Parker Ravenscroft,2004-10-25
J. Gilliland,"Quanah, Texas","Quanah, Texas",1935-10-18,1935-10-18,"John Sanford Gilliland, Jr.",1998-07-27
J. Dease,Sydney,Bhamo,1906-05-26,1906-05-26,Conly John Paget Dease,1979-02-01
