col0,col1,col2,col3
Cycas micronesica,Cycas,IUCN3.1,EN
Cycas debaoensis,Cycas,iucn3.1,CR
Cycas circinalis,Cycas,IUCN3.1,EN
Cycas changjiangensis,Cycas,IUCN3.1,EN
Cycas chamaoensis,Cycas,IUCN3.1,CR
Cycas canalis,Cycas,IUCN3.1,LC
Cycas campestris,Cycas,IUCN3.1,NT
Cycas calcicola,Cycas,IUCN3.1,LC
Cycas cairnsiana,Cycas,IUCN3.1,NT
Cycas brunnea,Cycas,IUCN3.1,NT
Cycas brachycantha,Cycas,IUCN2.3,LR/nt
Cycas bougainvilleana,Cycas,IUCN3.1,NT
Cycas beddomei,Cycas,IUCN3.1,en
Cycas basaltica,Cycas,IUCN3.1,LC
Cycas balansae,Cycas,IUCN2.3,LR/nt
Cycas badensis,Cycas,IUCN3.1,NT
