col0,col1,col2,col3
G. Riesco,M. Errázuriz,1916-12-08,1854-05-28
G. G. Videla,R. Markmann,1980-08-22,1898-11-22
F. Houphouët-Boigny,M. Houphouët-Boigny,1993-12-07,1905-10-18
F. Ebert,L. Ebert,1925-02-28,1871-02-04
F. Jonas,M. Jonas,1974-04-24,1899-10-04
F. S. López,E. Lynch,1870-03-01,1826-7-24
F. Morazán,M. J. Lastiri,1842-09-15,1792-10-03
F. F. Pérez,Lourdes Rodríguez de Flores,2016-01-30,1959-10-17
F. Mádl,D. Mádl,2011-05-29,1931-01-29
F. E. Zañartu,E. Echaurren,1877-07-20,1825-04-25
F. E. Echaurren,G. Echenique,1901-07-12,1850-11-16
F. E. Zañartu,E. Echaurren,1877-07-20,1825-04-25
F. E. Echaurren,G. Echenique,1901-07-12,1850-11-16
F. Houphouët-Boigny,M. Houphouët-Boigny,1993-12-07,1905-10-18
E. Perón,J. Perón,1952-07-26,1919-05-07
E. Honecker,M. Honecker,1994-05-29,1912-08-25
E. G. Médici,S. Médici,1985-10-09,1905-12-04
E. Hácha,M. Háchová,1945-06-27,1872-07-12
E. G. Médici,S. Médici,1985-10-09,1905-12-04
E. Lynch,F. S. López,1886-07-27,1833-11-19
