col0,col1,col2,col3
E. Santos,L. V. Restrepo,1974-03-27,1888-08-28
Early life and career of Suharto,S. Hartinah,2008-01-27,1921-06-08
D. Dudayev,A. Dudaeva,1996-04-21,1944-02-15
Duke Adolf Friedrich of Mecklenburg,Princess Elisabeth of Stolberg-Rossla,1969-08-05,1873-10-10
D. F. Sarmiento,B. M. Pastoriza,1888-09-11,1811-02-15
D. Macapagal,E. Macapagal,1997-04-21,1910-09-28
C. Kai-shek,C. Jieru,1975-04-05,1887-10-31
C. Ching-kuo,C. Fang-liang,1988-01-13,1910-04-27
C. Jagan,J. Jagan,1997-03-06,1918-03-22
C. Weizmann,V. Weizmann,1952-1-19,1874-11-27
C. Herzog,A. Herzog,1997-04-17,1918-09-17
C. Dávila,H. Arrate,1955-10-19,1887-09-15
C. A. Pérez,B. Rodriguez,2010-12-25,1922-10-27
C. Banana,J. Banana,2003-11-10,1936-03-05
B. F. Straub,G. Szabolcsi,1996-02-15,1914-01-05
B. Carranza,G. Montealegre,1891-01-25,1822-10-05
B. F. Straub,G. Szabolcsi,1996-02-15,1914-01-05
B. Yeltsin,N. Yeltsina,2007-04-23,1931-02-01
B. Wieniawa-Długoszowski,B. Wieniawa-Długoszowska,1942-07-01,1881-07-22
B. Rivadavia,Juana del Pino y Vera Mujica,1845-09-02,1780-05-20
B. Gemayel,S. Gemayel,1982-09-14,1947-11-10
