col0,col1,col2,col3
B. U,B. name,1963-11-09,1887-05-26
A. Chung,D. Chung,2008-06-23,1918-01-10
A. Arias,M. Moscoso,1988-08-10,1901-08-15
A. Bonifacio,G. d. Jesús,1897-05-10,1863-11-30
A. S. Debayle,H. Portocarrero,1980-09-17,1925-12-05
A. Kabua,E. Kabua,1996-12-20,1928-11-17
A. Koroma,S. Koroma,2012-07-06,1932-06-27
A. L. Michelsen,C. C. Blanco,2007-07-11,1913-06-30
A. L. Camargo,B. P. Martínez,1990-01-04,1906-07-03
A. T. Kabbah,P. Kabbah,2014-03-13,1932-02-16
A. L. Mateos,E. Sámano,1969-09-22,1909-05-26
A. Wahid,S. Nuriyah,2009-12-30,1940-09-07
A. Y. Ahmed,H. A. Samatar,2012-03-23,1934-12-15
A. N. R. Robinson,P. Robinson,2014-04-09,1926-12-16
İ. İnönü,M. İnönü,1973-12-25,1884-09-24
