col0,col1,col2,col3
I. B. Kargbo,Sierra Leone,Sierra Leone,1944-10-18
H. L. Tucker,Sierra Leone,"Bo, Sierra Leone",1968-12-13
H. A. Kabba,Sierra Leone,Sierra Leone,1953-07-02
G. Alafouzos,Greece,Athens,2000-1-1
G. Q. Khan,Balochistan,Balochistan,1922-0-0
G. M. Baloch,Balochistan,Balochistan,1959-01-01
G. W. Bush,"New Haven, Connecticut",Dallas,1946-07-06
G. P. Gordillo,Colombia,Colombia,1910-03-08
F. I. Madero,Coahuila,Coahuila,1873-10-30
Fernando Collor de Mello,Brazil,Alagoas,1949-08-12
D. Filfred,Colorado,"Aneth, Utah",1967-1-1
D. Ikeda,Japan,Japan,1928-01-02
C. Nomee,"Crow Agency, Montana","Lodge Grass, Montana",1938-05-12
C. Thorpe,Sierra Leone,Sierra Leone,1955-1-1
C. Spence,England,Toronto,1962-1-1
C. Hartcher,"North Sydney, New South Wales",Wamberal,1946-12-21
C. M. Bah,Sierra Leone,Sierra Leone,1972-04-29
C. Shui-bian,Taiwan,Kaohsiung,1950-10-12
C. Margai,Bonthe,"Bo, Sierra Leone",1945-08-19
C. D. Diallo,Guinea,Guinea,1952-02-03
B. Jabbi,Sierra Leone,Sierra Leone,1945-05-07
B. Petković,Belgrade,Belgrade,1948-09-26
B. Davis,Ontario,Ontario,1929-07-30
B. Clements,Dallas,Texas,1917-04-13
