col0,col1,col2,col3,col4,col5,col6
G. Acerbo,University of Pisa,Italians,Italy,1888-07-25,1888-07-25,1969-01-09
G. Pyatakov,Saint Petersburg University,Ukrainian Soviet Socialist Republic,Moscow,1890-08-18,1890-08-18,1937-01-30
G. Brizan,University of Calgary,Grenada,Grenada,1942-10-31,1942-10-31,2012-02-18
F. Mancuso,University of Palermo,Italians,Italy,1922-07-22,1922-07-22,2011-05-30
D. Grandi,University of Bologna,Italians,Bologna,1895-06-04,1895-06-04,1988-05-21
D. Manin,University of Padua,Italians,Paris,1804-05-13,1804-05-13,1857-09-22
Carlo Bon Compagni di Mombello,University of Turin,Italy,Turin,1804-07-25,1804-07-25,1880-12-14
B. Martos,Kharkiv University,Ukrainian Soviet Socialist Republic,United States,1879-05-20,1879-05-20,1977-10-19
B. Stürmer,Saint Petersburg State University,Russian people,Saint Petersburg,1848-07-27,1848-07-27,1917-09-02
B. Swe,Yangon University,Myanmar,Myanmar,1915-10-17,1915-10-17,1987-12-06
A. Călinescu,University of Paris,Romania,Bucharest,1893-06-04,1893-06-04,1939-09-21
A. Margaryan,State Engineering University of Armenia,Armenia,Yerevan,1951-06-12,1951-06-12,2007-03-25
A. Moro,Università degli studi di Bari Aldo Moro,Italians,Lazio,1916-09-23,1916-09-23,1978-05-09
A. D. Gasperi,University of Vienna,Italians,Italy,1881-04-03,1881-04-03,1954-08-19
