col0,col1,col2,col3
Cycas arnhemica,Cycas,IUCN3.1,LC
Cycas armstrongii,Cycas,IUCN3.1,VU
Cycas arenicola,Cycas,IUCN3.1,NT
Cycas apoa,Cycas,IUCN3.1,NT
Cycas annaikalensis,Cycas,IUCN3.1,CR
Cycas angulata,Cycas,IUCN3.1,LC
Cycas aculeata,Cycas,IUCN3.1,VU
Ceratozamia zaragozae,Zamiaceae,IUCN3.1,CR
Ceratozamia whitelockiana,Zamiaceae,IUCN3.1,EN
Ceratozamia sabatoi,Zamiaceae,IUCN3.1,EN
Ceratozamia robusta,Zamiaceae,IUCN3.1,EN
Ceratozamia norstogii,Zamiaceae,IUCN3.1,EN
Ceratozamia morettii,Zamiaceae,IUCN3.1,EN
Ceratozamia mixeorum,Zamiaceae,IUCN3.1,EN
