col0,col1,col2,col3,col4
N. d. Jong,Apeldoorn,Netherlands,1887-06-10,1887-06-10
N. v. Gageldonk,Breda,Klundert,1913-05-26,1913-05-26
N. Lauredi,France,Italy,1924-10-05,1924-10-05
N. Ciaccheri,Florence,Italy,1893-09-08,1893-09-08
N. Butler,"Revere, Massachusetts","Halifax, Nova Scotia",1870-01-06,1870-01-06
N. Mora,Colombia,Bogotá,1963-09-20,1963-09-20
M. Mazūrs,Latvia,Latvia,1908-02-28,1908-02-28
M. E. Gourch,Morocco,Casablanca,1936-01-11,1936-01-11
M. Vymazal,Bratislava,Bratislava,1952-04-09,1952-04-09
M. Hrazdíra,Czechoslovakia,Czechoslovakia,1945-11-23,1945-11-23
M. Gambrill,Kingston upon Thames,Brighton,1935-08-23,1935-08-23
M. Sevillano,Argentina,Argentina,1928-10-16,1928-10-16
M. Poblet,Barcelona,Spain,1928-03-18,1928-03-18
M. Espinós,Badalona,Tivenys,1947-01-12,1947-01-12
M. Bover,"Palma, Majorca",Spain,1928-02-14,1928-02-14
M. Wilczewski,"Cocoa Beach, Florida",Poland,1932-10-30,1932-10-30
M. Kapiak,Poland,Poland,1911-08-15,1911-08-15
M. Wilczewski,"Cocoa Beach, Florida",Poland,1932-10-30,1932-10-30
M. Kapiak,Poland,Poland,1911-08-15,1911-08-15
M. Orecchia,Italy,France,1903-12-26,1903-12-26
M. Mara,Milan,Busto Arsizio,1903-10-02,1903-10-02
M. Gismondi,Montegranaro,Montegranaro,1931-06-11,1931-06-11
M. Fanini,Italy,Italy,1973-03-23,1973-03-23
M. Zanoli,Amsterdam,Amsterdam,1968-01-10,1968-01-10
M. Rousseau,Saint-Yrieix-la-Perche,Paris,1936-02-05,1936-02-05
M. Frédérick,France,Switzerland,1872-11-06,1872-11-06
M. D'Hooghe,Lokeren,Zele,1912-02-19,1912-02-19
M. Walker,Dublin,Ireland,1885-08-13,1885-08-13
M. Rowley,"Maffra, Victoria","Maffra, Victoria",1923-05-29,1923-05-29
M. Bulla,Austria,Austria,1905-09-26,1905-09-26
M. Bléneau,La Roche-sur-Yon,La Roche-sur-Yon,1934-01-22,1934-01-22
M. Schilles,Suresnes,Puteaux,1888-2-25,1888-2-25
M. Raes,Belgium,Belgium,1907-01-17,1907-01-17
M. Perrin,France,France,1911-10-26,1911-10-26
M. Peeters,Netherlands,Antwerp,1882-05-05,1882-05-05
M. Mollin,Belgium,Antwerp,1924-05-06,1924-05-06
M. Meersman,Belgium,Belgium,1922-02-17,1922-02-17
M. Gillen,Luxembourg,France,1895-07-25,1895-07-25
M. Garin,France,Arvier,1871-03-03,1871-03-03
M. Diot,Migennes,France,1922-06-13,1922-06-13
M. Desimpelaere,Wevelgem,Ledegem,1920-5-28,1920-5-28
M. D. Waele,Belgium,Belgium,1896-12-27,1896-12-27
M. D. Muer,Seillans,France,1921-10-04,1921-10-04
M. Brocco,Mûrs-Erigné,Fismes,1883-01-28,1883-01-28
M. Blomme,Belgium,Belgium,1926-10-29,1926-10-29
M. Bardonneau,Issy-les-Moulineaux,"Saint-Maurice, Val-de-Marne",1885-05-22,1885-05-22
M. Archambaud,France,France,1906-08-30,1906-08-30
M. Pronk,Warmenhuizen,"'t Zand, Schagen",1947-03-27,1947-03-27
M. Quoidbach,Belgium,Belgium,1873-09-21,1873-09-21
M. Cordang,Swalmen,Netherlands,1869-12-26,1869-12-26
M. Clemens,Bettembourg,Luxembourg,1915-08-08,1915-08-08
M. Thomson,"Des Plaines, Illinois","Chicago, Illinois",1923-01-26,1923-01-26
M. Vlietman,Amsterdam,Amsterdam,1900-06-25,1900-06-25
M. Wierstra,Amsterdam,Amsterdam,1928-05-29,1928-05-29
M. Sæterhaug,Norway,Norway,1882-08-13,1882-08-13
M. McKay,"Allentown, Pennsylvania",Belfast,1937-06-05,1937-06-05
M. Taylor,Chicago,Indiana,1878-11-26,1878-11-26
M. Whitehead,Texas,"Bell, California",1961-02-14,1961-02-14
M. Bonnet,France,France,1921-10-12,1921-10-12
M. Vicini,Italy,Italy,1913-02-21,1913-02-21
M. Vallotto,Italy,Italy,1933-11-18,1933-11-18
M. Ricci,Italy,Italy,1914-08-13,1914-08-13
M. Mathieu,Argentina,Argentina,1917-01-19,1917-01-19
M. Gentili,Rome,Italy,1913-01-31,1913-01-31
M. Fazio,Catania,Catania,1919-07-26,1919-07-26
M. Bruschera,Milan,Italy,1887-04-16,1887-04-16
M. Morettini,Italy,Italy,1931-01-02,1931-01-02
M. Rojas,Spain,Spain,1973-06-12,1973-06-12
M. Díaz,Madrid,Spain,1939-09-17,1939-09-17
M. Cañardo,Barcelona,Spain,1906-02-05,1906-02-05
M. Kegel,Poland,Poland,1945-05-25,1945-05-25
M. Galiński,Poland,Poland,1974-08-01,1974-08-01
