col0,col1,col2,col3,col4,col5
Something Anything,Emery Dobyns,Travis,Travis,Song to Self,Something Anything
Something About the Way You Look Tonight,Chris Thomas,Elton John,Elton John,Candle in the Wind 1997,""""
Something,Yoo Young-jin,TVXQ,TVXQ,Hide & Seek,"""Hide & Seek"" (Japan)"
Something,George Martin,The Beatles,The Beatles,Let It Be,"""Come Together"""
Someone like You,Van Morrison,Van Morrison,Van Morrison,Queen of the Slipstream,"""Someone Like You"""
Somebody to Love,Stereotypes,Justin Bieber,Justin Bieber,U Smile,"""Never Say Never"""
Some of the Places I Know,Gil Norton,Gyroscope,Gyroscope,Baby I'm Getting Better,Some of the Places I Know
Some Girls,Mickie Most,Racey,Racey,Boy Oh Boy,"""Some Girls"""
Solid Gold Easy Action,Tony Visconti,T.Rex,T.Rex,20th Century Boy,"""Solid Gold Easy Action"""
Solar System,Brian Wilson,The Beach Boys,The Beach Boys,Peggy Sue,"""Honkin' Down the Highway"""
Soily,Paul McCartney,Wings,Wings,Mull of Kintyre,"""Maybe I'm Amazed"""
So Doggone Lonesome,Sam Phillips,Johnny Cash,Johnny Cash,I Walk the Line,"""Folsom Prison Blues"""
Snuff,Slipknot,Slipknot,Slipknot,The Negative One,"""Snuff"""
Snakeskin,Dave Eringa,Gyroscope,Gyroscope,1981,"""Snakeskin"""
Smackwater Jack,Lou Adler,Carole King,Carole King,Sweet Seasons,"""So Far Away"""
"Slowly, Slowly",Bob Mould,Magnapop,Magnapop,Lay It Down,"""Slowly, Slowly"""
Sleep When I'm Dead,Robert Smith,The Cure,The Cure,The Perfect Boy,"""Sleep When I'm Dead"" (Mix 13)"
Sky Pilot,Tom Wilson,Eric Burdon & The Animals,Eric Burdon & The Animals,White Houses,"""Sky Pilot (Part One)"""
Six Ribbons,Jon English,Jon English,Jon English,Get Your Love Right,"""Six Ribbons"""
Six More Miles,Fred Rose,Hank Williams,Hank Williams,A Mansion on the Hill,"""I Saw the Light"""
Situation,Daniel Miller,Yazoo,Yazoo,The Other Side of Love,"""Only You"""
"Sisters, O Sisters",John Lennon,Yoko Ono,Yoko Ono,Mind Games,"""Woman Is the Nigger of the World"" (John Lennon)"
Sinking Ships,Bee Gees,Bee Gees,Bee Gees,The Singer Sang his Song,"""Words"""
Sing a Simple Song,Sly Stone,Sly and the Family Stone,Sly and the Family Stone,I Want to Take You Higher,"""Everyday People"""
Since I Don't Have You,Guns N' Roses,Guns N' Roses,Guns N' Roses,Sympathy for the Devil,"""Since I Don't Have You"""
Silent Majority,Yasushi Akimoto,Keyakizaka46,Keyakizaka46,Sekai ni wa Ai Shika Nai,"""Silent Majority"""
Silent All These Years,Tori Amos,Tori Amos,Tori Amos,China,"""Me and a Gun"""
Shut Down,Nik Venet,The Beach Boys,The Beach Boys,Surfer Girl,"""Surfin' U.S.A."""
Short Cut,Tsunku,Angerme,Angerme,Koi ni Booing Boo!,"""Short Cut"""
Shock Your Mama,Deborah Gibson,Deborah Gibson,Deborah Gibson,How Can This Be,(London Apprentice Edit/3:14)
She Thinks I Still Care,Pappy Daily,Connie Francis,Connie Francis,Son of a Rotten Gambler,"""I Was Such a Fool (To Fall in Love with You)"""
She Knows Me Too Well,Brian Wilson,The Beach Boys,The Beach Boys,"Dance, Dance, Dance","""When I Grow Up (To Be a Man)"""
She Is Love,Oasis,Oasis,Oasis,Songbird,"""Little by Little"""
She Drives Me Crazy,Fine Young Cannibals,Fine Young Cannibals,Fine Young Cannibals,Good Thing,"""She Drives Me Crazy"""
She Don't Care About Time,Terry Melcher,The Byrds,The Byrds,Set You Free This Time,"""Turn! Turn! Turn!"""
She Called Up,Steve Lillywhite,Crowded House,Crowded House,Pour Le Monde,"""She Called Up"""
She Belongs to Me,Tom Wilson,Bob Dylan,Bob Dylan,Maggie's Farm,"""Subterranean Homesick Blues"""
She's a Woman,George Martin,The Beatles,The Beatles,Ticket to Ride,"""I Feel Fine"""
She's Got Everything,Ray Davies,The Kinks,The Kinks,Plastic Man,"""Days"""
Shame for You,Blair MacKichan,Lily Allen,Lily Allen,Oh My God,"""Alfie"""
Shake Your Love,Fred Zarr,Debbie Gibson,Debbie Gibson,Out of the Blue,Vocal (3:46)
Shadows on the Mountainside,Ed Stasium,The Tea Party,The Tea Party,Sister Awake,Shadows on the Mountainside
Seven Stones,John Anthony,Genesis,Genesis,Supper's Ready,"""Happy the Man"""
Seven Seas,Echo & the Bunnymen,Echo & the Bunnymen,Echo & the Bunnymen,Bring on the Dancing Horses,"""Seven Seas"" / ""All You Need Is Love"""
Seven Bridges Road,Bill Szymczyk,Eagles,Eagles,Get Over It,"""Do I Love You Enough"""
Selfish Jean,Nigel Godrich,Travis,Travis,My Eyes,"""Selfish Jean"""
See What a Fool I've Been,Queen,Queen,Queen,Killer Queen,"""Seven Seas of Rhye"""
Secular Haze,Klas Åhlund,Ghost,Ghost,Year Zero,"""Secular Haze"""
Secret Garden,Bruce Springsteen,Bruce Springsteen,Bruce Springsteen,Hungry Heart,"""Secret Garden"""
Seasons of My Heart,Pappy Daily,George Jones,George Jones,What Am I Worth,"""Why Baby Why"""
Seamus,Pink Floyd,Pink Floyd,Pink Floyd,Free Four,"""One of These Days"" (Japanese single)"
Se a vida é,Pet Shop Boys,Pet Shop Boys,Pet Shop Boys,Single-Bilingual,"""To Step Aside"" (US)"
Science Fiction,Mark Opitz,Divinyls,Divinyls,Siren,"""Science Fiction"""
Say a Prayer,Shep Pettibone,Taylor Dayne,Taylor Dayne,Whatever You Want,"""Say a Prayer"" (Morales Mix)"
Say You'll Be Mine,Pete Waterman,Steps,Steps,Deeper Shade of Blue,"""Better the Devil You Know"""
Satisfied,Richard Marx,Richard Marx,Richard Marx,Right Here Waiting,Satisfied
Sanity,Chris Kimsey,Killing Joke,Killing Joke,America,"""Sanity"""
Sanctuary,Will Malone,Iron Maiden,Iron Maiden,Women in Uniform,"""Prowler"" (Dutch 12"" only)"
Sanctify Yourself,Jimmy Iovine,Simple Minds,Simple Minds,All the Things She Said,"""Sanctify Yourself"""
Sally G,Paul McCartney,Paul McCartney and Wings,Paul McCartney and Wings,Listen to What the Man Said,"""Junior's Farm"""
Sally's Pigeons,Cyndi Lauper,Cyndi Lauper,Cyndi Lauper,Hat Full of Stars,Sally's Pigeons
Sad Eyes,Bruce Springsteen,Enrique Iglesias,Enrique Iglesias,The Rising,"""Sad Eyes"""
Sacrifice,Chris Thomas,Elton John,Elton John,Club at the End of the Street,"""Healing Hands"""
SWLABR,Felix Pappalardi,Cream,Cream,Anyone for Tennis,"""Sunshine of Your Love"""
S.C.O.M. / Dolla / Get It / Spraypaint & Ink Pens,Mike Shinoda,Fort Minor,Fort Minor,Welcome,"""S.C.O.M."" (Explicit), (edited) & (instrumental)"
Rush You,Mike Chapman,Baby Animals,Baby Animals,Painless,"""Rush You"""
Running with the Night,Lionel Richie,Lionel Richie,Lionel Richie,Hello,Running with the Night
Ruby Tuesday,Andrew Loog Oldham,The Rolling Stones,The Rolling Stones,Love Is Strong,"""Let's Spend the Night Together"""
Royal Orleans,Jimmy Page,Led Zeppelin,Led Zeppelin,Fool in the Rain,"""Candy Store Rock"""
Rough Justice,Don Was,The Rolling Stones,The Rolling Stones,Rain Fall Down,"""Streets of Love"""
Rough God Goes Riding,Van Morrison,Van Morrison,Van Morrison,Precious Time,"""Rough God Goes Riding"""
Rootie Tootie,Fred Rose,Hank Williams,Hank Williams,Honky Tonkin',"""My Sweet Love Ain't Around"""
Room Full of Roses,Mickey Gilley,Mickey Gilley,Mickey Gilley,I Overlooked an Orchid,"""Room Full of Roses"""
Romeos,Alphaville,Alphaville,Alphaville,Summer Rain,Romeos
Roll the Bones,Rush,Rush,Rush,Ghost of a Chance,Roll the Bones
Rokuko,Lee Soo Man,Super Junior-T,Super Junior-T,Rokuko,"""Rock & Go"""
Rockin' in the Parlour,George Young,AC/DC,AC/DC,Baby Please Don't Go,"Can I Sit Next To You, Girl"
Rocket Man,Gus Dudgeon,Elton John,Elton John,Honky Cat,"""Candle in the Wind"""
Rock 'n' Roll Mercenaries,Frank Farian,Meat Loaf,Meat Loaf,Blind Before I Stop,Rock 'n' Roll Mercenaries (Exploded Version)
Rock-A-Hula Baby,Steve Sholes,Elvis Presley,Elvis Presley,Good Luck Charm,"""Can't Help Falling in Love"""
Robbie's Song for Jesus,Brian Ahern,Anne Murray,Anne Murray,Danny's Song,"""You Can't Have a Hand on Me"""
Roadhouse Blues,Paul A. Rothchild,The Doors,The Doors,Love Her Madly,"""You Make Me Real"""
Road to the Riches,Marley Marl,Kool G Rap,Kool G Rap,Truly Yours,Road to the Riches
Rita May,Don DeVito,Bob Dylan,Bob Dylan,"Baby, Stop Crying",Stuck Inside of Mobile with the Memphis Blues Again
Rise,Bill Laswell,Public Image Ltd,Public Image Ltd,Home,"""Rise"""
Ripple,Grateful Dead,Grateful Dead,Grateful Dead,Johnny B. Goode,Truckin'
Rings Around the Moon,Barry Gibb,Bee Gees,Bee Gees,I Could Not Love You More,"""Alone"""
Right Here,Craig Leon,The Go-Betweens,The Go-Betweens,Cut It Out,Right Here
Revolution,George Martin,The Beatles,The Beatles,Get Back,"""Hey Jude"""
Rest Your Love on Me,Bee Gees,Bee Gees,Bee Gees,Tragedy,"""Too Much Heaven"""
Remember a Day,Norman Smith,Pink Floyd,Pink Floyd,Point Me at the Sky,"""Let There Be More Light"""
Release Me,Don Law,Engelbert Humperdinck,Engelbert Humperdinck,There Goes My Everything,I'll Be There (If You Ever Want Me)
Release,Jeff Martin,The Tea Party,The Tea Party,Psychopomp,"""Release (Lord-Alge radio mix)"", ""Release (Jeff Martin mix)"""
Redemption,Gackt,Gackt,Gackt,Love Letter,"""Redemption"""
Red Hot,David Chackler,Debbie Gibson,Debbie Gibson,Lost in Your Eyes,"""Red Hot"" (Vocal/3:55)"
Real Cool World,Nile Rodgers,David Bowie,David Bowie,Jump They Say,"""Real Cool World (Edit)"""
Rattled by la Rush,Pavement,Pavement,Pavement,Father to a Sister of Thought,"""Rattled by the Rush"""
Rat Is Dead,Adriano Cintra,CSS,CSS,Left Behind,Rat Is Dead (Rage)
Rape Me,Steve Albini,Nirvana,Nirvana,Pennyroyal Tea,"""All Apologies"""
Range Life,Pavement,Pavement,Pavement,Rattled by la Rush,"""Range Life"""
Ramblin' on My Mind,Don Law,Robert Johnson,Robert Johnson,Come On In My Kitchen,"""Cross Road Blues"""
Rain,George Martin,The Beatles,The Beatles,Yellow Submarine,"""Paperback Writer"""
Rain,Quiz & Larossi,Ola Svensson,Ola Svensson,Hurts So Bad,"""Bridge over Troubled Water"""
Rage Hard,Stephen Lipson,Frankie Goes to Hollywood,Frankie Goes to Hollywood,Warriors of the Wasteland,Rage Hard
Radio,The Corrs,The Corrs,The Corrs,Breathless,Radio
Rachel,Howard Gable,Russell Morris,Russell Morris,Mr America,"""Rachel"""
ROckWrok,Ultravox,Ultravox,Ultravox,Quirks,"""ROckWrok"""
R.I.P.,Randy Jackson,Noiseworks,Noiseworks,I Want to Take You Higher,R.I.P. (Millie)
Queen of the Slipstream,Van Morrison,Van Morrison,Van Morrison,I'll Tell Me Ma,"""Queen of the Slipstream"""
På promenad genom stan,Per Gessle,Per Gessle,Per Gessle,Tycker om när du tar på mej,"""På promenad genom stan"""
Public Image,Public Image Ltd,Public Image Ltd,Public Image Ltd,Death Disco,"""Public Image"""
Pts.OF.Athrty,Mike Shinoda,Linkin Park,Linkin Park,Somewhere I Belong,"""H! Vltg3"""
Provider,The Neptunes,N.E.R.D,N.E.R.D,Lapdance,"""Lapdance"""
Protect Ya Neck,RZA,Wu-Tang Clan,Wu-Tang Clan,C.R.E.A.M.,"""Protect Ya Neck"""
Prisoner of Love,Tin Machine,Tin Machine,Tin Machine,Fame,Prisoner of Love
Precious Time,Van Morrison,Van Morrison,Van Morrison,Back on Top,"""Precious Time"""
Polly,Ray Davies,The Kinks,The Kinks,Days,"""Wonderboy"""
Police Truck,Dead Kennedys,Dead Kennedys,Dead Kennedys,Kill the Poor,"""Holiday in Cambodia"""
Please Mr. Postman,George Martin,The Beatles,The Beatles,Santa Claus Is Coming to Town,"""Roll Over Beethoven"" (Canada)"
Please Miniskirt Postwoman!,Tsunku,Angerme,Angerme,Choto Mate Kudasai!,"""Please Miniskirt Postwoman!"""
Please Let Me Wonder,Brian Wilson,The Beach Boys,The Beach Boys,"Help Me, Rhonda","""Do You Wanna Dance?"""
Please Don't Go,Harry Wayne Casey,KC and the Sunshine Band,Basshunter,All I Ever Wanted,"""Game Boy"" (double A-side)"
Planet of Sound,Gil Norton,Pixies,Pixies,Alec Eiffel,"""Planet of Sound"""
Pink Cadillac,Bruce Springsteen,Bruce Springsteen,Bruce Springsteen,When I Fall in Love,"""Dancing in the Dark"""
Picture Book,Ray Davies,The Kinks,The Kinks,The Village Green Preservation Society,"""Starstruck"" (US & Europe)"
Personality Crisis,Todd Rundgren,New York Dolls,New York Dolls,Jet Boy,Trash
Perfect Day,David Bowie,Lou Reed,Lou Reed,I Know Him So Well,"""Walk on the Wild Side"""
Penny Lane,George Martin,The Beatles,The Beatles,All You Need Is Love,"""Strawberry Fields Forever"""
Pencil Thin Mustache,Don Gant,Jimmy Buffett,Jimmy Buffett,A Pirate Looks at Forty,"""Pencil Thin Moustache"""
Paul and Silas in Jail,Frank Buckley Walker,Washington Phillips,Washington Phillips,What Are They Doing in Heaven?,"""Mother's Last Word to Her Son"""
Party Line,Shel Talmy,The Kinks,The Kinks,Dead End Street,"""Dandy"""
Party,The Blue Hearts,The Blue Hearts,The Blue Hearts,Yūgure,Party
Party,David Bridie,Christine Anu,Christine Anu,Come On,"""Party"""
Part Three into Paper Walls,"Ian ""Molly"" Meldrum",Russell Morris,Russell Morris,Rachel,"""Part Three into Paper Walls"""
Papa Was a Rollin' Stone,Norman Whitfield,The Temptations,The Temptations,Masterpiece,"""Papa Was a Rollin' Stone '87"""
"Papa, Can You Hear Me?",Dave Grusin,Barbra Streisand,Barbra Streisand,Left in the Dark,"""Papa, Can You Hear Me?"""
Paninaro,Pet Shop Boys,Pet Shop Boys,Pet Shop Boys,Before,"""Suburbia"""
Panama,Ted Templeman,Van Halen,Van Halen,Hot for Teacher,"""Panama"""
Paint Box,Norman Smith,Pink Floyd,Pink Floyd,It Would Be So Nice,"""Apples and Oranges"""
Painless,Mike Chapman,Baby Animals,Baby Animals,One Word,"""Painless"""
P.S. I Love You,Ron Richards,The Beatles,The Beatles,A Hard Day's Night,"""Love Me Do"""
På promenad genom stan,Per Gessle,Per Gessle,Per Gessle,Tycker om när du tar på mej,"""På promenad genom stan"""
Overture,Kit Lambert,The Who,The Who,Won't Get Fooled Again,"""See Me, Feel Me"""
Over,Portishead,Portishead,Portishead,Only You,"""Over"""
Out of the Blue,Deborah Gibson,Deborah Gibson,Deborah Gibson,Foolish Beat,Vocal (3:55)
Out of Control,Pappy Daily,George Jones,George Jones,Window Up Above,"""Just Little Boy Blue"""
Our Velocity,Gil Norton,Maxïmo Park,Maxïmo Park,Books From Boxes,"""Our Velocity"""
Our Truth,Waldemar Sorychta,Lacuna Coil,Lacuna Coil,Enjoy the Silence,"""Our Truth"""
Otherside of the Game,The Roots,Erykah Badu,Erykah Badu,Tyrone,"""Otherside of the Game (Acapella)"""
Orangefield,Van Morrison,Van Morrison,Van Morrison,Coney Island,"""Orangefield"""
Open the Door,Geza X,Magnapop,Magnapop,This Family,"""Open the Door"""
Open Road,Gary Barlow,Gary Barlow,Gary Barlow,Superhero,Open Road
Only the Ones We Love,Rod Argent,Tanita Tikaram,Tanita Tikaram,I Love the Heaven's Solo,Only The Ones We Love
Only in My Dreams,John Benitez,Debbie Gibson,Debbie Gibson,Shake Your Love,Vocal (3:50)
One of My Turns,Bob Ezrin,Pink Floyd,Pink Floyd,Run Like Hell,"""Another Brick in the Wall, Part II"""
One Word,Mike Chapman,Baby Animals,Baby Animals,Ain't Gonna Get,"""One Word"""
One Summer Dream,Jeff Lynne,Electric Light Orchestra,Electric Light Orchestra,Sweet Talkin' Woman,"""Mr. Blue Sky"""
One Step Ahead,John Benitez,Deborah Gibson,Deborah Gibson,Sure,Hot Radio Mix (4:18)
One Particular Harbour,Jimmy Buffett,Jimmy Buffett,Jimmy Buffett,Brown Eyed Girl,"""One Particular Harbour"""
One More Try,Jack Richardson,Brighton Rock,Brighton Rock,Hangin' High 'N' Dry,"""One More Try"""
"One Hand, One Heart",Deborah Gibson,Deborah Gibson,Deborah Gibson,One Step Ahead,"""One Hand, One Heart"" (LP Version/4:35)"
Onaji Jikyū de Hataraku Tomodachi no Bijin Mama,Tsunku,Angerme,Angerme,Short Cut,"""Onaji Jikyū de Hataraku Tomodachi no Bijin Mama"""
On Fire,Cool & Dre,Lil Wayne,Lil Wayne,4 My Town,On Fire
Older,George Michael,George Michael,George Michael,Star People,"""I Can't Make You Love Me"""
Old John Robertson,Gary Usher,The Byrds,The Byrds,Goin' Back,"""Lady Friend"""
Old Brown Shoe,George Martin,The Beatles,The Beatles,Come Together,"""The Ballad of John and Yoko"""
"Oh Woman, Oh Why",Paul McCartney,Paul McCartney,Paul McCartney,Uncle Albert/Admiral Halsey,"""Another Day"""
Oh No Not You Again,Peter Dawkins,Australian Crawl,Australian Crawl,Shut Down,"""Oh No Not You Again"""
Oh! Hark!,Dann Hume,Lisa Mitchell,Lisa Mitchell,Spiritus,Oh! Hark!
Oh! Darling,George Martin,Robin Gibb,Robin Gibb,Help Me!,"""Here Comes the Sun"""
Off 2 Work,Dizzee Rascal,Dizzee Rascal,Dizzee Rascal,Sirens,"""Graftin'"""
Ocean Deep,Craig Pruess,Cliff Richard,Cliff Richard,Two to the Power of Love,Ocean Deep
O.N.E.,Yeasayer,Yeasayer,Yeasayer,Odd Blood,"""O.N.E."" (12"")"
Notgonnachange,Paul Staveley O'Duffy,Swing Out Sister,Swing Out Sister,La-La,"""Notgonnachange"""
Not Many,P-Money,Scribe,Scribe,Dreaming,"""Stand Up"""
Nobody's Child,Bert Kaempfert,The Beatles,The Beatles,This Boy,"""Ain't She Sweet"""
No U Hang Up,Rami Yacoub,Shayne Ward,Shayne Ward,Breathless,"""If That's OK with You"""
No Sugar Tonight/New Mother Nature,Jack Richardson,The Guess Who,The Guess Who,Hand Me Down World,"""American Woman"""
No One Like You,Dieter Dierks,Scorpions,Scorpions,Can't Live Without You,"""Now!' (Japan)"
No News,Don Cook,Lonestar,Lonestar,Runnin' Away with My Heart,"""Tequila Talkin'"""
No More Rhyme,Fred Zarr,Debbie Gibson,Debbie Gibson,We Could Be Together,"""No More Rhyme"" (4:17)"
No More Mr. Nice Guy,Bob Ezrin,Megadeth,Megadeth,Holy Wars...The Punishment Due,"""No More Mr. Nice Guy"""
No More Days to Waste,Henrik Korpi,Aloha from Hell,Aloha from Hell,Can You Hear Me Boys,No More Days to Waste
No Modest Bear,Paul Savage,Malcolm Middleton,Malcolm Middleton,Break My Heart,"""Loneliness Shines"""
No Lies,Mark Opitz,Noiseworks,Noiseworks,Take Me Back,No Lies
No Confidence Man,Elliott Smith,Elliott Smith,Elliott Smith,Needle in the Hay,Shytown
No Bullshit,Tha Bizness,Chris Brown,Chris Brown,Look at Me Now,Deuces
No-One but You,Brian May,Queen,Queen,Another One Bites the Dust,We Will Rock You (The Rick Rubin 'Ruined' Remix)
Nightrider,Jeff Lynne,Electric Light Orchestra,Electric Light Orchestra,Livin' Thing,"""Do Ya"""
Never in a Million Years,Sam Lakeman,Cara Dillon,Cara Dillon,This Time/I Wish You Well,"""Never in a Million Years"""
Never Learn Not to Love,Bruce Johnston,The Beach Boys,The Beach Boys,I Can Hear Music,"""Bluebirds over the Mountain"""
Never Forget You,Mariah Carey,Mariah Carey,Mariah Carey,Anytime You Need a Friend,"""Without You"""
Never Dreamed You'd Leave in Summer,Stevie Wonder,Stevie Wonder,Stevie Wonder,If You Really Love Me,"""We Can Work It Out"""
"Never, Never Gonna Give Ya Up",Barry White,Barry White,Barry White,The Line,"""Never, Never Gonna Give Ya Up"" (short version)"
Neopolitan Dreams,Dann Hume,Lisa Mitchell,Lisa Mitchell,Coin Laundry,Neopolitan Dreams
My Tears Are Overdue,Pappy Daily,George Jones,George Jones,Where Does a Little Tear Come From,"""Your Heart Turned Left (And I Was on the Right)"""
