col0,col1,col2,col3,col4
Bennie and the Jets,Château d'Hérouville,Candle in the Wind,"""Harmony""",Platinum(RIAA)
Belle,SNEP,Vivre,"""Déchiré""","Diamond(France, 1998)"
Believe Again,Dublin,In This Life,"""Fever"" (iTunesexclusive)",Gold (ARIA)
Beauty Is Only Skin Deep,Hitsville USA,Ain't Too Proud to Beg,"""You're Not an Ordinary Girl""",Gold(RIAA)
Batdance,1989 in music,I Wish U Heaven,"""200 Balloons""",Platinum(RIAA)
Ball of Confusion,1970 in music,Psychedelic Shack,"""Ball of Confusion""",Platinum(RIAA)
Baby Love,Hitsville U.S.A.,Where Did Our Love Go,"""Ask Any Girl""",Gold (RIAA)
Baby It's You,California,Leave,"""Leave (Get Out)""","Gold (RIAA,ARIA)"
Babe,1993 in music,Relight My Fire,"""All I Want Is You""",Platinum
Au soleil,Paris,J'attends l'amour,"""Junto al sol""","Gold(SNEP, 2004)"
Atlantis,2000 in film,Hurdy Gurdy Man,"""I Love My Shirt""  UK","2xGold(AUT, GER)"
Are You Lonesome Tonight?,"Nashville, Tennessee",It's Now or Never,"""I Gotta Know""",Double platinum
Anyone of Us,Stockholm,Unchained Melody,Forever Blue,Gold (BPI)
Angie,"Kingston, Jamaica",Happy,"""Silver Train""","Silver (BPI), Gold (RIAA)"
Always,1994 in music,Dry County,Edge of a Broken Heart,Platinum (U.S.)
Alright,Sawmills Studio,Lenny,"""Condition""",Silver
Alright,Minnesota,Escapade,"""Vuelve a Mí""",Gold (RIAA)
All You Need Is Love,Abbey Road Studios,Strawberry Fields Forever,"""Baby, You're a Rich Man""",Gold (RIAA)
All Through the Night,The Record Plant,She Bop,"""Witness""",Gold(Music Canada)
All Shook Up,"Hollywood, California",Too Much,"""That's When Your Heartaches Begin""",X2Platinum(RIAA)
All I Wanna Do,"Pasadena, California",Under the Thumb,"""Solidify"" ""I'm Gonna Be a Wheel Someday""",Gold
All Falls Down,"Los Angeles, California",Slow Jamz,"""Get 'Em High""",Platinum (RIAA)
Ain't Too Proud to Beg,Munich,It's Only Rock'n Roll,"""Dance Little Sister""",Gold(RIAA)
Ain't No Sunshine,1971 in music,Rockin' Robin,"""Harlem""",AUS: Gold
Against All Odds,Capri,Can't Take That Away,"""The Search""",Gold  (RIAA)
Addicted to Love,1985,Nutbush City Limits,"""Legs"" (Live)",Gold (RIAA)
"A Little Bit Me, a Little Bit You",New York City,I'm a Believer,"""The Girl I Knew Somewhere""",Gold(RIAA)
A Hard Day's Night,Abbey Road Studios,Can't Buy Me Love,"""I Should Have Known Better"" (US)",Gold (RIAA)
A Big Hunk o' Love,"Nashville, Tennessee",I Need Your Love Tonight,"""My Wish Came True""",Gold(RIAA)
9 to 5,1980 in music,Modern Girl,"""Moody (My Love)""",Gold single(RIAA)
9 to 5,"Nashville, Tennessee",Old Flames Can't Hold a Candle to You,"""Sing for the Common Man""",Gold (US)
7,Paisley Park Studios,My Name Is Prince,"""7"" (acoustic version)","Gold- (March 10, 1993)"
(Your Love Keeps Lifting Me) Higher and Higher,Chicago,Mean to Me,"""I'm the One to Do It""",Gold
(You're the) Devil in Disguise,"Nashville, Tennessee",One Broken Heart for Sale,"""Please Don't Drag That String Around""",Gold(RIAA)
(Sittin' On) The Dock of the Bay,"Memphis, Tennessee",Knock on Wood,"""Call My Name""",Gold
(Our Love) Don't Throw it All Away,California,An Everlasting Love,"""One More Look at the Night""",Gold(U.S.)
(Marie's the Name) His Latest Flame,"Nashville, Tennessee",I Feel So Bad,"""Little Sister""",Gold(RIAA)
(Love Is) Thicker Than Water,Miami,I Just Want To Be Your Everything,"""Flowing Rivers"" (UK)",Gold(U.S.)
(Let Me Be Your) Teddy Bear,"Hollywood, California",All Shook Up,"""Loving You""",X2Platinum(RIAA)
(I Know) I'm Losing You,Hitsville USA,Reason to Believe,"""I Couldn't Cry If I Wanted To""",Gold(RIAA)
(I Can't Get No) Satisfaction,RCA Records,Mongoloid,""" (UK)",Gold(RIAA)
À nos actes manqués,France,Mirage,"""Chanson d'amour""","Silver(France, 1991)"
À 20 ans,France,J'ai besoin d'amour,"""Sans contrefaçon""","Silver(France, 2003)"
