col0,col1,col2,col3
K. Verkerk,Netherlands,1942-10-28,1942-10-28
K. Broekman,Netherlands,1927-07-02,1927-07-02
K. Irvine,Alberta,1990-09-03,1990-09-03
K. Stenshjemmet,Norway,1953-08-09,1953-08-09
K. Reutter,Illinois,1988-07-30,1988-07-30
K. Novotná,Mladá Boleslav,1984-08-12,1984-08-12
K. Woźniak,Poland,1989-10-05,1989-10-05
K. Bachleda-Curuś,Poland,1980-01-01,1980-01-01
K. Bradette,"Saint-Félicien, Quebec",1989-10-10,1989-10-10
K. Erbanová,Czechoslovakia,1992-10-27,1992-10-27
K. Roberge,"Lévis, Quebec",1986-10-01,1986-10-01
K. Christ,"Regina, Saskatchewan",1991-11-09,1991-11-09
K. Mustonen,Helsinki,1941-08-04,1941-08-04
K. Verbij,Netherlands,1994-09-25,1994-09-25
K. C. Boutiette,"Tacoma, Washington",1970-04-11,1970-04-11
J. Schmidt,Berlin,1941-07-11,1941-07-11
J. Yoshizawa,Japan,1985-03-16,1985-03-16
J. G. Koons,"Aurora, Illinois",1980-03-02,1980-03-02
J. Hesse,Erfurt,1982-09-03,1982-09-03
J. Bergsma,Netherlands,1986-02-01,1986-02-01
J. t. Mors,Netherlands,1989-12-21,1989-12-21
J. Voorhuis,Netherlands,1984-08-26,1984-08-26
J. Malone,"Denton, Texas",1984-04-20,1984-04-20
J. Belchos,Toronto,1989-06-22,1989-06-22
J. Hyong-jun,Korea,1991-04-22,1991-04-22
J. Nilsson,Gothenburg,1943-02-09,1943-02-09
J. Kuck,"Urbana, Illinois",1990-03-14,1990-03-14
J. Garcia,Houston,1986-12-14,1986-12-14
J. Kato,"Yamagata, Yamagata",1985-02-06,1985-02-06
J. Höglin,Storfors Municipality,1943-02-26,1943-02-26
J. O. Koss,Norway,1968-10-29,1968-10-29
J. Mantia,United States,1986-02-07,1986-02-07
J. Cheek,"Greensboro, North Carolina",1979-06-22,1979-06-22
J. Eriksson,Gothenburg,1984-9-16,1984-9-16
J. Donoghue,United States,1871-02-11,1871-02-11
J. Uytdehaage,Utrecht,1976-07-09,1976-07-09
J. Saito,Japan,1946-05-18,1946-05-18
J. Sun-yu,Daegu,1988-12-17,1988-12-17
J. Smith,"Dearborn, Michigan",1983-10-14,1983-10-14
J. Gregg,Alberta,1988-03-16,1988-03-16
J. Straathof,Netherlands,1972-11-18,1972-11-18
J. Rodriguez,Miami,1976-06-08,1976-06-08
J. Beulenkamp,Utrecht,1977-11-16,1977-11-16
Jeen van den Berg,Netherlands,1928-01-08,1928-01-08
J. C. Mattei,France,1982-08-01,1982-08-01
J. Krohn,Gothenburg,1966-11-22,1966-11-22
J. v. Dijk,Sneek,1944-09-29,1944-09-29
J. Ensing,Netherlands,1986-09-21,1986-09-21
J. Ykema,Netherlands,1963-04-18,1963-04-18
J. Szymański,Poland,1989-03-02,1989-03-02
J. Smeekens,Netherlands,1987-02-11,1987-02-11
J. Pesman,Netherlands,1931-05-04,1931-05-04
J. M. Heideman,Netherlands,1973-06-16,1973-06-16
J. E. Storholt,Norway,1949-02-13,1949-02-13
J. Bos,Netherlands,1975-03-29,1975-03-29
J. Bols,Netherlands,1944-08-27,1944-08-27
J. Blokhuijsen,Netherlands,1989-04-01,1989-04-01
J. Bazen,Netherlands,1948-01-03,1948-01-03
J. Gregg,Alberta,1985-03-18,1985-03-18
J. Jaworski,Poland,1986-07-29,1986-07-29
J. J. Leeuwangh,Alkmaar,1972-11-09,1972-11-09
J. Whelbourne,Nottingham,1991-08-02,1991-08-02
J. Eden,Groningen,1873-10-19,1873-10-19
J. R. Celski,"Monterey, California",1990-07-17,1990-07-17
J. Schmidt,Berlin,1941-07-11,1941-07-11
I. Eriksen,Norway,1942-03-07,1942-03-07
I. Ballangrud,Norway,1904-03-07,1904-03-07
I. Blondin,Ontario,1990-04-02,1990-04-02
I. Skobrev,Russian SFSR,1983-02-08,1983-02-08
I. Sihvonen,Liperi,1940-04-22,1940-04-22
I. Yegorova,Russia,1940-04-08,1940-04-08
I. Schouten,Netherlands,1992-06-21,1992-06-21
I. Wüst,Goirle,1986-04-01,1986-04-01
I. Sanfratello,Italy,1973-03-11,1973-03-11
I. Simonova,Almaty,1990-09-30,1990-09-30
I. Paul,"Gouda, South Holland",1964-12-14,1964-12-14
I. Berga,Netherlands,1984-07-17,1984-07-17
I. Zhelezovski,Byelorussian SSR,1963-07-01,1963-07-01
I. Malkov,Russian SFSR,1965-02-09,1965-02-09
I. Bogolyubskiy,Chelyabinsk,1985-05-27,1985-05-27
I. Postma,Netherlands,1973-12-28,1973-12-28
H. H. Lorentzen,Bergen,1992-10-02,1992-10-02
H. Bøkko,Norway,1987-02-02,1987-02-02
H. Andersen,Norway,1923-03-12,1923-03-12
H. Sadakane,Japan,1986-05-16,1986-05-16
Hilbert van der Duim,Netherlands,1957-08-04,1957-08-04
H. Angenent,Netherlands,1967-11-01,1967-11-01
H. Vergeer,Netherlands,1961-05-02,1961-05-02
H. Otterspeer,Netherlands,1988-11-11,1988-11-11
H. Warnicke,East Germany,1966-06-01,1966-06-01
H. Bøkko,Hønefoss,1991-09-05,1991-09-05
H. Richardson-Bergsma,"High Point, North Carolina",1989-03-20,1989-03-20
H. McLean,Canada,1993-01-04,1993-01-04
H. Kuipers,Netherlands,1947-11-22,1947-11-22
H. Silovs,Riga,1986-04-07,1986-04-07
H. Strøm,Horten,1897-10-14,1897-10-14
H. Widmer,Basel,1944-04-04,1944-04-04
H. v. Helden,Almkerk,1948-04-27,1948-04-27
H. Wilhelmsson,Eskilstuna Municipality,1936-7-14,1936-7-14
H. Engnestangen,Brandbu,1908-03-28,1908-03-28
H. Pijlman,Grou,1954-06-16,1954-06-16
H. H. Lorentzen,Bergen,1992-10-02,1992-10-02
H. Bøkko,Norway,1987-02-02,1987-02-02
G. Traub,Schweinfurt,1939-03-13,1939-03-13
G. Hedlund,Orkesta,1918-07-31,1918-07-31
G. Claeson,Sweden,1945-03-04,1945-03-04
G. Niemann-Stirnemann,East Germany,1966-09-07,1966-09-07
G. Bastille,Rivière-du-Loup,1985-07-21,1985-07-21
G. Smit,Netherlands,1976-01-20,1976-01-20
G. Junio,Alberta,1990-08-06,1990-08-06
G. Romme,Netherlands,1973-02-12,1973-02-12
G. Zimmermann,Munich,1942-09-23,1942-09-23
G. Jorritsma,Netherlands,1993-08-21,1993-08-21
G. v. Velde,Netherlands,1971-11-30,1971-11-30
G. Maarse,Netherlands,1929-03-01,1929-03-01
G. Kemkers,Groningen,1967-03-08,1967-03-08
G. Karlstad,Norway,1963-07-07,1963-07-07
G. Boucher,Quebec City,1958-05-10,1958-05-10
G. Stepanskaya,Russia,1949-01-27,1949-01-27
G. Zange,Crimmitschau,1961-06-01,1961-06-01
G. Boucher,Quebec City,1958-05-10,1958-05-10
G. Traub,Schweinfurt,1939-03-13,1939-03-13
G. Hedlund,Orkesta,1918-07-31,1918-07-31
G. Claeson,Sweden,1945-03-04,1945-03-04
F. Mezentsev,Almaty,1989-11-19,1989-11-19
F. Schalij,Weesp,1957-08-14,1957-08-14
Freek van der Wart,Netherlands,1988-02-01,1988-02-01
F. A. Maier,Norway,1938-12-15,1938-12-15
F. Hamelin,"Lévis, Quebec",1986-12-18,1986-12-18
F. Tremblay,"Alma, Quebec",1980-11-13,1980-11-13
F. Schenk,Erfurt,1974-03-13,1974-03-13
F. Dittrich,East Germany,1967-12-23,1967-12-23
F. Hamelin,"Lévis, Quebec",1986-12-18,1986-12-18
F. Tremblay,"Alma, Quebec",1980-11-13,1980-11-13
Floor van den Brandt,Netherlands,1990-11-23,1990-11-23
F. Hodt,Drammen,1919-06-16,1919-06-16
F. Zandstra,Netherlands,1971-12-27,1971-12-27
E. Fernandez,Saint-Lô,1989-02-17,1989-02-17
