col0,col1,col2,col3
Western Indoor Soccer League,2015-16,2014-06-20,7
Premier League,2015–16,1992-02-20,20
North American Soccer League,1984,1967-12-07,24
North American Soccer League,2015,2009-11-10,12
Myanmar National League,2016,2009-03-04,12
Malabar Premier League,2015,2015-03-02,8
Liga de Fútbol Profesional Boliviano,Torneo Clausura,1977-08-23,12
Liga Regional de Colón,2014,1928-01-03,15
Liga Bolasepak Rakyat,2015–16,2015-09-13,108
League1 Ontario,2015,2013-11-15,16
Iraqi Premier League,2015–16,1974-08-18,20
FA WSL 1,2016,2010-03-22,9
FA WSL,2016,2010-03-22,9
Ekstraklasa,2014–15,1994-11-06,12
Dhivehi Premier League,2015,2014-12-22,8
Campionato della Citta Vaticano,2016,1972-05-01,8
Campionato Sammarinese di Calcio,2015–16,1985-10-02,8
Campeonato Brasileiro de Futebol Feminino,2016,2013-09-18,20
Campeonato Brasileiro Série A,2015 season,1959-08-23,20
Algerian Ligue Professionnelle 1,2015-16,1962-10-21,16
Albanian Superliga,2016–17,1930-06-06,10
