col0,col1,col2,col3,col4,col5
T. Forester,"Libertyville, Illinois",United States,United States,Thomas Harland Forester,1958-12-15
S. Gardner,"New York, New York",United States,United States,Sonia Lasry,1962-02-16
P. Singer,New York City,United States,United States,Paul Elliott Singer,1944-08-22
M. Kassam,Canada,Canadian,Canadian,Moez Kassam,1980-08-27
J. Harmon,Connecticut,Americans,Americans,James Allen Harmon,1935-10-12
B. Gross,"Laguna Beach, California",United States,United States,William Hunt Gross,1944-04-13
A. Bundy,"Emmett, Idaho",United States,United States,Ammon Edward Bundy,1975-0-0
A. Torabian,Iran,Iran,Iran,Abbas Ali Torabian,1952-01-12
