col0,col1,col2,col3
L. Totkovič,Czechoslovakia,1962-03-12,2016-01-28
L. Novák,Czechoslovakia,1931-12-05,2011-03-21
L. Kuna,Czechoslovakia,1947-04-03,2012-02-01
L. Ženíšek,Austria-Hungary,1904-03-07,1985-05-14
L. Mazurkiewicz,Uruguay,1945-02-14,2013-01-02
L. Glovacki,France,1928-02-19,2009-09-09
L. Deladerrière,France national football team,1927-06-26,2013-03-13
L. Sternberg,Austria-Hungary,1905-05-28,1982-7-4
L. Sárosi,Budapest,1932-02-27,2016-04-02
L. Raffinsky,Hungary,1905-04-23,1981-07-31
L. Kubala,Budapest,1927-06-10,2002-05-17
L. Gyetvai,Hungary national football team,1918-12-11,2013-08-28
L. Fenyvesi,Austria-Hungary,1908-08-06,1993-11-24
L. Budai,Budapest,1928-07-19,1983-07-02
K. Sós,Austria-Hungary,1909-04-05,1991-08-03
K. Lakat,Győr,1920-11-27,1988-12-03
K. Fogl,Újpest,1895-01-19,1969-01-12
K. Dietz,Hungary,1885-07-21,1969-07-09
K. Csapkay,Budapest,1894-05-29,1966-03-01
K. Székány,Budapest,1885-02-01,1967-07-31
K. Konrád,Austria-Hungary,1896-05-23,1980-05-10
K. Baluses,Olsztyn,1914-06-30,1972-03-28
"K. "". Nielsen",Denmark,1924-09-02,1986-07-17
K. Klötzer,Geyer,1922-04-19,2011-08-06
K. Milev,Bulgaria,1915-06-11,2000-04-19
K. Henriksen,"Ski, Norway",1911-03-03,2004-02-08
K. Arapović,Čapljina,1924-10-23,1994-07-17
K. Bjerre,Copenhagen,1946-02-22,2014-02-19
K. Arapović,Čapljina,1924-10-23,1994-07-17
K. Negrepontis,Constantinople,1897-0-0,1973-02-19
K. Yegorov,Russia,1900-06-01,1973-07-22
K. Lemeshev,St. Petersburg,1907-04-07,1950-09-21
K. Kvashnin,Moscow,1898-12-27,1982-11-02
K. Krizhevsky,USSR,1926-02-20,2000-11-18
K. Beskov,Moscow,1920-11-18,2006-05-06
K. Belikov,Russian Empire,1909-1-1,1987-07-03
K. Gögh,Czechoslovakia,1948-01-07,1995-11-11
K. Oita,Japan,1914-04-09,1996-09-11
K. Kudo,Japan,1909-02-04,1971-09-21
K. T. Eggen,Norway,1960-11-01,2012-02-20
K. Osnes,Norway national football team,1922-06-27,2015-08-10
K. Næss,Trondheim,1927-03-11,2015-09-11
K. Basikow,Berlin,1937-06-12,2015-03-05
K. Ingesson,Sweden national football team,1968-08-20,2014-10-29
K. Buchly,The Hague,1910-01-26,1965-05-19
K. Schou-Andreassen,Norway,1940-06-19,1997-11-19
K. Rosén,Malmö,1921-04-24,1999-06-13
K. Cronqvist,Malmö,1912-12-20,2008-02-09
K. Yovovich,Sofia,1905-12-29,1979-02-09
K. Simonovski,Kingdom of Serbia,1915-10-19,1984-06-12
K. Yong-sik,Sinchon County,1910-07-25,1985-03-08
K. Kyu-hwan,Korea,1921-07-16,2007-10-5
K. Hwa-jip,Korea under Japanese rule,1905-5-26,2006-07-08
K. Smit,Netherlands,1911-11-03,1974-07-01
K. Mwape,Northern Rhodesia,1955-0-0,2007-0-0
K. Wookey,Wales,1946-12-30,1992-12-16
K. Whitfield,Spennymoor,1930-03-24,1995-1-1
K. Waterhouse,Ormskirk,1930-01-23,2016-04-04
K. Naganuma,Hiroshima,1930-09-05,2008-06-02
K. Hale,"Blyth, Northumberland",1939-09-18,2015-01-05
K. Furphy,Stockton-on-Tees,1931-05-28,2015-01-17
K. Chisholm,Scotland,1925-04-12,1990-1-1
K. Boyes,"Scarborough, North Yorkshire",1935-02-04,2010-08-08
K. Birch,Birkenhead,1933-12-31,2015-04-24
K. Barnes,Birmingham,1929-03-16,2010-07-13
K. Armstrong,Bradford,1924-06-03,1984-06-13
K. Norman,"Cambridge, Massachusetts",1955-10-10,2005-11-08
K. Weller,England national football team,1946-06-11,2004-11-12
K. Spurgeon,England,1933-1-1,1990-1-1
K. Kettleborough,Rotherham,1935-06-29,2009-11-02
K. Grand,England,1900-07-03,1983-1-1
K. Alexander,Nottingham,1956-11-14,2010-03-03
K. Pijl,Netherlands,1897-06-09,1976-09-03
K. Pellenaars,Terheijden,1913-05-10,1988-01-30
K. Guyt,Katwijk,1953-10-14,2012-03-30
K. Hnatow,France,1929-11-09,2010-12-16
K. Trampisz,Ivano-Frankivsk,1929-01-10,2014-08-12
K. Górski,Lviv,1921-03-02,2006-05-23
K. Jokl,Slovakia,1945-08-29,1996-10-28
K. Hanke,Łódź,1903-09-06,1964-04-15
K. Borhy,Budapest,1912-06-23,1997-01-09
K. Muradori,Austro-Hungary,1914-1-1,1971-1-1
K. Kaske,Essen,1928-4-19,1998-9-27
K. Weinbacher,Szczecin,1898-06-23,1946-5-16
K. Stürmer,Vienna,1882-10-09,1943-1-1
K. Sesta,Austria-Hungary,1906-03-18,1974-07-12
K. Schlechta,Austria,1922-01-28,2016-09-05
K. Rappan,Vienna,1905-09-26,1996-01-02
K. Rainer,Vienna,1901-07-01,1987-06-09
K. Mai,Germany,1928-07-27,1993-03-15
K. Kurz,Klosterneuburg,1898-11-21,1933-11-26
K. Koller,Austria,1929-02-08,2009-01-24
K. Höger,Germany,1897-05-27,1975-03-31
K. Humenberger,Austria-Hungary,1906-10-25,1989-12-28
K. Hohmann,Düsseldorf,1908-06-18,1974-03-31
K. Heinlein,Austro-Hungary,1892-04-25,1960-05-02
K. Höger,Germany,1897-05-27,1975-03-31
K. Guðmundsson,Iceland,1924-01-28,2012-06-24
K. Geyer,Vienna,1899-03-24,1998-02-21
K. Durspekt,Vienna,1913-11-23,1978-02-14
K. Decker,Austria,1921-09-05,2005-09-27
K. Bögelein,Bamberg,1927-01-28,2016-08-09
K. Adamek,Austria-Hungary,1910-07-23,2000-01-08
K. Hult,Sweden,1936-1-1,2010-5-11
K. Kolský,Austria-Hungary,1914-09-21,1984-02-02
K. Kaufman,Amsterdam,1898-04-29,1977-12-10
K. Finek,Czechoslovakia,1920-05-27,1989-09-08
K. Lehtovirta,Turku,1928-02-20,2016-01-10
K. Asatiani,Soviet Union,1947-01-01,2002-11-20
K. Uldaler,Copenhagen,1906-11-28,1987-04-06
K. Hansen,Copenhagen,1917-04-22,1987-08-12
K. Christiansen,Copenhagen,1921-03-19,2008-01-14
K. Kalambo,Luanshya,1953-07-06,2014-03-18
K. Aytaç,Constantinople,1931-08-06,2003-03-28
K. Özcan,Turkey,1952-06-21,2013-10-22
K. Firoud,French Algeria,1919-10-11,2005-04-03
K. Niilonen,Finland,1922-06-03,1996-02-24
K. Sós,Austria-Hungary,1909-04-05,1991-08-03
K. Lakat,Győr,1920-11-27,1988-12-03
K. Fogl,Hungary,1895-01-19,1969-01-12
K. Dietz,Hungary,1885-07-21,1969-07-09
K. Csapkay,Budapest,1894-05-29,1966-03-01
K. Székány,Budapest,1885-02-01,1967-07-31
