col0,col1,col2,col3
K. Konrád,Austria-Hungary,1896-05-23,1980-05-10
J. Gilis,Soviet Union,1943-04-27,2000-09-13
J. Korostelev,"Martin, Slovakia",1923-06-19,2006-10-18
J. Mazzei,Brazil,1930-08-27,2009-05-10
J. Juve,Norway,1906-11-22,1983-04-12
J. Berger,Poland,1944-10-13,2010-06-23
J. Zilisy,Austria-Hungary,1899-02-21,1982-03-02
J. Zakariás,Budapest,1924-03-25,1971-11-22
J. Viola,Komárno,1896-06-10,1949-08-18
J. Verebes,Budapest,1941-03-23,2016-03-13
J. Szabó,Austria-Hungary,1896-05-11,1973-03-17
J. Nagy,Budapest,1892-10-15,1963-1-22
J. Mészáros,Hungary,1923-01-16,1997-04-21
J. Künsztler,Austria-Hungary,1897-0-0,1977-0-0
J. Háda,Budapest,1911-03-02,1994-01-11
J. Ember,Hungary,1903-1-1,1974-1-1
J. Eisenhoffer,Budapest,1900-11-08,1945-11-13
J. Braun,Austria-Hungary,1901-02-26,1943-02-20
J. Bozsik,Hungary,1925-11-28,1978-05-31
J. Kałuża,Przemyśl,1896-02-11,1944-10-11
J. Hrotkó,Hungary,1922-03-30,2005-03-23
J. Gyarmati,Austria-Hungary,1910-02-08,1974-08-29
J. Bédl,Hungary,1929-09-10,1987-12-09
J. Biri,Austria-Hungary,1901-07-21,1974-02-20
J. Szikora,Czechoslovakia,1947-03-02,2005-12-12
J. Derwall,Würselen,1927-03-10,2007-06-26
J. Byung-tak,Korea,1942-1-1,2016-2-11
J. Hjulian,Sweden,1903-03-15,1974-2-1
J. Dorpmüller,Prussia,1869-07-24,1945-07-05
J. Marigil,Spain,1936-08-24,2013-08-24
J. Libonatti,Rosario,1901-07-05,1981-10-09
J. Darui,Luxembourg,1916-02-16,1987-12-13
J. Vandooren,France national football team,1908-12-30,1985-01-07
J. Limbeck,Romania,1903-1-1,1955-1-1
J. Henriet,Belgium,1918-02-13,1997-11-27
J. Gersie,Paramaribo,1917-10-13,2005-09-23
J. Dewaquez,Paris,1899-03-09,1971-06-12
J. Bocandé,Senegal,1958-11-25,2012-05-07
J. Bigot,France national football team,1915-10-22,2007-10-24
Juca,Maputo,1929-01-13,2007-10-11
J. Enríquez,Madrid,1950-11-04,2015-08-10
Juanito,Spain,1954-11-10,1992-04-02
Juan de Dios Castillo,Mexico City,1951-01-31,2014-05-01
J. Z. Velasco,Spain,1921-11-21,2004-01-21
J. Valdivieso,Lima,1910-05-06,2007-05-02
J. Schwanner,Hungary,1921-02-05,2015-05-08
J. Quarterone,Argentina,1935-05-28,2015-11-23
J. Márquez,Madrid,1565-0-0,1621-1-1
J. Mujica,Uruguay,1943-12-22,2016-02-11
J. Márquez,Madrid,1565-0-0,1621-1-1
