col0,col1,col2,col3,col4
W. Drzyzga,Poland,Poland,1958-10-07,1958-10-07
V. Heynen,Belgium,Belgium,1969-06-12,1969-06-12
S. Antiga,France,France,1976-02-03,1976-02-03
S. Moculescu,Romania,Romania,1950-05-06,1950-05-06
S. Lugailo,Latvia,Latvia,1938-01-01,1938-01-01
S. Antiga,France,France,1976-02-03,1976-02-03
S. Świderski,Poland,Poland,1977-06-26,1977-06-26
R. Santilli,Italy,Italy,1965-02-22,1965-02-22
R. Lozano,Argentina,Argentina,1956-09-03,1956-09-03
R. Stoychev,Bulgaria,Sofia,1969-09-25,1969-09-25
R. Lozano,Argentina,Argentina,1956-09-03,1956-09-03
P. Konstantinov,Bulgaria,Bulgaria,1973-06-14,1973-06-14
P. Gruszka,Poland,Oświęcim,1977-03-08,1977-03-08
P. Blain,France,France,1960-05-20,1960-05-20
N. Grbić,Yugoslavia,Socialist Republic of Serbia,1973-09-06,1973-09-06
M. Á. Falasca,Argentina,Argentina,1973-04-29,1973-04-29
M. F. Bolle,Swiss,Bern,1970-4-24,1970-4-24
M. Bąkiewicz,Poland,Poland,1981-03-22,1981-03-22
M. Ōura,Japan,Nagasaki Prefecture,1969-09-28,1969-09-28
M. Śliwa,Poland,Poland,1969-11-17,1969-11-17
L. Bernardi,Italy,Italy,1968-08-11,1968-08-11
K. Se-jin,Korea,Korea,1974-01-30,1974-01-30
K. Sang-woo,Korea,Korea,1973-07-31,1973-07-31
K. Ho-chul,Korea,Gyeongsangnam-do,1955-11-13,1955-11-13
J. Sirelpuu,Estonia,Estonia,1977-08-14,1977-08-14
J. Bednaruk,Poland,Poland,1976-09-09,1976-09-09
J. Nawrocki,Poland,Poland,1965-08-20,1965-08-20
H. Wagner,Poland,Poland,1941-03-04,1941-03-04
G. Endres,Brazil,Brazil,1975-08-23,1975-08-23
G. Wagner,Poland,Poland,1965-12-13,1965-12-13
G. Creţu,Austria,Romania,1968-08-08,1968-08-08
F. D. Giorgi,Italy,Italy,1961-10-10,1961-10-10
E. Skorek,Poland,Tomaszów Mazowiecki,1943-06-14,1943-06-14
D. Świeniewicz,Poland,Poland,1972-07-27,1972-07-27
D. Dacewicz,Poland,Poland,1974-09-28,1974-09-28
C. Cuello,Argentina,Argentina,1958-03-04,1958-03-04
A. Meresaar,Estonia,Estonia,1980-01-13,1980-01-13
A. Kowal,Poland,Poland,1971-02-27,1971-02-27
A. Gardini,Italy,Italy,1965-10-01,1965-10-01
A. Anastasi,Italy,Italy,1960-10-08,1960-10-08
