col0,col1,col2,col3,col4,col5
T. Clévenot,France,France,1994-06-28,316 cm (124 in),1994-06-28
T. Dixon,"Burnsville, Minnesota",Arizona,1992-08-04,295 cm.,1992-08-04
M. Takahashi,Kanagawa,Japan,1978-12-25,280cm,1978-12-25
M. H. Cuza,"Heredia, Costa Rica","Heredia, Costa Rica",1993-12-15,280cm,1993-12-15
K. Staelens,Eindhoven,Belgium,1982-01-07,301 cm,1982-01-07
J. Nõmmsalu,Pärnu,Estonia,1981-01-19,328 cm,1981-01-19
G. Önal,Ankara,Ankara,1986-03-25,290 cm,1986-03-25
D. Stam,Amsterdam,Netherlands,1984-07-24,296 cm,1984-07-24
D. Radenković,Niš,Niš,1992-10-09,300 cm,1992-10-09
B. Mert,Ankara,Bulgaria,1975-12-13,286 cm,1975-12-13
A. L. Fabian,Santo Domingo,Dominican Republic,1988-11-07,305 cm,1988-11-07
