col0,col1,col2,col3
Ľ. Vaic,HC Bílí Tygři Liberec,Vancouver Canucks,1977-03-06
Ľ. Sekeráš,HC Dukla Trenčín,Minnesota Wild,1968-11-18
Ľ. Pištek,HC Slovan Bratislava,Philadelphia Flyers,1980-08-07
Ľ. Kolník,HK 36 Skalica,New Jersey Devils,1968-01-23
É. Houde,Rivière-du-Loup CIMT,Montreal Canadiens,1976-12-19
É. Gélinas,Colorado Avalanche,New Jersey Devils,1991-05-08
É. Fichaud,Saint-Georges CRS Express,Toronto Maple Leafs,1975-11-04
É. Charron,Saint-Hyacinthe Top Design,Montreal Canadiens,1970-01-14
É. Poirier,Calgary Flames,Calgary Flames,1994-12-14
Z. Paigin,HC Sochi,Edmonton Oilers,1995-02-08
Z. Girgensons,Buffalo Sabres,Buffalo Sabres,1994-01-05
Z. Skořepa,HC Slavia Praha,New Jersey Devils,1976-08-10
Z. Nedvěd,HC Kladno,Toronto Maple Leafs,1975-03-03
Z. Kutlák,EC Red Bull Salzburg,Boston Bruins,1980-02-13
Z. Blatný,Frederikshavn White Hawks,Atlanta Thrashers,1981-01-14
Z. Bahenský,HC Sparta Praha,New York Rangers,1986-03-10
Z. Chára,Boston Bruins,New York Islanders,1977-03-18
Z. Skořepa,HC Slavia Praha,New Jersey Devils,1976-08-10
Z. Nedvěd,HC Kladno,Toronto Maple Leafs,1975-03-03
Z. Kutlák,EC Red Bull Salzburg,Boston Bruins,1980-02-13
Z. Blatný,Frederikshavn White Hawks,Atlanta Thrashers,1981-01-14
Z. Bahenský,HC Sparta Praha,New York Rangers,1986-03-10
Z. Irgl,HC Dinamo Minsk,Nashville Predators,1980-11-29
Z. Hrdel,BK Mladá Boleslav,Tampa Bay Lightning,1985-08-19
Z. Irgl,HC Dinamo Minsk,Nashville Predators,1980-11-29
Z. Hrdel,BK Mladá Boleslav,Tampa Bay Lightning,1985-08-19
Z. McIntyre,Boston Bruins,Boston Bruins,1992-08-20
Z. Torquato,SG Cortina,Detroit Red Wings,1989-06-08
Z. Stortini,Ottawa Senators,Edmonton Oilers,1985-09-11
Z. Smith,Ottawa Senators,Ottawa Senators,1988-04-05
Z. Phillips,Tingsryds AIF,Minnesota Wild,1992-10-28
Z. Kassian,Edmonton Oilers,Buffalo Sabres,1991-01-24
Z. Fitzgerald,Braehead Clan,St. Louis Blues,1985-06-16
Z. Senyshyn,Boston Bruins,Boston Bruins,1997-03-30
Z. Fucale,Montreal Canadiens,Montreal Canadiens,1995-05-28
Z. Werenski,Columbus Blue Jackets,Columbus Blue Jackets,1997-07-19
Z. Trotman,Los Angeles Kings,Boston Bruins,1990-08-26
Z. Sanford,Washington Capitals,Washington Capitals,1994-11-09
Z. Redmond,Montreal Canadiens,Atlanta Thrashers,1988-07-26
Z. Parise,Minnesota Wild,New Jersey Devils,1984-07-28
Z. Hyman,Toronto Maple Leafs,Florida Panthers,1992-06-09
Z. Hamill,HC Ambrì-Piotta,Boston Bruins,1988-09-23
Z. Bogosian,Buffalo Sabres,Atlanta Thrashers,1990-07-15
Z. Rinaldo,Boston Bruins,Philadelphia Flyers,1990-06-15
Z. Dalpe,Minnesota Wild,Carolina Hurricanes,1989-11-01
Y. Fukufuji,Esbjerg Energy,Los Angeles Kings,1982-09-17
Y. Trubachev,HC Severstal,Calgary Flames,1983-03-09
Y. Gunko,Sokol Kiev,St. Louis Blues,1972-02-28
Y. Dobryshkin,UHC Dynamo,Atlanta Thrashers,1979-07-19
Y. Butsayev,HC CSKA Moscow,Detroit Red Wings,1978-10-11
Y. Babenko,HC Dynamo Moscow,Colorado Avalanche,1978-01-02
Y. Alexandrov,SKA Saint Petersburg,Boston Bruins,1988-06-24
Y. Treille,Brûleurs de Loups de Grenoble,Chicago Blackhawks,1980-07-15
Y. Tunik,HC Kuban,New York Islanders,1984-11-17
Y. Fyodorov,Edinburgh Capitals,Los Angeles Kings,1980-11-11
Y. Rykov,SKA Saint Petersburg,New Jersey Devils,1997-04-14
Y. Korshkov,Lokomotiv Yaroslavl,Toronto Maple Leafs,1996-07-10
Y. Kosov,Metallurg Magnitogorsk,Florida Panthers,1993-07-05
Y. Weber,Nashville Predators,Montreal Canadiens,1988-09-23
Y. Sauvé,KHL Medveščak Zagreb,Vancouver Canucks,1990-02-18
Y. Golubovsky,HK Acroni Jesenice,Detroit Red Wings,1976-03-09
X. Ouellet,Detroit Red Wings,Detroit Red Wings,1993-07-29
W. Wolski,Metallurg Magnitogorsk,Colorado Avalanche,1986-02-24
W. Nylander,Toronto Maple Leafs,Toronto Maple Leafs,1996-05-01
W. Karlsson,Columbus Blue Jackets,Anaheim Ducks,1993-01-08
W. Carrier,Buffalo Sabres,St. Louis Blues,1994-12-20
W. Weber,Fort Wayne Komets,Columbus Blue Jackets,1988-10-28
W. O'Neill,Philadelphia Flyers,Atlanta Thrashers,1988-04-28
W. Lockwood,Michigan Wolverines men's ice hockey,Vancouver Canucks,1998-06-20
W. Colbert,Tilburg Trappers,San Jose Sharks,1985-02-06
W. Westlund,Djurgårdens IF Hockey,Colorado Avalanche,1995-03-15
W. Simmonds,Philadelphia Flyers,Los Angeles Kings,1988-08-26
W. Rabbit,Nippon Paper Cranes,Boston Bruins,1986-11-16
V. Vaněček,Washington Capitals,Washington Capitals,1996-01-09
V. Varaďa,HC Vítkovice,San Jose Sharks,1976-04-26
V. Pletka,HC České Budějovice,Philadelphia Flyers,1979-06-08
V. Nedorost,HC Slovan Bratislava,Colorado Avalanche,1982-03-16
V. Meidl,HC Kometa Brno,Nashville Predators,1986-05-27
V. Karabáček,Buffalo Sabres,Buffalo Sabres,1996-05-02
V. Trukhno,Karlskrona HK,Edmonton Oilers,1987-02-22
V. Buravchikov,HC CSKA Moscow,Buffalo Sabres,1987-05-22
V. Polák,Dinamo Rīga,Dallas Stars,1985-06-27
V. Kroupa,HC Oceláři Třinec,San Jose Sharks,1975-04-27
V. Namestnikov,Tampa Bay Lightning,Tampa Bay Lightning,1992-11-22
V. Kamenev,Nashville Predators,Nashville Predators,1996-08-12
V. Gavrikov,Lokomotiv Yaroslavl,Columbus Blue Jackets,1995-11-21
V. Evseev,Vityaz Chekhov,Boston Bruins,1984-09-10
V. Bulin,HC Neftekhimik Nizhnekamsk,Philadelphia Flyers,1972-05-18
V. Sobotka,Avangard Omsk,Boston Bruins,1987-07-02
V. Růžička,Piráti Chomutov,Phoenix Coyotes,1989-02-17
V. Mihálik,HC Slovan Bratislava,Tampa Bay Lightning,1987-01-29
V. Zharkov,HC CSKA Moscow,New Jersey Devils,1988-01-10
V. Tarasenko,St. Louis Blues,St. Louis Blues,1991-12-13
V. Malenkikh,Metallurg Magnitogorsk,Pittsburgh Penguins,1980-10-01
V. Gusev,Metallurg Novokuznetsk,Chicago Blackhawks,1982-11-24
V. Gorbunov,Torpedo Nizhny Novgorod,New York Islanders,1982-04-22
V. Bobylev,HC Spartak Moscow,Toronto Maple Leafs,1997-04-18
V. Antipov,CSKA Sofia,Toronto Maple Leafs,1978-01-14
V. Sobotka,Avangard Omsk,Boston Bruins,1987-07-02
V. Růžička,Piráti Chomutov,Phoenix Coyotes,1989-02-17
V. Mihálik,HC Slovan Bratislava,Tampa Bay Lightning,1987-01-29
V. Atyushov,Amur Khabarovsk,Ottawa Senators,1979-07-04
V. Abramov,Gatineau Olympiques,Columbus Blue Jackets,1998-05-08
V. Yeremeyev,Barys Astana,New York Rangers,1975-09-23
V. Yachmenev,HC Dynamo Moscow,Los Angeles Kings,1975-01-08
V. Trocheck,Florida Panthers,Florida Panthers,1993-07-11
V. Hinostroza,Chicago Blackhawks,Chicago Blackhawks,1994-04-03
V. Pokka,Chicago Blackhawks,New York Islanders,1994-06-03
V. Mäntymaa,Frölunda HC,Anaheim Ducks,1985-03-08
V. Hämäläinen,SaiPa,Calgary Flames,1981-07-06
V. Husso,St. Louis Blues,St. Louis Blues,1995-02-06
V. Hostikka,HC Slovan Bratislava,Philadelphia Flyers,1985-03-21
V. Hämäläinen,SaiPa,Calgary Flames,1981-07-06
V. Sopanen,Lahti Pelicans,New Jersey Devils,1987-10-21
V. Ujčík,HC Vítkovice,Montreal Canadiens,1972-05-24
V. Tikhonov,SKA Saint Petersburg,Arizona Coyotes,1988-05-12
V. Stålberg,Carolina Hurricanes,Toronto Maple Leafs,1986-01-17
V. Lööv,Toronto Maple Leafs,Toronto Maple Leafs,1992-11-16
V. Hübl,HC Litvínov,Washington Capitals,1978-08-12
V. Ekbom,Örebro HK,Pittsburgh Penguins,1989-06-01
V. Dovgan,Avtomobilist Yekaterinburg,Washington Capitals,1987-02-27
V. Bobrov,HC Spartak Moscow,Calgary Flames,1984-01-01
V. Arvidsson,Nashville Predators,Nashville Predators,1993-04-08
V. Alexandrov,Admiral Vladivostok,St. Louis Blues,1985-12-28
V. Rask,Carolina Hurricanes,Carolina Hurricanes,1993-03-01
V. Olofsson,Frölunda HC,Buffalo Sabres,1995-07-18
V. Hedman,Tampa Bay Lightning,Tampa Bay Lightning,1990-12-18
V. C. Rydberg,Vimmerby HC,New York Islanders,1995-03-21
V. Vainio,Espoo Blues,Columbus Blue Jackets,1997-06-16
V. Koshechkin,Metallurg Magnitogorsk,Tampa Bay Lightning,1983-03-27
V. Filppula,Tampa Bay Lightning,Detroit Red Wings,1984-03-20
V. Vasilyev,HC Spartak Moscow,Philadelphia Flyers,1994-05-31
V. Nichushkin,HC CSKA Moscow,Dallas Stars,1995-03-04
V. Zykov,Carolina Hurricanes,Los Angeles Kings,1995-05-15
V. Khomitsky,HC Sochi,Dallas Stars,1982-07-21
V. Vaněček,Washington Capitals,Washington Capitals,1996-01-09
V. Varaďa,HC Vítkovice,San Jose Sharks,1976-04-26
V. Pletka,HC České Budějovice,Philadelphia Flyers,1979-06-08
V. Nedorost,HC Slovan Bratislava,Colorado Avalanche,1982-03-16
V. Meidl,HC Kometa Brno,Nashville Predators,1986-05-27
V. Karabáček,Buffalo Sabres,Buffalo Sabres,1996-05-02
T. Strachan,Rochester Americans,Carolina Hurricanes,1984-10-30
