col0,col1,col2,col3
Roman Catholic Archdiocese of Bamberg,Bamberg,Bamberg,10290000000
Roman Catholic Archdiocese of Baltimore,Archdiocese of Baltimore,Archdiocese of Baltimore,4801000000
Roman Catholic Archdiocese of Bahía Blanca,Bahía Blanca,Bahía Blanca,214021077509
Roman Catholic Archdiocese of Avignon,Roman Catholic Archdiocese of Marseille,Roman Catholic Archdiocese of Marseille,3578000000
Roman Catholic Archdiocese of Auch,Roman Catholic Archdiocese of Toulouse,Roman Catholic Archdiocese of Toulouse,6171000000
Roman Catholic Archdiocese of Atlanta,Ecclesiastical Province of Atlanta,Ecclesiastical Province of Atlanta,55521000000
Roman Catholic Archdiocese of Armagh,County Armagh,County Armagh,3472000000
Roman Catholic Archdiocese of Aracaju,Aracaju,Aracaju,7019000000
Roman Catholic Archdiocese of Aparecida,Aparecida,Aparecida,1300000000
Roman Catholic Archdiocese of Antofagasta,Antofagasta,Antofagasta,84506000000
Roman Catholic Archdiocese of Anchorage,Archdiocese of Anchorage,Archdiocese of Anchorage,359969497515
Roman Catholic Archdiocese of Amalfi-Cava de' Tirreni,Roman Catholic Archdiocese of Salerno-Campagna-Acerno,Roman Catholic Archdiocese of Salerno-Campagna-Acerno,150000000
Roman Catholic Archdiocese of Algiers,Algiers,Algiers,54701000000
Roman Catholic Archdiocese of Albi,Roman Catholic Archdiocese of Toulouse,Roman Catholic Archdiocese of Toulouse,5780000000
Roman Catholic Archdiocese of Aix,Roman Catholic Archdiocese of Marseille,Roman Catholic Archdiocese of Marseille,4580000000
Roman Catholic Archdiocese of Agra,Agra,Agra,69162000000
Roman Catholic Archdiocese of Agaña,List of the Catholic dioceses of the United States,List of the Catholic dioceses of the United States,556847443
Roman Catholic Archdiocese of Acerenza,Roman Catholic Archdiocese of Potenza-Muro Lucano-Marsico Nuovo,Roman Catholic Archdiocese of Potenza-Muro Lucano-Marsico Nuovo,1250000000
