"Team","Qualified as","Qualification date","Appearance in finals","Consecutive Streak","Previous best performance"
"Mexico","Host","8 October 1964","7th","6","Group Stage (1930, 1950, 1954, 1958, 1962, 1966)"
"England","Holders","30 July 1966","6th","6","Winners (1966)"
"Belgium","UEFA Group 6 Winners","30 April 1969","5th","1 (Last: 1954)","Group Stage (1930, 1934, 1938, 1954)"
"Uruguay","CONMEBOL Group 3 Winners","10 August 1969","6th","3","Winners (1930, 1950)"
"Brazil","CONMEBOL Group 2 Winners","24 August 1969","9th","9","Winners (1958, 1962)"
"Peru","CONMEBOL Group 1 Winners","31 August 1969","2nd","1 (Last: 1930)","Group Stage (1930)"
"El Salvador","CONCACAF Winners","8 October 1969","1st","1","â\u0080\u0093"
"Sweden","UEFA Group 5 Winners","15 October 1969","5th","1 (Last: 1958)","Runners-Up (1958)"
"West Germany","UEFA Group 7 Winners","22 October 1969","7th","5","Winners (1954)"
"Morocco","CAF Winners","26 October 1969","1st","1","â\u0080\u0093"
"Soviet Union","UEFA Group 4 Winners","4 November 1969","4th","4","Fourth Place (1966)"
"Romania","UEFA Group 1 Winners","16 November 1969","4th","1 (Last: 1938)","Group Stage (1930, 1934, 1938)"
"Italy","UEFA Group 3 Winners","22 November 1969","7th","3","Winners (1934, 1938)"
"Czechoslovakia","UEFA Group 2 Winners","3 December 1969","6th","1 (Last: 1962)","Runners-Up (1962)"
"Bulgaria","UEFA Group 8 Winners","7 December 1969","3rd","3","Group Stage (1962, 1966)"
"Israel","AFC\/OFC Winners","14 December 1969","1st","1","â\u0080\u0093"

