"Pos","No","Team","Driver","Car","TT10","Qual"
"Pole","10","Allan Moffat Enterprises","Klaus Niedzwiedz","Ford Sierra RS500","2:13.94","2:15.00"
"2","17","Shell Ultra Hi Racing","Dick Johnson","Ford Sierra RS500","2:14.17","2:14.26"
"3","05","Mobil 1 Racing","Peter Brock","Ford Sierra RS500","2:14.71","2:14.72"
"4","35","Peter Jackson Racing","Glenn Seton","Ford Sierra RS500","2:15.77","2:14.44"
"5","25","Benson & Hedges Racing","Tony Longhurst","Ford Sierra RS500","2:16.01","2:13.84"
"6","16","Holden Racing Team","Allan Grice","Holden VL Commodore SS Group A SV","2:16.17","2:15.62"
"7","11","Perkins Engineering","Larry Perkins","Holden VL Commodore SS Group A SV","2:17.03","2:14.82"
"8","9","Allan Moffat Enterprises","Gregg Hansford","Ford Sierra RS500","2:17.97","2:15.20"
"9","40","Mark Petch Motorsport","Gianfranco Brancatelli","Ford Sierra RS500","2:23.05","2:15.32"
"10","20","Benson & Hedges Racing","Alan Jones","Ford Sierra RS500","3:21.93","NA"

