"Date","Opponent","Venue","Result","Attendance","Scorers"
"10 August 1991","Celtic","H","3â\u0080\u00934","16,535","M O'Neill (2), Ferguson"
"13 August 1991","St. Mirren","H","4â\u0080\u00931","5,771","McKinlay, Jackson (2), M O'Neill"
"17 August 1991","St. Johnstone","A","1â\u0080\u00931","7,700","Jackson"
"24 August 1991","Hibernian","A","0â\u0080\u00931","9,420",""
"31 August 1991","Aberdeen","H","0â\u0080\u00930","11,962",""
"7 September 1991","Dunfermline","H","3â\u0080\u00930","11,962","Bowman, Van der Hoorn, Ferguson"
"14 September 1991","Rangers","A","1â\u0080\u00931","36,347","Ferguson"
"21 September 1991","Hearts","A","1â\u0080\u00931","11,746","Ferguson"
"28 September 1991","Motherwell","H","2â\u0080\u00932","6,844","Bollan, Malpas"
"5 October 1991","Falkirk","A","4â\u0080\u00930","5,377","Ferreyra (2), Ferguson, Paatelainen"
"8 October 1991","Airdrieonians","H","0â\u0080\u00930","5,763",""
"12 October 1991","Celtic","A","1â\u0080\u00934","28,745","M O'Neill"
"19 October 1991","St. Johnstone","H","1â\u0080\u00932","7,700","French"
"26 October 1991","Airdrieonians","A","3â\u0080\u00931","3,500","Clark, Ferguson, Paatelainen"
"29 October 1991","Rangers","H","3â\u0080\u00932","14,397","McKinnon, Jackson, Ferguson"
"2 November 1991","Aberdeen","A","1â\u0080\u00930","13,728","McInally"
"6 November 1991","Dunfermline","A","1â\u0080\u00930","3,528","Jackson, Bowman"
"9 November 1991","Hibernian","H","1â\u0080\u00931","9,420","McKinnon"
"16 November 1991","Falkirk","H","2â\u0080\u00931","7,290","Ferreyra, Own goal"
"23 November 1991","Hearts","H","0â\u0080\u00931","12,796",""
"30 November 1991","St. Mirren","A","1â\u0080\u00931","3,500","Cleland"
"3 December 1991","Motherwell","A","1â\u0080\u00931","4,023","Jackson"
"7 December 1991","Celtic","H","1â\u0080\u00931","11,145","Welsh"
"14 December 1991","Dunfermline","H","0â\u0080\u00930","4,835",""
"21 December 1991","Rangers","A","0â\u0080\u00932","41,448",""
"28 December 1991","Hibernian","A","2â\u0080\u00933","7,704","Malpas, Paatelainen"
"1 January 1992","Aberdeen","H","4â\u0080\u00930","7,608","Jackson (2), Ferguson, Paatelainen"
"4 January 1992","Falkirk","A","3â\u0080\u00931","5,186","McKinnon, Jackson (2)"
"11 January 1992","Airdrieonians","H","2â\u0080\u00931","6,056","Jackson, Ferreyra"
"18 January 1992","St. Mirren","H","1â\u0080\u00933","4,933","McInally"
"1 February 1992","St. Johnstone","A","1â\u0080\u00931","6,364","Ferguson"
"8 February 1992","Hearts","A","0â\u0080\u00931","10,516",""
"22 February 1992","Motherwell","H","2â\u0080\u00932","4,746","Cleland, Ferguson"
"29 February 1992","Falkirk","H","2â\u0080\u00931","5,592","Paatelainen (2)"
"7 March 1992","Dunfermline","A","0â\u0080\u00931","3,042",""
"14 March 1992","Hibernian","H","1â\u0080\u00930","5,588","Cleland"
"17 March 1992","Airdrieonians","A","0â\u0080\u00931","3,284",""
"21 March 1992","Aberdeen","A","2â\u0080\u00930","10,500","McInally, Ferreyra"
"28 March 1992","Celtic","A","1â\u0080\u00933","22,522","Ferguson"
"4 April 1992","St. Johnstone","H","2â\u0080\u00931","5,553","Cleland, Bowman"
"11 April 1992","Rangers","H","1â\u0080\u00932","11,391","McInally"
"18 April 1992","Hearts","H","2â\u0080\u00930","6,711","Malpas, Ferguson"
"25 April 1992","St. Mirren","A","1â\u0080\u00930","1,871","Ferguson"
"2 May 1992","Motherwell","A","2â\u0080\u00931","3,151","Johnson, Ferguson"

