"#","Eastern Conference v t e"
"#","Team","W","L","PCT","GB"
"1","c-New York Knicks","60","22",".732","â\u0080\u0093"
"2","y-Chicago Bulls","57","25",".695","3"
"3","x-Cleveland Cavaliers","54","28",".659","6"
"4","x-Boston Celtics","48","34",".585","12"
"5","x-Charlotte Hornets","44","38",".537","16"
"6","x-New Jersey Nets","43","39",".524","17"
"7","x-Atlanta Hawks","43","39",".524","17"
"8","x-Indiana Pacers","41","41",".500","19"
"","","","","",""
"9","Orlando Magic","41","41",".500","19"
"10","Detroit Pistons","40","42",".488","20"
"11","Miami Heat","36","46",".439","24"
"12","Milwaukee Bucks","28","54",".341","32"
"13","Philadelphia 76ers","26","56",".317","36"
"14","Washington Bullets","22","60",".268","38"

