"#","Date","Opponent","Score","Win","Loss","Save","Location","Attendance","Record"
"109","August 3","Angels","4â\u0080\u00932","Pettitte (12â\u0080\u00936)","Washburn (9â\u0080\u00935)","Rivera (36)","Yankee Stadium","40,490","66â\u0080\u009343"
"110","August 4","Angels","5â\u0080\u00934","Rivera (4â\u0080\u00935)","Levine (5â\u0080\u00936)","","Yankee Stadium","46,416","67â\u0080\u009343"
"111","August 5","Angels","3â\u0080\u00934","Ortiz (10â\u0080\u00937)","Mendoza (7â\u0080\u00933)","Percival (29)","Yankee Stadium","48,978","67â\u0080\u009344"
"112","August 6","Angels","1â\u0080\u00933","Pote (2â\u0080\u00930)","Hitchock (1â\u0080\u00931)","Percival (30)","Yankee Stadium","40,232","67â\u0080\u009345"
"129","August 24","@ Angels","2â\u0080\u00936","Hasegawa (4â\u0080\u00934)","Pettitte (14â\u0080\u00938)","","Edison International Field of Anaheim","43,489","75â\u0080\u009354"
"130","August 25","@ Angels","7â\u0080\u00935","Clemens (17â\u0080\u00931)","Valdez (8â\u0080\u00938)","Rivera (40)","Edison International Field of Anaheim","43,398","76â\u0080\u009354"
"131","August 26","@ Angels","6â\u0080\u00937 (10)","Percival (4â\u0080\u00932)","Stanton (8â\u0080\u00934)","","Edison International Field of Anaheim","41,660","76â\u0080\u009355"

