"Match","Home","Visitor","1st Leg","2nd Leg","Aggregate"
"1","Cobresal","Colo-Colo","3â\u0080\u00930","1â\u0080\u00932","4â\u0080\u00932"
"2","Cobreloa","UniÃ³n EspaÃ±ola","3â\u0080\u00933","3â\u0080\u00932","6â\u0080\u00935"
"3","Universidad de ConcepciÃ³n","Universidad de Chile","0â\u0080\u00930","4â\u0080\u00933","4â\u0080\u00933"
"4","Universidad CatÃ³lica","Huachipato","2â\u0080\u00931","1â\u0080\u00931","3â\u0080\u00932"
"5","Puerto Montt","Rangers","1â\u0080\u00932","3â\u0080\u00930","4â\u0080\u00932"
"6","Santiago Wanderers","Audax Italiano","0â\u0080\u00930","3â\u0080\u00930","3â\u0080\u00930"

