"Position","Driver","Car","Points"
"1st","Ken Nomura","Nissan Skyline ER34","21"
"2nd","Atsushi Kuroi","Nissan Silvia PS13","18"
"3rd","Masao Suenaga","Mazda RX-7 FD3S","16"
"4th","Toshiki Yoshioka","Toyota Sprinter Trueno AE86","15"
"5th","Daigo Saito","Toyota Mark II JZX90","13"
"6th","Takashi Haruyama","Nissan Laurel C35","10"
"7th","Masayoshi Tokita","Toyota Soarer MZ12","8"
"8th","Nobushige Kumakubo","Subaru Impreza GDB","7"
"9th","Youichi Imamura","Nissan Fairlady Z Z33","5"
"10th","Takahiro Ueno","Toyota Soarer JZZ30","3"
"11th","Tatsuya Sakuma","Nissan Silvia S15","1"
"12th","Tsuyoshi Tezuka","Nissan Skyline BNR32","1"
"13th","Katsuhiro Ueo","Toyota Sprinter Trueno AE86","1"
"14th","Naoto Suenaga","Subaru Impreza GC8","1"
"15th","Yasuyuki Kazama","Nissan Silvia S15","2"
"16th","Masato Kawabata","Nissan Silvia S15","2"

