"Occasion #","Location","Date","Gold","Time","Silver","Time","Bronze","Time","Report"
"4","Changchun, China","6 December","Jenny Wolf Germany","10.23","Xing Aihua China","10.27","Lee Sang-hwa South Korea","10.67","[2]"
"5","Nagano, Japan","14 December","Jenny Wolf Germany","10.40","Xing Aihua China","10.42","Sayuri Osuga Japan","10.81","[3]"
"6","Kolomna, Russia","25 January","Jenny Wolf Germany","10.33","Judith Hesse Germany","10.56","Xing Aihua China","10.59","[4]"
"9","Salt Lake City, United States","7 March","Jenny Wolf Germany","10.25","Yu Jing China","10.44","Shihomi Shinya Japan","10.45","[5]"

