"Rank","Name","Country","Total","Short","Free","Event","Date"
"1","Victoria Sinitsina \/ Ruslan Zhiganshin","Russia","151.10","61.74","89.36","JGP Austria","2011-10-22"
"2","Alexandra Stepanova \/ Ivan Bukin","Russia","149.98","62.86","87.12","JGP Italy","2011-04-30"
"3","Anna Yanovskaia \/ Sergei Mozgov","Russia","142.72","59.48","83.24","JGP Estonia","2011-01-28"
"4","Alexandra Aldridge \/ Daniel Eaton","United States","136.85","55.48","81.37","JGP Austria","2011-04-30"
"5","Valeria Zenkova \/ Valerie Sinitsin","Russia","130.58","53.84","76.74","JGP Italy","2011-10-08"
"6","Lauri Bonacorsi \/ Travis Mager","United States","129.63","53.67","75.96","JGP Italy","2011-10-08"
"7","Maria Nosulia \/ Evgen Kholoniuk","Ukraine","128.34","54.76","73.58","JGP Austria","2011-10-01"
"8","Nicole Orford \/ Thomas Williams","Canada","127.21","50.89","76.32","JGP Australia","2011-09-10"
"9","Irina Shtork \/ Taavi Rand","Estonia","126.51","52.16","74.35","JGP Estonia","2011-10-15"
"10","Shari Koch \/ Christian Nuchtern","Germany","124.35","51.89","72.46","JGP Italy","2011-10-08"

