"Player","Former team","Contract terms"
"Joey Crabb[19]","Toronto Maple Leafs","1 year, $950,000"
"Garrett Stafford[20]","Hamilton Bulldogs","1 year, $550,000"
"Jack Hillen[21]","Nashville Predators","1 year, $650,000"
"Ryan Stoa[22]","Lake Erie Monsters","1 year, $700,000"
"Wojtek Wolski[23]","Florida Panthers","1 year, $600,000"
"Matt Clackson[24]","Chicago Wolves","1 year, $525,000"
"Eric Fehr[25]","Winnipeg Jets","1 year, $600,000"
"Steven Oleksy[26]","Hershey Bears","3 years, $1.625 million entry-level contract"
"Nate Schmidt[27]","University of Minnesota","2 years, $1.85 million entry-level contract"

