"Player","Date","Length","Contracted until","Reference \/ Notes"
"Jordan Chapell","5 July 2012","1 Year","Summer 2013","[15]"
"Chris Porter","5 July 2012","2 Years","Summer 2014","[15]"
"Kevin McDonald","24 July 2012","2 Years","Summer 2014","[24]"
"Richard Cresswell","30 August 2012","1 Year","Summer 2013","Became player-coach[37]"
"Michael Doyle","21 September 2012","3 Years","Summer 2015","[154]"
"Diego De Girolamo","29 October 2012","3 Years","Summer 2015","[60]"
"Neill Collins","9 November 2012","2 Years","Summer 2015","[65]"
"Dave Kitson","16 November 2012","6 Months","Summer 2013","[70]"
"Danny Coyne","17 December 2012","1 Month","January 2013","[83]"
"George Willis","11 January 2013","2 Years, 6 Months","Summer 2015","[97]"
"Danny Coyne","12 January 2013","1 Month","February 2013","[155]"
"Danny Coyne","18 February 2013","1 Month","March 2013","[114]"
"Joe Ironside","18 March 2013","2 years, 6 months","June 2015","[124]"

