"Place","Player","Country","Score","To par"
"1","Jim Furyk","United States","63-66-70=199","â\u0088\u009211"
"2","Louis Oosthuizen","South Africa","67-65-68=200","â\u0088\u009210"
"3","Keegan Bradley","United States","67-69-67=203","â\u0088\u00927"
"T4","Rory McIlroy","Northern Ireland","70-67-67=204","â\u0088\u00926"
"T4","Steve Stricker","United States","68-68-68=204","â\u0088\u00926"
"T6","Justin Rose","England","70-69-66=205","â\u0088\u00925"
"T6","John Senden","Australia","66-70-69=205","â\u0088\u00925"
"T6","Bo Van Pelt","United States","70-69-66=205","â\u0088\u00925"
"T6","Luke Donald","England","66-69-71=206","â\u0088\u00924"
"T6","Jason Dufner","United States","67-66-73=206","â\u0088\u00924"

