"Pos","Team","Pld","W","D","L","GF","GA","GD","Pts","Qualification or relegation"
"1","Glenorchy Knights C","18","16","0","2","76","24","+52","48","2013 Southern League Three Champions"
"2","Taroona C","18","14","3","1","68","14","+54","45"
"3","Beachside C","18","11","3","4","41","16","+25","36"
"4","New Town Eagles B","18","10","2","6","36","33","+3","32"
"5","University of Tasmania C","18","9","2","7","43","32","+11","29"
"6","Clarence United B","18","9","1","8","47","37","+10","28"
"7","Nelson Eastern Suburbs B","18","6","1","11","33","53","â\u0088\u009220","19"
"8","Huon Valley (R)","18","3","2","13","31","63","â\u0088\u009232","11","Relegated to the 2014 Southern League Four"
"9","Kingborough Lions United D","18","3","2","13","28","69","â\u0088\u009241","11"
"10","Woodbridge (R)","18","0","2","16","21","83","â\u0088\u009262","2","Withdrew at end of season"

