"","Rider","Team","Time"
"1","Taylor Phinney (USA)","BMC Racing Team","3h 59' 33\""
"2","Peter Sagan (SVK)","Cannondale","+ 12\""
"3","Matthew Goss (AUS)","Oricaâ\u0080\u0093GreenEDGE","+ 12\""
"4","Jasper Stuyven (BEL)","Trek Factory Racing","+ 12\""
"5","Kiel Reijnen (USA)","UnitedHealthcare","+ 12\""
"6","Lawson Craddock (USA)","Giantâ\u0080\u0093Shimano","+ 12\""
"7","Thomas Damuseau (FRA)","Giantâ\u0080\u0093Shimano","+ 12\""
"8","Greg Van Avermaet (BEL)","BMC Racing Team","+ 12\""
"9","Paul Voss (GER)","NetAppâ\u0080\u0093Endura","+ 12\""
"10","Tiago Machado (POR)","NetAppâ\u0080\u0093Endura","+ 12\""

