"Team","Manufacturer","No.","Race Driver","Crew Chief","Rounds"
"Athenian Motorsports","Toyota","25","John Wes Townley","Mike Beam Mike Ford","11"
"Biagi-DenBeste Racing","Ford","98","David Ragan","Jon Hanson","7"
"Biagi-DenBeste Racing","Ford","98","Ryan Gifford","Jon Hanson","1"
"Biagi-DenBeste Racing","Ford","98","Jeb Burton","Jon Hanson","1"
"Biagi-DenBeste Racing","Ford","98","Corey LaJoie","Jon Hanson","5"
"Biagi-DenBeste Racing","Ford","98","Aric Almirola","Jon Hanson","2"
"Billy Boat Motorsports","Chevrolet","84","Chad Boat (R)[25]","Dan Deeringhoff[25]","15"
"Browning Motorsports","Chevrolet","26","Jake Crum","Marc Browning","1"
"DRG Motorsports","Chevrolet","86","Joe Nemechek","Rick Markle","1"
"DRG Motorsports","Chevrolet","86","Kyle Fowler","Rick Markle","1"
"DRG Motorsports","Chevrolet","86","Jake Crum","Rick Markle","3"
"DRG Motorsports","Chevrolet","86","Tim Cowen","Rick Markle","1"
"DGM Racing","Chevrolet","90","Martin Roy","Mario Gosselin","6"
"Gerhart Racing","Chevrolet","85","Bobby Gerhart","Billy Gerhart Mark Skibo","3"
"Hattori Racing Enterprises","Toyota","80","Johnny Sauter","Bruce Cook","3"
"Hattori Racing Enterprises","Toyota","80","Ross Chastain","Bruce Cook","4"
"Hattori Racing Enterprises","Toyota","80","Alex Bowman","Bruce Cook","1"
"JR Motorsports","Chevrolet","5","Kevin Harvick[26]","Ernie Cope[27]","14"
"JR Motorsports","Chevrolet","5","Kasey Kahne[27]","Ernie Cope[27]","3"
"JR Motorsports","Chevrolet","5","Austin Theriault[28]","Ernie Cope[27]","3"
"JR Motorsports","Chevrolet","5","Josh Berry","Ernie Cope[27]","2"
"JR Motorsports","Chevrolet","5","Alex Bowman[29]","Ernie Cope[27]","2"
"JR Motorsports","Chevrolet","88","Dale Earnhardt, Jr.[10]","Ernie Cope Mike Bumgarner","4"
"JR Motorsports","Chevrolet","88","Kevin Harvick","Ernie Cope Mike Bumgarner","1"
"Martins Motorsports","Dodge Ford","67","Clay Greenfield","Todd Bodine","1"
"Martins Motorsports","Dodge Ford","67","Tommy Joe Martins (R)","Joey Jones","1"
"Martins Motorsports","Dodge Ford","76","Willie Allen[30]","Todd Perryman Joey Jones Tim Silva","2"
"Martins Motorsports","Dodge Ford","76","Tommy Joe Martins (R)[30]","Todd Perryman Joey Jones Tim Silva","14"
"MBM Motorsports","Toyota Dodge","13","Carl Long","Kevin Eagle","7"
"MBM Motorsports","Toyota Dodge","13","Matt Carter","Kevin Eagle","2"
"MBM Motorsports","Toyota Dodge","13","Mike Wallace","Kevin Eagle","1"
"MBM Motorsports","Toyota Dodge","13","Derek White","Kevin Eagle","1"
"MBM Motorsports","Chevrolet","72","Matt Carter","Mike Chance Richard Garcia Kevin Eagle","2"
"MBM Motorsports","Chevrolet","72","Harrison Rhodes","Mike Chance Richard Garcia Kevin Eagle","3"
"MBM Motorsports","Chevrolet","72","Carl Long","Mike Chance Richard Garcia Kevin Eagle","3"
"MBM Motorsports","Chevrolet","72","John Jackson","Mike Chance Richard Garcia Kevin Eagle","5"
"Jimmy Means Racing","Toyota","79","Carl Long","Jimmy Means","1"
"Jimmy Means Racing","Chevrolet","79","Tim Schendel","Mark Arellano","1"
"Jimmy Means Racing","Chevrolet","John Jackson","79","Corey Hill","1"
"Mike Harmon Racing","Dodge","77","Roger Reuse","Robert White","1"
"NEMCO Motorsports","Toyota","97","Joe Nemechek","Steven Gray","1"
"RAB Racing","Toyota","29","Scott Lagasse, Jr.[31]","Matt Lucas Chris Rice Bruce Cook Keith Hinkein","2"
"RAB Racing","Toyota","29","Kelly Admiraal","Matt Lucas Chris Rice Bruce Cook Keith Hinkein","3"
"RAB Racing","Toyota","29","Kenny Wallace","Matt Lucas Chris Rice Bruce Cook Keith Hinkein","1"
"RAB Racing","Toyota","29","Milka Duno","Matt Lucas Chris Rice Bruce Cook Keith Hinkein","3"
"RAB Racing","Toyota","29","Daniel SuÃ¡rez","Matt Lucas Chris Rice Bruce Cook Keith Hinkein","1"
"Richard Childress Racing","Chevrolet","33","Matt Crafton","Nick Harrison","1"
"Richard Childress Racing","Chevrolet","33","Cale Conley","Nick Harrison","11"
"Richard Childress Racing","Chevrolet","33","Paul Menard","Nick Harrison","7"
"Richard Childress Racing","Chevrolet","33","Austin Dillon","Nick Harrison","1"
"Richard Childress Racing","Chevrolet","33","Scott Lagasse, Jr.","Nick Harrison","1"
"Richard Petty Motorsports","Ford","09","Marcos Ambrose","Scott McDougall","1[32]"
"Rick Ware Racing","Ford","15","Carlos Contreras","Jeff Spraker","1"
"Rick Ware Racing","Ford","15","Ryan Ellis","Jeff Schmidt","1"
"Rick Ware Racing","Ford","15","Carl Long","Kevin Eagle","2"
"Shepherd Racing Ventures","Chevrolet","89","Morgan Shepherd","Mike Malamphy Kevyn Rebolledo Claude Townsend","13"
"SRÂ² Motorsports","Toyota","00","Jason White","David Jones","1"
"SRÂ² Motorsports","Toyota","24","Harrison Rhodes[33]","Tony Furr","1"
"SRÂ² Motorsports","Toyota","24","RubÃ©n GarcÃ­a, Jr.[34]","George White, Jr.","2"
"SRÂ² Motorsports","Toyota","24","Ryan Ellis","George White, Jr.","1"
"SRÂ² Motorsports","Toyota","24","Jason White","George White, Jr.","1"
"SunEnergy1 Racing","Toyota","75","Kenny Habul","Craig Fletcher","1"
"Team Penske","Ford","12","Ryan Blaney","Greg Erwin","4"
"Team Penske","Ford","12","Joey Logano","Greg Erwin","1"
"The Motorsports Group","Chevrolet","46","Matt DiBenedetto","Kyle Symington David Jones Gary Showalter","14"
"The Motorsports Group","Chevrolet","46","Ryan Ellis","Kyle Symington David Jones Gary Showalter","11"
"The Motorsports Group","Chevrolet","46","Matt Frahm","Kyle Symington David Jones Gary Showalter","3"
"The Motorsports Group","Chevrolet","46","Josh Wise","Kyle Symington David Jones Gary Showalter","1"
"The Motorsports Group","Chevrolet","46","Josh Reaume","Kyle Symington David Jones Gary Showalter","1"
"The Motorsports Group","Chevrolet","46","Carl Long","Kyle Symington David Jones Gary Showalter","1"
"Tommy Baldwin Racing","Chevrolet","36","Ryan Preece","Zach McGowan","2"
"TriStar Motorsports","Toyota","10","David Starr","Todd Myers Greg Conner","2"
"TriStar Motorsports","Toyota","10","Blake Koch","Todd Myers Greg Conner","17"
"TriStar Motorsports","Toyota","10","Jeff Green","Todd Myers Greg Conner","8"
"TriStar Motorsports","Toyota","10","Kevin Lepage","Todd Myers Greg Conner","2"
"TriStar Motorsports","Toyota","10","Ross Chastain","Todd Myers Greg Conner","1"
"TriStar Motorsports","Toyota","10","Mike Bliss","Paul Clapprood","2"
"TriStar Motorsports","Toyota","91","Jeff Green[35]","Josh Reaume Blake Climo Todd Myers","7"
"TriStar Motorsports","Toyota","91","Benny Gordon","Eddie Pardue","1"
"TriStar Motorsports","Toyota","91","Blake Koch","Todd Myers","1"
"Turner Scott Motorsports","Chevrolet","30","Danica Patrick[36]","Mike Greci","1"
"Vision Racing","Dodge","37","Matt DiBenedetto","Adrian Berryhill","1"
"Vision Racing","Dodge","37","Ryan Ellis","Adrian Berryhill","1"
"SS-Green Light Racing","Chevrolet","77","Jimmy Weller III","Jason Miller","1"
"SS-Green Light Racing","Chevrolet","77","Brennan Newberry","Jason Miller","1"

