"Quarter","Time","Drive","Team","Scoring information","Score"
"Quarter","Time","Plays","Team","Scoring information","Yards","TOP","LSU","TTU"
"1","11:47","6","66","1:58","LSU","Leonard Fournette 2-yard touchdown run, Trent Domingue kick good","7","0"
"1","0:53","9","90","4:23","TTU","Jakeem Grant 46-yard touchdown reception from Patrick Mahomes, 2-point pass incomplete","7","6"
"1","0:29","1","79","0:24","LSU","D.J. Chark 79-yard touchdown run, Trent Domingue kick good","14","6"
"2","6:41","2","42","1:16","LSU","Leonard Fournette 44-yard touchdown reception from Brandon Harris, Trent Domingue kick good","21","6"
"2","3:38","9","90","3:03","TTU","Jakeem Grant 3-yard touchdown reception from Patrick Mahomes, Clayton Hatfield kick good","21","13"
"3","10:28","3","31","0:19","TTU","Reginald Davis 31-yard touchdown reception from Patrick Mahomes, Clayton Hatfield kick good","21","20"
"3","8:17","4","75","2:11","LSU","Leonard Fournette 43-yard touchdown run, Trent Domingue kick good","28","20"
"3","4:07","4","78","1:13","LSU","Leonard Fournette 4-yard touchdown run, Trent Domingue kick good","35","20"
"3","0:09","4","64","1:54","LSU","Brandon Harris 26-yard touchdown run, Trent Domingue kick good","42","20"
"4","12:20","8","61","2:49","TTU","Jakeem Grant 4-yard touchdown reception from Patrick Mahomes, Clayton Hatfield kick good","42","27"
"4","8:16","9","65","4:04","LSU","Leonard Fournette 2-yard touchdown run, Trent Domingue kick good","49","27"
"4","4:24","6","65","3:20","LSU","Darrel Williams 2-yard touchdown run, Trent Domingue kick good","56","27"
"\"TOP\" = time of possession. For other American football terms, see Glossary of American football.","56","27"

