"Country","Men[2]","Ladies[3]","Pairs[4]","Ice dancing[5]"
"Armenia","Slavik Hayrapetyan","Anastasia Galustyan","","Tina Garabedian \/ Simon Proulx-Senecal"
"Austria[6]","Mario-Rafael Ionian","Kerstin Frank","Miriam Ziegler \/ Severin Kiefer","Barbora SilnÃ¡ \/ Juri Kurakin"
"Azerbaijan","Larry Loupolover","","",""
"Belarus","Alexei Mialionkhin","Janina Makeenka","Tatiana Danilova \/ Mikalai Kamianchuk","Viktoria Kavaliova \/ Yurii Bieliaiev"
"Belgium","Jorik Hendrickx","Charlotte Vandersarren","",""
"Bulgaria","","Daniela Stoeva","",""
"Croatia","Nicholas Vrdoljak","","",""
"Czech Republic","Jiri Belohradsky Michal BÅ\u0099ezina","EliÅ¡ka BÅ\u0099ezinovÃ¡","","Cortney Mansour \/ Michal Ä\u008CeÅ¡ka"
"Denmark[7]","","Pernille SÃ¸rensen","","Laurence Fournier Beaudry \/ Nikolaj SÃ¸rensen"
"Estonia","Daniil Zurav","Helery HÃ¤lvin","",""
"Finland[8]","Valtter Virtanen","Viveca Lindfors","","Cecilia TÃ¶rn \/ Jussiville Partanen"
"France","Florent Amodio","Laurine Lecavelier MaÃ© BÃ©rÃ©nice MÃ©itÃ©","Vanessa James \/ Morgan CiprÃ¨s","Lorenza Alessandrini \/ Pierre Souquet Peroline Ojardias \/ Michael Bramante Gabriella Papadakis \/ Guillaume Cizeron"
"Georgia","Armen Agaian","","",""
"Germany[9]","Franz Streubel Paul Fentz","Lutricia Bock Nathalie Weinzierl","Aliona Savchenko \/ Bruno Massot Mari Vartmann \/ Ruben Blommaert","Kavita Lorenz \/ Panagiotis Polizoakis Katharina MÃ¼ller \/ Tim Dieck"
"Hungary","Alexander Maszljanko","Ivett TÃ³th","Anna Marie Pearce \/ Mark Magyar","Carolina Moscheni \/ BalÃ¡zs Major"
"Israel","Alexei Bychenko Daniel Samohin","Aimee Buchanan","Adel Tankova \/ Evgeni Krasnopolski","Isabella Tobias \/ Ilia Tkachenko"
"Italy","Ivan Righini Matteo Rizzo","Roberta Rodeghiero Giada Russo","Nicole Della Monica \/ Matteo Guarise Bianca Manacorda \/ Niccolo Macii Valentina Marchei \/ OndÅ\u0099ej HotÃ¡rek","Anna Cappellini \/ Luca Lanotte CharlÃ¨ne Guignard \/ Marco Fabbri Misato Komatsubara \/ Andrea Fabbri"
"Latvia","Deniss VasiÄ¼jevs","AngelÄ«na KuÄ\u008DvaÄ¼ska","","Olga Jakushina \/ Andrey Nevskiy"
"Lithuania","","Aleksandra Golovkina","Goda Butkute \/ Nikita Ermolaev","Taylor Tran \/ Saulius Ambrulevicius"
"Luxembourg","","Fleur Maxwell","",""
"Netherlands[10]","Thomas Kennes","Niki Wories","",""
"Norway","Sondre Oddvoll BÃ¸e","Anne Line Gjersem","",""
"Poland","Patrick Myzyk","","","Natalia Kaliszek \/ Maksym Spodyriev"
"Romania","","Julia Sauter","",""
"Russia[11]","Mikhail Kolyada Maxim Kovtun Alexander Petrov","Evgenia Medvedeva Anna Pogorilaya Elena Radionova","Ksenia Stolbova \/ Fedor Klimov Evgenia Tarasova \/ Vladimir Morozov Tatiana Volosozhar \/ Maxim Trankov","Ekaterina Bobrova \/ Dmitri Soloviev Victoria Sinitsina \/ Nikita Katsalapov Alexandra Stepanova \/ Ivan Bukin"
"Slovakia","Michael Neuman","Nicole RajiÄ\u008DovÃ¡","","Federica Testa \/ LukÃ¡Å¡ CsÃ¶lley"
"Slovenia","David Kranjec","DaÅ¡a Grm","",""
"Spain","Javier FernÃ¡ndez Felipe Montoya","Sonia Lafuente","Marcelina Lech \/ Aritz Maestu","Celia Robledo \/ Luis Fenero"
"Sweden[12]","Alexander Majorov","Matilda Algotsson Joshi Helgesson Isabelle Olsson","",""
"Switzerland[13]","StÃ©phane Walker","Tanja Odermatt","Alexandra HerbrÃ­kovÃ¡ \/ Nicolas Roulet","Katarina Paice \/ Iurii Ieremenko"
"Turkey","Engin Ali Artan","Birce Atabey","","Alisa Agafonova \/ Alper UÃ§ar"
"Ukraine[14]","Ivan Pavlov","Anna Khnychenkova","","Valeria Haistruk \/ Oleksiy Oliynyk"
"United Kingdom","Phillip Harris","Danielle Harrison","","Penny Coomes \/ Nicholas Buckland"

