col0,col1,col2,col3,col4,col5
A. Ausserer,Austria,Austria,1843-07-05,1889-07-20,1843-07-05
Antoine Joseph Jean Solier,Marseille,Marseille,1792-2-8,1851-11-27,1792-2-8
A. V. Martynov,Ryazan,Moscow,1879-8-21,1938-1-29,1879-8-21
A. Bang-Haas,Horsens,Dresden,1846-12-6,1925-2-7,1846-12-6
"Amédée Louis Michel le Peletier, comte de Saint-Fargeau",Paris,Saint-Germain-en-Laye,1770-10-9,1845-1-1,1770-10-9
A. F. Rogenhofer,Vienna,Vienna,1831-12-22,1897-1-15,1831-12-22
A. Mocsáry,Oradea,Budapest,1841-9-27,1915-12-26,1841-9-27
A. Trotter,Udine,Vittorio Veneto,1874-7-26,1967-7-22,1874-7-26
A. Horion,Jüchen,Überlingen,1888-7-12,1988-1-1,1888-7-12
A. Guenée,Chartres,Châteaudun,1809-1-1,1880-12-30,1809-1-1
A. Deyrolle,Lille,Paris,1813-1-1,1865-1-1,1813-1-1
É. Mulsant,Marnans,Lyon,1797-3-2,1880-11-4,1797-3-2
É. Blanchard,Paris,France,1819-03-06,1900-02-11,1819-03-06
É. Lefèvre,Chartres,Paris,1839-1-1,1894-1-1,1839-1-1
Ângelo Moreira da Costa Lima,Rio de Janeiro,Rio de Janeiro,1887-06-29,1964-1-1,1887-06-29
