col0,col1,col2,col3
Arachniodes squamulosa,Dryopteridaceae,EN,IUCN3.1
Antrophyum austroqueenslandicum,Polypodiaceae,EW,QLDNCA
Anogramma ascensionis,Pteridaceae,CR,IUCN3.1
Angiopteris evecta,Marattiaceae,CD,EPBC
Aleuritopteris squamosa,Pteridaceae,EN,IUCN3.1
Adiantum vivesii,Pteridaceae,LE,ESA
Adiantum trapeziforme,Pteridaceae,G3,TNC
Adiantum pedatum,Pteridaceae,G5,TNC
Adiantum jordanii,Pteridaceae,G4,TNC
Adiantum fengianum,Pteridaceae,EN,IUCN3.1
Adiantum capillus-veneris,Pteridaceae,G5,TNC
Adiantum aleuticum,Pteridaceae,G5,TNC
Adenophorus periens,Polypodiaceae,G1,TNC
Acrostichum aureum,Pteridaceae,LC,IUCN3.1
