col0,col1,col2,col3
Morleys Stores,London,1897-10-01,1200
Mobilink,Islamabad,1994-06-11,2300
Meituan.com,Beijing,2009-03-29,19000
Lone Signal,Jamesburg Earth Station,2013-06-18,3
Kasikornbank,Bangkok,1945-06-08,21213
First City Monument Bank,Lagos,1982-04-20,2000
El Corte Inglés,Madrid,1940-06-28,93300
EMI Music Japan,Japan,1960-10-01,327
Dana Group,Dubai,1991-05-01,501
Cube Entertainment,Seoul,2006-08-29,53
Auto-Owners Insurance,"Delta Charter Township, Michigan",1916-07-01,4500
Atresmedia,San Sebastián de los Reyes,1988-06-07,1408
