col0,col1,col2,col3
C. Seymour,Greenwood Union Cemetery,Brooklyn,1898-12-09
C. Nash,San Fernando Mission Cemetery,"Watonga, Oklahoma",1904-12-07
C. Williams,"Forest Lawn Memorial Park, Glendale",Seattle,1888-05-03
C. Bow,"Forest Lawn Memorial Park, Glendale",Brooklyn,1905-07-29
C. Blandick,"Forest Lawn Memorial Park, Glendale",Hong Kong,1876-06-04
C. Black,Allerton Cemetery,England,1943-05-27
C. Menville,"Forest Lawn Memorial Park, Hollywood Hills","Baton Rouge, Louisiana",1940-04-17
C. Connors,San Fernando Mission Cemetery,Brooklyn,1921-04-10
C. McIntyre,"Holy Cross Cemetery, Culver City",United States,1911-04-16
C. Farley,"Resurrection Cemetery, Madison, Wisconsin","Madison, Wisconsin",1964-02-15
Chiquito,Manila,Manila,1932-03-12
C. Wills,California,Texas,1902-07-18
C. Yowlachie,Valhalla Memorial Park Cemetery,"Yakima, Washington",1891-08-15
C. Thundercloud,"Forest Lawn Memorial Park, Glendale","Muskogee County, Oklahoma",1899-04-12
Chespirito,Panteón Francés,Mexico City,1929-02-21
C. Heston,"Pacific Palisades, Los Angeles","Evanston, Illinois",1923-10-04
C. Ruggles,"Forest Lawn Memorial Park, Glendale",California,1886-02-08
C. Grapewin,"Forest Lawn Memorial Park, Glendale",Ohio,1869-12-20
C. Winninger,Forest Lawn Memorial Park,"Athens, Wisconsin",1884-05-26
C. Trowbridge,Forest Lawn Memorial Park,Mexico,1882-01-10
C. Stevens,Valhalla Memorial Park Cemetery,"Solomon, Arizona",1893-05-26
C. Ray,Forest Lawn Memorial Park,Illinois,1891-03-15
C. Napier,Bakersfield National Cemetery,Kentucky,1936-04-12
C. King,Forest Home Cemetery,"Albany, New York",1844-10-12
C. Kemper,"Holy Cross Cemetery, Culver City",Oklahoma,1900-09-06
C. K. French,"Forest Lawn Memorial Park, Glendale","Columbus, Ohio",1860-01-17
C. Farrell,"Palm Springs, California",Massachusetts,1900-08-09
C. Durning,"Arlington County, Virginia","Highland Falls, New York",1923-02-28
C. Drake,Cremains,New York City,1917-10-02
C. Butterworth,"South Bend, Indiana","South Bend, Indiana",1896-07-26
C. Boyer,"Holy Cross Cemetery, Culver City",Figeac,1899-08-28
C. Bickford,"Woodlawn Memorial Cemetery, Santa Monica","Cambridge, Massachusetts",1891-01-01
C. Aidman,Westwood Village Memorial Park Cemetery,Illinois,1925-01-21
"C. "". Sale",Forest Lawn Memorial Park,"Huron, South Dakota",1885-08-25
C. Cunningham,Chapel of the Pines Crematory,"St. Louis, Missouri",1888-08-02
C. Sassoon,Eden Memorial Park Cemetery,New York,1968-09-03
C. O'Donnell,"Forest Lawn Memorial Park, Glendale",Alabama,1923-07-06
C. D. Owen,Old Tennent Cemetery,"Louisville, Kentucky",1900-07-28
C. Kasem,"Oslo, Norway",Detroit,1932-04-27
C. Jones,"Anaheim, California","Amarillo, Texas",1930-04-28
C. McWilliams,Forest Lawn Memorial Park,Seattle,1945-04-04
C. Landis,Forest Lawn Memorial Park,"Fairchild, Wisconsin",1919-01-01
C. White,Mortlake Cemetery,England,1943-04-01
C. Miranda,Brazil,Kingdom of Portugal,1909-02-09
C. G. Young,"Inglewood, California",New York City,1907-05-28
C. Switzer,Hollywood Forever Cemetery,"Paris, Illinois",1927-08-07
C. B. Reid,Forest Lawn Memorial Park,"Lansing, Michigan",1893-08-14
C. Loftin,Forest Lawn Memorial Park,"Blountstown, Florida",1914-01-31
C. Darling,"Cherry Valley, New York",New York City,1944-11-24
C. Candido,San Fernando Mission Cemetery,New Orleans,1913-12-25
B. Keaton,Forest Lawn Memorial Park,"Piqua, Kansas",1895-10-04
B. Crabbe,"Scottsdale, Arizona","Oakland, California",1908-02-07
B. Mustin,Forest Lawn Memorial Park,Pennsylvania,1884-02-08
B. Ives,"Hunt City Township, Jasper County, Illinois","Jasper County, Illinois",1909-06-14
B. Siegel,Hollywood Forever Cemetery,New York,1906-02-28
B. Bill,"Golden, Colorado",Iowa Territory,1846-02-26
B. Abbott,Pacific Ocean,"Asbury Park, New Jersey",1897-10-02
B. Yarnell,"Los Angeles, California",California,1935-12-28
B. Lester,Westwood Memorial Park,Johannesburg,1912-06-06
B. Lee,Lake View Cemetery,San Francisco Chinese Hospital,1940-11-27
B. Cowling,California,"Coweta, Oklahoma",1919-10-30
B. Poloczek,Olšany Cemetery,Horní Suchá,1939-08-07
B. Crawford,"Johnstown, New York",Philadelphia,1911-12-09
B. Murphy,Forest Lawn Memorial Park,Atlanta,1977-11-10
B. Kelly,New Jersey,Detroit,1931-02-14
B. Keith,Westwood Village Memorial Park Cemetery,"Bayonne, New Jersey",1921-11-14
B. Joyce,Westwood Village Memorial Park Cemetery,"Excelsior Springs, Missouri",1917-02-25
B. deWilde,Global Positioning System,Brooklyn,1942-04-09
