col0,col1,col2,col3
B. Lee,Seattle,"Oakland, California",1965-2-1
B. Hurst,Pierce Brothers Valhalla Memorial Park,England,1866-08-30
B. Dexter,"Cathedral City, California","Goldfield, Nevada",1917-04-09
B. Berezovsky,Surrey,Moscow,1946-01-23
B. Franklin,Mount Sinai Memorial Park Cemetery,California,1944-01-06
B. Granville,"Holy Cross Cemetery, Culver City",Chicago,1923-02-02
B. Driscoll,Hart Island,"Cedar Rapids, Iowa",1937-03-03
B. K. Brown,"Westfield, New Jersey","Livingston, New Jersey",1993-03-04
B. Steele,Forest Lawn Memorial Park,Oregon,1907-01-23
B. Hope,San Fernando Mission Cemetery,County of London,1903-05-29
B. Hastings,Forest Lawn Memorial Park,Brooklyn,1925-04-18
B. Fosse,Cremains,Chicago,1927-06-23
B. Crane,Westwood Village Memorial Park Cemetery,"Waterbury, Connecticut",1928-07-13
B. Clampett,"Forest Lawn Memorial Park, Hollywood Hills",San Diego,1913-05-08
B. Rock,"Forest Lawn Memorial Park, Glendale",Philadelphia,1895-08-21
B. Barnes,"Glendale, California",England,1903-03-25
