col0,col1,col2,col3
W. Halas,Chicago,1892-01-15,1959-12-20
W. H. Watkins,"Meridian, Mississippi",1878-02-23,1937-04-06
W. F. Kelly,"Bradford, Massachusetts",1874-01-13,1961-03-01
W. E. Marks,"Ottumwa, Iowa",1905-02-16,1992-11-24
W. E. Bachman,"Phillipsburg, New Jersey",1879-03-19,1958-0-0
W. D. Powell,"Reedsburg, Wisconsin",1891-07-15,1967-09-15
W. Camp,"New Britain, Connecticut",1859-04-07,1925-03-14
W. McPherson,"San Jose, California",1916-12-05,2013-01-12
W. Kiesling,Minnesota,1903-05-27,1962-03-02
W. Holmer,"Moline, Illinois",1902-12-05,1976-08-27
W. Weber,"Mount Clemens, Michigan",1903-02-27,1984-04-14
W. Lemm,Chicago,1919-10-23,1988-10-08
W. Hess,Indiana,1894-10-28,1963-08-30
W. Fromhart,"Newburg, West Virginia",1913-05-18,2002-05-23
W. Butts,"Milledgeville, Georgia",1905-02-07,1973-12-17
W. Wade,"Trenton, Tennessee",1892-06-15,1986-10-07
W. Moyle,"Plymouth, England",1867-05-14,1920-09-20
W. Woodworth,"Providence, Rhode Island",1905-08-23,1992-06-29
W. Walker,"Mocksville, North Carolina",1923-11-29,2013-12-18
W. Moore,"Franklin County, Kansas",1876-06-14,1956-06-14
W. W. Wharton,Indiana,1872-05-14,1963-12-16
W. T. Cook,"Peru, Illinois",1884-1-1,1970-1-1
W. S. Boreland,"Oil City, Pennsylvania",1878-02-01,1959-11-22
W. R. Warren,"Harrisonburg, Virginia",1885-12-22,1969-11-17
W. R. Ritchie,"Rabun County, Georgia",1876-01-25,1970-01-18
W. R. Richards,Connecticut,1904-01-10,1991-10-12
W. P. Finney,"Dana, Indiana",1871-04-14,1954-03-06
W. P. Astle,"Newton, Kansas",1902-07-27,1983-12-0
W. L. Golightly,"Crowley, Texas",1900-02-19,1974-09-03
W. J. Randall,"Boston, Massachusetts",1874-06-27,1925-11-17
W. J. King,"Port Hope, Ontario",1864-01-04,1936-07-16
W. J. Forbes,"Shoreham, Vermont",1874-08-24,1900-06-18
W. H. Lyon,"Boonton, New Jersey",1872-09-15,1957-04-03
W. H. Lillard,"Paris, Illinois",1881-11-20,1967-06-30
W. H. Britton,"Des Moines, Iowa",1892-06-04,1982-11-29
W. H. Bannard,"Plainfield, New Jersey",1875-03-06,1913-03-22
W. E. Metzenthin,Berlin,1875-02-24,1942-09-18
W. D. Chadwick,Ohio,1883-12-20,1934-06-05
W. C. Riddick,"Wake County, North Carolina",1864-08-04,1942-06-09
W. C. Raftery,"Worcester, Massachusetts",1887-07-28,1965-07-02
W. C. Dowd,"Moore County, North Carolina",1865-03-21,1927-09-23
W. B. Hopkins,"Ontario, New York",1869-01-01,1935-12-06
W. A. Martin,"Chattanooga, Tennessee",1878-06-01,1955-08-05
W. A. Lambeth,"Thomasville, North Carolina",1867-10-27,1944-06-24
W. A. Cunningham,"Nashville, Tennessee",1886-07-09,1958-08-15
W. A. Blount,"Pensacola, Florida",1879-05-23,1918-10-28
V. Ashford,"Chicago, Illinois",1907-11-15,1973-10-14
V. Dabney,"Charlottesville, Virginia",1878-02-02,1942-01-17
V. Lombardi,"Brooklyn, New York",1913-06-11,1970-09-03
V. Gibson,"Birmingham, Alabama",1933-03-27,2012-01-10
V. DiFrancesca,"Melrose Park, Illinois",1922-01-01,2007-05-21
V. Cazzetta,"New Britain, Connecticut",1925-9-24,2005-5-4
V. Payne,Texas,1899-07-03,1981-10-26
V. M. Place,"New Salem, Massachusetts",1876-11-26,1923-06-16
V. Kelly,Oklahoma,1887-10-31,1958-07-25
V. Schwenk,"Dayton, Ohio",1924-10-26,2016-03-14
V. Rowen,"Brooklyn, New York",1919-07-24,2013-01-14
V. Heyliger,Boston,1912-09-26,2006-10-04
V. Hanson,"Sacramento, California",1903-07-30,1982-04-10
V. Fusia,"Wilkinsburg, Pennsylvania",1916-11-21,1991-01-18
V. Smith,"Macon, Georgia",1908-01-14,1988-09-29
V. McCasland,"Comanche, Texas",1896-09-27,1970-11-15
V. McCain,"Enville, Oklahoma",1908-06-04,1993-04-05
V. L. Parrington,"Aurora, Illinois",1871-08-03,1929-06-16
V. K. Irvine,"Bedford, Pennsylvania",1871-06-24,1942-09-04
V. Haynes,"Arkansas City, Arkansas",1910-12-17,1973-05-29
V. Glass,"Bloomburg, Texas",1928-10-14,2005-12-03
V. Geddy,"Williamsburg, Virginia",1897-11-11,1952-10-18
V. S. Bennett,"Prattsburgh, New York",1867-01-01,1944-10-26
V. Triechler,"Elizabethtown, Pennsylvania",1879-06-05,1947-04-28
V. Ward,United States,1884-09-06,1919-03-04
V. Peterson,"Huntsville, Utah",1892-05-02,1976-09-01
V. P. Whelan,"Youngstown, Ohio",1877-07-19,1946-11-21
T. McLaughry,"Chicago, Illinois",1893-05-19,1974-11-26
T. Edwards,"Douglas County, Washington",1907-9-28,1973-1-12
T. Meyers,"Gobles, Michigan",1887-09-05,1942-0-0
T. J. Rees,"Dover, Ohio",1913-10-22,1999-01-02
T. Tidwell,"Florence, Alabama",1929-02-05,2004-07-01
T. Ward,"Birmingham, Alabama",1978-07-07,2015-04-07
T. Clark,"Oshkosh, Wisconsin",1929-1-1,2009-04-22
T. Knap,"Milwaukee, Wisconsin",1914-12-08,2011-09-24
T. Hinkle,"Logansport, Indiana",1899-12-19,1992-09-22
T. Frasca,"Cambridge, Massachusetts",1927-05-30,1999-04-01
T. Comerford,"Worcester, Massachusetts",1898-01-25,1970-08-25
T. Coleman,"Phil Campbell, Alabama",1907-07-07,1973-10-18
T. Scott,"Onancock, Virginia",1907-10-09,1962-6-1
T. Prothro,"Memphis, Tennessee",1920-07-20,1995-05-14
T. O'Keefe,"Jersey City, New Jersey",1926-7-16,2015-10-18
T. O'Boyle,"Fort Dodge, Iowa",1917-08-21,2000-07-19
T. Mont,"Mount Savage, Maryland",1922-06-20,2012-01-01
T. Mills,"Beloit, Wisconsin",1883-0-0,1944-02-25
T. Hudspeth,"Cherryvale, Kansas",1931-09-14,2015-06-23
T. Code,California,1873-04-13,1956-01-28
T. Zerfoss,"Ashland, Kentucky",1895-06-15,1988-08-05
T. Wilson,"Corsicana, Texas",1944-02-24,2016-08-10
T. Scott,"Franklin, Kansas",1908-01-06,1993-11-26
T. Nugent,"Lawrence, Massachusetts",1913-02-24,2006-01-19
T. McCann,"Waukegan, Illinois",1898-11-07,1975-03-23
T. Lieb,"Faribault, Minnesota",1899-10-28,1962-04-30
T. Lichtenberg,Cincinnati,1940-07-13,2013-05-26
T. Lester,"Drumright, Oklahoma",1927-01-23,2012-09-02
T. Landry,"Mission, Texas",1924-09-11,2000-02-12
T. Keady,"Wakefield, Massachusetts",1882-0-0,1964-02-12
T. Kaulukukui,"Honolulu, Hawaii",1913-01-22,2007-03-09
T. Hosier,"South Haven, Michigan",1942-09-15,2015-10-28
T. Hearden,"Appleton, Wisconsin",1904-09-08,1964-12-27
T. Hamilton,"Hoopeston, Illinois",1905-12-26,1994-04-03
T. Fennell,"Jersey City, New Jersey",1875-05-25,1936-11-04
T. Dockrell,Massachusetts,1924-07-19,2012-08-09
T. Davies,Pittsburgh,1896-10-14,1972-02-29
T. Dandelet,"Faribault, Minnesota",1897-08-01,1950-03-30
T. Cahill,"Fayetteville, New York",1919-10-11,1992-10-29
T. Boisture,"Detroit, Michigan",1931-03-23,2011-03-11
T. Blackburn,"Peebles, Ohio",1906-01-23,1964-03-06
T. Rockwell,"Jackson, Michigan",1900-0-0,1952-03-22
T. Eberle,Washington D.C.,1886-07-04,1967-0-0
T. Greene,"Sullivan County, Missouri",1899-03-29,1967-10-03
T. Taylor,"Boston, Massachusetts",1942-03-26,2013-04-27
T. Rucks,"Waukegan, Illinois",1960-12-21,2015-03-10
T. Marcum,"Roscoe, Texas",1944-02-10,2013-12-05
T. Campbell,"Pine Bluff, Arkansas",1908-0-0,1963-02-23
T. Jones,"Wilson, Oklahoma",1918-04-06,1988-01-16
T. McCrady,"Coon Rapids, Iowa",1907-07-31,1999-05-27
T. Murray,"Jackson, Tennessee",1898-05-08,1979-8-0
T. Trenchard,"Queen Anne's County, Maryland",1874-05-03,1943-10-16
T. S. Hammond,"Crown Point, New York",1883-10-29,1950-06-15
T. Ransom,"Grant County, Indiana",1870-08-08,1946-06-03
T. J. Riley,"Escanaba, Michigan",1885-01-20,1928-03-15
T. J. Campbell,"Gardner, Massachusetts",1886-10-27,1972-02-28
T. Hazzard,"Titusville, Pennsylvania",1871-10-24,1957-02-10
T. H. Maguire,South Boston,1877-01-11,1915-03-05
T. F. Fennell,"Bronx, New York",1904-03-01,1991-05-23
T. E. Stidham,"Checotah, Oklahoma",1905-03-25,1964-01-29
T. Dowler,"Erie, Pennsylvania",1903-07-03,1986-12-06
"Thomas A. Bogle, Jr.","Ann Arbor, Michigan",1890-03-07,1955-09-21
T. A. Barry,"Brockton, Massachusetts",1879-0-0,1947-12-27
T. W. Mortimer,"Minburn, Iowa",1872-05-27,1952-10-01
T. Lyman,"Alden, Iowa",1869-09-07,1939-09-21
T. J. Fouts,"Gonzales, Texas",1893-07-05,1954-04-28
T. M. Stuart,"Chariton, Iowa",1883-06-24,1946-01-14
T. Boyett,Missouri,1912-08-02,1987-08-17
T. Vann,"Magnolia, Mississippi",1907-09-22,1982-09-07
T. Truax,"Hancock, Maryland",1945-06-10,2015-02-15
T. Slater,"Kirkland Lake, Ontario",1937-12-05,1991-12-06
T. Hoeppner,"Woodburn, Indiana",1947-08-19,2007-06-19
T. Morris,Ontario,1910-3-0,1965-09-05
T. Sloane,Iowa,1903-03-22,1984-12-21
T. Petoskey,"St. Charles, Michigan",1911-01-05,1996-11-30
T. Nesser,Ohio,1883-04-05,1941-06-07
T. Marchibroda,"Franklin, Pennsylvania",1931-3-15,2016-1-16
T. Jefferies,"Jacksonville, Texas",1908-11-08,1985-01-02
T. Coy,"Andover, Massachusetts",1888-05-23,1935-09-08
T. Cox,"Sault Ste. Marie, Michigan",1903-06-30,1989-11-05
T. Stevens,"Oakley, Utah",1923-10-30,1995-08-09
T. W. Alley,"Wytheville, Virginia",1942-07-27,1993-02-05
