col0,col1,col2,col3
Roche Harbor Seaplane Base,"Roche Harbor, Washington",Water,RCE
Roche Harbor Airport,"Roche Harbor, Washington",Asphalt,RCE
Roboré Airport,Robore,Grass,RBO
Robin Hood Airport Doncaster Sheffield,Sheffield,Asphalt,DSA
Robertson Airfield,"Robertson, Western Cape",Asphalt,ROD
Roberts International Airport,Liberia,Asphalt,ROB
Roberts Field,Central Oregon,Asphalt,RDM
Robert S. Kerr Airport,"Poteau, Oklahoma",Asphalt,RKR
Robert J. Miller Air Park,"Ocean County, New Jersey",Asphalt,MJX
Robert,"Noorvik, Alaska",Gravel,ORV
Roben–Hood Airport,"Big Rapids, Michigan",Asphalt,WBR
Robe Airport,Goba,Unpaved,GOB
Roanoke–Blacksburg Regional Airport,New River Valley,Asphalt,ROA
Riyan Airport,Mukalla,Asphalt,RIY
Riverton Regional Airport,"Riverton, Wyoming",Asphalt,RIW
Rivera International Airport,Rivera,Asphalt,RVY
Rishiri Airport,"Rishiri, Hokkaidō",Asphalt concrete,RIS
Rio de Janeiro–Galeão International Airport,Rio de Janeiro,Asphalt,GIG
Rio Verde Airport,"Rio Verde, Goiás",Asphalt,RVD
Rio Grande Airport,"Rio Grande, Rio Grande do Sul",Asphalt,RIG
Rio Branco International Airport,"Rio Branco, Acre",Asphalt,RBR
Rincón de los Sauces Airport,Rincón de los Sauces,Asphalt,RDS
Rijeka Airport,Rijeka,Concrete/Asphalt,RJK
Riga International Airport,Latvia,Concrete/Asphalt,RIX
Rif Airport,Ólafsvík,Asphalt,OLI
Rickenbacker International Airport,Ohio,Asphalt,LCK
Rick Husband Amarillo International Airport,"Amarillo, Texas",Concrete,AMA
Richmond Municipal Airport,"Richmond, Indiana",Asphalt,RID
Richmond International Airport,"Richmond, Virginia",Asphalt,RIC
Richmond Airport,Australia,Asphalt,RCM
Richland Airport,"Richland, Washington",Asphalt,RLD
Richard Lloyd Jones Jr. Airport,"Tulsa, Oklahoma",Asphalt,RVS
Richard I. Bong Airport,"Superior, Wisconsin",Asphalt,SUW
Richard B. Russell Airport,"Rome, Georgia",Asphalt,RMG
Rice Lake Regional Airport,"Rice Lake, Wisconsin",Asphalt,RIE
Rhodes International Airport,"Rhodes, Greece",Asphalt,RHO
Rhinelander–Oneida County Airport,"Rhinelander, Wisconsin",Asphalt,RHI
Rhamu Airport,Kenya,Asphalt,HKOB
Reykjavík Airport,Iceland,Asphalt,RKV
Reyes Airport,"Reyes, Bolivia",Grass,REY
Rexburg–Madison County Airport,"Rexburg, Idaho",Asphalt,RXE
Reus Airport,Spain,Asphalt,REU
Resistencia International Airport,"Resistencia, Chaco",Asphalt,RES
Resende Airport,"Resende, Rio de Janeiro",Asphalt,REZ
Republic Airport,Long Island,Asphalt,FRG
Renton Municipal Airport,"Renton, Washington",Asphalt/Concrete,RNT
Reno–Tahoe International Airport,"Reno, Nevada",Concrete,RNO
Rennes–Saint-Jacques Airport,France,Paved,RNS
Renmark Airport,Australia,Asphalt,RMK
Renk Airport,South Sudan,Unpaved,n/a
Rendani Airport,Manokwari,Asphalt,MKW
Reims – Prunay Aerodrome,Reims,Asphalt,RPK
Reims – Champagne Air Base,France,Asphalt,RHE
Reims – Prunay Aerodrome,Reims,Asphalt,RPK
Reims – Champagne Air Base,France,Asphalt,RHE
Region of Waterloo International Airport,Ontario,Asphalt,YKF
Regina International Airport,Saskatchewan,Asphalt,YQR
Reggio Calabria Airport,Messina,Asphalt,REG
Redstone Army Airfield,Redstone Arsenal,Asphalt,HUA
Redenção Airport,"Redenção, Pará",Asphalt,RDC
Redding Municipal Airport,"Redding, California",Asphalt,RDD
Redang Airport,Malaysia,Tarmac,RDN
Red Lake Airport,"Red Lake, Ontario",Asphalt,YRL
Red Devil Airport,"Red Devil, Alaska",Gravel,RDV
Reconquista Airport,"Reconquista, Santa Fe",Concrete,RCQ
Recife/Guararapes–Gilberto Freyre International Airport,Recife,Asphalt,REC
Reao Airport,Reao,Paved,REA
Reales Tamarindos Airport,Ecuador,Asphalt,PVO
Reading Regional Airport,"Reading, Pennsylvania",Asphalt,RDG
Rawlins Municipal Airport,"Rawlins, Wyoming",Asphalt,RWL
Ravenna Airport,Italy,Asphalt,RAN
Raufarhöfn Airport,Raufarhöfn,Asphalt,RFN
Raton Municipal Airport,"Raton, New Mexico",Asphalt,RTN
Ratnagiri Airport,India,Asphalt,RTC
Ratmalana Airport,Colombo,Asphalt,RML
Rasht Airport,Rasht,Asphalt,RAS
Rarotonga International Airport,Avarua,Concrete,RAR
Raroia Airport,Raroia,Bitumen,RRR
Rapid City Regional Airport,"Rapid City, South Dakota",Asphalt,RAP
Ranong Airport,Thailand,Concrete,UNN
Range Regional Airport,"Hibbing, Minnesota",Asphalt,HIB
Rancagua de la Independencia Airport,Rancagua,Asphalt,QRC
Ramón Villeda Morales International Airport,San Pedro Sula,Concrete,SAP
Ramsar International Airport,Tonekabon,Asphalt,RZR
Rampart Airport,"Rampart, Alaska",Gravel,RMP
Ramon Airport,Israel,asphalt(under construction),ETM
Ramagundam Airport,India,Unpaved,RMD
Ramón Villeda Morales International Airport,San Pedro Sula,Concrete,SAP
Ralph Wien Memorial Airport,"Kotzebue, Alaska",Asphalt,OTZ
Ralph Wenz Field,"Pinedale, Wyoming",Asphalt,PWY
Ralph M. Calhoun Memorial Airport,"Tanana, Alaska",Gravel,TAL
Raleigh–Durham International Airport,Research Triangle,Asphalt,RDU
Raleigh County Memorial Airport,"Beckley, West Virginia",Asphalt,BKW
Raleigh–Durham International Airport,Research Triangle,Asphalt,RDU
Rajmata Vijaya Raje Scindia Airport,Gwalior,Asphalt,GWL
Rajkot Airport,Rajkot,Asphalt,RAJ
Rajiv Gandhi International Airport,Hyderabad,Asphalt,HYD
Rajahmundry Airport,Rajahmundry,Asphalt,RJA
Raja Bhoj Airport,Madhya Pradesh,Asphalt,BHO
Raivavae Airport,French Polynesia,Asphalt,RVV
Raigarh Airport,Raigarh,asphalt,none
Raga Airport,South Sudan,Unpaved,n/a
Rafha Domestic Airport,Rafha,Asphalt,RAH
Rafaï Airport,Rafaï,Grass,RFA
Rafaela Airport,Rafaela,Concrete,RAF
Rafaela Aerodrome,Argentina,Concrete,RAF
Rafael Hernández Airport,"Aguadilla, Puerto Rico",Asphalt/Concrete,BQN
Rafael Cabrera Mustelier Airport,Cuba,Asphalt,GER
Rafaï Airport,Rafaï,Grass,RFA
Raduzhny Airport,Khanty-Mansi Autonomous Okrug,Asphalt,RAT
Radom Airport,Poland,"Asphalt,Concrete",RDO
Radin Inten II Airport,Lampung,Asphalt,TKG
Rabah Bitat Airport,Algeria,Asphalt,AAE
RNZAF Base Woodbourne,"Blenheim, New Zealand",Asphalt,BHE
RNZAF Base Ohakea,Palmerston North,Asphalt,OHA
RAF Nicosia,Nicosia,Asphalt,NIC
RAF Machrihanish,Campbeltown,Asphalt,CAL
RAF Andover,Hampshire,Asphalt,ADV
RAAF Learmonth,"Exmouth, Western Australia",Asphalt/Concrete,LEA
RAAF Base Wagga,New South Wales,Asphalt,WGA
Røst Airport,Norway,Asphalt,RET
"Rørvik Airport, Ryum",Norway,Asphalt,RVK
Røros Airport,Norway,Asphalt,RRS
Régina Airport,French Guiana,Asphalt,REI
Québec City Jean Lesage International Airport,Quebec,Asphalt,YQB
Quthing Airport,Quthing,Gravel,UTG
Quonset State Airport,"North Kingstown, Rhode Island",Asphalt,NCO
Quinhagak Airport,"Quinhagak, Alaska",Gravel,KWN
Quincy Regional Airport,"Quincy, Illinois",Asphalt,UIN
Quince Mil Airport,Quince Mil,Grass,UMI
Quimper–Cornouaille Airport,"Quimper, Finistère",Asphalt,UIP
Quilpie Airport,Australia,Clay,ULP
Quillayute Airport,"Forks, Washington",Concrete,UIL
Quiché Airport,Santa Cruz del Quiché,Asphalt,AQB
Quetzaltenango Airport,Quetzaltenango,Asphalt,AAZ
Quetta International Airport,Quetta,Asphalt,UET
Querétaro Intercontinental Airport,Mexico,Concrete,QRO
Quelimane Airport,Quelimane,Asphalt,UEL
Queenstown Airport,"Queenstown, New Zealand",Bitumen,ZQN
Queen Alia International Airport,Amman,Asphalt,AMM
Quang Tri Airport,Đông Hà,?,HOO ?
Quakertown Airport,"Quakertown, Pennsylvania",Asphalt,UKT
Québec City Jean Lesage International Airport,Quebec,Asphalt,YQB
Qinhuangdao Shanhaiguan Airport,China,Asphalt,SHP
Qinhuangdao Beidaihe Airport,Hebei,Concrete,BPE
Qingdao Liuting International Airport,Qingdao,Concrete,TAO
Qimei Airport,Taiwan,Concrete,CMJ
Qiemo Airport,China,Asphalt,IQM
Qazvin Airport,Qazvin Province,Asphalt,GZW
Qamdo Bamda Airport,China,GroovedAsphalt,BPX
Qala i Naw Airport,Badghis Province,Concrete,LQN
Qacha's Nek Airport,Qacha's Nek,Asphalt,UNE
Qabala International Airport,Qabala,Asphalt/Concrete,GBB
Qaarsut Airport,Greenland,Gravel,JQA
Qaanaaq Airport,Greenland,Gravel,NAQ
Pô Airport,Pô,Dirt,PUP
Périgueux Bassillac Airport,France,Paved,PGX
Pécs-Pogány International Airport,Pécs,Asphalt,PEV
Pärnu Airport,Estonia,Concrete,EPU
Pyongyang Sunan International Airport,North Korea,Concrete,FNJ
Pweto Airport,Pweto,Dirt,PWO
Putumayo Airport,Puerto El Carmen de Putumayo,Grass,PYO
Purdue University Airport,"Lafayette, Indiana",Asphalt,LAF
Pupelde Airfield,Ancud,Concrete debris,ZUD
Punta de Maisí Airport,Maisí,Grass/sand,UMA
Punta Gorda Airport,"Punta Gorda, Florida",Asphalt,PGD
Punta Gorda Airport,"Punta Gorda, Belize",Asphalt,PND
Punta Cana International Airport,Punta Cana,Asphalt/Concrete,PUJ
Punta Abreojos Airstrip,Punta Abreojos,Soil,AJS
Pullman–Moscow Regional Airport,Idaho,Asphalt,PUW
Pulkovo Airport,Russia,Cement-concrete,LED
Pula Airport,Croatia,Asphalt,PUY
Pukarua Airport,Pukarua,Paved,PUK
Puerto Rico Airport,"Puerto Rico, Bolivia",Grass,PUR
Puerto Princesa International Airport,Puerto Princesa,Concrete,PPS
Puerto Obaldia Airport,Puerto Obaldia,concrete,PUE
Puerto Lempira Airport,Puerto Lempira,Dirt,PEU
Puerto Escondido International Airport,Mexico,Asphalt,PXM
Puerto Deseado Airport,Puerto Deseado,Asphalt,PUD
Pueblo Memorial Airport,"Pueblo, Colorado",Asphalt,PUB
Puebla International Airport,"Puebla, Puebla",Asphalt,PBC
Puducherry Airport,Pondicherry,Asphalt,PNY
Pucón Airport,Pucón,Asphalt,ZPC
Príncipe Airport,São Tomé and Príncipe,Asphalt,PCP
Pryor Field Regional Airport,"Decatur, Alabama",Asphalt,DCU
Provo Municipal Airport,"Provo, Utah",Asphalt,PVU
Provincetown Municipal Airport,"Provincetown, Massachusetts",Asphalt,PVC
Prospect Creek Airport,"Prospect Creek, Alaska",Gravel,PPC
Pristina International Airport,Kosovo,Asphalt,PRN
Prineville Airport,"Prineville, Oregon",Asphalt,PRZ
Princeton Municipal Airport,"Princeton, Maine",Asphalt,PNN
Princeton Airport,"Princeton, New Jersey",Asphalt,PCT
Prince Said Ibrahim International Airport,"Moroni, Comoros",Asphalt,HAH
