col0,col1,col2,col3
D. W. Draper,"Boston, Massachusetts",1881-05-23,1961-08-22
D. Scanlon,"Duluth, Minnesota",1899-08-16,1944-09-24
D. Mayhew,Texas,1898-12-21,1974-01-05
D. Luster,"Tahlequah, Oklahoma",1899-02-01,1980-10-13
D. Halford,"Manning, Iowa",1919-03-28,1994-10-16
D. Payne,"Philadelphia, Mississippi",1913-11-14,1958-03-20
D. Myers,"Algona, Iowa",1905-11-10,1957-05-30
D. Michie,"West Point, New York",1870-04-10,1898-07-01
D. K. Stanley,"Aylesbury, England",1906-04-14,1983-05-29
D. Green,"Harrisburg, Pennsylvania",1949-2-17,2016-7-22
D. Grady,"Lafayette, Indiana",1886-12-07,1974-07-10
D. Fryzel,"Garfield Heights, Ohio",1942-02-21,2009-07-06
D. Fitzgerald,"Ann Arbor, Michigan",1936-03-13,2001-01-14
D. Morgan,"Weatherford, Texas",1900-02-14,1962-03-03
D. Andros,"Oklahoma City, Oklahoma",1924-10-17,2003-10-22
D. Smith,"Emporia, Kansas",1931-02-28,2015-02-07
D. Cromwell,"Turner, Oregon",1879-09-20,1962-08-03
D. Weaver,"Nashville, Tennessee",1912-05-11,1998-01-19
D. V. Connelly,"Easthampton, Massachusetts",1898-09-14,1955-08-27
D. M. Nelson,"Detroit, Michigan",1920-04-19,1991-11-30
D. Glascock,"Crawfordsville, Indiana",1885-07-30,1969-02-16
D. F. Weeks,"Newark, New Jersey",1874-07-31,1929-03-15
D. Whitney,"Midway, Kentucky",1930-01-08,2015-05-10
D. Strack,Indianapolis,1923-03-02,2014-01-25
D. Smith,"Lockhart, Texas",1933-03-03,2009-08-29
D. Skrien,"Morris, Minnesota",1929-04-04,2010-11-30
D. Morey,"Malden, Massachusetts",1889-02-25,1986-01-04
D. McClain,"Upper Sandusky, Ohio",1938-01-28,1986-04-28
D. Maurer,"Duquesne, Pennsylvania",1932-03-18,2011-07-30
D. MacMillan,New York City,1886-12-24,1963-07-09
D. Gavitt,"Westerly, Rhode Island",1937-10-26,2011-09-16
D. Crawford,"Hermosillo, Mexico",1889-03-07,1974-01-18
D. Allerdice,"Indianapolis, Indiana",1887-03-26,1941-12-31
D. Royal,"Hollis, Oklahoma",1924-07-06,2012-11-07
D. S. Martin,"Barbour County, Alabama",1879-08-31,1949-11-05
D. X. Bible,"Jefferson City, Tennessee",1891-10-08,1980-01-19
D. Rucker,"Fauquier County, Virginia",1868-01-28,1949-02-01
D. Thiessen,"Wasco, California",1946-05-27,2014-11-01
D. McGugin,"Tingley, Iowa",1879-07-29,1936-01-23
D. Fitzgerald,"San Francisco, California",1942-03-03,2010-01-19
D. Estes,"Carrollton, Arkansas",1888-01-01,1944-11-13
D. Devine,"Augusta, Wisconsin",1924-12-22,2002-05-09
D. Boisture,"Detroit, Michigan",1925-02-22,2007-05-18
D. A. Killian,"Allegan, Michigan",1880-02-05,1953-01-15
D. Ward,"Lexington, Oregon",1906-08-11,1983-2-1
D. R. Sprankle,"Beach City, Ohio",1898-08-04,1963-11-11
D. Hall,"Pittsburg, Kansas",1924-06-21,1996-08-23
D. V. Graves,"Lincoln County, Missouri",1886-11-27,1960-01-16
D. M. Martin,"Byron, New York",1854-5-1,1934-0-0
D. M. Balliet,"Lehighton, Pennsylvania",1866-08-25,1960-08-06
D. L. Daley,"Boston, Massachusetts",1895-03-26,1979-08-19
D. J. Markey,"Frederick, Maryland",1882-10-07,1963-07-23
D. A. McDaniel,Texas,1876-01-08,1958-12-18
C. E. Dietz,"Omega Township, Marion County, Illinois",1876-03-17,1929-09-13
C. Redden,"Danville, Illinois",1881-02-08,1919-01-16
C. Bennett,"Sterling, Kansas",1935-12-16,2011-01-26
C. Hicks,"Enfield, New York",1885-01-17,1964-02-28
C. Lambeau,"Green Bay, Wisconsin",1898-4-9,1965-6-1
C. Byrd,"Crisfield, Maryland",1889-02-12,1970-10-02
C. Buck,"Eau Claire, Wisconsin",1892-08-07,1966-06-14
C. Smith,"Fayetteville, Tennessee",1899-03-21,1990-03-03
C. Toomey,"Fresno, California",1895-11-10,1961-06-28
C. Fertig,"Bell, California",1942-05-07,2008-10-04
C. Pollard,"Port Royal, Kentucky",1899-12-07,1977-12-22
C. Nelson,"San Antonio, Texas",1939-02-25,2014-11-17
C. Searles,"Wilton, Maine",1873-08-15,1947-01-15
C. Clark,Wisconsin,1882-08-13,1931-11-14
C. Williams,"Shelby, Iowa",1879-03-24,1938-03-20
C. Matthews,"Urbana, Illinois",1878-12-22,1929-12-29
C. Littlefield,"Oil City, Pennsylvania",1892-10-06,1981-05-20
C. Biggers,"Concord, North Carolina",1925-03-06,1976-12-23
C. B. Smith,"Monongahela, Pennsylvania",1906-02-04,1976-07-09
C. Rush,"De Graff, Ohio",1931-02-14,1980-08-22
C. L. Riggs,"New York, New York",1865-09-13,1938-09-12
C. L. Hare,"Noblesville, Indiana",1864-11-07,1909-06-04
C. E. Horton,"Shelton, Washington",1892-1-1,1981-4-1
C. Speegle,"Roosevelt, Oklahoma",1917-11-05,1994-09-05
C. Abbott,"Yankton, South Dakota",1892-12-09,1955-04-14
C. Crowe,"Lafayette, Indiana",1903-10-18,1983-04-13
C. Teetzel,Michigan,1876-08-26,1948-07-29
C. Droullard,"Cuba City, Wisconsin",1924-10-11,2012-07-26
C. Stapleton,"Jenkins, Kentucky",1921-06-24,2014-10-30
C. S. Jr.,New Orleans,1914-01-16,1975-01-05
C. Rothgeb,"Milford, Illinois",1880-01-01,1944-07-05
C. Reeds,"Norman, Oklahoma",1890-11-12,1974-04-30
C. McGrath,"Spokane, Washington",1904-03-29,1989-02-24
C. J. Hunt,"Mattoon, Illinois",1886-08-11,1962-02-19
C. E. Thornhill,"Richmond, Virginia",1893-04-14,1956-06-30
C. Allen,"Olean, New York",1885-4-29,1979-1-18
C. V. Galder,"Janesville, Wisconsin",1909-02-06,1965-11-16
C. Shaughnessy,"St. Cloud, Minnesota",1892-03-06,1970-05-15
C. Weed,"Lapeer, Michigan",1885-09-01,1966-12-19
C. Stasavich,Illinois,1913-02-09,1975-10-24
C. Spears,"De Witt, Arkansas",1894-07-24,1964-02-01
C. Schutte,"Hecla, South Dakota",1901-04-06,1970-11-05
C. Munn,"Andover, Minnesota",1908-09-11,1975-03-18
C. Kenney,"Mequon, Wisconsin",1882-01-13,1950-11-28
C. Herschberger,"Peoria, Illinois",1876-07-24,1936-12-14
C. H. Thurber,"Guilford, Vermont",1888-09-19,1966-10-30
C. Gaines,"Paducah, Kentucky",1923-05-21,2005-04-18
C. Childs,"Wooster, Ohio",1883-07-24,1960-09-16
C. A. Short,"Georgetown, Delaware",1873-07-01,1947-03-07
"C. "". Underwood",United States,1912-10-03,1985-12-22
C. Hunter,"Ypsilanti, Michigan",1886-12-01,1940-04-08
C. S. Tappaan,"Baldwinsville, New York",1878-05-14,1932-11-30
C. L. Gleason,"Burr Oak, Kansas",1923-05-17,1986-06-29
C. Bee,"Grafton, West Virginia",1896-03-02,1983-05-20
C. Taylor,"Portland, Oregon",1920-01-24,1994-05-07
C. Riley,"Indianapolis, Indiana",1902-05-13,1971-07-19
C. Noll,Cleveland,1932-1-5,2014-6-13
C. Noe,"Louisville, Kentucky",1924-11-13,2003-12-08
C. Moser,"Chillicothe, Missouri",1918-09-09,1995-05-08
C. Mather,"Steubenville, Ohio",1915-04-17,2006-05-20
C. Fairbanks,Detroit,1933-06-10,2013-04-02
C. Curtis,"Gainesville, Texas",1935-07-15,2016-05-09
C. Brayton,"Vancouver, Washington",1925-0-0,2015-03-28
C. Baer,Montana,1905-09-24,1987-05-31
C. Walsh,"Des Moines, Iowa",1903-02-04,1971-09-04
C. Browne,"Memphis, Tennessee",1888-08-03,1955-03-02
C. Davies,"New Castle, Pennsylvania",1900-3-0,1985-04-15
C. Atkinson,"Pocatello, Idaho",1918-01-16,1962-01-04
C. Grant,"Defiance, Ohio",1882-02-22,1985-1-1
