col0,col1,col2,col3
Penang,1,735,293000000
Kuala Lumpur,1,66,243000000
Muar,1,36,1376000000
Muar District,1,36,1376000000
Tanjung Malim,1,21,949860000
Kaohsiung,1,9,2951850000
Bishkek,1,800,126909417
Bishkek,1,800,126909417
Kolkata,1,9,185000000
Chennai,1,6,426000000
Dushanbe,1,706,124600000
Dushanbe,1,706,124600000
Karachi,1,8,3527000000
Lahore,1,217,1771551867
Skopje,1,240,571460000
Český Těšín,1,270,33810000
Xi'an,1,405,9983000000
"Wyoming, Michigan",1,195,64410000
"Woodstock, New Hampshire",1,225,153327296
"Woodbury, Minnesota",1,302,92099977
"Wolfeboro, New Hampshire",1,156,151400000
Wolcott,1,113,5100000
"Winston-Salem, North Carolina",1,295,346300000
"Winona, Minnesota",1,199,62496413
"Windham, New Hampshire",1,59,72200000
"Winchester, Virginia",1,220,24086889
"Winchester, New Hampshire",1,131,143744340
"Wilton, New Hampshire",1,117,66900000
"Willoughby Hills, Ohio",1,244,28020000
"Williamsburg, Virginia",1,15,23568891
"Williamsburg, Kentucky",1,282,12400000
"Wichita Falls, Texas",1,288,181558166
"Whitefield, New Hampshire",1,288,89800000
"Westmoreland, New Hampshire",1,127,95500000
