col0,col1,col2,col3
"Boulder, Colorado",1,1655,66500000
"Bothell, Washington",1,22,31390000
Boston,1,42,232140000
"Bossier City, Louisiana",1,53,289560670
"Boscawen, New Hampshire",1,97,65785698
"Boonville, Indiana",1,128,7795864
"Boone, North Carolina",1,1015,15720000
"Bluffton, South Carolina",108,6,141000000
"Bluffton, Ohio",1,253,9375756
"Blue Island, Illinois",1,195,10774350
"Bloomington, Indiana",1,235,60500000
"Bloomfield, Indiana",1,185,3570000
"Blenheim, South Carolina",1,35,1700000
Bishkek,1,800,126909417
"Birmingham, Alabama",1,196,384898133
"Big Spring, Texas",1,744,49700000
"Bethlehem, New Hampshire",1,434,235600000
"Bennington, New Hampshire",1,200,29266865
"Bennettsville, South Carolina",1,47,16057926
"Beloeil, Quebec",1,14,25500000
"Belmont, North Carolina",1,213,26200000
"Bellingham, Washington",1,21,74820000
"Bellevue, Washington",1,25,94456866
"Bedford, Ohio",1,288,13985935
"Bedford, New Hampshire",1,93,85728606
"Beaumont, Texas",1,4,222479978
"Beacon, New York",1,42,12690941
"Baytown, Texas",1,10,94600000
Bayan Lepas,1,3,151700000
"Bay City, Michigan",1,178,29030000
Batumi,1,3,64900000
"Baton Rouge, Louisiana",1,17,204890000
"Bath, New Hampshire",1,161,100000000
"Batesburg-Leesville, South Carolina",1,195,19165912
"Bartlett, New Hampshire",1,204,195000000
Barretos,1,530,1565611000
"Barnstead, New Hampshire",1,153,114000000
"Bangor, Maine",1,35,89587688
Baltimore,1,0,238537904
"Aynor, South Carolina",1,31,2800000
"Austin, Texas",1,149,703958768
"Austin, Minnesota",1,360,30820000
"Austin, Indiana",1,170,6680000
"Aurora, Indiana",1,148,8000000
"Aurora, Colorado",1,1648,402600000
"Augusta, Georgia",1,41,793000000
"Auburn, Alabama",1,213,140800000
"Attica, Indiana",1,166,4140000
Atlanta,1,224,347100000
"Athens, Ohio",1,219,26029380
"Athens, Georgia",1,193,306136594
"Athens, Alabama",1,243,102045531
"Ashland, Wisconsin",1,204,35480000
"Ashland, New Hampshire",1,170,29800000
"Asheville, North Carolina",1,650,117200000
"Ashburn, Georgia",1,130,11800000
"Artesia, New Mexico",1,1030,25740000
