col0,col1,col2,col3
I. Bacharach,Germany,1854-12-02,1942-9-22
I. S. Reed,United States of America,1923-11-12,2012-09-11
I. Runge,Germany,1888-06-01,1966-01-27
I. Belotelkin,San Francisco,1913-01-01,2009-01-21
I. Zazians,Tehran,1927-08-20,2012-07-28
I. H. Qureshi,Islamabad,1937-09-27,2012-12-08
I. Vardoulakis,Athens,1949-03-22,2009-09-19
I. Moța,Austria-Hungary,1868-12-15,1940-11-20
I. Haque,Assam,1940-03-01,2014-02-02
I. Rosenthal-Schneider,Australia,1891-04-25,1990-02-06
I. M. Diakonoff,Russia,1915-01-12,1999-5-2
I. Semmelweis,Kingdom of Hungary,1818-07-01,1865-08-13
I. Noddack,Turkey,1896-02-25,1978-09-24
I. M. Martinez,"Baltimore, Maryland",1931-09-09,2010-01-19
I. A. Keller,Philadelphia,1866-06-11,1932-9-10
I. al-Haytham,Cairo,965-0-0,1039-1-1
I. Hendry,London,1931-01-13,1984-12-24
I. Campbell,"Summertown, Oxford",1941-04-24,2014-3-5
H. Osmond,England,1917-07-01,2004-02-06
H. F. Morán,Venezuela,1924-02-18,1999-03-17
H. Theorell,Sweden,1903-07-06,1982-08-15
H. Steinhaus,Poland,1887-01-14,1972-02-25
H. O. Engelmann,United States,1917-09-11,2002-02-02
H. Falconer,India,1808-02-29,1865-01-31
H. E. III,United States,1930-11-11,1982-07-19
H. Humphrey,"Waverly, Minnesota",1911-05-27,1978-01-13
H. H. Rosenbrock,England,1920-12-16,2010-10-21
H. Narasimhaiah,Bangalore,1920-06-06,2005-01-31
H. Meyer,United States,1926-03-01,2016-08-14
H. Hale,"Clinton, Ontario",1817-05-03,1896-12-28
H. Sethna,Mumbai,1923-08-24,2010-09-05
H. Rousta,Tehran,1946-09-26,2015-09-26
H. Levi,Copenhagen,1909-05-09,2003-06-05
H. Hänchen,Germany,1919-09-01,2013-10-19
H. o. Alexandria,Alexandria,10-0-0,75-0-0
H. W. Vogel,Germany,1834-03-26,1898-12-17
H. Schwarz,Germany,1843-01-25,1921-11-30
H. Schubert,Germany,1848-05-22,1911-07-20
H. Schlichting,Germany,1907-09-22,1982-06-15
H. Paasche,Germany,1851-02-24,1925-04-11
H. A. Jahn,Southampton,1907-05-31,1979-10-24
H. A. Haus,"Lexington, Massachusetts",1925-08-08,2003-05-21
H. P. Schwan,"Radnor, Pennsylvania",1915-08-07,2005-03-17
H. Basudde,Uganda,1958-0-0,1997-06-11
H. York,United States,1921-11-24,2009-05-19
H. S. Green,Australia,1920-12-17,1999-02-16
H. Mayfield,Texas,1920-12-20,2008-05-29
H. Fröhlich,UK,1905-12-09,1991-01-23
H. Freudenberger,United States,1926-11-26,1999-11-29
H. Fröhlich,UK,1905-12-09,1991-01-23
H. A. Wagner,Nazi Germany,1900-05-22,1982-05-28
H. S. Conard,United States,1874-09-12,1971-10-07
H. P. Hansen,United States of America,1907-04-28,1989-10-8
H. Head,Dorset,1861-08-04,1940-10-08
H. Harpending,Utah,1944-01-13,2016-04-03
H. Gray,Great Britain,1825-1-1,1861-06-13
H. E. Vaughan,United States,1912-02-03,1978-03-09
"Henry C. Bourne, Jr.","Winston-Salem, North Carolina",1921-12-31,2010-03-25
H. Widerberg,"Stockholm, Sweden",1796-12-03,1872-04-03
H. S. Leavitt,"Cambridge, Massachusetts",1868-07-04,1921-12-12
H. Tajfel,Bristol,1919-06-22,1982-05-03
H. Poincaré,France,1854-04-29,1912-07-17
H. Pitot,France,1695-05-03,1771-12-27
H. Brocard,France,1845-05-12,1922-01-16
H. Betti,Neuilly-sur-Seine,1917-07-24,2005-07-07
H. Bazin,France,1829-01-10,1917-02-07
H. d. Wit,Dutch East Indies,1909-10-24,1999-03-16
H. W. Bode,"Cambridge, Massachusetts",1905-12-24,1982-06-21
H. Casimir,Netherlands,1909-07-15,2000-05-04
H. Schreyer,Brazil,1912-07-04,1984-12-12
H. Paul,Linz,1929-11-04,2015-12-21
H. v. Koch,Sweden,1870-01-25,1924-03-11
H. Deutsch,"Cambridge, Massachusetts",1884-10-09,1982-03-29
H. Pose,Dresden,1905-04-10,1975-11-13
H. König,Baden-Württemberg,1927-12-25,2002-11-21
H. Vogt,Germany,1890-10-05,1968-01-23
H. Scherk,German Empire,1798-10-27,1885-10-04
H. Limpricht,German Empire,1827-04-21,1909-5-13
H. F. Weber,Germany,1843-11-07,1912-5-24
H. Chantraine,Baden-Württemberg,1929-02-10,2002-12-9
H. Bruns,Germany,1848-09-04,1912-9-23
H. A. Wrisberg,Germany,1739-06-20,1808-03-29
H. Tahsini,Shkodër,1811-04-07,1881-07-03
H. Abdullayev,Azerbaijan,1918-08-20,1993-09-01
H. Worth,Berkhamsted,1917-11-20,1989-07-20
H. W. Allen,New Jersey,1892-1-1,1981-1-1
H. Medlin,Australia,1920-01-02,2013-03-06
H. B. Whittington,Burma,1916-03-24,2010-06-20
H. Williams,Canada,1934-03-14,2010-9-28
Harold Scott MacDonald Coxeter,Canada,1907-02-09,2003-03-31
H. S. Osborne,United States,1887-08-01,1985-12-29
H. Richman,Chicago,1937-5-15,2009-07-30
H. M. Rosenberg,United Kingdom,1922-08-26,1993-11-21
H. J. Brodie,Canada,1907-12-03,1989-03-20
H. H. Seward,United States,1930-07-24,2012-06-19
H. H. Schlosberg,"Providence, RI",1904-01-03,1964-08-05
H. Chestnut,United States,1917-11-25,2001-08-29
H. Beverage,"Stony Brook, NY",1893-10-14,1993-01-27
H. A. Wheeler,United States,1903-05-10,1996-04-25
H. A. Zahl,United States,1904-08-24,1973-03-11
Harish-Chandra,Berlin,1923-10-11,1983-10-16
H. T. Friis,United States,1893-02-22,1976-6-15
H. Cramér,Sweden,1893-09-25,1985-10-05
H. Pratt,United States,1891-07-18,1969-08-01
H. G. Khorana,India,1922-01-09,2011-11-09
H. v. Pechmann,Germany,1850-04-01,1902-04-19
H. Reese,"Madison, WI",1891-09-17,1973-06-23
H. Rebel,Austria,1861-09-02,1940-5-19
H. Multscher,Ulm,1400-1-1,1467-0-0
H. Meerwein,Germany,1879-05-20,1965-1-1
H. L. Przibram,Vienna,1874-07-07,1944-05-20
H. Jenny,United States,1899-02-07,1992-01-09
H. H. Kornhuber,Germany,1928-02-24,2009-10-30
H. Hahn,Austria,1879-09-27,1934-07-24
H. G. Stehlin,Switzerland,1870-1-13,1941-11-18
H. C. Gram,Denmark,1853-09-13,1938-11-14
H. Bethe,German Empire,1906-07-02,2005-03-06
H. Richert,Germany,1924-06-02,1993-11-25
H. Seishū,Japan,1760-10-23,1835-11-21
H. Castner,United States,1858-09-11,1899-10-11
H. Arasly,Azerbaijan,1902-02-23,1983-1-1
H. Fishman,California,1931-08-25,2007-08-07
H. King,Australia,1905-2-4,1990-1-1
H. Hedayat,Iran,1917-1-1,2013-1-1
H. W. Harkness,California,1821-5-25,1901-7-10
H. P. Gandhi,Junagadh,1920-08-20,2008-06-05
H. H. Fudenberg,"Inman, South Carolina",1928-10-24,2014-03-15
H. F. Baker,United Kingdom,1866-07-03,1956-03-17
G. K. Tolnai,Stockholm,1902-11-22,1982-02-03
G. Elekes,Fót,1949-05-19,2008-09-29
G. Berencsi,Hungary,1941-12-04,2013-04-25
G. Elekes,Fót,1949-05-19,2008-09-29
G. Berencsi,Hungary,1941-12-04,2013-04-25
G. Malécot,France,1911-12-28,1998-11-1
G. Ferrié,France,1868-11-19,1932-02-16
G. v. Escherich,Austria,1849-06-01,1935-01-28
G. Mie,Germany,1868-09-29,1957-02-13
G. Kirchhoff,German Empire,1824-03-12,1887-10-17
G. Elfving,Finland,1908-06-25,1984-03-25
G. Nordström,Grand Duchy of Finland,1881-03-12,1923-12-24
G. Kulldorff,Sweden,1927-12-06,2015-06-25
G. Nonveiller,"Belgrade, Serbia",1913-06-05,2002-04-07
G. Bodländer,Germany,1855-07-31,1904-12-25
G. C. Stephens,"Newport Beach, California",1925-01-12,2003-06-17
G. Gamburtsev,Russia,1903-03-23,1955-06-28
G. C. Evans,United States,1887-05-11,1973-12-8
