col0,col1,col2,col3,col4
H. Rollins,Towson University,1996,"Howard Ellsworth Rollins, Jr.",1950-10-17
H. Lange,Reed College,2003,Hope Elise Ross Lange,1931-11-28
H. Rousta,Tehran University of Art,2015,Homa Rousta,1946-09-26
H. Brooke,Columbia University,1999,Beatrice Sofia Mathilda Peterson,1914-09-08
H. McGee,Stonyhurst College,2006,Henry James Marris-McGee,1929-05-14
H. Gibson,Catholic University of America,2009,James Bateman,1935-09-21
H. Garrett,Bachelor's degree,1973,Henry Edward Garrett,1894-01-27
H. Fonda,University of Minnesota,1982,Henry Jaynes Fonda,1905-05-16
H. Betti,Conservatoire de Paris,2005,Ange Eugène Betti,1917-07-24
H. Dantine,UCLA,1982,Helmut Guttman,1917-10-7
H. Twelvetrees,American Academy of Dramatic Arts,1958,Helen Marie Jurgens,1908-12-25
H. Martin,Fisk University,2000,Helen Dorothy Martin,1909-07-23
H. Gardner,American Academy of Dramatic Arts,1968,Helen Louise Gardner,1884-09-02
H. Lamberts,National Theatre School of Canada,2005,James Lancaster,1941-12-15
H. Secombe,Swansea,2001,Harry Donald Secombe,1921-09-08
H. Morgan,University of Chicago,2011,Harry Bratsberg,1915-04-10
H. Ramis,Washington University in St. Louis,2014,Harold Allen Ramis,1944-11-21
H. Huber,New York University,1959,Harold Joseph Huberman,1909-12-05
H. Conried,Columbia University,1982,"Hans Georg Conried, Jr.",1917-04-15
H. Smith,Massena Central High School,1994,Harold John Smith,1916-08-24
H. Riney,University of Washington,2008,Hal Patrick Riney,1932-07-17
H. Douglas,University of Miami,2014,Harold Cohen,1924-09-01
H. Block,University of Chicago,1981,Harold Block,1913-08-02
G. Calvi,Conservatoire de Paris,2015,Grégoire Krettly,1922-07-26
G. Madison,Bakersfield College,1996,Robert Ozell Moseley,1922-01-19
G. Hansen,University of Texas at Austin,2015,Gunnar Milton Hansen,1947-03-04
G. Kapuge,University of the Visual & Performing Arts,2003,Ellamulla Kapuge Gunadasa,1945-08-07
G. Kumar,Delhi University,1997,Gulshan Dua,1951-05-05
G. Peck,"Los Angeles, California",2003,Eldred Gregory Peck,1916-04-05
G. Morris,University of Iowa,1996,Francis Gregory Alan Morris,1933-09-27
G. Chapman,"Emmanuel College, Cambridge",1989,Graham Arthur Chapman,1941-01-08
G. L. Boggs,Barnard College,2015,Grace Chin Lee,1915-06-27
G. Vidal,Phillips Exeter Academy,2012,Eugene Louis Vidal,1925-10-03
G. Scott,University of Oregon,2007,Gordon Merrill Werschkul,1926-08-03
G. MacRae,Deerfield Academy,1986,Albert Gordon MacRae,1921-03-12
G. Honeycombe,"University College, Oxford",2015,Ronald Gordon Honeycombe,1936-09-27
G. Cambridge,Flushing High School,1976,Godfrey MacArthur Cambridge,1933-02-26
G. Swanson,Hawthorne Scholastic Academy,1983,Gloria May Josephine Swanson,1899-03-27
G. Stuart,"University of California, Berkeley",2010,Gloria Stewart,1910-07-04
G. Grahame,Hollywood High School,1981,Gloria Grahame Hallward,1923-11-28
G. Piserchio,Columbia University,1989,Eugene Piserchio,1944-09-05
G. Radner,University of Michigan,1989,Gilda Susan Radner,1946-06-28
G. Harding,"Queens' College, Cambridge",1960,Gilbert Charles Harding,1907-06-05
G. Ryan,Law degree,2010,Gerard Ryan,1956-06-04
G. Murphy,Queen's University Belfast,2013,Eamon Gerard Murphy,1948-10-14
G. Sanders,Bedales School,1972,George Henry Sanders,1906-07-03
G. Reeves,Polytechnic School,1959,George Keefer Brewer,1914-01-05
G. Plimpton,Harvard University,2003,George Ames Plimpton,1927-03-18
G. Peppard,Purdue University,1994,"George Peppard, Jr.",1928-10-01
G. Montgomery,University of Montana,2000,George Montgomery Letz,1916-08-29
G. Macready,Classical High School,1973,George Peabody Macready Jr.,1899-08-29
G. Lindsey,University of North Alabama,2012,George Smith Lindsey,1928-12-17
G. Alexandru,Caragiale Academy of Theatrical Arts and Cinematography,2016,George Alexandru,1957-11-21
G. Holder,Queen's Royal College,2014,Geoffrey Richard Holder,1930-08-20
G. Wilder,University of Iowa,2016,Jerome Silberman,1933-06-11
G. Tierney,"Fairfield, Connecticut",1991,Gene Eliza Tierney,1920-11-19
G. Kelly,University of Pittsburgh,1996,Eugene Curran Kelly,1912-08-23
G. Ganesan,Madras Christian College,2005,Ganapathi Subramania Sarma,1919-11-16
G. Cooper,Grinnell College,1961,Frank James Cooper,1901-05-07
G. Collins,Santa Monica City College,2012,Gary Ennis Collins,1938-04-30
G. Marshall,Northwestern University,2016,Garry Kent Masciarelli,1934-11-13
G. Patrick,Samford University,1980,Margaret LaVelle Fitzpatrick,1911-06-20
G. Davis,Harcum College,1997,Betty Jeanne Grayson,1925-10-05
G. Axel,Royal Danish Theatre,2014,Axel Gabriel Erik Mørch,1918-04-18
G. D. Spradlin,University of Oklahoma,2011,Gervase Duan Spradlin,1920-08-31
G. Calvi,Conservatoire de Paris,2015,Grégoire Krettly,1922-07-26
F. Coffin,University of Michigan,2003,Frederick D. Coffin,1943-01-16
F. Mercury,Ealing Art College,1991,Farrokh Bulsara,1946-09-05
F. Urquhart,University of Toronto,2009,Norah Roden Patterson,1911-12-13
F. Rogers,Dartmouth College,2003,Fred McFeely Rogers,1928-03-20
F. Phelps,Pasadena City College,2014,Fred Waldron Phelps,1929-11-13
F. Gwynne,Harvard University,1993,Frederick Hubbard Gwynne,1926-07-10
F. Wilcox,University of Kansas,1974,Frank Reppy Wilcox,1907-03-17
F. Sutton,Columbia University,1974,Frank Spencer Sutton,1923-10-23
F. Silvera,Boston University,1970,Frank Alvin Silvera,1914-07-24
F. Perry,University of Miami,1995,"Frank Joseph Perry, Jr.",1930-08-21
F. Morgan,Cornell University,1949,Francis Phillip Wuppermann,1890-06-01
F. Maxwell,University of Michigan,2004,Charles Francis Maxwell,1916-11-17
F. Kameny,Harvard University,2011,Franklin Edward Kameny,1925-05-21
F. Capra,California Institute of Technology,1991,Francesco Rosario Capra,1897-05-18
F. Cady,Bachelor of Arts,2012,Frank Randolph Cady,1915-09-08
F. C. Baxter,University of Pennsylvania,1982,Francis Condie Baxter,1896-05-04
F. Tone,Cornell University,1968,Stanislaus Pascal Franchot Tone,1905-02-27
F. Farmer,University of Washington,1970,Frances Elena Farmer,1913-09-19
F. Bavier,Columbia University,1989,Frances Elizabeth Bavier,1902-12-14
F. Parker,University of Texas at Austin,2010,"Fess Elisha Parker, Jr.",1924-08-16
F. Lanphier,Oakland High School,1959,Fay Lanphier,1905-12-12
F. Fawcett,University of Texas at Austin,2009,Mary Farrah Leni Fawcett,1947-02-02
E. Arden,Tamalpais High School,1990,Eunice Mary Quedens,1908-04-30
E. Henning,Royal Dramatic Theatre,2016,Eva Wetlesen,1920-05-10
E. O'Brien,University of Colorado at Boulder,1966,Louis O'Brien,1880-11-14
E. Merman,William Cullen Bryant High School,1984,Ethel Agnes Zimmermann,1908-01-16
E. Williams,Los Angeles City College,2013,Esther Jane Williams,1921-08-08
E. Rolle,Spelman College,1998,Esther Elizabeth Rolle,1920-11-08
E. Ozker,University of Michigan,1993,Eren Özker,1948-07-25
E. d. Antonio,Harvard University,1989,Emile Francisco de Antonio,1919-05-14
E. Presley,Humes High School,1977,Elvis Aron Presley,1935-01-08
E. Eric,Wellesley College,1993,Elspeth Thexton Eric,1907-0-0
E. A. Dow,Cornell University,2015,Ellen Rose Albertini,1913-11-16
E. Montgomery,American Academy of Dramatic Arts,1995,Elizabeth Victoria Montgomery,1933-04-15
E. C. Jr.,Chicago Academy of Fine Arts,1995,Elisha Vanslyck Cook Jr.,1903-12-26
E. Kazan,Yale University,2003,Elias Kazantzoglou,1909-09-07
E. Wallach,University of Texas at Austin,2014,Eli Herschel Wallach,1915-12-07
E. R. Murrow,Washington State University,1965,Egbert Roscoe Murrow,1908-04-25
E. Platt,Juilliard School,1974,Edward Cuthbert Platt,1916-02-14
E. Gwenn,St. Olave's School,1959,Edmund John Kellaway,1877-09-26
E. Sedgwick,The Branson School,1971,Edith Minturn Sedgwick,1943-04-20
E. Adams,Actors Studio,2008,Edith Elizabeth Enke,1927-04-16
E. Mayehoff,Yale School of Music,1992,Edward Mier Mayehoff,1909-07-07
E. Albert,University of Minnesota,2005,Edward Albert Heimberger,1906-04-22
E. Nelson,Tulane University,2014,Edwin Stafford Nelson,1928-12-21
E. McMahon,Boston College,2009,"Edward Peter McMahon, Jr.",1923-03-06
E. Bishop,London Academy of Music and Dramatic Art,2005,George Victor Bishop,1932-06-11
D. Marzio,University of Buenos Aires,2013,Duilio Bruno Perruccio La Stella,1923-11-27
D. Pearson,Swarthmore College,1969,Andrew Russell Pearson,1897-12-13
D. Kennedy,Amherst College,1973,Douglas Richards Kennedy,1915-09-14
D. Fowley,Xavier High School,1998,Daniel Vincent Fowley,1911-05-30
D. Fairbanks,Denver East High School,1939,Douglas Elton Thomas Ullman,1883-05-23
D. McClure,"University of California, Los Angeles",1995,Douglas Osborne McClure,1935-05-11
D. Provine,University of Washington,2010,Dorothy Michelle Provine,1935-01-20
D. Kilgallen,Erasmus Hall High School,1965,Dorothy Mae Kilgallen,1913-07-03
D. Packer,"University of California, Los Angeles",1979,Doris Edwards,1904-05-30
D. E. Travis,University of Oklahoma,2010,Doris Eaton,1904-03-14
D. Weaver,Stanford University,1983,Winstead Sheffield Glenndenning Dixon Weaver,1911-05-11
D. Douglas,Redemptorist High School,2015,Doris Ione Smith,1932-09-26
D. Pleasence,Ecclesfield School,1995,Donald Henry Pleasence,1919-10-05
D. Brooks,Syracuse University,2005,Donald Marc Blumberg,1928-01-09
D. Simpson,University of Oregon,1996,Donald Clarence Simpson,1943-10-29
D. Mitchell,UCLA,2013,Don Michael Mitchell,1943-03-17
D. Kirshner,Upsala College,2011,Donald Clark Kirshner,1934-04-17
D. Diamond,University of Michigan,2011,Donald Alan DiamondPR,1921-06-04
D. DeFore,University of Iowa,1993,Donald John DeFore,1913-08-25
D. Cornelius,DuSable High School,2012,Donald Cortez Cornelius,1936-09-27
D. Ameche,University of Wisconsin-Madison,1993,Dominic Felix Amici,1908-05-31
D. Allison,Texas Tech University,2011,Don McKinzie Allison,1962-03-26
D. Dunne,Harvard-Westlake School,1982,Dominique Ellen Dunne,1959-11-23
D. Dunne,Williams College,2009,Dominick John Dunne,1925-10-29
D. Anwar,University of Dhaka,1991,Dolly Ibrahim,1948-07-01
D. Hnatyuk,Kyiv Conservatory,2016,Дмитро́ Миха́йлович Гнатю́к,1925-03-28
D. Carter,University of Memphis,2010,Dixie Virginia Carter,1939-05-25
D. Shafeek,Bachelor of Arts,1984,Gholam D. Shafeek,1930-03-21
D. Purcell,Fordham University,1944,"Richard Gerald Purcell, Jr.",1908-08-06
D. Jones,Hollywood High School,2014,Richard Percy Jones,1927-02-25
D. Clark,Syracuse University,2012,Richard Augustus Wagstaff Clark Jr.,1929-11-30
D. A. Williams,City Colleges of Chicago,2012,Richard Anthony Williams,1934-08-09
