"Name of Award","Name of Film","Awardee(s)","Cash Prize"
"Name of Award","Name of Film","Producer(s)","Cash Prize","Director"
"Best Feature Film in Assamese","Ajeyo","Shiven Arts","Jahnu Barua","â\u0082¹100000 (US$1,500) each"
"Best Feature Film in Bengali","Bakita Byaktigato","Tripod Entertainment Pvt Ltd","Pradipta Bhattacharyya","â\u0082¹100000 (US$1,500) each"
"Best Feature Film in Hindi","Jolly LLB","Fox Star Studios","Subhash Kapoor","â\u0082¹100000 (US$1,500) each"
"Best Feature Film in Kannada","December-1","Basant Productions","P. Sheshadri","â\u0082¹100000 (US$1,500) each"
"Best Feature Film in Konkani","Baga Beach","Sharvani Productions","Laxmikant Shetgaonkar","â\u0082¹100000 (US$1,500) each"
"Best Feature Film in Malayalam","North 24 Kaatham","Surya Cine Arts","Anil Radhakrishnan Menon","â\u0082¹100000 (US$1,500) each"
"Best Feature Film in Marathi","Aajcha Divas Majha","White Swan Productions","Chandrakant Kulkarni","â\u0082¹100000 (US$1,500) each"
"Best Feature Film in Tamil","Thanga Meenkal","JSK Film Corporation","Ram","â\u0082¹100000 (US$1,500) each"
"Best Feature Film in Telugu","Na Bangaaru Talli","Sun Touch Productions","Rajesh Touchriver","â\u0082¹100000 (US$1,500) each"

