col0,col1,col2,col3
"Sir Paul Gore, 1st Baronet",1629-9-1,1567-1-1,1567-1-1
"Sir Patrick O'Brien, 2nd Baronet",1895-4-23,1823-1-1,1823-1-1
"Sir Patrick Ford, 1st Baronet",1945-9-28,1880-3-5,1880-3-5
"Sir Patrick Agnew, 1st Baronet",1661-1-1,1578-1-1,1578-1-1
"Sir Owen Wynn, 3rd Baronet",1660-0-0,1592-0-0,1592-0-0
"Sir Oswald Mosley, 4th Baronet",1915-10-10,1848-9-25,1848-9-25
"Sir Nicholas Williams, 1st Baronet",1745-7-19,1681-1-1,1681-1-1
"Sir Nicholas Colthurst, 4th Baronet",1829-1-1,1789-1-1,1789-1-1
"Sir Nicholas Bacon, 1st Baronet, of Gillingham",1666-1-1,1623-1-1,1623-1-1
"Sir Nicholas Acheson, 4th Baronet",1701-0-0,1655-0-0,1655-0-0
"Sir Montague Cholmeley, 1st Baronet",1831-3-10,1772-3-20,1772-3-20
"Sir Miles Sandys, 1st Baronet",1645-1-1,1563-3-29,1563-3-29
"Sir Michael Shaw Stewart, 7th Baronet",1903-12-10,1826-11-26,1826-11-26
"Sir Matthew White Ridley, 4th Baronet",1877-9-25,1807-9-9,1807-9-9
"Sir Matthew White Ridley, 3rd Baronet",1836-7-14,1778-4-18,1778-4-18
"Sir Matthew Lamb, 1st Baronet",1768-11-6,1705-1-1,1705-1-1
"Sir Martin Lumley, 1st Baronet",1651-1-1,1596-1-1,1596-1-1
"Sir Mark Collet, 1st Baronet",1905-4-25,1816-9-1,1816-9-1
"Sir Lynch Cotton, 4th Baronet",1775-8-14,1715-1-1,1715-1-1
"Sir Lionel Smith, 1st Baronet",1842-1-2,1778-10-9,1778-10-9
"Sir Kildare Borrowes, 5th Baronet",1790-6-22,1722-1-20,1722-1-20
"Sir Kenneth Mackenzie, 3rd Baronet",1728-9-13,1658-1-1,1658-1-1
"Sir Justinian Isham, 7th Baronet",1818-4-1,1740-7-8,1740-7-8
"Sir Justinian Isham, 5th Baronet",1737-3-5,1687-7-20,1687-7-20
"Sir Joseph McConnell, 2nd Baronet",1942-8-27,1877-9-17,1877-9-17
"Sir Joseph Beecham, 1st Baronet",1916-10-23,1848-6-8,1848-6-8
"Sir Joseph Ashe, 1st Baronet",1686-4-15,1618-1-1,1618-1-1
"Sir John Yonge, 1st Baronet",1663-8-26,1603-10-2,1603-10-2
"Sir John Wynn, 2nd Baronet",1773-2-14,1701-9-0,1701-9-0
"Sir John Wright, 1st Baronet",1926-7-25,1843-3-12,1843-3-12
"Sir John Wilson, 1st Baronet",1918-1-1,1844-1-1,1844-1-1
"Sir John Stewart, 1st Baronet, of Fingask",1924-2-6,1877-1-1,1877-1-1
"Sir John Stepney, 8th Baronet",1811-1-1,1743-1-1,1743-1-1
"Sir John Starkey, 1st Baronet",1940-11-13,1859-5-1,1859-5-1
"Sir John Stanley, 1st Baronet",1744-11-30,1663-1-1,1663-1-1
"Sir John Shelley, 7th Baronet",1867-1-28,1808-3-18,1808-3-18
"Sir John Shelley, 6th Baronet",1849-3-14,1771-12-18,1771-12-18
"Sir John Seton, 1st Baronet",1686-0-0,1639-9-29,1639-9-29
"Sir John Sebright, 6th Baronet",1794-2-23,1725-10-19,1725-10-19
"Sir John Rogers, 3rd Baronet",1773-12-20,1708-8-31,1708-8-31
"Sir John Rogers, 2nd Baronet",1744-1-21,1676-6-14,1676-6-14
"Sir John Rogers, 1st Baronet",1710-4-23,1649-1-1,1649-1-1
"Sir John Reid, 2nd Baronet",1867-1-1,1791-1-1,1791-1-1
"Sir John Pakington, 4th Baronet",1727-1-1,1671-1-1,1671-1-1
"Sir John Ogilvy, 9th Baronet",1890-3-9,1803-3-17,1803-3-17
"Sir John McEwen, 1st Baronet",1962-4-19,1894-6-21,1894-6-21
"Sir John MacLeod, 1st Baronet",1934-1-1,1857-1-1,1857-1-1
"Sir John Leigh, 1st Baronet",1959-7-28,1884-8-3,1884-8-3
"Sir John Lawson, 1st Baronet, of Knavesmire Lodge",1919-5-27,1856-7-28,1856-7-28
"Sir John Lauder, 3rd Baronet",1728-2-0,1669-12-3,1669-12-3
"Sir John Latta, 1st Baronet",1946-12-5,1867-5-9,1867-5-9
"Sir John Key, 1st Baronet",1858-7-15,1794-8-16,1794-8-16
"Sir John Kennaway, 1st Baronet",1836-0-0,1758-0-0,1758-0-0
"Sir John Keane, 1st Baronet",1829-4-19,1757-5-21,1757-5-21
"Sir John Johnston, 3rd Baronet",1690-12-23,1648-0-0,1648-0-0
"Sir John Jardine, 1st Baronet",1919-4-26,1844-9-27,1844-9-27
"Sir John Jackson, 1st Baronet",1820-5-17,1763-12-30,1763-12-30
"Sir John Isham, 1st Baronet",1651-7-8,1582-7-27,1582-7-27
"Sir John Inglis, 2nd Baronet",1771-3-3,1683-9-23,1683-9-23
"Sir John Hynde Cotton, 4th Baronet",1795-1-1,1717-1-1,1717-1-1
"Sir John Hoskyns, 2nd Baronet",1705-9-12,1634-7-23,1634-7-23
"Sir John Hopkins, 1st Baronet",1946-2-16,1863-2-16,1863-2-16
"Sir John Honywood, 4th Baronet",1806-1-1,1757-1-1,1757-1-1
"Sir John Hobart, 3rd Baronet",1683-8-22,1628-3-20,1628-3-20
"Sir John Hayes, 1st Baronet",1809-1-1,1750-1-1,1750-1-1
"Sir John Hay, 6th Baronet",1838-11-1,1788-8-3,1788-8-3
