col0,col1,col2,col3
WXEL-TV,WPBT,EXcELlence,440
WXDM,WHFW,(X is the symbol of Christ in Greek text),-65
WXCR,WVVV,W X Cclassic Rock,138
WXCL,WMBD,EXCeLlence (from its AM sister station),100
WXBU,WHP-TV,Assigned by Howard Stirk Holdings,381
WXBT,WVOC,W X BeaT,100
WXBN,WZFC,(former branding),91
WWZY,KJWP,"onetime member of the regionalWYNY ""Y-107""quadcast",110
WWZW,WREL,"a nod to sisterWZWWin Bellefonte, PA",346
WWYY,WEEX,"Former member of defunct ""Y107"" quadcast",219
WWYL,WHWK,WiLd,254
WWWX,WNAM,WWW isconsin's FoX,100
WWWW-FM,WLBY,W 4 times,152
WWWV,WCNR,WWW Virginia,345
WWWQ,WNNX,WWW Q100,340
WWUS,WAVK,W W US-1,138
WWUH,WAPJ,"West Hartford, CT (City of License) and University of Hartford (Licensee)",239
WWTV,WFQX-TV,WWTV: Water Wonderland TeleVision,370
WWTN,WQQK,W-W-TeNnessee,395
WWTI-DT2,WSYR-TV,see WWTI,331
WWTI,WBGH-CD,Thousand Islands,331
WWST,WCYQ,W W STar,603
WWSR,WCIT,WW Sports Radio,97
WWSK,WKJY,W W SharK,96
WWRZ,WLKF,(after previous moniker),203
WWRE,WHBG,WW REwind,100
WWQM-FM,WJJO,Q-Madison,114
WWPW,WRDG,(current branding),300
WWPR-HD2,WKTU,World Wide Power Radio (HD1 station),415
WWPR-FM,WKTU,World Wide Power Radio,415
WWPL,WPTF,W W PuLse,300
WWPC,WSEW,Wayne Walker Property Consultants,151
WWOR-TV,YES Network,disambiguation of former WOR-TV callsign,397
WWOD,WGXL,WWOD: OlDies (former branding of104.3 FM),124
WWNY-TV,KEYC-TV,New York,218
WWMY,WATA,Variation of sister station WMMY,596
WWMX,WDCH-FM,WW MiX,288
WWMT,WBSF,Television,257
WWMP,WCAT,MP (MP3) 103,284
WWMG,WZHT,W W MaGic,214
WWME-CD,WCIU-TV,W W Memorable Entertainment Television,460
WWMB,WACH,We're Myrtle Beach,581
WWLP-DT2,WCTX,seeWWLP,247
WWLP,WJZB-TV,(the station's founder and longtime owner),247
WWLI,WPRO,LIte,152
WWLB,WLFV,LiBerty (former branding at 98.9 FM),106
WWL-TV,WUPL-TV,Loyola,311
WWL-FM,WWWL,"(Loyola University of New Orleans, former owner)",306
WWKY,WAVJ,"W Winchester, KentuckY (original city of license)",100
WWKX,WPRO,WWKX Kicks 106,158
WWKS,WVWI,W W KisS,374
WWKR,WKLA,WW K-Rock,208
WWKN,WCDS,W Western KeNtucky,68
WWKL,WZCY-FM,"We're KooL (former branding ""Cool 92.1"")",219
