col0,col1,col2,col3
W. Faust,Wuppertal,1964-3-10,1964-3-10
W. Peters,Schwerte,1948-7-3,1948-7-3
W. Lange,Lübz,1938-7-3,1938-7-3
W. Mehlberg,Szczecin,1937-2-28,1937-2-28
W. Ulrich,Klaipėda,1940-9-18,1940-9-18
V. Husek,Augsburg,1973-2-2,1973-2-2
V. Oblinger-Peters,West Germany,1977-10-14,1977-10-14
U. Will,Rostock,1939-6-25,1939-6-25
U. Deppe,Lippstadt,1953-12-9,1953-12-9
U. Raumann,Düren,1969-5-1,1969-5-1
T. Lubisch,Berlin,1984-9-3,1984-9-3
T. Krentz,Demmin,1966-5-19,1966-5-19
T. Pfrang,Mannheim,1964-12-11,1964-12-11
T. Lück,Berlin,1981-1-29,1981-1-29
T. Loose,Bottrop,1964-1-19,1964-1-19
T. Lück,Berlin,1981-1-29,1981-1-29
T. Becker,Halle,1990-3-3,1990-3-3
S. Kaufmann,Augsburg,1971-5-8,1971-5-8
S. Hirt,Augsburg,1973-8-15,1973-8-15
S. Breuing,Bochum,1985-9-21,1985-9-21
S. Kriegerstein,Dresden,1992-11-03,1992-11-03
S. Holtz,Neubrandenburg,1981-02-27,1981-02-27
S. Hörmann,Karlsruhe,1986-1-26,1986-1-26
S. Schubert,West Germany,1988-07-17,1988-07-17
S. Piersig,Spremberg,1984-5-28,1984-5-28
S. Hering,Gehrden,1992-02-16,1992-02-16
S. Kaufmann,Augsburg,1971-5-8,1971-5-8
R. Helm,Neubrandenburg,1956-10-06,1956-10-06
R. Wagner,Rosenheim,1980-8-7,1980-8-7
R. Blass,Saarlouis,1948-10-5,1948-10-5
R. Eberl,Wismar,1958-6-5,1958-6-5
R. Verch,Dresden,1986-2-10,1986-2-10
R. Nuck,Radebeul,1983-1-6,1983-1-6
R. Behling,Halle,1991-3-28,1991-3-28
R. Simon,Riesa,1978-7-9,1978-7-9
R. Funk,Bad Neuenahr-Ahrweiler,1992-4-14,1992-4-14
R. Scholl,Troisdorf,1961-5-31,1961-5-31
R. Wienand,Wuppertal,1963-3-7,1963-3-7
R. Berckhan,Germany,1931-10-02,1931-10-02
R. Helm,Neubrandenburg,1956-10-06,1956-10-06
P. Hempel,Bernau bei Berlin,1959-4-30,1959-4-30
P. Schulze,Magdeburg,1973-1-2,1973-1-2
O. Stumpf,Celle,1940-3-30,1940-3-30
O. Seack,Hamburg,1962-7-28,1962-7-28
N. Bettge,Magdeburg,1980-5-15,1980-5-15
N. Opgen-Rhein,Oberhausen,1976-3-8,1976-3-8
M. Frenken,Düsseldorf,1984-9-20,1984-9-20
M. Trummer,Zeitz,1963-5-31,1963-5-31
M. Pfeifer,Frankfurt,1986-5-25,1986-5-25
M. Rendschmidt,Bonn,1993-12-12,1993-12-12
M. Röder,Hohenmölsen,1972-2-4,1972-2-4
M. Seack,Hamburg,1962-7-28,1962-7-28
M. Lang,Saarbrücken,1968-6-14,1968-6-14
M. Schuck,Grimma,1981-2-13,1981-2-13
M. Knebel,Karlsruhe,1985-6-3,1985-6-3
M. Gross,Görlitz,1989-09-28,1989-09-28
M. Herszel,Schönebeck,1979-6-2,1979-6-2
M. Berro,Zeitz,1966-5-16,1966-5-16
M. Planert,Thuringia,1975-01-26,1975-01-26
L. Liwowski,Düsseldorf,1967-7-30,1967-7-30
L. Hoffmann,Moers,1984-11-24,1984-11-24
L. Stöcklin,Leipzig,1990-5-22,1990-5-22
K. Striepecke,Erfurt,1963-4-25,1963-4-25
K. Müller,Magdeburg,1988-07-20,1988-07-20
K. Simon,Riesa,1978-0-0,1978-0-0
K. Kieseler,West Berlin,1977-0-0,1977-0-0
K. Giese,Neubrandenburg,1961-1-1,1961-1-1
K. Wagner,Leipzig,1996-4-1,1996-4-1
K. Müller,Magdeburg,1988-07-20,1988-07-20
J. Köhler,Leipzig,1946-2-22,1946-2-22
J. Kretschmer,Zeitz,1947-12-4,1947-12-4
J. Henze,Schkopau,1950-6-23,1950-6-23
J. Hörmann,Karlsruhe,1983-4-20,1983-4-20
J. Köster,Lippstadt,1918-6-16,1918-6-16
J. Ems,Hamm,1986-8-26,1986-8-26
J. Schneider,Stuttgart,1942-9-19,1942-9-19
J. Fiedler,Eisenhüttenstadt,1965-7-16,1965-7-16
J. Bongardt,Hagen-Dahl,1982-9-8,1982-9-8
J. Schornberg,Lippstadt,1986-4-7,1986-4-7
J. Vandrey,Schwedt,1991-12-11,1991-12-11
J. Benzien,Giessen,1982-07-22,1982-07-22
J. Horn,Bottrop,1988-12-11,1988-12-11
J. Kretschmer,Zeitz,1947-12-4,1947-12-4
J. Köhler,Leipzig,1946-2-22,1946-2-22
J. Henze,Schkopau,1950-6-23,1950-6-23
I. Pepinghege,Zaanstad,1941-2-11,1941-2-11
H. Mattern,Brandenburg an der Havel,1943-11-4,1943-11-4
H. Kirschner,Mannheim,1925-4-7,1925-4-7
H. Bertz,Berlin,1988-09-21,1988-09-21
H. Noller,Mannheim,1919-11-16,1919-11-16
H. Wallbaum,Karlsruhe,1951-2-24,1951-2-24
H. Faust,Wuppertal,1965-5-16,1965-5-16
H. Nolte,Zwickau,1961-6-11,1961-6-11
G. Behling,Wittenberg,1964-1-20,1964-1-20
G. Schneider,Troisdorf,1965-1-4,1965-1-4
G. Ruge,Erfurt,1985-5-30,1985-5-30
F. Leue,Magdeburg,1984-6-19,1984-6-19
F. Anton,Wittenberg,1989-10-23,1989-10-23
F. Henze,Leipzig,1977-4-1,1977-4-1
F. Fischer,Brandenburg an der Havel,1960-1-1,1960-1-1
F. Michel,Freital,1984-10-4,1984-10-4
E. Rebstock,Neustrelitz,1987-7-29,1987-7-29
E. Pfannmöller,Halle,1985-2-7,1985-2-7
E. Leue,Magdeburg,1985-8-9,1985-8-9
E. Suhrbier,Rostock,1938-4-25,1938-4-25
E. Pasch,Andernach,1946-11-8,1946-11-8
E. Kemnitz,Berlin,1936-1-19,1936-1-19
E. Felten,Duisburg,1943-7-13,1943-7-13
E. Augustin,Dresden,1942-9-10,1942-9-10
E. Fischer,Berlin,1948-1-1,1948-1-1
D. Schmidt,Berlin,1958-2-24,1958-2-24
D. Schröder,Leipzig,1985-4-28,1985-4-28
C. Bär,Augsburg,1980-4-9,1980-4-9
C. Pöschel,Riesa,1989-9-21,1989-9-21
C. Bahmann,Plauen,1981-7-22,1981-7-22
C. Lömker,Dortmund,1964-9-3,1964-9-3
B. Müller,Dresden,1952-7-24,1952-7-24
B. Hessel,Munich,1961-7-3,1961-7-3
A. Goldschmidt,Karlsruhe,1981-6-9,1981-6-9
A. Kobuss,Mittweida,1944-2-13,1944-2-13
A. Baum,Wickede,1952-2-10,1952-2-10
A. Schuck,Leipzig,1957-5-18,1957-5-18
