col0,col1,col2,col3,col4,col5
J. Dennis,"Solana Beach, California","Rexburg, Idaho",1923-05-09,2677,2004-02-22
J. Lambert,"Santa Ynez, California",Kansas,1940-12-27,2535,2015-02-23
J. Winkfield,Maisons-Laffitte,Kentucky,1882-04-12,2600,1974-03-23
J. E. Fitzsimmons,Florida,New York,1874-07-23,2275,1966-03-11
J. D. Nichols,"Fort Worth, Texas","Las Cruces, New Mexico",1928-3-0,2446,2003-02-27
J. McNamara,Limerick,Limerick,1975-04-08,600,2016-07-26
I. H. Parke,"Gainesville, Florida",United States,1908-11-01,419,1995-01-20
I. Valenzuela,"Santa Anita, California",United States,1934-12-25,2545,2009-09-02
H. Trotsek,"Coral Gables, Florida",United States,1912-04-18,1690,1997-02-05
G. Woolf,United States,Alberta,1910-05-31,721,1946-01-04
G. Moore,Sydney,"Mackay, Queensland",1923-07-05,2278,2008-01-08
G. Barrett,England,England,1863-05-29,1401,1898-02-25
F. Archer,"Newmarket, Suffolk",Cheltenham,1857-01-11,2748,1886-11-08
E. R. Jr.,"Long Grove, Illinois",Mexico City,1966-01-21,2962,2012-04-24
E. J. Perrodin,"Haughton, Louisiana","Rayne, Louisiana",1956-12-14,3083,2012-06-10
E. Arcaro,Miami,Cincinnati,1916-02-19,4779,1997-11-14
E. Avery,Canada,Canada,1894-02-04,4000,1977-11-06
D. Baird,"Hancock County, Indiana","Martinsville, Illinois",1935-04-17,9445,2007-12-23
C. Kummer,New York,New York City,1899-08-08,464,1930-12-18
C. Antley,"Pasadena, California",United States,1966-01-06,3480,2000-12-02
B. Swatuk,Canada,Canada,1949-07-09,1679,2014-12-13
B. Skelton,Melbourne,"Cobden, New Zealand",1934-1-1,2230,2016-8-19
B. Shoemaker,"San Marino, California",United States,1931-08-19,8833,2003-10-12
B. Cummings,New South Wales,Adelaide,1927-11-14,12,2015-08-30
