col0,col1,col2,col3,col4,col5
W. W. Larsen,United States,"Dublin, Georgia",Georgia,1871-08-12,1938-01-05
W. Kellogg,"Peoria, Illinois",Illinois,Illinois,1814-07-08,1872-12-20
V. T. Blaz,"Fairfax, Virginia","Chalan Pago-Ordot, Guam",Arlington National Cemetery,1928-02-14,2014-01-08
R. McIntire,"Parsonsfield, Maine",Maine,Maine,1784-12-19,1866-04-28
J. D. Taylor,"Cambridge, Ohio",Ohio,Ohio,1830-11-07,1899-09-19
"John E. Lyle, Jr.",Houston,Texas,Texas State Cemetery,1910-09-04,2003-11-11
D. M. Hughes,"Macon, Georgia","Danville, Georgia","Perry, Georgia",1848-10-10,1927-01-20
