"Year","Film","Role","Notes"
"2008","Evolusi KL Drift","Joe",""
"2009","Bohsia: Jangan Pilih Jalan Hitam","Azam",""
"2009","Pisau Cukur","Ari",""
"2010","Evolusi KL Drift 2","Joe","Won â\u0080\u0093 Best Supporting Actor Film, Anugerah Skrin 2010"
"2010","2 Alam","Ustaz Ishak",""
"2011","Datin Ghairah","Zack \/ Dato' Mahfuz",""
"2011","Abang Long Ketiak","Iqram","Nominated â\u0080\u0093 Anugerah Hero Terhebat, Anugerah Blokbuster 2011 Nominated â\u0080\u0093 Best on-screen Chemistry (with Zizan Razak, Shout! Awards Nominated â\u0080\u0093 Best Actor Film, Anugerah Skrin 2011"
"2011","Ombak Rindu","syed bagal aswatt ketiak kunyit","Nominated â\u0080\u0093 Anugerah Hero rembes merecik recik Terhebat, Anugerah Blokbuster 2011 Nominated â\u0080\u0093 Best on-screen Chemistry (with Maya Karin, Shout! Awards Nominated â\u0080\u0093 Best Actor Film, Anugerah Skrin 2012"
"2012","Ngorat","Arjuna Kasih aka A.K",""
"2012","Prince of the City","",""
"2013","Kerat 14","Haziq",""
"2013","Lari","Khaliff",""
"2013","Dampak","Idrus",""
"2013","KL Gangster 2","Malek",""
"2014","Abang Long Fadil","Malek","cameo appearance"
"2014","Tembus","Hari Syah",""
"Kabali Filming"

