"Year","Winner","Age","Jockey","Trainer","Owner","Time"
"1997","Silk Justice","3","Shinji Fujita","M Okubo","Silk Co Ltd","2:34.8"
"1998","Grass Wonder","3","Hitoshi Matoba","Mitsuhiro Ogata","Y. Hanzawa","2:32.1"
"1999","Grass Wonder","4","Hitoshi Matoba","Mitsuhiro Ogata","Y. Hanzawa","2:37.2"
"2000","T M Opera O","4","Ryuji Wada","Ichizo Iwamoto","Masatsugu Takezono","2:34.1"
"2001","Manhattan Cafe","3","Masayoshi Ebina","Futoshi Kojima","Ken Nishikawa","2:33.1"
"2002","Symboli Kris S","3","Olivier Peslier","Kazuo Fujisawa","Symboli Stud","2:32.6"
"2003","Symboli Kris S","4","Olivier Peslier","Kazuo Fujisawa","Symboli Stud","2:30.5"
"2004","Zenno Rob Roy","4","Olivier Peslier","Kazuo Fujisawa","Shinobu Oosako","2:29.5"
"2005","Heart's Cry","4","Christophe Lemaire","Kojiro Hashiguchi","Shadai Racehorse","2:31.9"
"2006","Deep Impact","4","Yutaka Take","Yasuo Ikee","Kaneko Makoto Holdings","2:31.9"
"2007","Matsurida Gogh","4","Masayoshi Ebina","Sakae Kunieda","Fumie Takahashi","2:33.6"
"2008","Daiwa Scarlet","4","Katsumi Ando","Kunihide Matsuda","Keizo Oshiro","2:31.5"
"2009","Dream Journey","5","Kenichi Ikezoe","Yasutoshi Ikee","Sunday Racing","2:30.0"
"2010","Victoire Pisa","3","Mirco Demuro","Katsuhiko Sumii","Yoshimi Ichikawa","2:32.6"
"2011","Orfevre","3","Ken'ichi Ikezoe","Yasutoshi Ikee","Sunday Racing Co. Ltd.","2:36.0"
"2012","Gold Ship","3","Hiroyuki Uchida","Naosuke Sugai","Eiichi Kobayashi","2:31.9"
"2013","Orfevre","5","Ken'ichi Ikezoe","Yasutoshi Ikee","Sunday Racing Co. Ltd.","2.32.3"
"2014","Gentildonna","5","Keito Tosaki","Sei Ishizaka","Sunday Racing Co. Ltd.","2.35.3"

