"Preceding station","","London Underground","","Following station"
"Farringdon towards Hammersmith","","Circle line","","Moorgate towards Edgware Road (via Aldgate)"
"Farringdon towards Hammersmith","","Hammersmith & City line","","Moorgate towards Barking"
"Farringdon towards Amersham, Chesham, Uxbridge or Watford","","Metropolitan line","","Moorgate towards Aldgate"
"","Disused Railways",""
"Farringdon","","First Capital Connect Thameslink Peak hours only","","Moorgate"
"","Historic Railways",""
"Farringdon","","Great Northern Railway Widened Lines","","Moorgate"

