"Year","Gold","Silver","Bronze"
"1989","Karla Guerrero (MEX)","18:41","","","",""
"1990","Angelina Tellez SolÃ­s (MEX)","18:46","","","",""
"1991","","","","","",""
"1992","MarÃ­a Luisa ServÃ­n (MEX)","16:09","Sonia Betancourt (MEX)","16:12","Paola Cabrera (MEX)","16:52"
"1994","Isabel CarreÃ±o (MEX)","19:35","LucÃ­a Mendiola (MEX)","19:42","Esmeralda GuillÃ©n (MEX)","19:48"
"1995","Silvia LÃ³pez (MEX)","18:43","Luz MarÃ­a Aguilar (MEX)","18:43","",""
"1996 (6 km)","Isabel CarreÃ±o (MEX)","22:13","Guadalupe PiÃ±a (MEX)","22:22","Karla Guerrero (MEX)","22:45"
"1997 (6 km)","Karla Guerrero (MEX)","22:12","Noemi Morales (MEX)","22:15","Dolores Valencia (MEX)","22:19"
"1998 (5.7 km)","LucÃ­a Mendiola (MEX)","20:20","AmÃ©rica Mateos (MEX)","20:25","Margarita Tapia (MEX)","20:33"
"1999","","","Margarita Cabello (MEX)","31:15","Veronica Sandoval (MEX)","31:18"
"2000 (8 km)","Bertha SÃ¡nchez (COL)","28:10","AmÃ©rica Mateos (MEX)","28:23","Mardrea Hyman (JAM)","28:53"
"2001 (7.6 km)","Mireya Ailhaud (MEX)","31:01","Esthela Chavez (MEX)","31:06","Maribel Burgos (PUR)","31:08"
"2003 (8 km)","Adriana SÃ¡nchez (MEX)","30:02","AngÃ©lica SÃ¡nchez (MEX)","30:24","Dolores DÃ¡vila (MEX)","30:35"

