"Name of unit","Symbol","Definition","Relation to SI units"
"candela per square foot","cd\/ft2","â\u0089¡ cd\/ft2","â\u0089\u0088 10.763910417 cd\/m2"
"candela per square inch","cd\/in2","â\u0089¡ cd\/in2","â\u0089\u0088 1550.0031 cd\/m2"
"candela per square metre (SI unit); nit (deprecated[14])","cd\/m2","â\u0089¡ cd\/m2","= 1 cd\/m2"
"footlambert","fL","â\u0089¡ (1\/Ï\u0080) cd\/ft2","â\u0089\u0088 3.4262590996 cd\/m2"
"lambert","L","â\u0089¡ (104\/Ï\u0080) cd\/m2","â\u0089\u0088 3183.0988618 cd\/m2"
"stilb (CGS unit)","sb","â\u0089¡ 104 cd\/m2","= 104 cd\/m2"

