"Year","Album","Chart positions[2]","Record label"
"Year","Album","US","Record label","US R&B"
"1973","D. J. Rogers","â\u0080\u0094","â\u0080\u0094","Shelter Records"
"1975","It's Good to Be Alive","â\u0080\u0094","36","RCA Records"
"1976","On the Road Again","175","49","RCA Records"
"1977","Love, Music and Life","â\u0080\u0094","â\u0080\u0094","RCA Records"
"1978","Love Brought Me Back","â\u0080\u0094","54","Columbia Records"
"1979","Trust Me","â\u0080\u0094","â\u0080\u0094","ARC Records"
"1980","The Message Is Still The Same","â\u0080\u0094","â\u0080\u0094","ARC Records"

