"Club performance","League","Cup","Continental","Total"
"Season","Club","League","Apps","Goals","Apps","Goals","Apps","Goals","Apps","Goals"
"Brazil","League","Copa do Brasil","South America","Total"
"2007","AtlÃ©tico Mineiro","SÃ©rie A","7","0","0","0","0","0","7","0"
"Netherlands","League","KNVB Cup","Europe","Total"
"2007â\u0080\u009308","Feyenoord","Eredivisie","0","0","0","0","0","0","0","0"
"2008â\u0080\u009309","Feyenoord","Eredivisie","0","0","0","0","0","0","0","0"
"2009â\u0080\u009310","Feyenoord","Eredivisie","2","0","0","0","0","0","2","0"
"Total","Brazil","7","0","0","0","0","0","7","0"
"Total","Netherlands","2","0","0","0","0","0","2","0"
"Career total","9","0","0","0","0","0","9","0"

