"Comparison between high-end HDB and DBSS flats"
"Alias Room type","Size in sq m (avg) Pricing ranges","Distinct advantages","Warranty schemes"
"Pinnacle@Duxton 5 room","(101â\u0080\u0093103 mÂ²) 1st Balloting â\u0080\u0093 May 2004 $343,100 â\u0080\u0093 $451,500 2nd Balloting â\u0080\u0093 Sep 2008 $545,000 â\u0080\u0093 $646,000","High floor & City area","Previous HDB projects for defects (1 yr)"
"City View 5 room","(107â\u0080\u0093119 mÂ²) inclusive of balcony area $536,000 â\u0080\u0093 $727,000","Condominium design finishing High floor & City area","Covering Ceiling Leakage (5 yrs) External water Seepage (5 yrs) Spalling Concrete (10 yrs)"
"Park Central 5 room","(112â\u0080\u0093120 mÂ²) inclusive of balcony area $534,000 â\u0080\u0093 $689,000","Condominium design finishing Units come with either unblocked North-facing or City-facing views Walking distance to popular amenities (e.g. AMK HUB, market), schools, MRT, bus-stops","Covering Ceiling Leakage (5yrs) External Water Seepage (5yrs) Spalling Concrete (10yrs)"

