"Member","Party","Term"
"","Sir George Turner","Protectionist","1901â\u0080\u00931904"
"","Sir George Turner","Free Trade","1904â\u0080\u00931906"
"","Agar Wynne","Independent Protectionist","1906â\u0080\u00931909"
"","Agar Wynne","Commonwealth Liberal","1909â\u0080\u00931914"
"","William Watt","Commonwealth Liberal","1914â\u0080\u00931917"
"","William Watt","Nationalist","1917â\u0080\u00931922"
"","William Watt","Liberal Union","1922â\u0080\u00931925"
"","William Watt","Nationalist","1925â\u0080\u00931929"
"","Thomas White","Nationalist","1929â\u0080\u00931931"
"","Thomas White","United Australia","1931â\u0080\u00931944"
"","Thomas White","Liberal","1944â\u0080\u00931951"
"","Percy Joske","Liberal","1951â\u0080\u00931960"
"","Ray Whittorn","Liberal","1960â\u0080\u00931974"
"","Ian Macphee","Liberal","1974â\u0080\u00931984"

