"Season","Competition","Round","Opponent","1st leg","2nd leg","Aggregate"
"1999","UEFA Intertoto Cup","2R","FK Cementarnica 55","1â\u0080\u00931","2â\u0080\u00931","3â\u0080\u00932"
"1999","UEFA Intertoto Cup","3R","NK VaraÅ¾din","2â\u0080\u00931","0â\u0080\u00931","2â\u0080\u00932(a)"
"1999","UEFA Intertoto Cup","Semiâ\u0080\u0093finals","Juventus","0â\u0080\u00934","1â\u0080\u00935","1â\u0080\u00939"
"2000","UEFA Intertoto Cup","3R","AJ Auxerre","0â\u0080\u00932","1â\u0080\u00933","1â\u0080\u00935"
"2014â\u0080\u009315","UEFA Europa League","PO","Trabzonspor","0â\u0080\u00932","0â\u0080\u00930","0â\u0080\u00932"

