"Year","Chassis","Engine","Driver","1","2","3","4","5","6","7","8","9"
"1950","Simca Gordini Type 15","Gordini Straight-4","","GBR","MON","500","SUI","BEL","FRA","ITA","",""
"1950","Simca Gordini Type 15","Gordini Straight-4","Robert Manzon","","Ret","","","","4","Ret","",""
"1950","Simca Gordini Type 15","Gordini Straight-4","Maurice Trintignant","","Ret","","","","","Ret","",""
"1951","Simca Gordini Type 15","Gordini Straight-4","","SUI","500","BEL","FRA","GBR","GER","ITA","ESP",""
"1951","Simca Gordini Type 15","Gordini Straight-4","AndrÃ© Simon","","","","Ret","","Ret","6","Ret",""
"1951","Simca Gordini Type 15","Gordini Straight-4","Robert Manzon","","","","Ret","","7","Ret","9",""
"1951","Simca Gordini Type 15","Gordini Straight-4","Maurice Trintignant","","","","Ret","","Ret","Ret","Ret",""
"1951","Simca Gordini Type 15","Gordini Straight-4","Aldo Gordini","","","","Ret","","","","",""
"1952","Gordini Type 16","Gordini Straight-6","","SUI","500","BEL","FRA","GBR","GER","NED","ITA",""
"1952","Gordini Type 16","Gordini Straight-6","Robert Manzon","Ret","","3","4","Ret","Ret","5","14",""
"1952","Gordini Type 16","Gordini Straight-6","Jean Behra","3","","Ret","7","","5","Ret","Ret",""
"1952","Gordini Type 16","Gordini Straight-6","Johnny Claes","","","8","","","","","",""
"1952","Gordini Type 16","Gordini Straight-6","Prince Bira","","","","Ret","11","","","",""
"1952","Gordini Type 16","Gordini Straight-6","Maurice Trintignant","","","","","Ret","Ret","6","Ret",""
"1952","Simca Gordini Type 15","Simca Straight-4","Max de Terra","Ret","","","","","","","",""
"1952","Simca Gordini Type 15","Gordini Straight-4","Prince Bira","Ret","","10","","","","","",""
"1952","Simca Gordini Type 15","Gordini Straight-4","Johnny Claes","","","","Ret","14","","","DNQ",""
"1952","Simca Gordini Type 15","Gordini Straight-4","Robert O'Brien","","","NC","","","","","",""
"1952","Simca Gordini Type 15","Gordini Straight-4","Maurice Trintignant","","","","5","","","","",""
"1952","Simca Gordini Type 15","Gordini Straight-4","Paul FrÃ¨re","","","","","","","Ret","",""
"1953","Gordini Type 16","Gordini Straight-6","","ARG","500","NED","BEL","FRA","GBR","GER","SUI","ITA"
"1953","Gordini Type 16","Gordini Straight-6","Jean Behra","6","","","Ret","10","Ret","Ret","Ret",""
"1953","Gordini Type 16","Gordini Straight-6","Maurice Trintignant","7â\u0080","","6","5","Ret","Ret","Ret","Ret","5"
"1953","Gordini Type 16","Gordini Straight-6","Harry Schell","7â\u0080","","Ret","7","Ret","Ret","Ret","","9"
"1953","Gordini Type 16","Gordini Straight-6","Robert Manzon","Ret","","","","","","","",""
"1953","Gordini Type 16","Gordini Straight-6","Carlos Menditeguy","Ret","","","","","","","",""
"1953","Gordini Type 16","Gordini Straight-6","Roberto Mieres","","","NC","","Ret","","","","6"
"1953","Gordini Type 16","Gordini Straight-6","Fred Wacker","","","","9","","","","",""
"1953","Simca Gordini Type 15","Gordini Straight-4","Pablo Birger","Ret","","","","","","","",""
"1953","Simca Gordini Type 15","Gordini Straight-4","Georges Berger","","","","Ret","","","","",""
"1954","Gordini Type 16","Gordini Straight-6","","ARG","500","BEL","FRA","GBR","GER","SUI","ITA","ESP"
"1954","Gordini Type 16","Gordini Straight-6","Jean Behra","DSQ","","Ret","6","Ret","10","Ret","Ret","Ret"
"1954","Gordini Type 16","Gordini Straight-6","Ã\u0089lie Bayol","5","","","","","","","",""
"1954","Gordini Type 16","Gordini Straight-6","Roger Loyer","Ret","","","","","","","",""
"1954","Gordini Type 16","Gordini Straight-6","Paul FrÃ¨re","","","Ret","Ret","","Ret","","",""
"1954","Gordini Type 16","Gordini Straight-6","AndrÃ© Pilette","","","5","","9","Ret","","",""
"1954","Gordini Type 16","Gordini Straight-6","Jacques Pollet","","","","Ret","","","","","Ret"
"1954","Gordini Type 16","Gordini Straight-6","Georges Berger","","","","Ret","","","","",""
"1954","Gordini Type 16","Gordini Straight-6","Clemar Bucci","","","","","Ret","Ret","Ret","Ret",""
"1954","Gordini Type 16","Gordini Straight-6","Fred Wacker","","","","","","","Ret","6",""
"1955","Gordini Type 16","Gordini Straight-6","","ARG","MON","500","BEL","NED","GBR","ITA","",""
"1955","Gordini Type 16","Gordini Straight-6","Ã\u0089lie Bayol","Ret","Ret","","","","","","",""
"1955","Gordini Type 16","Gordini Straight-6","Jesus Iglesias","Ret","","","","","","","",""
"1955","Gordini Type 16","Gordini Straight-6","Pablo Birger","Ret","","","","","","","",""
"1955","Gordini Type 16","Gordini Straight-6","Robert Manzon","","Ret","","","Ret","Ret","","",""
"1955","Gordini Type 16","Gordini Straight-6","Jacques Pollet","","7","","","10","","Ret","",""
"1955","Gordini Type 16","Gordini Straight-6","Hermano da Silva Ramos","","","","","8","Ret","Ret","",""
"1955","Gordini Type 16","Gordini Straight-6","Mike Sparken","","","","","","7","","",""
"1955","Gordini Type 16","Gordini Straight-6","Jean Lucas","","","","","","","Ret","",""
"1956","Gordini Type 32","Gordini Straight-8","","ARG","MON","500","BEL","FRA","GBR","GER","ITA",""
"1956","Gordini Type 32","Gordini Straight-8","AndrÃ© Pilette","","6â\u0080","","","","","DNS","",""
"1956","Gordini Type 32","Gordini Straight-8","Ã\u0089lie Bayol","","6â\u0080","","","","","","",""
"1956","Gordini Type 32","Gordini Straight-8","Robert Manzon","","","","","9","9","Ret","Ret",""
"1956","Gordini Type 32","Gordini Straight-8","Hermano da Silva Ramos","","","","","8","Ret","","Ret",""
"1956","Gordini Type 32","Gordini Straight-8","Andre Milhoux","","","","","","","Ret","",""
"1956","Gordini Type 16","Gordini Straight-6","Hermano da Silva Ramos","","5","","","","","","",""
"1956","Gordini Type 16","Gordini Straight-6","Robert Manzon","","Ret","","","","","","",""
"1956","Gordini Type 16","Gordini Straight-6","AndrÃ© Pilette","","","","","11","","","",""
"1956","Gordini Type 16","Gordini Straight-6","AndrÃ© Simon","","","","","","","","9",""

