"Year","Award Ceremony","Category","Nominee","Result"
"2006","Laurence Olivier Award","Outstanding Musical Production","Won"
"2006","Laurence Olivier Award","Best Actor in a Musical","Douglas Hodge","Nominated"
"2006","Laurence Olivier Award","Best Actor in a Musical","Ewan McGregor","Nominated"
"2006","Laurence Olivier Award","Best Actress in a Musical","Jane Krakowski","Won"
"2006","Laurence Olivier Award","Best Actress in a Musical","Jenna Russell","Nominated"
"2006","Laurence Olivier Award","Best Theatre Choreographer","Rob Ashford","Nominated"
"2006","Laurence Olivier Award","Best Sound Design","Terry Jardine and Chris Full","Nominated"
"2006","Laurence Olivier Award","Best Lighting Design","Howard Harrison","Nominated"

