"Date","City","Country","Venue","Line-up"
"August 6, 2010","Oakland","United States","Fox Theater","Crystal Castles, Rusko, Sinden, Proxy"
"August 9, 2010","Denver","United States","Ogden Theater","Crystal Castles, Rusko, Sinden, Proxy, Destructo"
"August 11, 2010","Austin","United States","Stubb's Waller Creek Amphitheater","Crystal Castles, Rusko, Sinden, Proxy, Destructo"
"August 13, 2010","Chicago","United States","Congress Theater","Crystal Castles, Rusko, Sinden, The Twelves, Destructo"
"August 14, 2010","Toronto","Canada","Koolhaus","Crystal Castles, Rusko, Sinden, Destructo"
"August 15, 2010","Montreal","Canada","Metropolis","Crystal Castles, Rusko, Sinden, Destructo"
"August 17, 2010","Boston","United States","House of Blues","Crystal Castles, Rusko, Sinden, Destructo"
"August 18, 2010","Philadelphia","United States","Electric Factory","Crystal Castles, Rusko, Sinden, Destructo"
"August 20, 2010","Washington, D.C.","United States","9:30 Club","Crystal Castles, Rusko, Sinden, Destructo"
"August 21, 2010","New York City","United States","Terminal 5","Crystal Castles, Sinden, Destructo"
"August 22, 2010","Baltimore","United States","Sonar","Crystal Castles, Rusko, Sinden, Destructo"

