"Athlete","Event","1st round","2nd round","3rd round","4th round","5th round","Final round","Rank"
"Ali Akbar Heidari","52 kg","Niaz (PAK) D Points","Liang (MAS) W Fall","Zafiropoulos (GRE) W Points","Simons (USA) D Points","YanÄ±lmaz (TUR) W Points","Did not advance",""
"Abdollah Khodabandeh","57 kg","Georgiev (BUL) D Points","Anwary (AFG) W Points","AkbaÅ\u009F (TUR) L Points","Did not advance","9"
"Ebrahim Seifpour","63 kg","Jutila (CAN) L Fall","Meehan (NZL) W Fall","Yoon (KOR) W Fall","Tovar (MEX) W Points","Khokhashvili (URS) L Points","Did not advance","6"
"Abdollah Movahed","70 kg","Stephenson (GBR) W Points","Marsh (AUS) W Points","Chung (KOR) W Points","Horiuchi (JPN) D Points","Valchev (BUL) D Points","Did not advance","5"
"Mohammad Ali Sanatkaran","78 kg","Heinze (EUA) W Points","Watanabe (JPN) W Points","BajkÃ³ (HUN) W Points","Afzal (PAK) W DSQP","Dermendzhiev (BUL) W Points","Sagaradze (URS) D Points",""
"Mohammad Ali Sanatkaran","78 kg","Heinze (EUA) W Points","Watanabe (JPN) W Points","BajkÃ³ (HUN) W Points","Afzal (PAK) W DSQP","Dermendzhiev (BUL) W Points","Ogan (TUR) D Points",""
"Mansour Mehdizadeh","87 kg","HollÃ³si (HUN) W Points","Brand (USA) D Points","Kobelt (SUI) W Points","GÃ¼ngÃ¶r (TUR) W Points","Gardzhev (BUL) W Points","Did not advance","4"
"Gholamreza Takhti","97 kg","VÃ­gh (HUN) W Points","Buck (GBR) W Fall","Mane (IND) W Fall","AyÄ±k (TUR) L Points","Mustafov (BUL) D Points","Did not advance","4"

