"No.","Date","Tournament","Winning score","Margin of victory","Runner(s)-up"
"1","22 Oct 1995","Ralphs Senior Classic","â\u0088\u009212 (69-67-65=201)","1 stroke","Jim Colbert"
"2","21 Jan 1996","Puerto Rico Senior Tournament of Champions","â\u0088\u00929 (69-68-70=207)","1 stroke","Jim Colbert"
"3","2 Jun 1996","Bruno's Memorial Classic","â\u0088\u00928 (67-70-71=208)","Playoff","John Paul Cain, Kermit Zarley"
"4","18 Aug 1996","Northville Long Island Classic","â\u0088\u009214 (70-66-66=202)","3 strokes","Jim Colbert"
"5","13 Oct 1996","The Transamerica","â\u0088\u009212 (69-69-66=204)","1 stroke","Jim Colbert"

