"Year","Title","Role","Network"
"2005","Resurrection","Park Sang-chul","KBS2"
"2006","Goodbye Solo","Yoo Ji-an's father","KBS2"
"2007","The Devil","Ban Chang-ho","KBS2"
"2009","Hero","Gong Chil-sung","MBC"
"2010","Bad Guy","","SBS"
"2011","Romance Town[7]","Noh Sang-hoon","KBS2"
"2011","Can't Lose","Kang Woo-shik","MBC"
"2012","Operation Proposal","Ham Sung-hoon","TV Chosun"
"2012","The King's Doctor","Sa-am","MBC"
"2012","Drama Special \"Sangkwoni (Business District)\"","Young-chul","KBS2"
"2013","Iris II","Detective","KBS2"
"2013","Shark","The old Korean man in Okinawa","KBS2"
"2013","The Blade and Petal","Yang Moon","KBS2"
"2014","God's Gift - 14 Days[8]","Lee Myeong-han","SBS"
"2014","Witch's Romance[9]","Kwon Hyun-seob","tvN"
"2014","Temptation","Choi Seok-gi","SBS"
"2014","The King's Face[10]","Jeong Cheol","KBS2"
"2015","Mask[11]","Professor Kim","SBS"
"2015","Cheo Yong - Season 2","Kang Gi-young","OCN"

