"Subsidy #","Name","Builder","Laid down","Launched","Completed","Owner"
"","Tatekawa Maru (å»ºå·\u009Dä¸¸?)","Kawasaki, KÅ\u008Dbe Shipyard","20 October 1934","20 April 1935","30 June 1935","Kawasaki Line"
"","Nippon Maru (æ\u0097¥æ\u009C¬ä¸¸?)","Kawasaki, KÅ\u008Dbe Shipyard","18 October 1935","24 April 1936","30 June 1936","Yamashita Line"
"","TÅ\u008DhÅ\u008D Maru (æ\u009D±é\u0082¦ä¸¸?)","Kawasaki, KÅ\u008Dbe Shipyard","1 May 1936","31 October 1936","24 December 1936","Iino Lines"
"101","Itsukushima Maru (å\u008E³å³¶ä¸¸?)","Kawasaki, KÅ\u008Dbe Shipyard","21 April 1937","4 September 1937","20 December 1937","Nippon Suisan"
"102","Gen'yÅ\u008D Maru (ç\u008E\u0084æ´\u008Bä¸¸?)","Kawasaki, KÅ\u008Dbe Shipyard","12 June 1937","30 December 1937","28 April 1938","Asano Bussan"
"104","Nichiei Maru (æ\u0097¥æ \u0084ä¸¸?)","Kawasaki, KÅ\u008Dbe Shipyard","4 September 1937","15 April 1938","30 June 1938","NittÅ\u008D Mining"
"","TÅ\u008Dei Maru (æ\u009D±æ \u0084ä¸¸?)","Kawasaki, KÅ\u008Dbe Shipyard","15 April 1938","24 October 1938","21 February 1939","NittÅ\u008D Mining"
"106","KokuyÅ\u008D Maru (å\u009B½æ´\u008Bä¸¸?)","Kawasaki, KÅ\u008Dbe Shipyard","17 June 1938","26 December 1938","16 May 1939","KokuyÅ\u008D Line"
"","Ken'yÅ\u008D Maru (å\u0081¥æ´\u008Bä¸¸?)","Kawasaki, KÅ\u008Dbe Shipyard","29 June 1938","6 April 1939","28 October 1939","KokuyÅ\u008D Line"
"107","Shinkoku Maru (ç¥\u009Eå\u009B½ä¸¸?)","Kawasaki, KÅ\u008Dbe Shipyard","25 October 1938","13 December 1939","28 February 1940","KÅ\u008Dbe Pier"
"","KyÅ«ei Maru (ä¹ æ \u0084ä¸¸?)","Kawasaki, KÅ\u008Dbe Shipyard","20 November 1942","3 June 1943","6 September 1943","NittÅ\u008D Mining"

