"Lt. Governor","Lt. Gubernatorial term","Date of birth (and age)"
"J.H. Williams","1975â\u0080\u00931979","June 17, 1926 (age 89)"
"Wayne Mixson","1979-1987","June 16, 1922 (age 93)"
"Bobby Brantley","1987â\u0080\u00931991","April 6, 1948 (age 67)"
"Buddy MacKay","1991â\u0080\u00931998","March 22, 1933 (age 82)"
"Frank Brogan","1999â\u0080\u00932003","September 6, 1953 (age 62)"
"Toni Jennings","2003â\u0080\u00932007","May 17, 1949 (age 66)"
"Jeff Kottkamp","2007â\u0080\u00932011","November 12, 1960 (age 55)"
"Jennifer Carroll","2011â\u0080\u00932013","August 27, 1959 (age 56)"

