"Title","Director","Principal cast","Genre","Notes"
"1960"
"Veselica (The Feast)","JoÅ¾e BabiÄ\u008D","Miha Baloh, Velimir Gjurin, Mira SardoÄ\u008D","romance\/drama",""
"Akcija (Action)","Jane KavÄ\u008DiÄ\u008D","Lojze Rozman, Aleksander ValiÄ\u008D, Stane Potokar, Janez Albreht, Branko PleÅ¡a, Arnold Tovornik","war film",""
"1961"
"NoÄ\u008Dni izlet (Night Trip)","Mirko Grobler","PrimoÅ¾ Rode, Å pela Rozin","drama",""
"Ples v deÅ¾ju (Dance in the Rain)","BoÅ¡tjan Hladnik","Miha Baloh, DuÅ¡a PoÄ\u008Dkaj","drama",""
"Balada o trobenti in oblaku (The Ballad of the Trumpet and the Cloud)","France Å tiglic","Lojze Potokar","war drama",""
"DruÅ¾inski dnevnik (Family Diary)","JoÅ¾e Gale","","comedy",""
"1962"
"Minuta za umor (A Minute for Murder)","Jane KavÄ\u008DiÄ\u008D","Demeter Bitenc, Vanja Drach, Zlatko MaduniÄ\u008D, DuÅ¡a PoÄ\u008Dkaj, Lojze Rozman","drama",""
"NaÅ¡ avto (Our Car)","FrantiÅ¡ek Ä\u008CÃ¡p","","comedy",""
"PeÅ¡Ä\u008Deni grad (The Castle of Sand)","BoÅ¡tjan Hladnik","Milena DraviÄ\u0087, Ali Raner, LjubiÅ¡a SamardÅ¾iÄ\u0087","drama",""
"Tistega lepega dne (That Beautiful Day)","France Å tiglic","Bert Sotlar, Marija Å eme, DuÅ¡a PoÄ\u008Dkaj","comedy",""
"1963"
"SreÄ\u008Dno, Kekec! (Good Luck, Kekec)","JoÅ¾e Gale","Velimir Gjurin, Marin Mele, RuÅ¡a Bojc","youth adventure","The first Slovenian color film[8]"
"Samorastniki (Wildlings)","Igor Pretnar","Rudi KosmaÄ\u008D, Majda Potokar","historical drama",""
"1964"
"Ne joÄ\u008Di, Peter (Don't Cry, Peter)","France Å tiglic","","war film\/ youth adventure",""
"1965"
"LaÅ¾nivka (Liar)","Igor Pretnar","Majda Potokar, Irena Prosen, Vera Å ipov, Angelca Hlebce, DuÅ¡an AntonijeviÄ\u0087, Bata Å½ivojinoviÄ\u0087","drama",""
"Lucija (Lucia)","France KosmaÄ\u008D","Alenka Vipotnik","drama",""
"Po isti poti se ne vraÄ\u008Daj (Don't Come Back by the Same Way)","JoÅ¾e BabiÄ\u008D","","drama",""
"1966"
"Amandus","France Å tiglic","Boris Kralj","historical drama",""
"1967"
"Grajski biki (Thugs from the Castle)","JoÅ¾e PogaÄ\u008Dnik","","drama",""
"Na papirnatih avionih (On Wings of Paper)","MatjaÅ¾ KlopÄ\u008DiÄ\u008D","","drama",""
"Nevidni bataljon (The Invisible Battalion)","Jane KavÄ\u008DiÄ\u008D","","war film",""
"Zgodba, ki je ni (On the Run)","MatjaÅ¾ KlopÄ\u008DiÄ\u008D","Polde BibiÄ\u008D, Mirko Bogataj, Vinko Hrastelj, Milena DraviÄ\u0087","drama",""
"1968"
"KekÄ\u008Deve ukane (Kekec's Tricks)","JoÅ¾e Gale","Zlatko KrasniÄ\u008D, Boris Ivanovski, Jasna Krofak, Milorad RadoviÄ\u008D, Polde BibiÄ\u008D","youth adventure",""
"SonÄ\u008Dni krik (The Shout of the Sun)","BoÅ¡tjan Hladnik","","action\/comedy",""
"Peta zaseda (The Fifth Ambush)","France KosmaÄ\u008D","Tone Gogala, Boris Cavazza","war film",""
"1969"
"Sedmina (Funeral Feast)","MatjaÅ¾ KlopÄ\u008DiÄ\u008D","Rade Å erbedÅ¾ija, SneÅ¾ana NikÅ¡iÄ\u0087, Milena DraviÄ\u0087, Mirko Bogataj, Relja BaÅ¡iÄ\u0087, Tone Slodnjak","war film",""

