"Year","Name","Team","Region"
"1980","James Patrick","Notre Dame Hounds","Saskatchewan"
"1981","Calvin Fraser","Antigonish Novas","Nova Scotia"
"1982","Sylvain Cote","Gouverneurs du Ste-Foy","Quebec"
"1983","Selmar Odelein","Notre Dame Hounds","Saskatchewan"
"1984","Sean Whitham","Sherwood Park Chain Gang","Pacific"
"1985","Brent Bobyck","Notre Dame Hounds","West"
"1986","Brent Bobyck","Notre Dame Hounds","West"
"1987","Jason Herter","Notre Dame Hounds","West"
"1988","","",""
"1989","","",""
"1990","","",""
"1991","","",""
"1992","","",""
"1993","Jim Drolet","Gouverneurs du Ste-Foy","Quebec"
"1994","Tyler Barabonoff","Red Deer Chiefs","Pacific"
"1995","Derek Morris","Red Deer Optimist Chiefs","Pacific"
"1996","Paul Manning","Red Deer Optimist Chiefs","Pacific"
"1997","Erik Adams","Thunder Bay Kings","West"
"1998","Shawn Landry","Calgary Buffaloes","Pacific"
"1999","Jean-Philippe Cote","Gouverneurs du Ste-Foy","Quebec"
"2000","Francis Trudel","Cantonniers de Magog","Quebec"
"2001","Justin Cruse","Beardy's","West"
"2002","Shaun Heshka","Tisdale Trojans","West"
"2003","Dustin Nehring","Yorkton Harvest","West"
"2004","Jeff Terminesi","Toronto Marlboros","Central"
"2005","Eric Gryba","Saskatoon Contacts","West"
"2006","Chris Markiewicz","Calgary Buffaloes","Pacific"
"2007","Lewis Laczko","Prince Albert Mintos","West"
"2008","Mathew Bodie","Winnipeg Thrashers","West"
"2009","Jesse Pauls","Notre Dame Hounds","West"
"2010","Slater Koekkoek","Notre Dame Hounds","West"
"2011","Michael Matheseon","Lions du Lac St-Louis","Quebec"
"2012","Joel Topping","Red Deer Optimist Rebels","Pacific"
"2013","Gabe Bast","Red Deer Optimist Chiefs","Pacific"
"2014","Dawson Davidson","Moose Jaw Generals","Host"
"2015","Jake Tesarowski","Regina Pat Canadians","West"

