"Call sign","Frequency","City of License [1][2]","Licensee","Format"
"KGCA-LP","106.9 FM","Tumon","KGCA Inc.","Religious"
"KGUM","567 AM","Agana","Sorensen Pacific Broadcasting Inc.","News\/Talk"
"KGUM-FM","105.1 FM","Dededo","Sorensen Pacific Broadcasting Inc.","Oldies\/Classic Hits"
"KHMG","88.1 FM","Barrigada","Harvest Christian Academy","Religious"
"KIJI","104.3 FM","Tumon","Choice Broadcasting Company, LLC","Classic Rock"
"KISH","102.9 FM","Agana","Inter-Island Communications","Chamorro"
"KKGU","90.1 FM","Agana","Hurao Inc.",""
"KMOY","92.7 FM","Dededo","Moy Communications, Inc.","Hot Adult Contemporary"
"KNUT","101.1 FM","Tamuning","Choice Broadcasting Company","OPM\/Top 40\/K-pop"
"KOKU","100.3 FM","Agana","Moy Communications, Inc.","Top 40\/CHR"
"KOLG","90.9 FM","Agana","Anthony Sablan A Puron, OFM Cap. D.D. Archbishop of Agana","Religious"
"KPRG","89.3 FM","Agana","Guam Educational Radio Foundation","NPR\/Classical\/Jazz\/Reggae\/New Wave\/Talk"
"KSDA-FM","91.9 FM","Agat","Good News Broadcasting Corporation","Religious"
"KSTO","95.5 FM","Agana","Inter-Island Communications","Adult Contemporary"
"KTKB-FM","101.9 FM","Agana","KM Broadcasting of Guam, L.L.C.","OPM\/Top 40"
"KTWG","801 AM","Agana","Edward H. Poppe, Jr. and Frances W. Poppe","Religious"
"KUAM","630 AM","Agana","Pacific Telestations, LLC","Chamorro"
"KUAM-FM","93.9 FM","Agana","Pacific Telestations, LLC","Rhythmic Contemporary"
"KUSG","1350 AM","Agana","Management Advisory Services, Inc.",""
"KVOG","1530 AM","Agana","Guam Power II, Inc.",""
"KZGZ","97.5 FM","Agana","Sorensen Pacific Broadcasting Inc.","Rhythmic Contemporary"

