"#","Portrait","Coat of arms","Name","Life","Reign","Titles","Claim"
"1","","","Charles I (Emperor Charles V) Carlos I, el CÃ©sar Carlos","February 24, 1500 - September 21, 1558 (aged 58)","March 14, 1516 - January 16, 1556","Holy Roman Emperor; King of Germany and Italy King of Spain, Sicily and Sardinia King of Naples and Jerusalem Archduke of Austria Duke of Burgundy (Titular), Lord of the Netherlands","son of Joanna of Castile, grandson of Isabella I and Ferdinand II"
"2","","","Philip II, the Prudent Felipe II, el Prudente","May 21, 1527 - September 13, 1598 (aged 71)","January 16, 1556 - September 13, 1598","King of Spain, Sicily and Sardinia King of Naples and Jerusalem King of Portugal King of England and Ireland (jure uxoris) Duke of Burgundy (Titular), Lord of the Netherlands Duke of Milan","son of Charles I"
"3","","","Philip III, the Pious Felipe III, el Piadoso","April 14, 1578 - March 31, 1621 (aged 42)","September 13, 1598 - March 31, 1621","King of Spain, Portugal, Naples, Sicily and Sardinia Duke of Milan","son of Philip II"
"4","","","Philip IV, the Great Felipe IV, el Grande, el Rey Planeta","April 8, 1605 - September 17, 1665 (aged 60)","March 31, 1621 - September 17, 1665","King of Spain, Portugal (until 1640), Naples, Sicily and Sardinia Duke of Milan Sovereign of the Netherlands and Count Palatine of Burgundy","son of Philip III"
"5","","","Charles II, the Bewitched Carlos II, el Hechizado","November 6, 1661 - November 1, 1700 (aged 38)","September 17, 1665 - November 1, 1700","King of Spain, Naples, Sicily and Sardinia Duke of Milan Sovereign of the Netherlands and Count Palatine of Burgundy","son of Philip IV"

