"Date","Race","Track","Sanction","Winner","Distance (miles)","Time","Speed (mph)"
"July 6, 2014","Pocono IndyCar 500","Pocono","INDYCAR","Juan Pablo Montoya","500","2:28:13.1798","202.402"
"November 3, 2002","The 500","Fontana","CART","Jimmy Vasser","507.25","2:33:42.960","197.995"
"August 30, 2014","MAVTV 500","Fontana","INDYCAR","Tony Kanaan","500","2:32:58.4659","196.111"
"August 5, 1990","Marlboro 500 [1]","Michigan","CART","Al Unser, Jr.","500","2:38:07.219","189.727"
"August 1, 1993","Marlboro 500 [2]","Michigan","CART","Nigel Mansell","500","2:39:24.131","188.203"
"May 26, 2013","Indianapolis 500","Indianapolis","INDYCAR","Tony Kanaan","500","2:40:03.4181","187.433"
"May 25, 2014","Indianapolis 500","Indianapolis","INDYCAR","Ryan Hunter-Reay","500","2:40:48.2305","186.563"
"July 25, 1999","U.S. 500 [3]","Michigan","CART","Tony Kanaan","500","2:41:12.362","186.097"
"May 27, 1990","Indianapolis 500","Indianapolis","USAC","Arie Luyendyk","500","2:41:18.414","185.981"
"August 7, 1988","Marlboro 500 [4]","Michigan","CART","Danny Sullivan","500","2:46:03.820","180.654"

