"Site Name","Missile Type","Defense Area","Site Location","Service Dates","Control Site condition\/owner","Launch Site condition\/owner"
"B-03","Nike 1B, 2C\/30A\/12L-A","Boston","Reading, Massachusetts","Jun 1955 - Mar 1963","FDS. Redeveloped into multi-family housing. 42Â°30â\u0080²26â\u0080³N 071Â°05â\u0080²53â\u0080³Wï»¿ \/ ï»¿42.50722Â°N 71.09806Â°W","FDS. Redeveloped into skating rink. 42Â°32â\u0080²28â\u0080³N 071Â°05â\u0080²05â\u0080³Wï»¿ \/ ï»¿42.54111Â°N 71.08472Â°W"
"B-05","Nike 1B, 2C\/18H, 30A\/12L-UA, (7L-H)","Boston","Danvers, Massachusetts","Nov 1956 - Apr 1974","Remains an Army Reserve facility. Former buildings still in use, mostly cleared no sign of any radar towers. 42Â°35â\u0080²18â\u0080³N 070Â°56â\u0080²43â\u0080³Wï»¿ \/ ï»¿42.58833Â°N 70.94528Â°W","FDS. Overgrown and abandoned. Mostly intact. 42Â°36â\u0080²28â\u0080³N 070Â°56â\u0080²57â\u0080³Wï»¿ \/ ï»¿42.60778Â°N 70.94917Â°W"
"B-15","Nike 1B, 2C\/30A\/12L-A","Boston","Beverly, Massachusetts","Feb 1957 - Mar 1963","FDS. Abandoned. Appears to be a large water tower built on site. 42Â°34â\u0080²47â\u0080³N 070Â°52â\u0080²34â\u0080³Wï»¿ \/ ï»¿42.57972Â°N 70.87611Â°W","FDS. FEMA team headquarters, missile site still accessible. 42Â°35â\u0080²21â\u0080³N 070Â°54â\u0080²41â\u0080³Wï»¿ \/ ï»¿42.58917Â°N 70.91139Â°W"
"B-17","Nike 1B, 2C\/30A\/12L-A","Boston","Nahant, Massachusetts","Feb 1957 - Mar 1963","Located at Bailey's Hill Park. Appears to be the base of a radar tower remaining, no buildings. 42Â°25â\u0080²09â\u0080³N 070Â°55â\u0080²46â\u0080³Wï»¿ \/ ï»¿42.41917Â°N 70.92944Â°W","Now Northeastern University Marine Science Center. Launchers obliterated. 42Â°25â\u0080²05â\u0080³N 070Â°54â\u0080²14â\u0080³Wï»¿ \/ ï»¿42.41806Â°N 70.90389Â°W"
"B-36","Nike 2B\/12H, 20A\/8L-U","Boston","Fort Duvall\/ Hull, Massachusetts","Jan 1956 - Apr 1974","Formerly located on Hog Island, formerly Ft. Duvall. Now obliterated, Private ownership, housing. 42Â°18â\u0080²01â\u0080³N 070Â°53â\u0080²46â\u0080³Wï»¿ \/ ï»¿42.30028Â°N 70.89611Â°W","Formerly located on Hog Island, formerly Ft. Duvall. Now obliterated, Park, ownership by Commonwealth of Massachusetts. 42Â°18â\u0080²06â\u0080³N 070Â°53â\u0080²50â\u0080³Wï»¿ \/ ï»¿42.30167Â°N 70.89722Â°W"
"B-37","Nike 2B\/20A","Boston","Long Island, Massachusetts\/ Quincy, Massachusetts","Jan 1956 - Dec 1961","FDS. Now Nickerson Beach\/Chappel Rock Park. Obliterated, overgrown. Perhaps some structures in the overgrowth. 42Â°18â\u0080²12â\u0080³N 071Â°00â\u0080²41â\u0080³Wï»¿ \/ ï»¿42.30333Â°N 71.01139Â°W","FDS. Located on Upper Neck Long Island, now Webb State Park\/South Shore Association for Retarded Citizens (Mess Hall, EM Barracks and Missile Test & Assembly Building remain, pits buried but vents & ducts are visible). 42Â°19â\u0080²01â\u0080³N 070Â°58â\u0080²03â\u0080³Wï»¿ \/ ï»¿42.31694Â°N 70.96750Â°W"
"B-38","Nike 1B, 2C\/30A\/12L-A","Boston","Cohasset\/ Hingham, Massachusetts","Nov 1956 - Dec 1961","FDS. Now \"Turkey Hill Park\". One small IFC building remains. 42Â°14â\u0080²23â\u0080³N 070Â°51â\u0080²08â\u0080³Wï»¿ \/ ï»¿42.23972Â°N 70.85222Â°W","FDS. Now County highway maintenance storage facility. 42Â°14â\u0080²14â\u0080³N 070Â°49â\u0080²50â\u0080³Wï»¿ \/ ï»¿42.23722Â°N 70.83056Â°W"
"B-55","Nike 1B, 2C\/30A\/12L-A","Boston","Blue Hills\/ Milton, Massachusetts","Jun 1955 - Mar 1963","FDS. Largely obliterated, now Massachusetts Audubon education center. 42Â°13â\u0080²20â\u0080³N 071Â°03â\u0080²42â\u0080³Wï»¿ \/ ï»¿42.22222Â°N 71.06167Â°W","FDS. Former triple Ajax battery. Very deteriorated state. 42Â°12â\u0080²00â\u0080³N 071Â°04â\u0080²21â\u0080³Wï»¿ \/ ï»¿42.20000Â°N 71.07250Â°W"
"B-63","Nike 1B, 2C\/30A\/12L-A","Boston","Needham, Massachusetts","Jun 1955 - Mar 1963","FDS. Now Charles River Association for Retarded Persons, 42Â°17â\u0080²26â\u0080³N 071Â°15â\u0080²17â\u0080³Wï»¿ \/ ï»¿42.29056Â°N 71.25472Â°W","FDS. A small not-for-profit community farm provides outdoor education on part of the site. 42Â°16â\u0080²20â\u0080³N 071Â°16â\u0080²22â\u0080³Wï»¿ \/ ï»¿42.27222Â°N 71.27278Â°W"
"B-73","Nike 2B\/12H, 20A\/8L-U","Boston","South Lincoln\/Wayland, Massachusetts","Jan 1956 - Apr 1974","FDS. Now Massachusetts Audubon Society, Drumlin Farm. 42Â°24â\u0080²29â\u0080³N 071Â°19â\u0080²56â\u0080³Wï»¿ \/ ï»¿42.40806Â°N 71.33222Â°W","FDS. Obliterated, no evidence of launch site. Residential housing built in place. 42Â°24â\u0080²35â\u0080³N 071Â°21â\u0080²37â\u0080³Wï»¿ \/ ï»¿42.40972Â°N 71.36028Â°W"
"B-84","Nike 2B\/20A\/8L-A","Boston","Burlington, Massachusetts","Jan 1956 - Aug 1963","FDS. Owned by Burlington Recreation Commission. Buildings are current home to \"Burlington Players\" community theatre company. Evidence of IFC structures on hill behind buildings. 42Â°29â\u0080²24.38â\u0080³N 071Â°10â\u0080²39.49â\u0080³Wï»¿ \/ ï»¿42.4901056Â°N 71.1776361Â°W","FDS. Parking lot for Northeastern University Suburban Campus. 42Â°28â\u0080²41â\u0080³N 071Â°11â\u0080²30â\u0080³Wï»¿ \/ ï»¿42.47806Â°N 71.19167Â°W"
"B-85","Nike 1B, 2C\/30A\/12L-A","Boston","Bedford, Massachusetts","Nov 1956 - Dec 1961","After being closed in 1961, the lease for this former Nike IFC site was transferred to the Air Force in 1965. Used as the Bedford Electronics Research Annex. The Air Force used the property until 1976. Today, partially Intact, Private ownership. Redeveloped into single-family housing. 42Â°29â\u0080²29â\u0080³N 071Â°18â\u0080²13â\u0080³Wï»¿ \/ ï»¿42.49139Â°N 71.30361Â°W","Missile pads partially Intact, Harvard University. 42Â°30â\u0080²28â\u0080³N 071Â°17â\u0080²41â\u0080³Wï»¿ \/ ï»¿42.50778Â°N 71.29472Â°W"

