"Games","Gold","Silver","Bronze"
"2004: Yngling details","Great Britain (GBR) Shirley Robertson Sarah Webb Sarah Ayton","Ukraine (UKR) Ruslana Taran Ganna Kalinina Svitlana Matevusheva","Denmark (DEN) Dorte Jensen Helle Jespersen Christina Otzen"
"2008: Yngling details","Great Britain (GBR) Sarah Ayton Sarah Webb Pippa Wilson","Netherlands (NED) Mandy Mulder Annemieke Bes Merel Witteveen","Greece (GRE) Sofia Bekatorou Virginia Kravarioti Sofia Papadopoulou"
"2012: Elliott 6m details","Spain (ESP) TÃ¡mara Echegoyen Ã\u0081ngela Pumariega SofÃ­a Toro","Australia (AUS) Olivia Price Nina Curtis Lucinda Whitty","Finland (FIN) Silja Lehtinen Silja Kanerva Mikaela Wulff"

