"Common name\\scientific name","Extinction date","Range","Image"
"Atoyac minute salamander Thorius infernalis[50]","1980s","Guerrero, Mexico","--"
"Bigfoot splayfoot salamander Chiropterotriton magnipes[51]","Unknown","San Luis PotosÃ­ & QuerÃ©taro, Mexico","--"
"Golden coqui Eleutherodactylus jasperi[52]","1981","Puerto Rico",""
"San Martin pygmy salamander Thorius narismagnus[53]","1980s","Veracruz, Mexico","--"
"Web-footed coquÃ­ Eleutherodactylus karlschmidti[54]","1974","Puerto Rico","--"

