"Name","Pinnacle height","Year","Primary Use","Town","Construction Type","Coordinates","Remarks"
"Skelton Mast","365 metres (1,198 ft)","2001","communication","Skelton, Cumbria","guyed steel lattice mast","54Â°43â\u0080²54.5â\u0080³N 2Â°52â\u0080²58.9â\u0080³Wï»¿ \/ ï»¿54.731806Â°N 2.883028Â°W","Insulated against ground"
"Belmont Mast","351.65 metres (1,154 ft)","1965","communication","Donington on Bain, Lincolnshire","guyed tubular steel mast","53Â°20â\u0080²9.07â\u0080³N 0Â°10â\u0080²19.11â\u0080³Wï»¿ \/ ï»¿53.3358528Â°N 0.1719750Â°W","Originally 1,265', modified height of 1,272 feet (387.7 m) was the tallest construction in the EU, and tallest tubular steel mast in the world"
"Caldbeck Mast (replacement)","337 metres (1,106 ft)","2008","communication","Caldbeck, Cumbria","guyed steel lattice mast","54Â°46â\u0080²24â\u0080³N 3Â°5â\u0080²26â\u0080³Wï»¿ \/ ï»¿54.77333Â°N 3.09056Â°W","Replaced the original Caldbeck mast, which was dismantled in 2008"
"Emley Moor Tower","330.5 metres (1,084 ft)","1970","communication","Huddersfield, West Yorkshire","concrete tower","53Â°36â\u0080²43.4â\u0080³N 1Â°39â\u0080²51.89â\u0080³Wï»¿ \/ ï»¿53.612056Â°N 1.6644139Â°W","Tallest freestanding structure in UK. Original 137 m (450 ft) tower built 1956, replaced 1964. Second 385 m (1265 ft) guyed tubular mast was built 1964 to replace the tower, but collapsed 1969 due to icing and strong winds"
"Durris Mast","322.0 metres (1,056 ft)","1961","communication","Durris, Aberdeenshire","guyed steel lattice mast","57Â°0â\u0080²0â\u0080³N 2Â°23â\u0080²24â\u0080³Wï»¿ \/ ï»¿57.00000Â°N 2.39000Â°W",""
"Arfon Mast","317.4 metres (1,041 ft)","1962","communication","Penygroes, Gwynedd","guyed steel lattice mast","53Â°1â\u0080²11.77â\u0080³N 4Â°16â\u0080²24.61â\u0080³Wï»¿ \/ ï»¿53.0199361Â°N 4.2735028Â°W",""
"Winter Hill Mast","315.4 metres (1,035 ft)","1965","communication","Bolton, Greater Manchester","guyed tubular steel mast","53Â°37â\u0080²32.14â\u0080³N 2Â°30â\u0080²53.25â\u0080³Wï»¿ \/ ï»¿53.6255944Â°N 2.5147917Â°W","Original 137 m (450 ft) tower built 1956, replaced 1964"
"Waltham Mast","315 metres (1,033 ft)","1968","communication","Melton Mowbray, Leicestershire","guyed tubular steel mast","52Â°48â\u0080²5.18â\u0080³N 0Â°48â\u0080²3.04â\u0080³Wï»¿ \/ ï»¿52.8014389Â°N 0.8008444Â°W","Original mast built 1966, collapsed before completion later that year. Same height as replacement"
"Bilsdale Mast","314 metres (1,030 ft)","1971","communication","Helmsley, North Yorkshire","guyed tubular steel mast","54Â°21â\u0080²30.83â\u0080³N 1Â°9â\u0080²1.28â\u0080³Wï»¿ \/ ï»¿54.3585639Â°N 1.1503556Â°W",""
"The Shard","309.6 metres (1,016 ft)","2012","various","Southwark, London","skyscraper","51Â°30â\u0080²16.2â\u0080³N 0Â°05â\u0080²11.4â\u0080³Wï»¿ \/ ï»¿51.504500Â°N 0.086500Â°W","Tallest building in the European Union"
"Black Hill Mast","306.6 metres (1,006 ft)","1961","communication","Airdrie, North Lanarkshire","guyed steel lattice mast","55Â°51â\u0080²42.53â\u0080³N 3Â°52â\u0080²20.85â\u0080³Wï»¿ \/ ï»¿55.8618139Â°N 3.8724583Â°W","Original 228 m (750 ft) mast built 1957, replaced 1961"
"Strabane Mast","305.5 metres (1,002 ft)","1963","communication","Strabane, Co Tyrone","guyed steel lattice mast","54Â°47â\u0080²58â\u0080³N 7Â°23â\u0080²19â\u0080³Wï»¿ \/ ï»¿54.79944Â°N 7.38861Â°W",""
"Mendlesham Mast","305.4 metres (1,002 ft)","1959","communication","Mendlesham, Suffolk","guyed steel lattice mast","52Â°14â\u0080²4.36â\u0080³N 1Â°6â\u0080²26.39â\u0080³Eï»¿ \/ ï»¿52.2345444Â°N 1.1073306Â°E","Tallest television mast in Europe at time of construction"
"Lichfield Mast","305.2 metres (1,001 ft)","1961","communication","Tamworth, Staffordshire","guyed steel lattice mast","52Â°38â\u0080²11.83â\u0080³N 1Â°45â\u0080²32.37â\u0080³Wï»¿ \/ ï»¿52.6366194Â°N 1.7589917Â°W","Original 137 m (450 ft) tower built 1956, replaced 1961"
"Mendip Mast","305.0 metres (1,001 ft)","1967","communication","St Cuthbert Out, Somerset","guyed tubular steel mast","51Â°14â\u0080²13.45â\u0080³N 2Â°37â\u0080²31.32â\u0080³Wï»¿ \/ ï»¿51.2370694Â°N 2.6253667Â°W",""

