"Opening","Title","Director","Cast","Genre"
"J U L","3","Kambakkht Ishq","Sabbir Khan","Akshay Kumar, Kareena Kapoor, Aftab Shivdasani, Amrita Arora, Javed Jaffrey, Kirron Kher, Boman Irani","Action, Comedy, Romance"
"J U L","10","Sankat City","Pankaj Advani","Kay Kay Menon, Anupam Kher, Rimi Sen, Chunky Pandey","Dark Comedy"
"J U L","10","Shortkut","Neeraj Vora","Akshaye Khanna, Arshad Warsi, Amrita Rao","Comedy"
"J U L","17","Jashnn","Raksha Mistry & Hasnain S Hyderabadwala","Adhyayan Suman, Anjana Sukhani, Shahana Goswami, Humayun Saeed","Musical"
"J U L","24","Luck","Soham Shah","Sanjay Dutt, Imran Khan, Shruti Haasan, Mithun Chakraborty, Danny Denzongpa, Ravi Kishan, Rati Agnihotri","Action thriller"
"J U L","31","Love Aaj Kal","Imtiaz Ali","Saif Ali Khan, Deepika Padukone, Rishi Kapoor, Rahul Khanna, Neetu Singh","Romance"
"A U G","7","Chal Chalein","Ujjwal Singh","Mithun Chakraborty, Rati Agnihotri, Shilpa Shukla, Mukesh Khanna","Social"
"A U G","10","Teree Sang","Satish Kaushik","Ruslaan Mumtaz, Sheena Shahabadi, Neena Gupta","Drama"
"A U G","14","Kaminey","Vishal Bhardwaj","Shahid Kapoor, Priyanka Chopra, Amole Gupte","Drama"
"A U G","14","Life Partner","Rumi Jaffrey","Govinda, Fardeen Khan, Tusshar Kapoor, Genelia D'Souza, Prachi Desai, Amrita Rao, Anupam Kher","Comedy, Romance"
"A U G","28","Daddy Cool","K. Murli Manohar Rao","Suniel Shetty, Aftab Shivdasani, Aarti Chabria, Aashish Chaudhary, Javed Jaffrey, Rajpal Yadav, Sophie Chaudhry, Tulip Joshi, Chunky Pandey, Prem Chopra, Kim Sharma","Comedy"
"A U G","28","Kisaan","Puneet Sira","Jackie Shroff, Sohail Khan, Arbaaz Khan, Diya Mirza, Nauheed Cyrusi","Social"
"A U G","28","Love Khichdi","Srinivas Bhashyam","Randeep Hooda, Rituparna Sengupta, Divya Dutta","Comedy"
"A U G","28","Quick Gun Murugun","Shashanka Ghosh","Rajendra Prasad, Sandhya Mridul, Nassar","Comedy"
"A U G","28","Toss","Ramesh Khatkar","Prashant Raj Sachdev, Ashmit Patel, Rannvijay Singh","Thriller"
"A U G","28","Yeh Mera India","N. Chandra","Anupam Kher, Perizaad Zorabian, Purab Kohli, Rajpal Yadav, Sarika, Seema Biswas","Social"
"S E P","3","Three â\u0080\u0093 Love, Lies and Betrayal","Vishal Pandya","Aashish Chaudhary, Akshay Kapoor Nausheen Ali Sardar","Thriller"
"S E P","4","Aagey Se Right","Indrajit Nattoji","Shreyas Talpade, Shanti Pandit, Mahi Gill, Kay Kay Menon, Shruti Seth, Shenaz Treasurywala","Comedy"
"S E P","4","Chintu Ji","Ranjit Kapoor","Rishi Kapoor, Priyanshu Chatterjee, Kulraj Randhawa","Comedy"
"S E P","4","Fox","Deepak Tijori","Arjun Rampal, Sagarika Ghatge, Udita Goswami, Sunny Deol, Vipul Gupta","Drama"
"S E P","11","Aamras","Rupali Guha","Jiya Sarang, Pari Sehgal, Rakhi Chadda, Sanya Balsara, Zarina Wahab, Reema, Sukanya Kulkarni, Shubhi, Vikram Kapadia, Usha Bachani, Sonali Sachdev, Meher, Sunil Sinha, Manoj Pahwa","Drama"
"S E P","11","Baabarr","Ashu Trikha","Soham Deepak, Mithun Chakraborty, Urvashi Sharma","Action"
"S E P","11","Phir Kabhi","Pradeep Guha","Mithun Chakraborty, Dimple Kapadia, Gulshan Grover, Rati Agnihotri","Drama"
"S E P","11","Vaada Raha","Samir Karnik","Bobby Deol, Kangana Ranaut, Dwij Yadav, Atul Agnihotri","Romance"
"S E P","18","Dil Bole Hadippa!","Anurag Singh","Shahid Kapoor, Rani Mukerji, Anupam Kher, Dalip Tahil, Rakhi Sawant, Sherlyn Chopra","Romantic comedy, Sports"
"S E P","18","Wanted","Prabhu Deva","Salman Khan, Ayesha Takia, Prakash Raj, Vinod Khanna, Mahesh Manjrekar","Action, Romance"
"S E P","18","Blue Oranges","Rajesh Ganguly","Rajat Kapoor, Shishir Sharma, Aham Sharma, Puja Kanwal, Rati Agnihotri, Harsh Chhaya","Thriller"
"S E P","25","What's Your Raashee?","Ashutosh Gowarikar","Harman Baweja, Priyanka Chopra","Romantic comedy"

