"Rank","Athlete","Nation","Sex","Period","Games","Sport","Event","","","","Total"
"1","Zoggeler, ArminArmin ZÃ¶ggeler","Italy","M","1994â\u0080\u00932014","Winter","Luge","Singles","2","1","3","6"
"2","Hackl, GeorgGeorg Hackl","Germany","M","1988â\u0080\u00932002","Winter","Luge","Singles","3","2","0","5"
"2","Schumann, RalfRalf Schumann","Germany","M","1988â\u0080\u00932008","Summer","Shooting","25 m rapid fire pistol","3","2","0","5"
"4","Pechstein, ClaudiaClaudia Pechstein","Germany","F","1992â\u0080\u00932006","Winter","Speed skating","5000 m","3","1","1","5"
"4","Vezzali, ValentinaValentina Vezzali","Italy","F","1996â\u0080\u00932012","Summer","Fencing","Individual foil","3","1","1","5"
"6","Tani, RyokoRyoko Tani","Japan","F","1992â\u0080\u00932008","Summer","Judo","48 kg","2","2","1","5"
"6","Martikan, MichalMichal MartikÃ¡n","Slovakia","M","1996â\u0080\u00932012","Summer","Canoe Slalom","Canoe Slalom C-1","2","2","1","5"
"8","Oerter, AlAl Oerter","United States","M","1956â\u0080\u00931968","Summer","Athletics","Discus throw","4","0","0","4"
"8","Lewis, CarlCarl Lewis","United States","M","1984â\u0080\u00931996","Summer","Athletics","Long jump","4","0","0","4"
"10","Grafstrom, GillisGillis GrafstrÃ¶m","Sweden","M","1920â\u0080\u00931932","Both","Figure skating","Singles","3","1","0","4"
"10","Dibiasi, KlausKlaus Dibiasi","Italy","M","1964â\u0080\u00931976","Summer","Diving","10 m platform","3","1","0","4"
"10","Saneyev, ViktorViktor Saneyev","Soviet Union","M","1968â\u0080\u00931980","Summer","Athletics","Triple jump","3","1","0","4"
"10","Karelin, AlexanderAlexander Karelin","Russia","M","1988â\u0080\u00932000","Summer","Wrestling","Greco-Roman 130 kg","3","1","0","4"
"10","Zelezny, JanJan Å½eleznÃ½","Czech Republic","M","1988â\u0080\u00932000","Summer","Athletics","Javelin throw","3","1","0","4"
"10","Grunsven, AnkyAnky van Grunsven","Netherlands","F","1996â\u0080\u00932008","Summer","Equestrian","Individual dressage","3","1","0","4"
"16","Fredriksson, GertGert Fredriksson","Sweden","M","1948â\u0080\u00931960","Summer","Canoeing","K-1 1000 m","3","0","1","4"
"16","Aamodt, Kjetil AndreKjetil AndrÃ© Aamodt","Norway","M","1992â\u0080\u00932006","Winter","Alpine Skiing","Super-G","3","0","1","4"
"16","Dimas, PyrrosPyrros Dimas","Greece","M","1992â\u0080\u00932004","Summer","Weightlifting","85 kg","3","0","1","4"
"19","Wang Yifu","China","M","1984â\u0080\u00932004","Summer","Shooting","10 m air pistol","2","2","0","4"
"20","Karsten, EkaterinaEkaterina Karsten","Belarus","F","1996â\u0080\u00932008","Summer","Rowing","Single sculls","2","1","1","4"
"21","Polyak, ImreImre Polyak","Hungary","M","1952â\u0080\u00931964","Summer","Wrestling","Greco-Roman 62 kg","1","3","0","4"
"22","Trillini, GiovannaGiovanna Trillini","Italy","F","1992â\u0080\u00932004","Summer","Fencing","Individual foil","1","1","2","4"
"22","Jong, BobBob de Jong","Netherlands","M","1998â\u0080\u00932014","Winter","Speed skating","10000 m","1","1","2","4"
"24","Flanagan, JohnJohn Flanagan","United States","M","1900â\u0080\u00931908","Summer","Athletics","Hammer throw","3","0","0","3"
"24","Ewry, RayRay Ewry","United States","M","1900â\u0080\u00931908","Summer","Athletics","Standing high jump","3","0","0","3"
"24","Ewry, RayRay Ewry","United States","M","1900â\u0080\u00931908","Summer","Athletics","Standing long jump","3","0","0","3"
"24","Henie, SonjaSonja Henie","Norway","F","1928â\u0080\u00931936","Winter","Figure skating","Singles","3","0","0","3"
"24","Elvstrom, PaulPaul ElvstrÃ¸m","Denmark","M","1948â\u0080\u00931960","Summer","Sailing","Finn class","3","0","0","3"
"24","Fraser, DawnDawn Fraser","Australia","F","1956â\u0080\u00931964","Summer","Swimming","100 m freestyle","3","0","0","3"
"24","Latynina, LarisaLarisa Latynina","Soviet Union","F","1956â\u0080\u00931964","Summer","Gymnastics","Floor exercise","3","0","0","3"
"24","Ivanov, VyacheslavVyacheslav Ivanov","Soviet Union","M","1956â\u0080\u00931964","Summer","Rowing","Single scull","3","0","0","3"
"24","Stevenson, TeofiloTeÃ³filo Stevenson","Cuba","M","1972â\u0080\u00931980","Summer","Boxing","Heavyweight","3","0","0","3"
"24","Rodnina, IrinaIrina Rodnina","Soviet Union","F","1972â\u0080\u00931980","Winter","Figure skating","Pairs","3","0","0","3"
"24","Wehling, UlrichUlrich Wehling","East Germany","M","1972â\u0080\u00931980","Winter","Nordic combined","Individual","3","0","0","3"
"24","Karppinen, PerttiPertti Karppinen","Finland","M","1976â\u0080\u00931984","Summer","Rowing","Single scull","3","0","0","3"
"24","Blair, BonnieBonnie Blair","United States","F","1988â\u0080\u00931994","Winter","Speed skating","500 m","3","0","0","3"
"24","Egerszegi, KrisztinaKrisztina Egerszegi","Hungary","F","1988â\u0080\u00931996","Summer","Swimming","200 m backstroke","3","0","0","3"
"24","Suleymanoglu, NaimNaim SÃ¼leymanoÄ\u009Flu","Turkey","M","1988â\u0080\u00931996","Summer","Weightlifting","60 kg","3","0","0","3"
"24","Savon, FelixFÃ©lix SavÃ³n","Cuba","M","1992â\u0080\u00932000","Summer","Boxing","Heavyweight","3","0","0","3"
"24","Mutlu, HalilHalil Mutlu","Turkey","M","1996â\u0080\u00932004","Summer","Weightlifting","56 kg","3","0","0","3"
"24","Korzeniowski, RobertRobert Korzeniowski","Poland","M","1996â\u0080\u00932004","Summer","Athletics","50 km walk","3","0","0","3"
"24","Nomura, TadahiroTadahiro Nomura","Japan","M","1996â\u0080\u00932004","Summer","Judo","60 kg men","3","0","0","3"
"24","Estanguet, TonyTony Estanguet","France","M","2000â\u0080\u00932012","Summer","Canoe Slalom","Canoe slalom C-1","3","0","0","3"
"24","Icho, KaoriKaori Icho","Japan","F","2004â\u0080\u00932012","Summer","Wrestling","63 kg women","3","0","0","3"
"24","Phelps, MichaelMichael Phelps","United States","M","2004â\u0080\u00932012","Summer","Swimming","200 m individual medley","3","0","0","3"
"24","Phelps, MichaelMichael Phelps","United States","M","2004â\u0080\u00932012","Summer","Swimming","100 m butterfly","3","0","0","3"
"24","Bjorndalen, Ole EinarOle Einar BjÃ¸rndalen","Norway","M","1998â\u0080\u00932014","Winter","Biathlon","10 km sprint","3","0","0","3"

