"Title","Director","Cast","Genre","Notes"
"1970"
"Dr. med. Sommer II","Lothar Warneke","","",""
"Effi Briest","Wolfgang Luderer","","",""
"Goya (Der arge Weg der Erkenntnis)","Konrad Wolf","","","Entered into the 7th Moscow International Film Festival"
"Kennen Sie Urban?","Ingrid Reschke","","",""
"TÃ¶dlicher Irrtum","Konrad Petzold","","",""
"Wir kaufen eine Feuerwehr","Hans Kratzert","","",""
"Meine Stunde Null","Joachim Hasler","","",""
"'","","","",""
"1971"
"Anflug Alpha 1","JÃ¡nos Veiczi","","",""
"Hut ab, wenn du kÃ¼Ã\u009Ft!","Rolf Losansky","","",""
"Zeit der StÃ¶rche","Siegfried KÃ¼hn","","",""
"Osceola","Konrad Petzold","","",""
"Der Mann, der nach der Oma kam","Roland Oehme","","",""
"'","","","",""
"1972"
"Der Dritte","Egon GÃ¼nther","","",""
"Karl Liebknecht - Trotz alledem!","GÃ¼nter Reisch","Horst Schulze","",""
"Die Elixiere des Teufels","Ralf Kirsten","","",""
"Eolomea","Herrmann Zschoche","","",""
"Januskopf","Kurt Maetzig","","",""
"Laut und leise ist die Liebe","Helmut Dziuba","","",""
"Die SchlÃ¼ssel","Egon GÃ¼nther","","",""
"Florentiner 73","Klaus Gendries","","",""
"Es ist eine alte Geschichte","Lothar Warneke","","",""
"Tecumseh","Hans Kratzert","Gojko Mitic, Annekathrin BÃ¼rger","Western",""
"1973"
"Apachen","Gottfried Kolditz","","",""
"Reife Kirschen","Horst Seemann","","","Entered into the 8th Moscow International Film Festival"
"Three Nuts for Cinderella","VÃ¡clav VorlÃ­Ä\u008Dek","LibuÅ¡e Å afrÃ¡nkovÃ¡, Pavel TrÃ¡vnÃ­Ä\u008Dek","fairy-tale",""
"Wie fÃ¼ttert man einen Esel","Roland Oehme","","",""
"Wolz -Leben und VerklÃ¤rung eines deutschen Anarchisten","GÃ¼nter Reisch","","",""
"Unterm Birnbaum","Ralf Kirsten","","",""
"The Legend of Paul and Paula","Heiner Carow","","",""
"'","","","",""
"1974"
"Kit & Co.","Konrad Petzold","","",""
"Leben mit Uwe","Lothar Warneke","","",""
"Ulzana","Gottfried Kolditz","","",""
"Zum Beispiel Josef","Erwin Stranka","","",""
"Looping","Kurt Tetzlaff","","",""
"FÃ¼r die Liebe noch zu mager?","Bernhard Stephan","","",""
"'","","","",""
"1975"
"Jacob the Liar","Frank Beyer","Vlastimil BrodskÃ½","","BrodskÃ½ won the Silver Bear for Best Actor at Berlin Nominated for the Academy Award for Best Foreign Language Film"
"Die Moral der Banditen","Erwin Stranka","","",""
"Eine Pyramide fÃ¼r mich","Ralf Kirsten","","",""
"Between Day and Night","Horst E. Brandt","","","Entered into the 9th Moscow International Film Festival"
"1976"
"Unterwegs nach Atlantis","Siegfried KÃ¼hn","","",""
"Nelken in Aspik","GÃ¼nter Reisch","","",""
"Liebesfallen","Werner W. Wallroth","","",""
"Die Leiden des jungen Werthers","Egon GÃ¼nther","","",""
"'","","","",""
"1977"
"The Incorrigible Barbara","Lothar Warneke","","","Entered into the 10th Moscow International Film Festival"
"Mama, I'm Alive","Konrad Wolf","","","Entered into the 27th Berlin International Film Festival"
"1978"
"Anton the Magician","GÃ¼nter Reisch","","","Entered into the 11th Moscow International Film Festival"
"Sabine Wulff","Erwin Stranka","","",""
"Sieben Sommersprossen","Herrmann Zschoche","","",""
"ZÃ¼nd an, es kommt die Feuerwehr","Rainer Simon","","",""
"JÃ¶rg Ratgeb â\u0080\u0093 Painter","Bernhard Stephan","","","Entered into the 28th Berlin International Film Festival"
"1979"
"Feuer unter Deck","Herrmann Zschoche","","",""
"'","","","",""

