"Club","City"
"ASC Aguado","Saint-Laurent-du-Maroni, Saint-Laurent-du-Maroni"
"ASC Black Stars","Matoury, Cayenne"
"CSCC","Cayenne, Cayenne"
"EF Iracoubo","Iracoubo, Cayenne"
"ASU Grand Santi","Saint-Laurent-du-Maroni, Cayenne"
"ASC Le Geldar","Kourou, Cayenne"
"US Macouria","Macouria, Cayenne"
"US Matoury","Macouria, Cayenne"
"AS Oyapock","Saint-Georges-de-l'Oyapock, Cayenne"
"ASC RÃ©mirÃ©","RÃ©mirÃ©-Montjoly, Cayenne"
"AJ Saint-Georges","Cayenne, Cayenne"
"US Sinnamary","Sinnamary, Cayenne"

