"Character","Actor","Previous actor (s)","Duration"
"Ray Mullan","Seamus Gubbins","","2001â\u0080\u009302"
"Jason Kirk","James Carlton","","1999â\u0080\u00932002"
"Cynthia Daggert","Kay Purcell","","2001â\u0080\u009302"
"Kirk Daggert","Alexander Fothergill","","2001â\u0080\u009302"
"Jedediah Dingle","Richard Mayes","","2002"
"Barbara Moody","Sally Sheridan","","2002"
"Suzi Brown","Sian Foulkes","","2002"
"Angie Reynolds","Freya Copeland","","1999â\u0080\u00932002"
"DC Adrien Collins","Trevor Fox","","2002"
"Melanie Say","Kelli Hollis","","2002"
"Councillor Ecclestone","David Telfer","","2000, 2002"
"Elsie","Olive Pentelow","","2002"
"Edith Weatherall","Elizabeth Kelly","","2002"
"Harry Partridge","Norman Mills","","2002"
"Wally Foggin","James Quinn","","2002"
"Maggie Calder","Dee Whitehead","","2001â\u0080\u009302"
"Craig Calder","Jason Hain","","2001â\u0080\u009302"
"Lucy Calder","Elspeth Brodie","","2001â\u0080\u009302"
"Cheryl Thomas","Leanne Burrows","","2002"
"Phil Weston","Mark Jardine","","2001â\u0080\u009302"
"Peg Dingle","Jeanne Hepple","","2002"
"Tony Bell","Phil Atkinson","","2001â\u0080\u009302"
"Jess Weston","Ruth Abram","","2001â\u0080\u009302"
"Andrew Fraser","Mark Elstob","","2001â\u0080\u009302"
"Will Cookson","Michael Keogh","","2002"
"Barbara Kirk","Judi Jones","","1998â\u0080\u00932002"
"Sean Reynolds","Stephen McGann","","1999â\u0080\u00932002"

