"No","Name","Party","Date of Appointment","Date of Retirement"
"1","Ritabrata Banerjee","Communist Party of India (Marxist)","3 April 2014","2 April 2020"
"2","Md. Nadimul Haque","All India Trinamool Congress","3 April 2012","2 April 2018"
"3","Ahmed Hassan Imran","All India Trinamool Congress","3 April 2014","2 April 2020"
"4","Dr. Kanwar Deep Singh","All India Trinamool Congress","3 April 2014","2 April 2020"
"5","Vivek Gupta","All India Trinamool Congress","3 April 2012","2 April 2018"
"6","Mukul Roy","All India Trinamool Congress","3 April 2012","2 April 2018"
"7","Sukhendu Shekhar Roy","All India Trinamool Congress","19 August 2011","18 August 2017"
"8","Tapan Kumar Sen","Communist Party of India (Marxist)","3 April 2012","2 April 2018"
"9","Mithun Chakraborty","All India Trinamool Congress","3 April 2014","2 April 2020"
"10","Prof. Jogen Chowdhury","All India Trinamool Congress","3 April 2014","2 April 2020"
"11","Sitaram Yechury","Communist Party of India (Marxist)","19 August 2011","18 August 2017"
"12","Derek O'Brien","All India Trinamool Congress","19 August 2011","18 August 2017"
"13","Debabrata Bandyopadhyay","All India Trinamool Congress","19 August 2011","18 August 2017"
"14","Pradip Bhattacharya","Indian National Congress","19 August 2011","18 August 2017"
"15","Kunal Kumar Ghosh","All India Trinamool Congress","3 April 2014","2 April 2020"
"16","Dola Sen","All India Trinamool Congress","14 March 2015","18 August 2017"

