"Name","Pronunciation[24]","Actor\/Actress","Season(s)","Episode count"
""
"Three-eyed Raven","","Struan Rodger (Season 4) Max von Sydow (Season 6)","4, 6","2"
"Max von Sydow The three-eyed raven is a figure that appears in Bran Stark's dreams, following his fall and injury. In Bran's dreams, the raven appears to be trying to lead him into the Stark family crypt, predicting his father's death. In Season 3 he keeps appearing in Bran's dreams and wants him to follow him. In season 4, Bran finally finds him, in the form of a wise old man, who promises to help Bran learn to fly."
""
""
"Night's King","","Richard Brake","4, 5","2"
"The Night's King is the apparent leader of the White Walkers. He converts Craster's baby sons into White Walkers for his army, and later leads an all-out assault on Hardhome, a wildling village. In the ensuing massacre, he witnesses Jon Snow slay one of his lieutenants, piquing his interest. In the aftermath, the Night's King revives all of the fallen as wights for his army, while sharing a long glance with Jon."
""
"Mance Rayder","","CiarÃ¡n Hinds","3, 4, 5","5"
"CiarÃ¡n Hinds A former ranger of the Nightâ\u0080\u0099s Watch who became the â\u0080\u009CKing-Beyond-the-Wallâ\u0080\u009D and the new leader of the Wildlings. A former wildling child who was raised by the Nightâ\u0080\u0099s Watch, he was one of the best rangers until he turned against the Watch by joining the wildlings. Using the training and tactics he learned from the watch, Mance was chosen by the Wildlings to be their seventh King Beyond the Wall. Mance's goal is to get his people to the safety of the other side of the wall before the White Walkers reach it. He sent Tormund and Jon with a group of wildlings to get south of the Wall and wait for \"biggest fire the north has ever seen\" to signal them to attack the Wall. Unknown to Mance, however, the attack fails, and Jon himself leaves Castle Black to hunt Mance down on pretence of parleying with him. Mance and Jon drink toasts to Ygritte and Grenn, but Mance realises Jon's true purpose and is about to kill him when he and his men are ambushed by Stannis Baratheon and his army. Mance and Stannis briefly exchange insults when Mance refuses to acknowledge him as the King. Mance is subsequently arrested by Stannis. In season 5, Stannis offers to show Mance mercy if he will bend the knee and pledge allegiance to him, but Mance still refuses, fearing that he will lose his people's respect in the process. On Stannis's orders, Mance is burned at the stake by Melisandre, although Jon shoots Mance from afar to end his suffering."
""
"Lord of Bones","","Edward Dogliani (Season 2-3) Ross O'Hennessy (Season 5)","2, 3, 5","4"
"Ross O'Hennessy More often than not referred to as \"Rattleshirt\", a ruthless wildling leader who uses a giant's skull as a helmet and the bones of his victims for armour. In Season 2 he captures Jon Snow and in Season 3 delivers him to the King-Beyond-The-Wall. In Season 5 he is beaten to death by Tormud Giantsbane at Hardhome when he refuses to hear Tormund's proposal for an alliance with the Night's Watch."
""
"Leaf","","Octavia Alexandru","4","1"
"The Children of the Forest are a mysterious non-human race that were reportedly the original inhabitants of the continent of Westeros. Small, druidic, magical creatures, they were already living in Westeros when the First Men migrated to the continent, 12,500 years before Robert's Rebellion. According to legend they were last seen during the Andal invasion six thousand years before the War of the Five Kings. In the present day, most believe that they are simply the stuff of myth and never existed at all. Even the few that do believe they once existed, such as Maester Luwin or Ned Stark, believe that they have long since gone extinct. Leaf appears to rescue Bran, Meera and Hodor from the reanimated skeletons outside the three-eyed raven's cave, and takes them to the three-eyed raven herself."
""
"Styr","","Yuri Kolokolnikov[30]","4","4"
"Yuri Kolokolnikov One of Mance Rayder's lieutenants and the Magnar - \"Lord\" in the Old Tongue of the First Men â\u0080\u0093 of the Thenn people, a clan of cannibalistic wildlings. In the battle for Castle Black, he is killed by Jon Snow, who smashes his head in with a hammer."
""
"Craster","","Robert Pugh","2, 3","5"
"A wildling who has an uneasy \"friendship\" with the Night's Watch. He is a short-tempered, incestual polygamist who takes all his daughters as wives. Jon Snow ponders why he has no sons and it is later revealed that he sacrifices them to the White Walkers soon after birth. As their only ally beyond the Wall, Commander Mormont and the Nights Watch are forced to endure his insults and outrageous demands. Several members of the Night's Watch finally lose their patience with Craster when after they return defeated from a battle with the White Walkers, he insults their dead and refuses to share more of his supplies with the hungry rangers. He is killed by Karl after the latter provokes him into attacking by calling him a bastard."
""
"Orell","","Mackenzie Crook[29]","3","6"
"Mackenzie Crook A wildling raider and warg, a human capable of entering the minds of animals. Orell doesn't trust Jon after he joins them as he suspects Jon is still loyal to the Night's Watch; he is also jealous of Jon's relationships with Ygritte. Orell's suspicions are confirmed when, during a raid at the North, Jon refuses to kill an innocent horse breeder. He is killed by Jon but not before Orell wargs an eagle and claws him."
""
"Wun Weg Wun Dar Wun","","Ian Whyte","5","2"
"Ian Whyte Wun Wun is a giant from Hardhome."

