"Name","Status[3]","Incorporation date[9]","Population (2011)[2]","Population (2006)[2]","Change (%)[2]","Land area (kmÂ²)[2]","Population density (per kmÂ²)[2]"
"Aklavik","Hamlet","January 1, 1974","633","594","6.6","14.47","43.7"
"Behchoko","Community government (Tlicho)","August 4, 2005[7]","1,926","1,894","1.7","75.17","25.6"
"Deline","Charter community","April 1, 1993","472","525","â\u0088\u009210.1","79.44","5.9"
"Enterprise","Hamlet","October 29, 2007","99[8]","97","2.1","286.89","0.3"
"Fort Good Hope","Charter community","April 1, 1995","515","557","â\u0088\u00927.5","47.14","10.9"
"Fort Liard","Hamlet","April 1, 1987","536","583","â\u0088\u00928.1","68.38","7.8"
"Fort McPherson","Hamlet","November 1, 1986","792","776","2.1","53.39","14.8"
"Fort Providence","Hamlet","January 1, 1987","734","727","1.0","255.05","2.9"
"Fort Resolution","Hamlet","January 5, 2011","474","484","â\u0088\u00922.1","455.22","1.0"
"Fort Simpson","Village","January 1, 1973","1,238","1,216","1.8","78.32","15.8"
"Fort Smith","Town","October 1, 1966[10]","2,496[8]","2,364","5.6","92.79","26.9"
"GamÃ¨ti","Community government (Tlicho)","August 4, 2005","253","283","â\u0088\u009210.6","9.19","27.5"
"Hay River","Town","June 27, 1963","3,606","3,648","â\u0088\u00921.2","133.15","27.1"
"Inuvik","Town","January 1, 1979","3,463","3,484","â\u0088\u00920.6","62.48","55.4"
"Norman Wells","Town","April 12, 1992","727","761","â\u0088\u00924.5","82.84","8.8"
"Paulatuk","Hamlet","April 1, 1987","313","294","6.5","66.86","4.7"
"Sachs Harbour","Hamlet","April 1, 1986","112","122","â\u0088\u00928.2","290.94","0.4"
"Tsiigehtchic","Charter community","June 21, 1993","143","175","â\u0088\u009218.3","48.98","2.9"
"Tuktoyaktuk","Hamlet","April 1, 1970","854","870","â\u0088\u00921.8","13.90","61.4"
"Tulita","Hamlet","April 1, 1984","478","505","â\u0088\u00925.3","52.12","9.2"
"Ulukhaktok","Hamlet","April 1, 1984[11]","402","398","1.0","124.45","3.2"
"Wekweeti","Community government (Tlicho)","August 4, 2005","141","137","2.9","14.67","9.6"
"WhatÃ¬","Community government (Tlicho)","August 4, 2005","492","460","7.0","59.95","8.2"
"Yellowknife","City","January 1, 1970[12][a]","19,234","18,700","2.9","105.22","182.8"
"Total","â\u0080\u0094","â\u0080\u0094","40,133","39,654","1.2","2,571.26","15.6"

