"Defeats","Team","First defeat","Last defeat"
"23","Bangladesh[a]","West Indies at Dhaka, 8 October 1999","South Africa at Kimberley, 9 October 2002"
"22","Bangladesh","Pakistan at Moratuwa, 31 March 1986","India at Mohali, 14 May 1998"
"18","Zimbabwe","India at Leicester, 11 June 1983","Australia at Hobart, 14 March 1992"
"18","Bangladesh[a]","South Africa at Bloemfontein, 22 September 2003","England at Dhaka, 12 November 2003"
"17","Zimbabwe","Sri Lanka at Bulawayo, 20 April 2004","England at Bulawayo, 5 December 2004"
"No results are treated the same as wins and ties in the above table. Last updated: 29 March 2015[16]"
"Notes: ^[a] The 23-game sequence was ended by a no result (ODI 1904). Another four defeats followed, then another no result (ODI 1956), and then Bangladesh's 18 game losing sequence. Ignoring these no results, Bangladesh's 23 game losing sequence and 18 game losing sequence combine with the intervening four defeats into a single losing streak of 45 matches.[17]"

