"Team","City","Established","Grey Cups","Vanier Cups","Canadian Bowl Championships","Notes"
"Bishop's University Gaiters","Lennoxville, Quebec","1873","0","0","0",""
"Concordia University Stingers","Montreal, Quebec","1974","0","0","0","Became Concordia University in 1974 with the merger of Sir George Williams University and Loyola College."
"UniversitÃ© Laval Rouge et Or","Quebec City, Quebec","1996","0","7","0",""
"McGill University Redmen","Montreal, Quebec","1874","0","1","0",""
"UniversitÃ© de MontrÃ©al Carabins","Montreal, Quebec","1966","0","1","0","Originally played from 1966â\u0080\u009371, the program was then cancelled. It returned in 2002."
"UniversitÃ© de Sherbrooke Vert et Or","Sherbrooke, Quebec","2003","0","0","0",""

