"Date","Opponent","Site","Result","Attendance"
"September 27","at East Carolina","Ficklen Memorial Stadium â\u0080¢ Greenville, NC","W 24â\u0080\u00936","13,500"
"October 4","at McNeese State","Cowboy Stadium â\u0080¢ Lake Charles, LA","W 35â\u0080\u009318","12,300"
"October 11","Southwestern Louisiana","Louisiana Tech Stadium â\u0080¢ Ruston, LA","W 34â\u0080\u009321","19,000"
"October 18","vs. Northwestern State","State Fair Stadium â\u0080¢ Shreveport, LA","W 42â\u0080\u009321","31,000"
"October 25","at Chattanooga","Chamberlain Field â\u0080¢ Chattanooga, TN","W 23â\u0080\u00937","5,000"
"November 1","Southern Miss","Louisiana Tech Stadium â\u0080¢ Ruston, LA (Rivalry in Dixie)","L 23â\u0080\u009324","14,000"
"November 8","at Southeastern Louisiana","Strawberry Stadium â\u0080¢ Hammond, LA","W 25â\u0080\u009324","8,000"
"November 15","Lamar Tech","Louisiana Tech Stadium â\u0080¢ Ruston, LA","W 77â\u0080\u009340","10,000"
"November 22","Northeast Louisiana","Louisiana Tech Stadium â\u0080¢ Ruston, LA","W 34â\u0080\u00936","13,000"
"December 13","vs. East Tennessee State","Memorial Stadium â\u0080¢ Baton Rouge, LA (Grantland Rice Bowl)","L 14â\u0080\u009334",""
""

