"Year","Film\/television","Role","Notes"
"1996","WMAC-Masters","Wizard \/ Himself",""
"1998","Martial Law","Guest part","One episode"
"1998-99","Mortal Kombat: Conquest","Stunt double: Kung Lao",""
"2000","Power Rangers Lightspeed Rescue","Chad Lee, Blue Ranger","Series"
"2000","Power Rangers Lightspeed Rescue - Titanium Ranger: Curse of the Cobra","Chad Lee, Blue Ranger","Video"
"2000","Power Rangers Lightspeed Rescue","Chad Lee, Blue Ranger - voice","Video game"
"2000","Power Rangers Lightspeed Rescue","Chad Lee, Blue Ranger","Video"
"2000","Power Rangers Lightspeed Rescue: Neptune's Daughter","Chad Lee, Blue Ranger","Video"
"2000","Power Rangers in 3D: Triple Force","Chad Lee, Blue Ranger","Short"
"2001","Power Rangers Time Force","Chad Lee, Blue Ranger",""
"2001","Power Rangers Lightspeed Rescue: The Queen's Wrath","Chad Lee, Blue Ranger",""
"2001","Nash Bridges","Hired thug","Episode 'Bear Trap'"
"2002","Austin Powers in Goldmember","Gunman at pool",""
"2002","Charmed","Bodyguard","Episode 'Which Way Now?'"
"2002","The Time Machine","Eloi",""
"2002","Big Fat Liar","Stunt actor","Alt. title: Pay or Play"
"2003","How to be an Action Star","Himself",""
"2003","XMA: Extreme Martial Arts","Himself","Documentary"
"2004","Power Rangers Dino Thunder","Chad Lee, Blue Ranger","archive footage"
"2005","Sledge: The Untold Story","Stunts",""
"2005","Little Manhattan","Himself \/ Mike Chat",""
"2006","Bo bui gai wak","Trainer for Mike Moh","Alt. title: Baby"
"2012","Photo Finish (short)","Albert Fong","Stunt coordinator"

