"Cast","Credited","Role"
"Nat Wolff","2007â\u0080\u00932009","\"Nat\": ages 11â\u0080\u009315, Lead singer-songwriter\/keyboardist and occasional guitarist; Rosalina's Boyfriend (later ex-boyfriend)"
"Alex Wolff","2007â\u0080\u00932009","\"Alex\": ages 8â\u0080\u009312, Drummer and occasional Lead singer-songwriter."
"Thomas Batuello","2007â\u0080\u00932009","\"Thomas\": ages 11â\u0080\u009315, Cellist, Bassist"
"Allie DiMeco","2007â\u0080\u00932009","\"Rosalina\": ages 13â\u0080\u009316, old Bassist,2nd Guitarist; Nat's Girlfriend (later ex-girlfriend)"
"David Julian Levi","2007â\u0080\u00932009","\"David\": ages 11â\u0080\u009315, Keyboardist,"
"Qaasim Middleton","2007â\u0080\u00932009","\"Qaasim\": ages 11â\u0080\u009315, Guitarist"
"Kristina Reyes","March 14- June 13, 2009","Kristina : ages 15â\u0080\u009315 Bassist"
"Cooper Pillot","2007â\u0080\u00932009","\"Cooper\": ages 11â\u0080\u009315, Band Manager and band member"
"Jesse Draper","2007â\u0080\u00932009","\"Jesse Cook\":ages 19â\u0080\u009323 Band tutor and singer\/dancer and band member"
"Michael Wolff","2007â\u0080\u00932009","\"Mr. Sonny Wolff (dad)\" Accordion Player"

