"Club performance","League","Cup","Continental","Total"
"Season","Club","League","Apps","Goals","Apps","Goals","Apps","Goals","Apps","Goals"
"Greece","League","Greek Cup","Europe","Total"
"1991â\u0080\u009394","Erani Filiatron","Delta Ethniki","53","33","-","-","-","-","53","33"
"1991â\u0080\u009394","Kalamata","Beta Ethniki","21","5","2","0","0","0","23","5"
"1994â\u0080\u009395","Kalamata","Beta Ethniki","27","4","4","2","0","0","31","6"
"1995â\u0080\u009396","Kalamata","Alpha Ethniki","30","11","4","2","0","0","34","13"
"1996â\u0080\u009397","Panathinaikos","Alpha Ethniki","32","7","6","2","0","0","38","9"
"1997â\u0080\u009398","Panathinaikos","27","Alpha Ethniki","2","4","1","0","0","31","3"
"1998â\u0080\u009399","Panathinaikos","31","Alpha Ethniki","13","5","2","0","0","36","15"
"1999â\u0080\u009300","Panathinaikos","26","Alpha Ethniki","23","4","3","0","0","30","26"
"2000â\u0080\u009301","Panathinaikos","26","Alpha Ethniki","11","6","3","7","0","39","14"
"2001â\u0080\u009302","Panathinaikos","17","Alpha Ethniki","0","3","1","8","1","28","2"
"2002â\u0080\u009303","Panathinaikos","27","Alpha Ethniki","16","4","2","1","0","32","18"
"2003â\u0080\u009304","AEK Athens","Alpha Ethniki","27","13","7","3","6","1","40","17"
"2004â\u0080\u009305","AEK Athens","28","Alpha Ethniki","9","9","3","6","1","43","13"
"2005â\u0080\u009306","AEK Athens","27","Alpha Ethniki","14","5","2","2","0","34","16"
"2006â\u0080\u009307","AEK Athens","Super League","29","18","1","0","9","2","39","20"
"2007â\u0080\u009308","AEK Athens","Super League","30","13","1","0","8","0","39","13"
"Germany","League","DFB-Pokal","Europe","Total"
"2008â\u0080\u009309","Eintracht Frankfurt","Bundesliga","29","9","2","1","0","0","31","10"
"2009â\u0080\u009310","Eintracht Frankfurt","Bundesliga","21","1","3","2","0","0","24","3"
"Greece","League","Greek Cup","Europe","Total"
"2010â\u0080\u009311","AEK Athens","Super League","23","7","6","3","5","2","34","12"
"2011â\u0080\u009312","AEK Athens","Super League","30","10","1","0","4","0","35","10"
"Total","Greece","511","209","72","29","88","17","671","255"
"Total","Germany","50","10","5","3","0","0","55","13"
"Career total","561","219","77","32","88","17","726","268"

