"Military rank (if any)","Name","Post-Nominals","Year Appointed"
"Admiral of the Fleet","Sir Edward Ashmore","GCB DSC","1974"
"Air Chief Marshal","Sir Douglas Lowe","GCB DFC AFC","1977"
"Field Marshal","The Lord Bramall","KG GCB OBE MC JP DL","1979"
"General","Sir Peter Whiteley","GCB OBE DL","1979"
"Air Chief Marshal","Sir David Evans","GCB CBE","1979"
"","Sir Douglas Wass","GCB","1980"
"Admiral","Sir James Eberle","GCB","1981"
"Marshal of the Royal Air Force","Sir Keith Williamson","GCB AFC","1982"
"","The Lord Armstrong of Ilminster","GCB CVO","1983"
"Admiral","Sir Desmond Cassidi","GCB","1983"
"Air Chief Marshal","Sir Peter Terry","GCB AFC","1983"
"","Sir William Fraser","GCB","1984"
"Marshal of the Royal Air Force","The Lord Craig of Radley","GCB OBE","1984"
"General","Sir George Cooper","GCB MC DL","1984"
"Marshal of the Royal Air Force","Sir Peter Harding","GCB","1988"
"Field Marshal","Sir John Chapple","GCB CBE","1988"
"","Sir Peter Middleton","GCB","1989"
"Air Chief Marshal","Sir Patrick Hine","GCB GBE","1989"
"","Sir Derek Oulton","GCB QC","1989"
"","Sir William Heseltine","GCB GCVO AC QSO PC","1990"
"Admiral of the Fleet","Sir Benjamin Bathurst","GCB DL","1991"
"Air Marshal","Sir David Parry-Evans","GCB CBE","1991"
"General","Sir Brian Kenny","GCB CBE","1991"
"Field Marshal","The Lord Inge","KG GCB PC DL","1992"
"Admiral","Sir Jock Slater","GCB LVO DL","1992"
"","The Lord Butler of Brockwell","KG GCB CVO PC","1992"
"Air Chief Marshal","Sir Michael Graydon","GCB CBE","1993"
"General","The Lord Ramsbotham","GCB CBE","1993"
"Admiral","Sir John Kerr","GCB DL","1993"
"Field Marshal","The Lord Guthrie of Craigiebank","GCB LVO OBE DL","1994"
"General","Sir John Waters","GCB CBE","1994"
"Air Chief Marshal","Sir Michael Alcock","GCB KBE","1995"
"General","Sir John Wilsey","GCB CBE DL","1995"
"Air Chief Marshal","Sir Richard Johns","GCB KCVO CBE","1997"
"General","Sir Roger Wheeler","GCB CBE","1997"
"","The Lord Fellowes","GCB GCVO QSO PC","1998"
"","Rt Hon. Sir John Chilcot","GCB","1998"
"Admiral of the Fleet","The Lord Boyce","KG GCB OBE","1999"
"Field Marshal","The Lord Walker of Aldringham","GCB CMG CBE DL","1999"
"General","Sir Jeremy Mackenzie","GCB OBE DL","1999"
"","Sir Nigel Wicks","GCB CVO CBE","1999"
"Air Chief Marshal","Sir Peter Squire","GCB DFC AFC DL","2001"
"","The Lord Wilson of Dinton","GCB","2001"
"Admiral","Sir Nigel Essenhigh","GCB DL","2002"
"","Sir Hayden Phillips","GCB","2002"
"","Sir David Omand","GCB","2004"
"Admiral","The Lord West of Spithead","GCB DSC PC","2004"
"General","Sir Michael Jackson","GCB CBE","2004"
"Marshal of the Royal Air Force","The Lord Stirrup","KG GCB AFC","2005"
"Air Chief Marshal","Sir Peter Terry","GCB AFC","2006"
"","Sir Richard Mottram","GCB","2006"
"","The Lord Janvrin","GCB GCVO QSO PC","2007"
"General","The Lord Dannatt","GCB CBE MC DL","2008"
"Air Chief Marshal","Sir Glenn Torpy","GCB CBE DSO","2008"
"Admiral","Sir Jonathon Band","GCB DL","2008"
"Admiral","Sir Mark Stanhope","GCB OBE","2010"
"General","Sir Nicholas Houghton","GCB CBE ADC Gen","2011"
"","Sir David Normington","GCB","2011"
"General","The Lord Richards of Herstmonceux","GCB CBE DSO","2011"
"","The Lord O'Donnell","GCB","2011"
"Air Chief Marshal","Sir Stephen Dalton","GCB","2012"
"General","Sir Peter Wall","GCB CBE ADC","2013"
"","Sir Nicholas Macpherson","GCB","2015"
"Admiral","Sir George Zambellas","GCB DSC ADC DL","2016"
"Air Chief Marshal","Sir Andrew Pulford","GCB CBE ADC DL","2016"

