"Language","Group","Comment"
"Garhwali","Central Pahari","spoken in Garhwal region"
"Kumaoni or Kumauni","Central Pahari","spoken in Kumaon region and Mahakali zone of Nepal"
"Nepali","Eastern Pahari","Nepali is a lingua-franca of Nepal, Indian state of Sikkim and Darjeeling district of West Bengal. It is also widely spoken in North-East region of India and other states being Himanchal Pradesh, Uttarakhand, West Bengal and Uttar Pradesh."
"Dogri-Kangri languages","Western Pahari","Dogri has official status and kangri is spoken in kangra,chamba,bilaspur,una,mandi regions of himachal pradesh."

