"State\/ Jurisdiction","Statute","Enacted","Licensing Authority","Practice Act Text"
"Alabama","(Title 34, Chapter 24, Article 5)","1965","State of Alabama Board of Physical Therapy","Ala. Title 34, Ch. 24, Art. 5"
"Alaska","(AS 08.84)","","State Physical Therapy and Occupational Therapy Board","Statutes and Regulations: Physical Therapy and Occupational Therapy"
"Arizona","(Title 32, Ch. 19)","","Arizona State Board of Physical Therapy","Arizona Rev. Statutes, Title 32, Ch. 19"
"Arkansas","(Ark. Code Ann. Sec. 17-93-403(a)(2)\/-404)","","Arkansas State Board of Physical Therapy","Arkansas Physical Therapy Act"
"California","(Business and Professions Code, Div. 2, Ch. 5.7)","1953[2]","Physical Therapy Board of California","CA Business and Professions Code, Div 2, Chapter 5.7"
"Colorado","(Col. Rev. Statutes, Title 12, Art. 41)","","Colorado State Physical Therapy Board","Col. Rev. Statutes, Title 12, Article 41"
"Connecticut","(CT Gen. Statutes, Ch. 376, Sec. 20.66-20.74)","","CT Dept. of Public Health","CT Gen. Statutes, Ch. 376 (Sec. 20.66-20.74)"
"Delaware","","","",""
"District of Columbia","","","",""
"Florida","","","",""
"Georgia","","","",""
"Hawaii","","","",""
"Idaho","","","",""
"Illinois","","","",""
"Indiana","","","",""
"Iowa","","","",""
"Kansas","(Kan. Statutes Ann., Ch. 65, Art. 29)","1963","Kansas State Board of Healing Arts","Kansas Statutes Ann. Chapter 65, Article 29"
"Kentucky","","","",""
"Louisiana","","","",""
"Maine","","","",""
"Maryland","","","",""
"Massachusetts","(Mass. Gen. Law, Title XVI, Ch. 112, Sec. 23 A-D)[3]","","Board of Registration in Allied Health Professionals","MGL, c.112, Â§23 A-D, 259 CMR 5.00"
"Michigan","","","",""
"Minnesota","(MN Stat. Ch. 148, Sec. 65-78)","1951","Minnesota State Board of Physical Therapy","MN Stat. Ch. 148, Sec. 65-78"
"Mississippi","","","",""
"Missouri","(RSMO Title 12, Ch. 334, Sec. 334.500-334.620)[4]","1969","Missouri Division of Professional Registration","RSMO Title 12, Ch. 334, Sec. 334.500-334.620"
"Montana","","","",""
"Nebraska","","","",""
"Nevada","","","",""
"New Hampshire","","","",""
"New Jersey","","","",""
"New Mexico","","","",""
"New York","","","",""
"North Carolina","","","",""
"North Dakota","","","",""
"Ohio","","","",""
"Oklahoma","","","",""
"Oregon","","","",""
"Pennsylvania","","","",""
"Puerto Rico","","","",""
"Rhode Island","","","",""
"South Carolina","","","",""
"South Dakota","","","",""
"Tennessee","","","",""
"Texas","","","",""
"U.S. Virgin Islands","","","",""
"Utah","","","",""
"Vermont","","","",""
"Virginia","","","",""
"Washington","","","",""
"West Virginia","","","",""
"Wisconsin","","","",""
"Wyoming","","","",""

