"Season","Regionalliga Nord","Regionalliga Nordost","Regionalliga West","Regionalliga SÃ¼dwest","Regionalliga SÃ¼d"
"2000â\u0080\u009301","Hamburger SV","Tennis Borussia Berlin","SpVgg OberauÃ\u009Fem-Fortuna","TuS Niederkirchen","SC Freiburg"
"2001â\u0080\u009302","SV Victoria Gersten","Tennis Borussia Berlin","SpVgg OberauÃ\u009Fem-Fortuna","TuS Niederkirchen","1. FC NÃ¼rnberg"
"2002â\u0080\u009303","Hamburger SV","FF USV Jena","FC GÃ¼tersloh","1. FC SaarbrÃ¼cken","SC Sand"
"2003â\u0080\u009304","SV Victoria Gersten","Tennis Borussia Berlin","SGS Essen","TuS Niederkirchen","TSV Crailsheim"

