"Year","Award-Giving Body","Category","Work","Result"
"1997","Metro Manila Film Festival","Best Visual Effects","Magic Kingdom[5]","Won"
"2000","Metro Manila Film Festival","Best Visual Effects","Spirit Warriors[6]","Won"
"2001","Metro Manila Film Festival","Best Visual Effects","Yamashita: The Tiger's Treasure[7]","Won"
"2002","Metro Manila Film Festival","Best Visual Effects","Spirit Warriors: The Shortcut[8]","Won"
"2003","Metro Manila Film Festival","Best Visual Effects","Malikmata[9]","Won"

