"Name","Raw bandwidth","Transfer speed","Max. cable length","Power provided","Devices per channel"
"eSATA","6 Gbit\/s","600 MB\/s","2 m with eSATA HBA (1 m with a passive adapter)","No","One (15 with a port multiplier)"
"eSATAp","3 Gbit\/s","300 MB\/s","2 m with eSATA HBA (1 m with a passive adapter)","5 V\/12 V[60]","One (15 with a port multiplier)"
"SATA revision 3.2","16 Gbit\/s","1.97 GB\/s[d]","1 m","No","One (15 with a port multiplier)"
"SATA revision 3.0","6 Gbit\/s","600 MB\/s[61]","1 m","No","One (15 with a port multiplier)"
"SATA revision 2.0","3 Gbit\/s","300 MB\/s","1 m","No","One (15 with a port multiplier)"
"SATA revision 1.0","1.5 Gbit\/s","150 MB\/s[62]","1 m","No","One per line"
"PATA (IDE) 133","1.064 Gbit\/s","133.3 MB\/s[e]","0.46 m (18 in)","5 V (44-pin for 2.5\" drives only)","Two"
"SAS-3","12 Gbit\/s","1.2 GB\/s","10 m","No","1-8 (> 65k with expanders)"
"SAS-2","6 Gbit\/s","600 MB\/s","10 m","No","One (> 65k with expanders)"
"SAS 300","3 Gbit\/s","300 MB\/s","10 m","No","One (> 65k with expanders)"
"SAS 150","1.5 Gbit\/s","150 MB\/s","10 m","No","One (> 65k with expanders)"
"IEEE 1394 (FireWire) 3200","3.144 Gbit\/s","393 MB\/s","100 m (more with special cables)","15 W, 12â\u0080\u009325 V","63 (with a hub)"
"IEEE 1394 (FireWire) 800","786 Mbit\/s","98.25 MB\/s","100 m[63]","15 W, 12â\u0080\u009325 V","63 (with a hub)"
"IEEE 1394 (FireWire) 400","393 Mbit\/s","49.13 MB\/s","4.5 m[63][64]","15 W, 12â\u0080\u009325 V","63 (with a hub)"
"USB 3.1","10 Gbit\/s","1.21 GB\/s[f]","3 m","100 W, 5, 12 or 20 V[65]","127 (with a hub)"
"USB 3.0[g]","5 Gbit\/s","400 MB\/s or more (protocol overhead, flow control, framing excluded)[66]","3 m[67]","4.5 W, 5 V","127 (with a hub)[67]"
"USB 2.0","480 Mbit\/s","35 MB\/s","5 m[68]","2.5 W, 5 V","127 (with a hub)[67]"
"USB 1.1","12 Mbit\/s","1.5 MB\/s","3 m","Yes","127 (with a hub)[67]"
"SCSI Ultra-320","2.56 Gbit\/s","320 MB\/s","12 m","No","15 (plus the Host Bus Adapter\/Host)"
"10GFC Fibre Channel","10.52 Gbit\/s","1.195 GB\/s","2 m â\u0080\u0093 50 km","No","126 (16,777,216 with switches)"
"4GFC Fibre Channel","4.25 Gbit\/s","398 MB\/s","12 m","No","126 (16,777,216 with switches)"
"InfiniBand Quad Rate","10 Gbit\/s","0.98 GB\/s","5 m (copper)[69][70] <10 km (fiber)","No","One with point-to-point, many with switched fabric"
"Thunderbolt","10 Gbit\/s","1.22 GB\/s","3 m (copper) 100 m (fiber)","10 W (copper only)","Seven"
"Thunderbolt 2","20 Gbit\/s","2.44 GB\/s","3 m (copper) 100 m (fiber)","10 W (copper only)","Seven"
"Thunderbolt 3","40 Gbit\/s","4.88 GB\/s","3 m (copper) 100 m (fiber)","100 W (copper only)","Seven"

