"Year","Name"
"1916â\u0080\u00931952","C. W. Lonsdale"
"1952â\u0080\u00931958","G. Peter Kaye"
"1958â\u0080\u00931967","Edward R. 'Ned' Larsen"
"1967â\u0080\u00931968","Lachlan Patrick 'Pat' MacLachlan, Acting"
"1968","Brian S. Powell"
"1968â\u0080\u00931972","Lachlan Patrick 'Pat' MacLachlan"
"1972","The Rev. Canon William Hamilton Horace McClelland, M.B.E. Acting"
"1972â\u0080\u00931975","Hugh C. Wilkinson"
"1975â\u0080\u00931978","The Rev. Canon William Hamilton Horace McClelland, M.B.E."
"1978â\u0080\u00931983","Darrell John Farrant"
"1983â\u0080\u00931984","Derek William Hyde-Lay, Acting"
"1984â\u0080\u00931989","Douglas J. 'Doug' Campbell"
"1989â\u0080\u00931990","Derek William Hyde-Lay"
"1990â\u0080\u00932000","Simon C. Bruce-Lockhart"
"2000â\u0080\u0094Current","David Robertson"

