"Season","Division","Tier","Position"
"1999â\u0080\u00932000","Verbandsliga Nordbaden","V","2nd"
"2000â\u0080\u009301","Verbandsliga Nordbaden","V","2nd â\u0086\u0091"
"2001â\u0080\u009302","Oberliga Baden-WÃ¼rttemberg","IV","6th"
"2002â\u0080\u009303","Oberliga Baden-WÃ¼rttemberg","IV","10th â\u0086\u0093"
"2003â\u0080\u009304","","",""
"2004â\u0080\u009305","Landesliga Rhein\/Neckar","VI","9th"
"2005â\u0080\u009306","Landesliga Rhein\/Neckar","VI","11th"
"2006â\u0080\u009307","Landesliga Rhein\/Neckar","VI","8th"
"2007â\u0080\u009308","Landesliga Rhein\/Neckar","VI","2nd"
"2008â\u0080\u009309","Landesliga Rhein\/Neckar","VII","2nd â\u0086\u0091"
"2009â\u0080\u009310","Verbandsliga Nordbaden","VI","5th"
"2010â\u0080\u009311","Verbandsliga Nordbaden","VI","12th"
"2011â\u0080\u009312","Verbandsliga Nordbaden","VI","7th"
"2012â\u0080\u009313","Verbandsliga Nordbaden","VI","11th"
"2013â\u0080\u009314","Verbandsliga Nordbaden","VI","8th"
"2014â\u0080\u009315","Verbandsliga Nordbaden","VI","13th â\u0086\u0093"
"2015â\u0080\u009316","Landesliga Rhein\/Neckar","VII",""

