"Year","Champion","Runners-up","Score"
"2015","Nora Niedmers HÃ©lÃ¨ne Scholsen","Cristina Ene Dea HerdÅ¾elaÅ¡","6â\u0080\u00934, 7â\u0080\u00936(7â\u0080\u00935)"
"2014","Alexandra Nancarrow Maria Sakkari","Emma Laine Anastasia Pivovarova","6â\u0080\u00932, 6â\u0080\u00933"
"2013","Julia Wachaczyk Nina Zander","Emma Laine Piia Suomalainen","6â\u0080\u00934, 6â\u0080\u00934"
"2012","Olga BrÃ³zda Anouk Tigu","Nikola HorÃ¡kovÃ¡ Julia Valetova","6â\u0080\u00934, 6â\u0080\u00933"
"2011","Leia Kaukonen Polina Vinogradova","Yanina Darishina Liubov Vasilyeva","7â\u0080\u00935, 7â\u0080\u00936(8â\u0080\u00936)"
"2010","Irina Kuzmina DiÄ\u0081na MarcinkÄ\u0093viÄ\u008Da","Amandine Hesse Monika TÅ¯movÃ¡","6â\u0080\u00934, 6â\u0080\u00932"
"2009","Emma Laine Sandra Roma","AlizÃ© Lim Vivienne Vierin","6â\u0080\u00934, 6â\u0080\u00933"
"2008","Diana Eriksson Hanne Skak Jensen","Annie GÃ¶ransson Caroline Magnusson","6â\u0080\u00934, 6â\u0080\u00930"
"2007","Piia Suomalainen Katariina Tuohimaa","Hanne Skak Jensen Marcella Koek","6â\u0080\u00932, 6â\u0080\u00934"
"â\u0086\u0091 ITF $10,000 event â\u0086\u0091"

