"Order","Artist","Song","Coaches' and artists' choices"
"Order","Artist","Song","Bressie","Sharon","Kian","Brian"
"1","Onya Gray","\"Running Up that Hill\"","â\u009C\u0094","â\u009C\u0094","","â\u009C\u0094"
"2","Darren Bates","\"Patience\"","","","",""
"3","Kate Donohoe","\"Mustang Sally\"","","â\u009C\u0094","",""
"4","Conor Quinn","\"9 Crimes\"","â\u009C\u0094","","",""
"5","Kim Burke","\"Price Tag\"","","","",""
"6","Chris Currid","\"I Believe in a Thing Called Love\"","","","",""
"7","Christina Foran","\"Go Your Own Way\"","","â\u009C\u0094","â\u009C\u0094",""
"8","Angela Shanny","\"Listen\"","","","","â\u009C\u0094"
"9","Gavin Kenny","\"Hurt\"","â\u009C\u0094","","",""
"10","Dan Twomey","\"Nella Fantasia\"","","â\u009C\u0094","",""
"11","Gari Deegan","\"Forget You\"","â\u009C\u0094","â\u009C\u0094","","â\u009C\u0094"
"12","Sinead Fox","\"Smile\"","","","â\u009C\u0094","â\u009C\u0094"
"13","Stephen Griffin","\"Everything\"","","","â\u009C\u0094",""
"14","Tara Blaise","\"Livin' on a Prayer\"","","","",""

