"Date","Opponent#","Rank#","Site","Result"
"September 13","at Clemson*","","Memorial Stadium â\u0080¢ Clemson, SC","W 17â\u0080\u009313"
"September 20","Ole Miss*","","Louisiana Superdome â\u0080¢ New Orleans, LA","W 14â\u0080\u00933"
"September 27","Syracuse*","","Louisiana Superdome â\u0080¢ New Orleans, LA","L 13â\u0080\u009331"
"October 4","Vanderbilt*","","Louisiana Superdome â\u0080¢ New Orleans, LA","L 3â\u0080\u00936"
"October 11","at Boston College*","","Alumni Stadium â\u0080¢ Chestnut Hill, MA","W 17â\u0080\u00937"
"October 18","at West Virginia*","","Mountaineer Field â\u0080¢ Morgantown, WV","W 16â\u0080\u009314"
"October 25","Georgia Tech*","","Louisiana Superdome â\u0080¢ New Orleans, LA","L 0â\u0080\u009323"
"November 1","at Kentucky*","","Commonwealth Stadium â\u0080¢ Lexington, KY","L 10â\u0080\u009323"
"November 8","Air Force*","","Louisiana Superdome â\u0080¢ New Orleans, LA","L 12â\u0080\u009313"
"November 15","North Carolina*","","Louisiana Superdome â\u0080¢ New Orleans, LA","L 15â\u0080\u009317"
"November 22","LSU*","","Louisiana Superdome â\u0080¢ New Orleans, LA (Battle for the Flag)","L 6â\u0080\u009342"
"*Non-conference game. Homecoming. #Rankings from AP."

