"District","Incumbent","Party","First elected","Result","Candidates"
"Iowa 1","Thomas E. Martin","Republican","1938","Re-elected","Thomas E. Martin (R) 62.8% Clair A. Williams (D) 36.9% F. A. Oliver (Proh) 0.2%"
"Iowa 2","Henry O. Talle","Republican","1938","Re-elected","Henry O. Talle (R) 62.2% T. W. Mullaney (D) 37.7% Roy Corliss (D) 0.05%"
"Iowa 3","H. R. Gross","Republican","1948","Re-elected","H. R. Gross (R) 65.8% George R. Laub (D) 34.0% Paul Kindschi (Proh) 0.1%"
"Iowa 4","Karl M. Le Compte","Republican","1938","Re-elected","Karl M. Le Compte (R) 61.9% Earl E. Glassburner (D) 37.9% Benson B. Compton (Proh) 0.2%"
"Iowa 5","Paul Cunningham","Republican","1940","Re-elected","Paul Cunningham (R) 58.8% Alvin P. Meyer (D) 41.0% Richard DeCamp (Proh) 0.3%"
"Iowa 6","James I. Dolliver","Republican","1944","Re-elected","James I. Dolliver (R) 68.7% Francis G. Cutler (D) 31.1% Roy C. Nelson (Proh) 0.2%"
"Iowa 7","Ben F. Jensen","Republican","1938","Re-elected","Ben F. Jensen (R) 67.3% Thomas J. Keleher (D) 32.6% Ralph Young (Proh) 0.08%"
"Iowa 8","Charles B. Hoeven","Republican","1942","Re-elected","Charles B. Hoeven (R) 99.7% Charles Warner (Proh) 0.3% Milo Price (D) 0.01%"

