"District","Incumbent","Party","First elected","Result","Candidates"
"Louisiana 1","F. Edward Hebert","Democratic","1940","Re-elected","F. Edward Hebert (D) 91.8% Dennison Suarez (R) 8.2%"
"Louisiana 2","Paul H. Maloney","Democratic","1942","Retired Democratic hold","Hale Boggs (D) 90.7% Harold M. Herbst (R) 9.3%"
"Louisiana 3","James R. Domengeaux","Democratic","1940","Re-elected","James R. Domengeaux (D) Unopposed"
"Louisiana 4","Overton Brooks","Democratic","1936","Re-elected","Overton Brooks (D) Unopposed"
"Louisiana 5","Charles E. McKenzie","Democratic","1942","Lost renomination Democratic hold","Otto Passman (D) Unopposed"
"Louisiana 6","James H. Morrison","Democratic","1942","Re-elected","James H. Morrison (D) Unopposed"
"Louisiana 7","Henry D. Larcade, Jr.","Democratic","1942","Re-elected","Henry D. Larcade, Jr. (D) Unopposed"
"Louisiana 8","A. Leonard Allen","Democratic","1936","Re-elected","A. Leonard Allen (D) Unopposed"

