"District","Incumbent","Party","First elected","Result","Candidates"
"Wisconsin 1","Les Aspin","Democratic","1970","Re-elected","Les Aspin (D) 56.2% Kathryn H. Canary (R) 42.8% Arthur F. Jackson (L) 1.0%"
"Wisconsin 2","Robert W. Kastenmeier","Democratic","1958","Re-elected","Robert W. Kastenmeier (D) 54.0% James A. Wright (R) 45.4% Leslie Graves Key (L) 0.6%"
"Wisconsin 3","Alvin Baldus","Democratic","1974","Lost re-election Republican gain","Steve Gunderson (R) 51.0% Alvin Baldus (D) 49.0%"
"Wisconsin 4","Clement J. Zablocki","Democratic","1948","Re-elected","Clement J. Zablocki (D) 70.0% Elroy C. Honadel (R) 29.2% Lynn Rashkind (I) 0.8%"
"Wisconsin 5","Henry S. Reuss","Democratic","1954","Re-elected","Henry S. Reuss (D) 77.0% David Bathke (R) 22.2% Frank Forrestal (I) 0.8%"
"Wisconsin 6","Tom Petri","Republican","1979","Re-elected","Tom Petri (R) 59.3% Gary R. Goyke (D) 40.7%"
"Wisconsin 7","Dave Obey","Democratic","1969","Re-elected","Dave Obey (D) 64.7% Vinton A. Vesta (R) 35.3%"
"Wisconsin 8","Toby Roth","Republican","1978","Re-elected","Toby Roth (R) 67.7% Michael Monfils (D) 32.3%"
"Wisconsin 9","Jim Sensenbrenner","Republican","1978","Re-elected","Jim Sensenbrenner (R) 78.4% Gary C. Benedict (D) 21.6%"

