"District","Incumbent","Party","First elected","Result","Candidates"
"Kansas 1","William P. Lambertson","Republican","1928","Lost renomination Republican hold","Albert M. Cole (R) 67.3% Ralph Ulm (D) 32.7%"
"Kansas 2","Errett P. Scrivner","Republican","1943","Re-elected","Errett P. Scrivner (R) 59.1% Albert Baker (D) 40.9%"
"Kansas 3","Thomas Daniel Winter","Republican","1938","Re-elected","Thomas Daniel Winter (R) 60.2% Herman L. Gees (D) 39.8%"
"Kansas 4","Edward Herbert Rees","Republican","1936","Re-elected","Edward Herbert Rees (R) 58.6% William J. Kropp (D) 41.4%"
"Kansas 5","Clifford R. Hope","Republican","1926","Re-elected","Clifford R. Hope (R) 69.0% A. E. Hawes (D) 31.0%"
"Kansas 6","Frank Carlson","Republican","1934","Re-elected","Frank Carlson (R) 66.0% Dan M. McCarthy (D) 34.0%"

