"District","Incumbent","Party","First elected","Result","Candidates"
"Texas 1","Wright Patman","Democratic","1928","Re-elected","â\u0088\u009A Wright Patman (D) Unopposed"
"Texas 2","Jack Brooks","Democratic","1952","Re-elected","â\u0088\u009A Jack Brooks (D) Unopposed"
"Texas 3","Brady P. Gentry","Democratic","1952","Retired Democratic hold","â\u0088\u009A Lindley Beckworth (D) 83.5% R. E. Kennedy (R) 16.5%"
"Texas 4","Sam Rayburn","Democratic","1912","Re-elected","â\u0088\u009A Sam Rayburn (D) Unopposed"
"Texas 5","Bruce R. Alger","Republican","1954","Re-elected","â\u0088\u009A Bruce R. Alger (R) 55.6% Henry Wade (D) 44.4%"
"Texas 6","Olin E. Teague","Democratic","1946","Re-elected","â\u0088\u009A Olin E. Teague (D) Unopposed"
"Texas 7","John Dowdy","Democratic","1952","Re-elected","â\u0088\u009A John Dowdy (D) Unopposed"
"Texas 8","Albert Richard Thomas","Democratic","1936","Re-elected","â\u0088\u009A Albert Richard Thomas (D) 60.4% C. Anthony Friloux, Jr. (R) 38.0% W. C. Miller (Const) 1.6%"
"Texas 9","Clark W. Thompson","Democratic","1947","Re-elected","â\u0088\u009A Clark W. Thompson (D) Unopposed"
"Texas 10","Homer Thornberry","Democratic","1948","Re-elected","â\u0088\u009A Homer Thornberry (D) Unopposed"
"Texas 11","William R. Poage","Democratic","1936","Re-elected","â\u0088\u009A William R. Poage (D) Unopposed"
"Texas 12","Jim Wright","Democratic","1954","Re-elected","â\u0088\u009A Jim Wright (D) Unopposed"
"Texas 13","Frank N. Ikard","Democratic","1951","Re-elected","â\u0088\u009A Frank N. Ikard (D) Unopposed"
"Texas 14","John J. Bell","Democratic","1954","Lost renomination Democratic hold","â\u0088\u009A John Andrew Young (D) 87.3% Olive B. Stichter (R) 12.7%"
"Texas 15","Joe M. Kilgore","Democratic","1954","Re-elected","â\u0088\u009A Joe M. Kilgore (D) Unopposed"
"Texas 16","J. T. Rutherford","Democratic","1954","Re-elected","â\u0088\u009A J. T. Rutherford (D) 64.6% Charles H. Gibson (R) 35.4%"
"Texas 17","Omar Burleson","Democratic","1946","Re-elected","â\u0088\u009A Omar Burleson (D) Unopposed"
"Texas 18","Walter E. Rogers","Democratic","1950","Re-elected","â\u0088\u009A Walter E. Rogers (D) Unopposed"
"Texas 19","George H. Mahon","Democratic","1934","Re-elected","â\u0088\u009A George H. Mahon (D) Unopposed"
"Texas 20","Paul J. Kilday","Democratic","1938","Re-elected","â\u0088\u009A Paul J. Kilday (D) Unopposed"
"Texas 21","O. C. Fisher","Democratic","1942","Re-elected","â\u0088\u009A O. C. Fisher (D) Unopposed"
"Texas At-large","Martin Dies, Jr.","Democratic","1952","Re-elected","â\u0088\u009A Martin Dies, Jr. (D) 98.5% Fred T. Spangler (Const) 1.5%"

