"District","Incumbent","Party","First elected","Result","Candidates"
"Oklahoma 1","Page Belcher","Republican","1950","Re-elected","Page Belcher (R) 50.8% Herbert William Wright, Jr. (D) 48.3% George H. Brasier (I) 0.9%"
"Oklahoma 2","Ed Edmondson","Democratic","1952","Re-elected","Ed Edmondson (D) 79.1% Milo Ritter (R) 20.9%"
"Oklahoma 3","Carl Albert","Democratic","1946","Re-elected","Carl Albert (D) 90.9% Chapin Wallace (R) 9.1%"
"Oklahoma 4","Tom Steed","Democratic","1948","Re-elected","Tom Steed (D) 74.1% Rolla C. Calkin (R) 25.9%"
"Oklahoma 5","John Jarman","Democratic","1950","Re-elected","John Jarman (D) 82.3% Hobart H. Hobbs (R) 17.7%"
"Oklahoma 6","Toby Morris","Democratic","1956","Re-elected","Toby Morris (D) 66.7% Fred L. Coogan (R) 33.3%"

