"District","Incumbent","Party","First elected","Result","Candidates"
"New Jersey 1","William T. Cahill","Republican","1958","Re-elected","William T. Cahill (R) 57.6% John A. Healey (D) 42.2% Julius Levin (Soc-Lab) 0.2%"
"New Jersey 2","Milton W. Glenn","Republican","1957","Re-elected","Milton W. Glenn (R) 56.5% John A. Miller (D) 43.2% Morris Karp (Soc-Lab) 0.2%"
"New Jersey 3","James C. Auchincloss","Republican","1942","Re-elected","James C. Auchincloss (R) 53.1% Katharine E. White (D) 46.9%"
"New Jersey 4","Frank Thompson","Democratic","1954","Re-elected","Frank Thompson (D) 60.2% A. Jerome Moore (R) 39.6% Howard G. Frank (Conservative) 0.1% Bernardo S. Doganiero (Soc-Lab) 0.10%"
"New Jersey 5","Peter Frelinghuysen, Jr.","Republican","1952","Re-elected","Peter Frelinghuysen, Jr. (R) 58.6% Jerome H. Taub (D) 41.3% Delmar Calwhite (Soc-Lab) 0.2%"
"New Jersey 6","Florence P. Dwyer","Republican","1956","Re-elected","Florence P. Dwyer (R) 57.7% Jack B. Dunn (D) 41.4% John H. Wisner, Jr. (Conservative) 0.7% Alexander Kudlik (Soc-Lab) 0.1%"
"New Jersey 7","William B. Widnall","Republican","1950","Re-elected","William B. Widnall (R) 63.7% James Dobbins (D) 36.0% Robert A. Kretzer (Conservative) 0.3%"
"New Jersey 8","Gordon Canfield","Republican","1940","Retired Democratic gain","Charles S. Joelson (D) 52.0% Walter P. Kennedy (R) 43.8% Ronald G. Timm (Conservative) 4.0% Harry Santhouse (Soc-Lab) 0.2%"
"New Jersey 9","Frank C. Osmers, Jr.","Republican","1951","Re-elected","Frank C. Osmers, Jr. (R) 58.1% Vincent T. McKenna (D) 41.6% Arthur A. Wacker (Conservative) 0.3%"
"New Jersey 10","Peter W. Rodino, Jr.","Democratic","1948","Re-elected","Peter W. Rodino, Jr. (D) 65.3% Alphonse A. Miele (R) 33.3% Frank J. DeGeorge (Conservative) 1.5%"
"New Jersey 11","Hugh Joseph Addonizio","Democratic","1948","Re-elected","Hugh Joseph Addonizio (D) 61.4% Frank A. Palmieri (R) 36.2% Josephine Underwood (Conservative) 2.1% Julian E. Whitney (I) 0.2%"
"New Jersey 12","George M. Wallhauser","Republican","1958","Re-elected","George M. Wallhauser (R) 50.2% Robert R. Peacock (D) 47.7% Tony Marsella (Soc-Lab) 1.6% Harold Poeschel (Conservative) 0.5%"
"New Jersey 13","Cornelius Edward Gallagher","Democratic","1958","Re-elected","Cornelius Edward Gallagher (D) 68.3% Samuel F. Kanis (R) 31.7%"
"New Jersey 14","Dominick V. Daniels","Democratic","1958","Re-elected","Dominick V. Daniels (D) 57.3% Frank A. Musto (R) 41.7% Patrick J. Loori (I) 1.0%"

