"District","Incumbent","Party","First elected","Result","Candidates"
"South Carolina 1","George Swinton LegarÃ©","Democratic","1902","Re-elected","George Swinton LegarÃ© (D) 99.3% Aaron P. Prioleau (R) 0.7%"
"South Carolina 2","James O'H. Patterson","Democratic","1904","Re-elected","James O'H. Patterson (D) 95.3% Isaac Myers (R) 4.7%"
"South Carolina 3","Wyatt Aiken","Democratic","1902","Re-elected","Wyatt Aiken (D) 100%"
"South Carolina 4","Joseph T. Johnson","Democratic","1900","Re-elected","Joseph T. Johnson (D) 98.7% David C. Gist (R) 0.9% Others 0.4%"
"South Carolina 5","David E. Finley","Democratic","1898","Re-elected","David E. Finley (D) 100%"
"South Carolina 6","J. Edwin Ellerbe","Democratic","1904","Re-elected","J. Edwin Ellerbe (D) 100%"
"South Carolina 7","Asbury F. Lever","Democratic","1901 (special)","Re-elected","Asbury F. Lever (D) 97.6% Aaron D. Dantzler (R) 2.4%"

