"Folly","Buildings prized for their uselessness."
"Gravity hill","A hill that gives the illusion of objects rolling up it."
"List of Eiffel Tower replicas","Not as unique as you might have thought."
"List of fictional island nations","These islands have not been mistaken for submarines."
"List of tautological place names","Place names that contain truisms and say what they are."
"Pizza farm","All the ingredients of pizza, grown in one convenient location!"
"Spite house","Various houses built solely out of spite for their neighbors."
"Nail house","A tiny house completely surrounded by a hole in the ground from a massive construction project."

