"1438042989018_40_20150728002309-00067-ip-10-236-191-2_57714692_2","0","Group Organisation Band"
"80588006_0_6965325215443683359","1","Work Newspaper PeriodicalLiterature WrittenWork"
"71840765_0_6664391841933033844","0","BodyOfWater Place Lake Location NaturalPlace"
"1438042986423_95_20150728002306-00125-ip-10-236-191-2_88435628_5","0","SoccerPlayer Athlete Person"
"9567241_0_5666388268510912770","1","Work Newspaper PeriodicalLiterature WrittenWork"
"10579449_0_1681126353774891032","1","Work Newspaper PeriodicalLiterature WrittenWork"
"53989675_0_8697482470743954630","0","BodyOfWater Place Lake Location NaturalPlace"
"29414811_6_8221428333921653560","1","Work VideoGame Software"
"29414811_6_8221428333921653560","4","Organisation Company"
"45073662_0_3179937335063201739","1","BaseballPlayer Person Athlete"
"29414811_13_8724394428539174350","4","Organisation Company"
"29414811_13_8724394428539174350","1","Work VideoGame Software"
"14380604_4_3329235705746762392","1","Organisation Bank Company"
"14380604_4_3329235705746762392","2","PopulatedPlace Place Country Location"
"40534006_0_4617468856744635526","1","Wrestler Athlete Person"
"1438042989043_35_20150728002309-00287-ip-10-236-191-2_875026214_2","0","Mountain Place Location NaturalPlace"
"29414811_2_4773219892816395776","1","Work VideoGame Software"
"29414811_2_4773219892816395776","4","Organisation Company"
"75367212_2_2745466355267233390","1","Organisation Company"
"75367212_2_2745466355267233390","2","Organisation Company"
"75367212_2_2745466355267233390","0","Work VideoGame Software"
"29414811_12_251152470253168163","4","Organisation Company"
"29414811_12_251152470253168163","1","Work VideoGame Software"
"41336118_0_4331895026409635103","0","Organisation Company"
"60319454_0_3938426910282115527","0","Eukaryote Species Mammal Animal"
"43237185_1_3636357855502246981","3","Scientist Person"
"43237185_1_3636357855502246981","0","Scientist Person"
"43237185_1_3636357855502246981","2","College EducationalInstitution University Organisation"
"34041816_1_4749054164534706977","2","City PopulatedPlace Place Settlement Location"
"34041816_1_4749054164534706977","1","Infrastructure Airport ArchitecturalStructure Place Location"
"39650055_5_7135804139753401681","1","Organisation Company"
"11833461_1_3811022039809817402","0","Work VideoGame Software"
"11833461_1_3811022039809817402","1","Organisation Company"
"84575189_0_6365692015941409487","2","Work PeriodicalLiterature AcademicJournal WrittenWork"
"14067031_0_559833072073397908","1","Language"
"14067031_0_559833072073397908","7","Currency"
"14067031_0_559833072073397908","5","PopulatedPlace Place Settlement Location"
"14067031_0_559833072073397908","0","PopulatedPlace Place Country Location"
"16767252_0_2409448375013995751","3","Person"
"16767252_0_2409448375013995751","1","Work Film Wikidata:Q11424"
"50270082_0_444360818941411589","1","BaseballPlayer Person Athlete"
"58891288_0_1117541047012405958","1","Work Film Wikidata:Q11424"
"58891288_0_1117541047012405958","3","Person"
"77694908_0_6083291340991074532","1","Work Film Wikidata:Q11424"
"77694908_0_6083291340991074532","3","Person"
"39173938_0_7916056990138658530","1","Work Film Wikidata:Q11424"
"39173938_0_7916056990138658530","3","Person"
"84548468_0_5955155464119382182","3","Person"
"84548468_0_5955155464119382182","1","Work Film Wikidata:Q11424"
"69881946_0_1105130426898457358","1","Work Film Wikidata:Q11424"
"69881946_0_1105130426898457358","3","Person"
"39107734_2_2329160387535788734","1","Infrastructure Airport ArchitecturalStructure Place Location"
"21362676_0_6854186738074119688","3","Person"
"21362676_0_6854186738074119688","1","Work Film Wikidata:Q11424"
"20135078_0_7570343137119682530","3","Person"
"20135078_0_7570343137119682530","1","Work Film Wikidata:Q11424"
"25404227_0_2240631045609013057","3","Person"
"25404227_0_2240631045609013057","1","Work Film Wikidata:Q11424"
"8468806_0_4382447409703007384","1","BodyOfWater Place Lake Location NaturalPlace"
"8468806_0_4382447409703007384","2","PopulatedPlace Place Country Location"
"35188621_0_6058553107571275232","3","Person"
"35188621_0_6058553107571275232","1","Work Film Wikidata:Q11424"
"38428277_0_1311643810102462607","3","Person"
"38428277_0_1311643810102462607","1","Work Film Wikidata:Q11424"
"39759273_0_1427898308030295194","1","Work Film Wikidata:Q11424"
"39759273_0_1427898308030295194","3","Person"
"52299421_0_4473286348258170200","1","PopulatedPlace Place Country Location"
"9475172_1_1023126399856690702","1","Work TelevisionShow"
"33401079_0_9127583903019856402","0","Scientist Person"
"63450419_0_8012592961815711786","1","Eukaryote Species Plant"
"46671561_0_6122315295162029872","0","Work VideoGame Software"
"46671561_0_6122315295162029872","1","Single MusicalWork Work"
"37856682_0_6818907050314633217","0","PopulatedPlace Place Country Location"
"21245481_0_8730460088443117515","1","BodyOfWater Place Lake Location NaturalPlace"
"21245481_0_8730460088443117515","0","AdministrativeRegion Region PopulatedPlace Place Location"
"24036779_0_5608105867560183058","0","PopulatedPlace Place Country Location"
"41480166_0_6681239260286218499","0","Saint Person Cleric"
"26310680_0_5150772059999313798","1","Currency"
"26310680_0_5150772059999313798","0","PopulatedPlace Place Country Location"
"28086084_0_3127660530989916727","0","Saint Person Cleric"
"69537082_0_7789694313271016902","1","PopulatedPlace Place Country Location"
"66009064_0_9148652238372261251","0","BaseballPlayer Person Athlete"
"66009064_0_9148652238372261251","2","City PopulatedPlace Place Settlement Location"
"99070098_0_2074872741302696997","1","Mountain Place Location NaturalPlace"
"36102169_0_7739454799295072814","1","Organisation Company"
"36102169_0_7739454799295072814","2","Work VideoGame Software"
"9834884_0_3871985887467090123","1","Building Museum ArchitecturalStructure Place Location"
"9834884_0_3871985887467090123","2","PopulatedPlace Place Country Location"
"91959037_0_7907661684242014480","1","Work VideoGame Software"
"90196673_0_5458330029110291950","0","Eukaryote Species Animal Bird"
"54719588_0_8417197176086756912","3","Work Film Wikidata:Q11424"
"54719588_0_8417197176086756912","5","Person"
"54719588_0_8417197176086756912","4","PopulatedPlace Place Country Location"
"53822652_0_5767892317858575530","3","Person"
"53822652_0_5767892317858575530","1","Work Film Wikidata:Q11424"
"50245608_0_871275842592178099","0","Work Film Wikidata:Q11424"
"50245608_0_871275842592178099","3","Person"
"50245608_0_871275842592178099","4","Person"
"22864497_0_8632623712684511496","0","Work VideoGame Software"
"22864497_0_8632623712684511496","1","Organisation Company"
"88523363_0_8180214313099580515","0","Eukaryote Species Plant"
"88523363_0_8180214313099580515","2","Eukaryote Species Plant"
"13719111_1_5719401842463579519","0","Eukaryote Species Animal Bird"
