"\/eÉ\u0099(r)\/","\/É\u009CË\u0090(r)\/","IPA","Notes"
"air","err","Ë\u0088É\u009CË\u0090(r)"
"Baird","bird","Ë\u0088bÉ\u009CË\u0090(r)d"
"Baird","burd","Ë\u0088bÉ\u009CË\u0090(r)d"
"Baird","burred","Ë\u0088bÉ\u009CË\u0090(r)d"
"bare","burr","Ë\u0088bÉ\u009CË\u0090(r)d"
"bared","bird","Ë\u0088bÉ\u009CË\u0090(r)d"
"bared","burd","Ë\u0088bÉ\u009CË\u0090(r)d"
"bared","burred","Ë\u0088bÉ\u009CË\u0090(r)d"
"bear","burr","Ë\u0088bÉ\u009CË\u0090(r)"
"Blair","blur","Ë\u0088blÉ\u009CË\u0090(r)"
"blare","blur","Ë\u0088blÉ\u009CË\u0090(r)"
"cairn","kern","Ë\u0088kÉ\u009CË\u0090(r)n"
"care","cur","Ë\u0088kÉ\u009CË\u0090(r)"
"care","curr","Ë\u0088kÉ\u009CË\u0090(r)"
"cared","curd","Ë\u0088kÉ\u009CË\u0090(r)d"
"cared","curred","Ë\u0088kÉ\u009CË\u0090(r)d"
"cared","Kurd","Ë\u0088kÉ\u009CË\u0090(r)d"
"chair","chirr","Ë\u0088tÊ\u0083É\u009CË\u0090(r)"
"ere","err","Ë\u0088É\u009CË\u0090(r)"
"fair","fir","Ë\u0088fÉ\u009CË\u0090(r)"
"fair","fur","Ë\u0088fÉ\u009CË\u0090(r)"
"fare","fir","Ë\u0088fÉ\u009CË\u0090(r)"
"fare","fur","Ë\u0088fÉ\u009CË\u0090(r)"
"hair","her","Ë\u0088hÉ\u009CË\u0090(r)"
"haired","heard","Ë\u0088hÉ\u009CË\u0090(r)d"
"haired","herd","Ë\u0088hÉ\u009CË\u0090(r)d"
"hare","her","Ë\u0088hÉ\u009CË\u0090(r)"
"heir","err","Ë\u0088É\u009CË\u0090(r)"
"pair","per","Ë\u0088pÉ\u009CË\u0090(r)"
"pair","purr","Ë\u0088pÉ\u009CË\u0090(r)"
"pare","per","Ë\u0088pÉ\u009CË\u0090(r)"
"pare","purr","Ë\u0088pÉ\u009CË\u0090(r)"
"pear","per","Ë\u0088pÉ\u009CË\u0090(r)"
"pear","purr","Ë\u0088pÉ\u009CË\u0090(r)"
"share","sure","Ë\u0088Ê\u0083É\u009CË\u0090(r)","With cureâ\u0080\u0093fir merger."
"spare","spur","Ë\u0088spÉ\u009CË\u0090(r)"
"stair","stir","Ë\u0088stÉ\u009CË\u0090(r)"
"stare","stir","Ë\u0088stÉ\u009CË\u0090(r)"
"ware","whir","Ë\u0088wÉ\u009CË\u0090(r)","With wineâ\u0080\u0093whine merger."
"ware","were","Ë\u0088wÉ\u009CË\u0090(r)"
"wear","whir","Ë\u0088wÉ\u009CË\u0090(r)","With wineâ\u0080\u0093whine merger."
"wear","were","Ë\u0088wÉ\u009CË\u0090(r)"
"where","were","Ë\u0088wÉ\u009CË\u0090(r)","With wineâ\u0080\u0093whine merger."
"where","whir","Ë\u0088hwÉ\u009CË\u0090(r)"

