"Season","Best Drama Series","Best Comedy Series"
"1996â\u0080\u009397","Logo Timis and Vammenos Ilios",""
"1997â\u0080\u009398","I agapi argise mia mera","Dyo Xenoi"
"1998â\u0080\u009399","I Aithousa tou Thronou","Vios Anthospartos"
"1999â\u0080\u009300","Ystera irthan oi Melisses","Kati Trehei me tous Dipla"
"2000â\u0080\u009301","Na Me Proseheis","Pappoudes En Drasei"
"2001â\u0080\u009302","","Eisai to Tairi mou"
"2002â\u0080\u009303","Kleise ta Matia","Akros Oikogeneiako"
"2003â\u0080\u009304","Leni","Savvatogennimenes"
"2004â\u0080\u009305","",""
"2005â\u0080\u009306","","Sto Para Pente"
"2006â\u0080\u009307","",""
"2007â\u0080\u009308","To Deka","Eftyhismenoi Mazi"
"2008â\u0080\u009309","Kostas Karyotakis","Mavra Mesanyhta"

