"#","Date","Venue","Opponent","Score","Result","Competition"
"1.","27 June 1989","Miami Orange Bowl, Miami, United States","Haiti","4â\u0080\u00930","4â\u0080\u00930","Friendly"
"2.","3 July 1989","EstÃ¡dio Fonte Nova, Salvador, Brazil","Venezuela","3â\u0080\u00930","4â\u0080\u00932","1989 Copa AmÃ©rica"
"3.","3 February 1991","Miami Orange Bowl, Miami, United States","Switzerland","2â\u0080\u00930","2â\u0080\u00933","1991 Miami Cup"
"4.","25 June 1991","Estadio Nacional, San JosÃ©, Costa Rica","Costa Rica","1â\u0080\u00930","1â\u0080\u00930","Friendly"
"5.","7 July 1991","Estadio Playa Ancha, ValparaÃ­so, Chile","Ecuador","1â\u0080\u00930","1â\u0080\u00930","1991 Copa AmÃ©rica"
"6.","13 July 1991","Estadio Sausalito, ViÃ±a del Mar, Chile","Brazil","1â\u0080\u00930","2â\u0080\u00930","1991 Copa AmÃ©rica"
"7.","21 July 1991","Estadio Nacional Julio MartÃ­nez PrÃ¡danos, Santiago, Chile","Argentina","1â\u0080\u00932","1â\u0080\u00932","1991 Copa AmÃ©rica"
"8.","31 March 1993","Estadio Atanasio Girardot, MedellÃ­n, Colombia","Costa Rica","2â\u0080\u00930","4â\u0080\u00931","Friendly"
"9.","17 April 1994","Estadio Centenario, Armenia, Colombia","Nigeria","1â\u0080\u00930","1â\u0080\u00930","Friendly"
"10.","5 May 1994","Miami Orange Bowl, Miami, United States","El Salvador","2â\u0080\u00930","3â\u0080\u00930","1994 Miami Cup"
"11.","7 July 1996","Estadio Metropolitano Roberto MelÃ©ndez, Barranquilla, Colombia","Uruguay","3â\u0080\u00931","3â\u0080\u00931","1998 FIFA World Cup qualification"
"12.","20 July 1997","Estadio Metropolitano Roberto MelÃ©ndez, Barranquilla, Colombia","Ecuador","1â\u0080\u00930","1â\u0080\u00930","1998 FIFA World Cup qualification"
"13.","20 August 1997","Estadio Metropolitano Roberto MelÃ©ndez, Barranquilla, Colombia","Bolivia","1â\u0080\u00930","3â\u0080\u00930","1998 FIFA World Cup qualification"

