"18 Wins (13 knockouts, 5 decisions), 0 Losses, 0 Draw [7]"
"Res.","Record","Opponent","Type","Rd., Time","Date","Location","Notes"
"Win","18-0","Joey Abell","KO","2 (10)","2015-11-28","Videotron Centre, Quebec City, Quebec",""
"Win","17-0","Jason Pettaway","TKO","1 (8)","2015-06-26","Little Creek Casino Resort, Shelton, Washington",""
"Win","16-0","Oezcan Cetinkaya","TKO","1 (8)","2015-04-04","ColisÃ©e Pepsi, Quebec City, Quebec",""
"Win","15-0","Eric Barrak","TKO","2 (8)","2014-09-23","Casino de MontrÃ©al, Quebec",""
"Win","14-0","Daniel Cota","TKO","5 (6)","2014-08-22","Complexe Sportif Sportscene, Mont-Saint-Hilaire, Quebec",""
"Win","13-0","Shawn Cox","TKO","3 (8), 2:53","2014-01-18","Bell Centre, Montreal, Quebec",""
"Win","12-0","Laszlo Peczeli","KO","1 (8), 0:23","2012-12-14","Bell Centre, Montreal, Quebec",""
"Win","11-0","Sylvera Louis","SD","8 (8)","2012-06-08","Bell Centre, Montreal, Quebec",""
"Win","10-0","Stephane Tessier","UD","6 (6)","2012-04-20","Bell Centre, Montreal, Quebec",""
"Win","9-0","Ivica Perkovic","TKO","3 (8), 0:51","2012-22-18","Bell Centre, Montreal, Quebec",""
"Win","8-0","Matthew Greer","TKO","3 (8), 2:59","2011-12-10","Bell Centre, Montreal, Quebec",""
"Win","7-0","Edgars Kalnars","KO","1 (6), 1:25","2011-10-20","Bell Centre, Montreal, Quebec",""
"Win","6-0","Zsolt Zathureczky","TKO","1 (6), 2:05","2011-05-21","Bell Centre, Montreal, Quebec",""
"Win","5-0","Wilfrido Leal","KO","6 (6), 1:13","2011-04-08","Bell Centre, Montreal, Quebec",""
"Win","4-0","David Whittom","MD","4 (4)","2011-02-11","Bell Centre, Montreal, Quebec",""
"Win","3-0","Ramon Hayes","UD","4 (4)","2009-11-07","Casino de MontrÃ©al, Montreal, Quebec",""
"Win","2-0","Stephane Tessier","UD","4 (4)","2009-10-03","Casino de MontrÃ©al, Montreal, Quebec",""
"Win","1-0","Joe Stofle","TKO","3 (4), 1:33","2009-08-28","Casino de MontrÃ©al, Montreal, Quebec","Rivas's Professional Debut."

