"Club","Season","League","Cup","Continental","Total"
"Club","Season","Division","Apps","Goals","Apps","Goals","Apps","Goals","Apps","Goals"
"SC Freiburg","2008-09","2. Bundesliga","30","4","1","0","â\u0080\u0094","31","4"
"SC Freiburg","2009-10","Bundesliga","14","0","0","0","â\u0080\u0094","14","0"
"SC Freiburg","2010-11","Bundesliga","24","0","1","0","â\u0080\u0094","25","0"
"SC Freiburg","Total","68","4","2","0","â\u0080\u0094","70","4"
"Bayer Leverkusen","2011-12","Bundesliga","27","0","1","0","6","0","34","0"
"Bayer Leverkusen","2012-13","Bundesliga","26","1","2","0","4","0","32","1"
"Bayer Leverkusen","2013-14","Bundesliga","28","1","3","0","8","2","39","3"
"Bayer Leverkusen","2014-15","Bundesliga","29","1","3","0","9","0","41","1"
"Bayer Leverkusen","2015-16","Bundesliga","9","0","1","0","3","0","13","0"
"Bayer Leverkusen","Total","119","3","10","0","30","2","158","5"
"Career total","187","7","12","0","30","2","225","9"

