"Character","Likeness","Voiced by"
"James Bond","Pierce Brosnan","Adam Blackwood"
"Dr. Melody Chase","unknown","Kim Restell"
"Cherise Litte","unknown","Rebecca Reichert"
"Hammond Litte","unknown","Tim Bentinck"
"Xenia Onatopp","Famke Janssen","Elizabeth Carol Savenkoff"
"Valentin Zukovsky","Robbie Coltrane","Adam Blackwood"
"\"Q\"","Desmond Llewelyn","Miles Anderson"
"\"R\"","John Cleese","John Cleese"
"\"M\"","Judi Dench","Caron Pascoe"
"Jaws","Richard Kiel","N\/A"
"Jack Wade","Joe Don Baker","Bill Mondy"
"Georgi Koskov","Jeroen Krabbe","Alistair Abell"

