col0,col1,col2,col3,col4
W. Maclagan,E. Maclagan,British people,Edinburgh,1910-09-19
W. Sihler,E. G. Sihler,German American,Bernstadt auf dem Eigen,1885-10-27
T. Hopko,Archpriest,United States,New York,2015-03-18
P. A. VI,C. Borgia,Crown of Aragon,Xàtiva,1503-08-18
J. Alden,W. L. Alden,United States,"Cairo, New York",1885-08-30
J. M. Wainwright,Jonathan Mayhew Wainwright II,English people,Liverpool,1854-09-21
J. Monteith,A. Tappan,United States,"Gettysburg, Pennsylvania",1868-04-05
Erik Benzelius the Elder,Erik Benzelius the younger,Swedes,Luleå Municipality,1709-2-17
C. Blomfield,A. Blomfield,British people,Bury St Edmunds,1857-08-05
