"Year","Time","Athlete","Location"
"2015","26:50.97","Mo Farah (GBR)","Eugene"
"2014","26:44.36","Galen Rupp (USA)","Eugene"
"2013","26:51.02","Dejen Gebremeskel (ETH)","Sollentuna"
"2012","26:51.16","Emmanuel Kipkemei Bett (KEN)","Brussels"
"2011","26:43.16","Kenenisa Bekele (ETH)","Brussels"
"2010","26:56.74","Josphat Kiprono Menjo (KEN)","Turku"
"2009","26:46.31","Kenenisa Bekele (ETH)","Berlin"
"2008","26:25.97","Kenenisa Bekele (ETH)","Eugene"
"2007","26:46.19","Kenenisa Bekele (ETH)","Brussels"
"2006","26:35.63","Micah Kogo (KEN)","Brussels"
"2005","26:17.53","Kenenisa Bekele (ETH)","Brussels"
"2004","26:20.31","Kenenisa Bekele (ETH)","Ostrava"
"2003","26:29.22","Haile Gebrselassie (ETH)","Brussels"
"2002","26:49.38","Sammy Kipketer (KEN)","Brussels"
"2001","27:04.20","Abraham Chebii (KEN)","Palo Alto"
"2000","27:03.87","Paul Tergat (KEN)","Brussels"
"1999","26:51.49","Charles Kamathi (KEN)","Brussels"
"1998","26:22.75","Haile Gebrselassie (ETH)","Hengelo"
"1997","26:27.85","Paul Tergat (KEN)","Brussels"
"1996","26:38.08","Salah Hissou (MAR)","Brussels"
"1995","26:43.53","Haile Gebrselassie (ETH)","Hengelo"
"1994","26:52.23","William Sigei (KEN)","Oslo"
"1993","26:58.38","Yobes Ondieki (KEN)","Oslo"
"1992","27:14.26","Fita Bayisa (ETH)","Oslo"
"1991","27:11.18","Richard Chelimo (KEN)","Hengelo"
"1990","27:18.22","Arturo Barrios (MEX)","Berlin"
"1989","27:08.23","Arturo Barrios (MEX)","Berlin"
"1988","27:21.46","Brahim Boutayeb (MAR)","Seoul"
"1987","27:26.95","Francesco Panetta (ITA)","Stockholm"
"1986","27:20.56","Mark Nenow (USA)","Brussels"
"1985","27:37.17","Bruce Bickford (USA)","Stockholm"
"1984","27:13.81","Fernando Mamede (POR)","Stockholm"
"1983","27:23.44","Carlos Lopes (POR)","Oslo"
"1982","27:22.95","Fernando Mamede (POR)","Paris"
"1981","27:27.1","Fernando Mamede (POR)","Lisbon"
"1980","27:29.16","Craig Virgin (USA)","Paris"
"1979","27:36.8","Karl Fleschen (FRG)","Troisdorf"
"1978","27:22.47","Henry Rono (KEN)","Vienna"
"1977","27:30.47","Samson Kimobwa (KEN)","Helsinki"
"1976","27:40.38","Lasse Viren (FIN)","Montreal"
"1975","27:45.43","Brendan Foster (GBR)","London"
"1974","27:43.6","Steve Prefontaine (USA)","Eugene"
"1973","27:30.80","Dave Bedford (GBR)","London"
"1972","27:38.4","Lasse Viren (FIN)","Munich"
"1971","27:47.0","Dave Bedford (GBR)","Portsmouth"
"1970","28:06.2","Dave Bedford (GBR)","Warsaw"

