col0,col1,col2,col3,col4,col5
Roman Catholic Diocese of Penedo,Roman Catholic Archdiocese of Maceió,Roman Catholic Archdiocese of Maceió,Roman Catholic Archdiocese of Maceió,8298000,8298000
Roman Catholic Diocese of Penang,Roman Catholic Archdiocese of Kuala Lumpur,Roman Catholic Archdiocese of Kuala Lumpur,Roman Catholic Archdiocese of Kuala Lumpur,46855000000,46855000000
Roman Catholic Diocese of Pekhon,Archdiocese of Taunggyi,Archdiocese of Taunggyi,Archdiocese of Taunggyi,25890000000,25890000000
Roman Catholic Diocese of Pavia,Roman Catholic Archdiocese of Milan,Roman Catholic Archdiocese of Milan,Roman Catholic Archdiocese of Milan,782000000,782000000
Roman Catholic Diocese of Paulo Afonso,Roman Catholic Archdiocese of Feira de Santana,Roman Catholic Archdiocese of Feira de Santana,Roman Catholic Archdiocese of Feira de Santana,36913000000,36913000000
Roman Catholic Diocese of Patti,Roman Catholic Archdiocese of Messina-Lipari-Santa Lucia del Mela,Roman Catholic Archdiocese of Messina-Lipari-Santa Lucia del Mela,Roman Catholic Archdiocese of Messina-Lipari-Santa Lucia del Mela,1648000000,1648000000
Roman Catholic Diocese of Patos de Minas,Roman Catholic Archdiocese of Uberaba,Roman Catholic Archdiocese of Uberaba,Roman Catholic Archdiocese of Uberaba,33068000000,33068000000
Roman Catholic Diocese of Patos,Roman Catholic Archdiocese of Paraíba,Roman Catholic Archdiocese of Paraíba,Roman Catholic Archdiocese of Paraíba,11000000000,11000000000
Roman Catholic Diocese of Pathein,Roman Catholic Archdiocese of Yangon,Roman Catholic Archdiocese of Yangon,Roman Catholic Archdiocese of Yangon,25328000000,25328000000
Roman Catholic Diocese of Pasto,Roman Catholic Archdiocese of Popayán,Roman Catholic Archdiocese of Popayán,Roman Catholic Archdiocese of Popayán,6813000000,6813000000
Roman Catholic Diocese of Passau,Roman Catholic Archdiocese of Munich and Freising,Roman Catholic Archdiocese of Munich and Freising,Roman Catholic Archdiocese of Munich and Freising,5442000000,5442000000
Roman Catholic Diocese of Pasig,Roman Catholic Archdiocese of Manila,Roman Catholic Archdiocese of Manila,Roman Catholic Archdiocese of Manila,78000000,78000000
Roman Catholic Diocese of Parral,Roman Catholic Archdiocese of Chihuahua,Roman Catholic Archdiocese of Chihuahua,Roman Catholic Archdiocese of Chihuahua,43698279397,43698279397
Roman Catholic Diocese of Parnaíba,Roman Catholic Archdiocese of Teresina,Roman Catholic Archdiocese of Teresina,Roman Catholic Archdiocese of Teresina,20565000000,20565000000
Roman Catholic Diocese of Parma,Roman Catholic Archdiocese of Modena-Nonantola,Roman Catholic Archdiocese of Modena-Nonantola,Roman Catholic Archdiocese of Modena-Nonantola,2100000000,2100000000
Roman Catholic Diocese of Parintins,Roman Catholic Archdiocese of Manaus,Roman Catholic Archdiocese of Manaus,Roman Catholic Archdiocese of Manaus,75654000000,75654000000
Roman Catholic Diocese of Parañaque,Roman Catholic Archdiocese of Manila,Roman Catholic Archdiocese of Manila,Roman Catholic Archdiocese of Manila,126000000,126000000
Roman Catholic Diocese of Paranavaí,Roman Catholic Archdiocese of Maringá,Roman Catholic Archdiocese of Maringá,Roman Catholic Archdiocese of Maringá,8699000000,8699000000
Roman Catholic Diocese of Paranaguá,Roman Catholic Archdiocese of Curitiba,Roman Catholic Archdiocese of Curitiba,Roman Catholic Archdiocese of Curitiba,12992000000,12992000000
Roman Catholic Diocese of Paramaribo,Roman Catholic Archdiocese of Port of Spain,Roman Catholic Archdiocese of Port of Spain,Roman Catholic Archdiocese of Port of Spain,163265000000,163265000000
Roman Catholic Diocese of Paracatu,Roman Catholic Archdiocese of Montes Claros,Roman Catholic Archdiocese of Montes Claros,Roman Catholic Archdiocese of Montes Claros,54387000000,54387000000
Roman Catholic Diocese of Parañaque,Roman Catholic Archdiocese of Manila,Roman Catholic Archdiocese of Manila,Roman Catholic Archdiocese of Manila,126000000,126000000
Roman Catholic Diocese of Papantla,Roman Catholic Archdiocese of Jalapa,Roman Catholic Archdiocese of Jalapa,Roman Catholic Archdiocese of Jalapa,12004594891,12004594891
Roman Catholic Diocese of Pangkal-Pinang,Roman Catholic Archdiocese of Palembang,Roman Catholic Archdiocese of Palembang,Roman Catholic Archdiocese of Palembang,30442000000,30442000000
Roman Catholic Diocese of Panevėžys,Roman Catholic Archdiocese of Vilnius,Roman Catholic Archdiocese of Vilnius,Roman Catholic Archdiocese of Vilnius,13000000000,13000000000
Roman Catholic Diocese of Pamiers,Roman Catholic Archdiocese of Toulouse,Roman Catholic Archdiocese of Toulouse,Roman Catholic Archdiocese of Toulouse,4903000000,4903000000
Roman Catholic Diocese of Palmeira dos Índios,Roman Catholic Archdiocese of Maceió,Roman Catholic Archdiocese of Maceió,Roman Catholic Archdiocese of Maceió,11027000000,11027000000
Roman Catholic Diocese of Palmas–Francisco Beltrão,Roman Catholic Archdiocese of Cascavel,Roman Catholic Archdiocese of Cascavel,Roman Catholic Archdiocese of Cascavel,17964000000,17964000000
Roman Catholic Diocese of Palmares,Roman Catholic Archdiocese of Olinda e Recife,Roman Catholic Archdiocese of Olinda e Recife,Roman Catholic Archdiocese of Olinda e Recife,3797000000,3797000000
Roman Catholic Diocese of Palencia,Roman Catholic Archdiocese of Burgos,Roman Catholic Archdiocese of Burgos,Roman Catholic Archdiocese of Burgos,8028000000,8028000000
Roman Catholic Diocese of Palayamkottai,Roman Catholic Archdiocese of Madurai,Roman Catholic Archdiocese of Madurai,Roman Catholic Archdiocese of Madurai,6102000000,6102000000
Roman Catholic Diocese of Palangkaraya,Roman Catholic Archdiocese of Samarinda,Roman Catholic Archdiocese of Samarinda,Roman Catholic Archdiocese of Samarinda,153564000000,153564000000
Roman Catholic Diocese of Paisley,Roman Catholic Archdiocese of Glasgow,Roman Catholic Archdiocese of Glasgow,Roman Catholic Archdiocese of Glasgow,580000000,580000000
Roman Catholic Diocese of Pagadian,Archdiocese of Ozamis,Archdiocese of Ozamis,Archdiocese of Ozamis,2860000000,2860000000
Roman Catholic Diocese of Padang,Roman Catholic Archdiocese of Medan,Roman Catholic Archdiocese of Medan,Roman Catholic Archdiocese of Medan,132959000000,132959000000
Roman Catholic Diocese of Płock,Roman Catholic Archdiocese of Warsaw,Roman Catholic Archdiocese of Warsaw,Roman Catholic Archdiocese of Warsaw,11000000000,11000000000
Roman Catholic Diocese of Périgueux,Roman Catholic Archdiocese of Bordeaux,Roman Catholic Archdiocese of Bordeaux,Roman Catholic Archdiocese of Bordeaux,9060000000,9060000000
Roman Catholic Diocese of Pécs,Roman Catholic Archdiocese of Kalocsa-Kecskemét,Roman Catholic Archdiocese of Kalocsa-Kecskemét,Roman Catholic Archdiocese of Kalocsa-Kecskemét,8200000000,8200000000
Roman Catholic Diocese of Ozieri,Roman Catholic Archdiocese of Sassari,Roman Catholic Archdiocese of Sassari,Roman Catholic Archdiocese of Sassari,2269000000,2269000000
Roman Catholic Diocese of Oyo,Roman Catholic Archdiocese of Ibadan,Roman Catholic Archdiocese of Ibadan,Roman Catholic Archdiocese of Ibadan,18000000000,18000000000
Roman Catholic Diocese of Owando,Roman Catholic Archdiocese of Brazzaville,Roman Catholic Archdiocese of Brazzaville,Roman Catholic Archdiocese of Brazzaville,113250000000,113250000000
Roman Catholic Diocese of Ourinhos,Roman Catholic Archdiocese of Botucatu,Roman Catholic Archdiocese of Botucatu,Roman Catholic Archdiocese of Botucatu,6713000000,6713000000
Roman Catholic Diocese of Ourense,Roman Catholic Archdiocese of Santiago de Compostela,Roman Catholic Archdiocese of Santiago de Compostela,Roman Catholic Archdiocese of Santiago de Compostela,5281000000,5281000000
Roman Catholic Diocese of Ouesso,Roman Catholic Archdiocese of Brazzaville,Roman Catholic Archdiocese of Brazzaville,Roman Catholic Archdiocese of Brazzaville,55795000000,55795000000
Roman Catholic Diocese of Otukpo,Roman Catholic Archdiocese of Abuja,Roman Catholic Archdiocese of Abuja,Roman Catholic Archdiocese of Abuja,24461000000,24461000000
Roman Catholic Diocese of Osório,Roman Catholic Archdiocese of Porto Alegre,Roman Catholic Archdiocese of Porto Alegre,Roman Catholic Archdiocese of Porto Alegre,6210000000,6210000000
Roman Catholic Diocese of Ossory,Roman Catholic Archdiocese of Dublin,Roman Catholic Archdiocese of Dublin,Roman Catholic Archdiocese of Dublin,1970980951,1970980951
Roman Catholic Diocese of Osorno,Roman Catholic Archdiocese of Puerto Montt,Roman Catholic Archdiocese of Puerto Montt,Roman Catholic Archdiocese of Puerto Montt,9236000000,9236000000
Roman Catholic Diocese of Osogbo,Roman Catholic Archdiocese of Ibadan,Roman Catholic Archdiocese of Ibadan,Roman Catholic Archdiocese of Ibadan,8062000000,8062000000
Roman Catholic Diocese of Osma-Soria,Roman Catholic Archdiocese of Burgos,Roman Catholic Archdiocese of Burgos,Roman Catholic Archdiocese of Burgos,10328000000,10328000000
Roman Catholic Diocese of Osasco,Roman Catholic Archdiocese of São Paulo,Roman Catholic Archdiocese of São Paulo,Roman Catholic Archdiocese of São Paulo,2416000000,2416000000
Roman Catholic Diocese of Osório,Roman Catholic Archdiocese of Porto Alegre,Roman Catholic Archdiocese of Porto Alegre,Roman Catholic Archdiocese of Porto Alegre,6210000000,6210000000
Roman Catholic Diocese of Orán,Roman Catholic Archdiocese of Salta,Roman Catholic Archdiocese of Salta,Roman Catholic Archdiocese of Salta,55000000000,55000000000
Roman Catholic Diocese of Orvieto-Todi,Holy See,Holy See,Holy See,1200000000,1200000000
Roman Catholic Diocese of Oruro,Roman Catholic Archdiocese of Cochabamba,Roman Catholic Archdiocese of Cochabamba,Roman Catholic Archdiocese of Cochabamba,53588000000,53588000000
Roman Catholic Diocese of Orléans,Roman Catholic Archdiocese of Tours,Roman Catholic Archdiocese of Tours,Roman Catholic Archdiocese of Tours,6811000000,6811000000
Roman Catholic Diocese of Orizaba,Roman Catholic Archdiocese of Jalapa,Roman Catholic Archdiocese of Jalapa,Roman Catholic Archdiocese of Jalapa,2012420761,2012420761
Roman Catholic Diocese of Oria,Roman Catholic Archdiocese of Taranto,Roman Catholic Archdiocese of Taranto,Roman Catholic Archdiocese of Taranto,921000000,921000000
Roman Catholic Diocese of Oradea Mare,Roman Catholic Archdiocese of Bucharest,Roman Catholic Archdiocese of Bucharest,Roman Catholic Archdiocese of Bucharest,12152000000,12152000000
Roman Catholic Diocese of Orán,Roman Catholic Archdiocese of Salta,Roman Catholic Archdiocese of Salta,Roman Catholic Archdiocese of Salta,55000000000,55000000000
Roman Catholic Diocese of Oppido Mamertina-Palmi,Roman Catholic Archdiocese of Reggio Calabria-Bova,Roman Catholic Archdiocese of Reggio Calabria-Bova,Roman Catholic Archdiocese of Reggio Calabria-Bova,930000000,930000000
Roman Catholic Diocese of Ootacamund,Roman Catholic Archdiocese of Madras and Mylapore,Roman Catholic Archdiocese of Madras and Mylapore,Roman Catholic Archdiocese of Madras and Mylapore,7312000000,7312000000
Roman Catholic Diocese of Ondo,Roman Catholic Archdiocese of Ibadan,Roman Catholic Archdiocese of Ibadan,Roman Catholic Archdiocese of Ibadan,15518000000,15518000000
Roman Catholic Diocese of Oliveira,Roman Catholic Archdiocese of Belo Horizonte,Roman Catholic Archdiocese of Belo Horizonte,Roman Catholic Archdiocese of Belo Horizonte,7738000000,7738000000
Roman Catholic Diocese of Okigwe,Roman Catholic Archdiocese of Owerri,Roman Catholic Archdiocese of Owerri,Roman Catholic Archdiocese of Owerri,1824000000,1824000000
Roman Catholic Diocese of Oita,Roman Catholic Archdiocese of Nagasaki,Roman Catholic Archdiocese of Nagasaki,Roman Catholic Archdiocese of Nagasaki,14072000000,14072000000
Roman Catholic Diocese of Ogoja,Roman Catholic Archdiocese of Calabar,Roman Catholic Archdiocese of Calabar,Roman Catholic Archdiocese of Calabar,12557000000,12557000000
Roman Catholic Diocese of Ogdensburg,Archdiocese of New York,Archdiocese of New York,Archdiocese of New York,31173096896,31173096896
Roman Catholic Diocese of Oeiras,Roman Catholic Archdiocese of Teresina,Roman Catholic Archdiocese of Teresina,Roman Catholic Archdiocese of Teresina,58697000000,58697000000
Roman Catholic Diocese of Odessa-Simferopol,Roman Catholic Archdiocese of Lviv,Roman Catholic Archdiocese of Lviv,Roman Catholic Archdiocese of Lviv,138000000000,138000000000
Roman Catholic Diocese of Ocaña,Roman Catholic Archdiocese of Nueva Pamplona,Roman Catholic Archdiocese of Nueva Pamplona,Roman Catholic Archdiocese of Nueva Pamplona,18000000000,18000000000
Roman Catholic Diocese of Oberá,Roman Catholic Archdiocese of Corrientes,Roman Catholic Archdiocese of Corrientes,Roman Catholic Archdiocese of Corrientes,78074000000,78074000000
Roman Catholic Diocese of Oakland,Roman Catholic Archdiocese of San Francisco,Roman Catholic Archdiocese of San Francisco,Roman Catholic Archdiocese of San Francisco,3799512557,3799512557
Roman Catholic Diocese of Nîmes,Roman Catholic Archdiocese of Montpellier,Roman Catholic Archdiocese of Montpellier,Roman Catholic Archdiocese of Montpellier,5880000000,5880000000
Roman Catholic Diocese of Nuoro,Roman Catholic Archdiocese of Cagliari,Roman Catholic Archdiocese of Cagliari,Roman Catholic Archdiocese of Cagliari,2806000000,2806000000
Roman Catholic Diocese of Nuevo Laredo,Roman Catholic Archdiocese of Monterrey,Roman Catholic Archdiocese of Monterrey,Roman Catholic Archdiocese of Monterrey,19383471017,19383471017
Roman Catholic Diocese of Nuevo Casas Grandes,Roman Catholic Archdiocese of Chihuahua,Roman Catholic Archdiocese of Chihuahua,Roman Catholic Archdiocese of Chihuahua,36332353211,36332353211
Roman Catholic Diocese of Nueve de Julio,Roman Catholic Archdiocese of La Plata in Argentina,Roman Catholic Archdiocese of La Plata in Argentina,Roman Catholic Archdiocese of La Plata in Argentina,56743000000,56743000000
Roman Catholic Diocese of Nuestra Señora de la Altagracia in Higüey,Roman Catholic Archdiocese of Santo Domingo,Roman Catholic Archdiocese of Santo Domingo,Roman Catholic Archdiocese of Santo Domingo,5437000000,5437000000
Roman Catholic Diocese of Nsukka,Roman Catholic Archdiocese of Onitsha,Roman Catholic Archdiocese of Onitsha,Roman Catholic Archdiocese of Onitsha,3792000000,3792000000
Roman Catholic Diocese of Novo Mesto,Roman Catholic Archdiocese of Ljubljana,Roman Catholic Archdiocese of Ljubljana,Roman Catholic Archdiocese of Ljubljana,2160000000,2160000000
Roman Catholic Diocese of Novo Hamburgo,Roman Catholic Archdiocese of Porto Alegre,Roman Catholic Archdiocese of Porto Alegre,Roman Catholic Archdiocese of Porto Alegre,3691000000,3691000000
Roman Catholic Diocese of Novara,Roman Catholic Archdiocese of Vercelli,Roman Catholic Archdiocese of Vercelli,Roman Catholic Archdiocese of Vercelli,4283000000,4283000000
Roman Catholic Diocese of Novaliches,Roman Catholic Archdiocese of Manila,Roman Catholic Archdiocese of Manila,Roman Catholic Archdiocese of Manila,138000000,138000000
Roman Catholic Diocese of Nova Iguaçu,Roman Catholic Archdiocese of São Sebastião do Rio de Janeiro,Roman Catholic Archdiocese of São Sebastião do Rio de Janeiro,Roman Catholic Archdiocese of São Sebastião do Rio de Janeiro,983000000,983000000
Roman Catholic Diocese of Nova Friburgo,Roman Catholic Archdiocese of Niterói,Roman Catholic Archdiocese of Niterói,Roman Catholic Archdiocese of Niterói,10086000000,10086000000
Roman Catholic Diocese of Nottingham,Province of Westminster,Province of Westminster,Province of Westminster,13000000000,13000000000
Roman Catholic Diocese of Noto,Roman Catholic Archdiocese of Siracusa,Roman Catholic Archdiocese of Siracusa,Roman Catholic Archdiocese of Siracusa,1355000000,1355000000
Roman Catholic Diocese of Northampton,Province of Westminster,Province of Westminster,Province of Westminster,3419000000,3419000000
Roman Catholic Diocese of Nongstoin,Roman Catholic Archdiocese of Shillong,Roman Catholic Archdiocese of Shillong,Roman Catholic Archdiocese of Shillong,5247000000,5247000000
Roman Catholic Diocese of Nola,Roman Catholic Archdiocese of Naples,Roman Catholic Archdiocese of Naples,Roman Catholic Archdiocese of Naples,450000000,450000000
Roman Catholic Diocese of Nnewi,Roman Catholic Archdiocese of Onitsha,Roman Catholic Archdiocese of Onitsha,Roman Catholic Archdiocese of Onitsha,582747324,582747324
Roman Catholic Diocese of Ningyuan,Roman Catholic Archdiocese of Chongqing,Roman Catholic Archdiocese of Chongqing,Roman Catholic Archdiocese of Chongqing,120000000000,120000000000
Roman Catholic Diocese of Ningxia,Roman Catholic Archdiocese of Suiyuan,Roman Catholic Archdiocese of Suiyuan,Roman Catholic Archdiocese of Suiyuan,200000000000,200000000000
Roman Catholic Diocese of Ningbo,Roman Catholic Archdiocese of Hangzhou,Roman Catholic Archdiocese of Hangzhou,Roman Catholic Archdiocese of Hangzhou,20059000000,20059000000
Roman Catholic Diocese of Niigata,Roman Catholic Archdiocese of Tokyo,Roman Catholic Archdiocese of Tokyo,Roman Catholic Archdiocese of Tokyo,33517000000,33517000000
"Roman Catholic Diocese of Nicosia, Sicily",Roman Catholic Archdiocese of Messina-Lipari-Santa Lucia del Mela,Roman Catholic Archdiocese of Messina-Lipari-Santa Lucia del Mela,Roman Catholic Archdiocese of Messina-Lipari-Santa Lucia del Mela,1475000000,1475000000
Roman Catholic Diocese of Nice,Roman Catholic Archdiocese of Marseille,Roman Catholic Archdiocese of Marseille,Roman Catholic Archdiocese of Marseille,4283000000,4283000000
Roman Catholic Diocese of Nha Trang,Roman Catholic Archdiocese of Huế,Roman Catholic Archdiocese of Huế,Roman Catholic Archdiocese of Huế,9486000000,9486000000
Roman Catholic Diocese of Neyyattinkara,Latin Catholic Archdiocese of Trivandrum,Latin Catholic Archdiocese of Trivandrum,Latin Catholic Archdiocese of Trivandrum,1497000000,1497000000
Roman Catholic Diocese of New Ulm,Archdiocese of Saint Paul and Minneapolis,Archdiocese of Saint Paul and Minneapolis,Archdiocese of Saint Paul and Minneapolis,25545052732,25545052732
Roman Catholic Diocese of Nevers,Roman Catholic Archdiocese of Dijon,Roman Catholic Archdiocese of Dijon,Roman Catholic Archdiocese of Dijon,6816000000,6816000000
Roman Catholic Diocese of Neuquén,Roman Catholic Archdiocese of Mendoza,Roman Catholic Archdiocese of Mendoza,Roman Catholic Archdiocese of Mendoza,94078000000,94078000000
Roman Catholic Diocese of Netzahualcóyotl,Roman Catholic Archdiocese of Tlalnepantla,Roman Catholic Archdiocese of Tlalnepantla,Roman Catholic Archdiocese of Tlalnepantla,2408688942,2408688942
Roman Catholic Diocese of Nellore,Roman Catholic Archdiocese of Visakhapatnam,Roman Catholic Archdiocese of Visakhapatnam,Roman Catholic Archdiocese of Visakhapatnam,30800000000,30800000000
Roman Catholic Diocese of Neiva,Roman Catholic Archdiocese of Ibagué,Roman Catholic Archdiocese of Ibagué,Roman Catholic Archdiocese of Ibagué,10523000000,10523000000
Roman Catholic Diocese of Nazaré,Roman Catholic Archdiocese of Olinda e Recife,Roman Catholic Archdiocese of Olinda e Recife,Roman Catholic Archdiocese of Olinda e Recife,5986000000,5986000000
Roman Catholic Diocese of Naviraí,Roman Catholic Archdiocese of Campo Grande,Roman Catholic Archdiocese of Campo Grande,Roman Catholic Archdiocese of Campo Grande,35138000000,35138000000
Roman Catholic Diocese of Naval,Roman Catholic Archdiocese of Palo,Roman Catholic Archdiocese of Palo,Roman Catholic Archdiocese of Palo,1005000000,1005000000
Roman Catholic Diocese of Nashik,Roman Catholic Archdiocese of Bombay,Roman Catholic Archdiocese of Bombay,Roman Catholic Archdiocese of Bombay,57592000000,57592000000
Roman Catholic Diocese of Nardò-Gallipoli,Roman Catholic Archdiocese of Lecce,Roman Catholic Archdiocese of Lecce,Roman Catholic Archdiocese of Lecce,587000000,587000000
Roman Catholic Diocese of Nanyang,Roman Catholic Archdiocese of Kaifeng,Roman Catholic Archdiocese of Kaifeng,Roman Catholic Archdiocese of Kaifeng,12000000000,12000000000
Roman Catholic Diocese of Nantes,Roman Catholic Archdiocese of Rennes,Roman Catholic Archdiocese of Rennes,Roman Catholic Archdiocese of Rennes,6980000000,6980000000
Roman Catholic Diocese of Nanterre,Roman Catholic Archdiocese of Paris,Roman Catholic Archdiocese of Paris,Roman Catholic Archdiocese of Paris,175000000,175000000
Roman Catholic Diocese of Nanlong,Roman Catholic Archdiocese of Guiyang,Roman Catholic Archdiocese of Guiyang,Roman Catholic Archdiocese of Guiyang,45000000000,45000000000
Roman Catholic Diocese of Nancy,Roman Catholic Archdiocese of Besançon,Roman Catholic Archdiocese of Besançon,Roman Catholic Archdiocese of Besançon,5275000000,5275000000
Roman Catholic Diocese of Namur,Roman Catholic Archdiocese of Mechelen-Brussels,Roman Catholic Archdiocese of Mechelen-Brussels,Roman Catholic Archdiocese of Mechelen-Brussels,8100000000,8100000000
Roman Catholic Diocese of Nalgonda,Roman Catholic Archdiocese of Hyderabad,Roman Catholic Archdiocese of Hyderabad,Roman Catholic Archdiocese of Hyderabad,32161000000,32161000000
Roman Catholic Diocese of Nakhon Sawan,Archdiocese of Bangkok,Archdiocese of Bangkok,Archdiocese of Bangkok,93547000000,93547000000
Roman Catholic Diocese of Nakhon Ratchasima,Archdiocese of Thare and Nonseng,Archdiocese of Thare and Nonseng,Archdiocese of Thare and Nonseng,41148000000,41148000000
Roman Catholic Diocese of Naha,Roman Catholic Archdiocese of Nagasaki,Roman Catholic Archdiocese of Nagasaki,Roman Catholic Archdiocese of Nagasaki,2266000000,2266000000
Roman Catholic Diocese of Nagoya,Roman Catholic Archdiocese of Osaka,Roman Catholic Archdiocese of Osaka,Roman Catholic Archdiocese of Osaka,28486000000,28486000000
Roman Catholic Diocese of Nîmes,Roman Catholic Archdiocese of Montpellier,Roman Catholic Archdiocese of Montpellier,Roman Catholic Archdiocese of Montpellier,5880000000,5880000000
Roman Catholic Diocese of Mỹ Tho,Roman Catholic Archdiocese of Ho Chi Minh city,Roman Catholic Archdiocese of Ho Chi Minh city,Roman Catholic Archdiocese of Ho Chi Minh city,9262000000,9262000000
Roman Catholic Diocese of Münster,Roman Catholic Archdiocese of Cologne,Roman Catholic Archdiocese of Cologne,Roman Catholic Archdiocese of Cologne,15268000000,15268000000
Roman Catholic Diocese of Málaga–Soatá,Roman Catholic Archdiocese of Bucaramanga,Roman Catholic Archdiocese of Bucaramanga,Roman Catholic Archdiocese of Bucaramanga,7466000000,7466000000
Roman Catholic Diocese of Málaga,Roman Catholic Archdiocese of Granada,Roman Catholic Archdiocese of Granada,Roman Catholic Archdiocese of Granada,7283000000,7283000000
Roman Catholic Diocese of Mysore,Roman Catholic Archdiocese of Bangalore,Roman Catholic Archdiocese of Bangalore,Roman Catholic Archdiocese of Bangalore,21051000000,21051000000
Roman Catholic Diocese of Mymensingh,Roman Catholic Archdiocese of Dhaka,Roman Catholic Archdiocese of Dhaka,Roman Catholic Archdiocese of Dhaka,16448000000,16448000000
Roman Catholic Diocese of Myitkyina,Roman Catholic Archdiocese of Mandalay,Roman Catholic Archdiocese of Mandalay,Roman Catholic Archdiocese of Mandalay,67627000000,67627000000
Roman Catholic Diocese of Muzaffarpur,Roman Catholic Archdiocese of Patna,Roman Catholic Archdiocese of Patna,Roman Catholic Archdiocese of Patna,27120000000,27120000000
Roman Catholic Diocese of Mutare,Roman Catholic Archdiocese of Harare,Roman Catholic Archdiocese of Harare,Roman Catholic Archdiocese of Harare,32202000000,32202000000
Roman Catholic Diocese of Multan,Roman Catholic Archdiocese of Lahore,Roman Catholic Archdiocese of Lahore,Roman Catholic Archdiocese of Lahore,98705000000,98705000000
Roman Catholic Diocese of Mpika,Roman Catholic Archdiocese of Kasama,Roman Catholic Archdiocese of Kasama,Roman Catholic Archdiocese of Kasama,86135000000,86135000000
Roman Catholic Diocese of Moulins,Roman Catholic Archdiocese of Clermont,Roman Catholic Archdiocese of Clermont,Roman Catholic Archdiocese of Clermont,7381000000,7381000000
Roman Catholic Diocese of Motherwell,Province of Glasgow,Province of Glasgow,Province of Glasgow,1178000000,1178000000
Roman Catholic Diocese of Mostar-Duvno,Roman Catholic Archdiocese of Vrhbosna,Roman Catholic Archdiocese of Vrhbosna,Roman Catholic Archdiocese of Vrhbosna,8368000000,8368000000
Roman Catholic Diocese of Most Holy Trinity in Almaty,Roman Catholic Archdiocese of Mary Most Holy in Astana,Roman Catholic Archdiocese of Mary Most Holy in Astana,Roman Catholic Archdiocese of Mary Most Holy in Astana,711600000000,711600000000
Roman Catholic Diocese of Mossoró,Roman Catholic Archdiocese of Natal,Roman Catholic Archdiocese of Natal,Roman Catholic Archdiocese of Natal,18832000000,18832000000
Roman Catholic Diocese of Morón,Roman Catholic Archdiocese of Buenos Aires,Roman Catholic Archdiocese of Buenos Aires,Roman Catholic Archdiocese of Buenos Aires,130000000,130000000
Roman Catholic Diocese of Monze,Roman Catholic Archdiocese of Lusaka,Roman Catholic Archdiocese of Lusaka,Roman Catholic Archdiocese of Lusaka,62160000000,62160000000
Roman Catholic Diocese of Montería,Roman Catholic Archdiocese of Cartagena,Roman Catholic Archdiocese of Cartagena,Roman Catholic Archdiocese of Cartagena,14550000000,14550000000
Roman Catholic Diocese of Montepulciano-Chiusi-Pienza,Roman Catholic Archdiocese of Siena-Colle di Val d'Elsa-Montalcino,Roman Catholic Archdiocese of Siena-Colle di Val d'Elsa-Montalcino,Roman Catholic Archdiocese of Siena-Colle di Val d'Elsa-Montalcino,1068000000,1068000000
Roman Catholic Diocese of Montenegro,Roman Catholic Archdiocese of Porto Alegre,Roman Catholic Archdiocese of Porto Alegre,Roman Catholic Archdiocese of Porto Alegre,4395000000,4395000000
Roman Catholic Diocese of Montelíbano,Roman Catholic Archdiocese of Cartagena,Roman Catholic Archdiocese of Cartagena,Roman Catholic Archdiocese of Cartagena,11500000000,11500000000
Roman Catholic Diocese of Montego Bay,Roman Catholic Archdiocese of Kingston in Jamaica,Roman Catholic Archdiocese of Kingston in Jamaica,Roman Catholic Archdiocese of Kingston in Jamaica,3878000000,3878000000
Roman Catholic Diocese of Montauban,Roman Catholic Archdiocese of Toulouse,Roman Catholic Archdiocese of Toulouse,Roman Catholic Archdiocese of Toulouse,3717000000,3717000000
Roman Catholic Diocese of Mondoñedo-Ferrol,Roman Catholic Archdiocese of Santiago de Compostela,Roman Catholic Archdiocese of Santiago de Compostela,Roman Catholic Archdiocese of Santiago de Compostela,4425000000,4425000000
Roman Catholic Diocese of Mondovì,Roman Catholic Archdiocese of Turin,Roman Catholic Archdiocese of Turin,Roman Catholic Archdiocese of Turin,2189000000,2189000000
Roman Catholic Diocese of Mondoñedo-Ferrol,Roman Catholic Archdiocese of Santiago de Compostela,Roman Catholic Archdiocese of Santiago de Compostela,Roman Catholic Archdiocese of Santiago de Compostela,4425000000,4425000000
Roman Catholic Diocese of Molfetta-Ruvo-Giovinazzo-Terlizzi,Roman Catholic Archdiocese of Bari-Bitonto,Roman Catholic Archdiocese of Bari-Bitonto,Roman Catholic Archdiocese of Bari-Bitonto,442000000,442000000
Roman Catholic Diocese of Mohale's Hoek,Roman Catholic Archdiocese of Maseru,Roman Catholic Archdiocese of Maseru,Roman Catholic Archdiocese of Maseru,5799000000,5799000000
Roman Catholic Diocese of Mogi das Cruzes,Roman Catholic Archdiocese of São Paulo,Roman Catholic Archdiocese of São Paulo,Roman Catholic Archdiocese of São Paulo,2552000000,2552000000
Roman Catholic Diocese of Mocoa–Sibundoy,Roman Catholic Archdiocese of Popayán,Roman Catholic Archdiocese of Popayán,Roman Catholic Archdiocese of Popayán,25000000000,25000000000
Roman Catholic Diocese of Miri,Roman Catholic Archdiocese of Kuching,Roman Catholic Archdiocese of Kuching,Roman Catholic Archdiocese of Kuching,42235000000,42235000000
Roman Catholic Diocese of Miracema do Tocantins,Roman Catholic Archdiocese of Palmas,Roman Catholic Archdiocese of Palmas,Roman Catholic Archdiocese of Palmas,45985000000,45985000000
Roman Catholic Diocese of Minna,Roman Catholic Archdiocese of Kaduna,Roman Catholic Archdiocese of Kaduna,Roman Catholic Archdiocese of Kaduna,56229000000,56229000000
Roman Catholic Diocese of Minas,Roman Catholic Archdiocese of Montevideo,Roman Catholic Archdiocese of Montevideo,Roman Catholic Archdiocese of Montevideo,16200000000,16200000000
Roman Catholic Diocese of Mileto-Nicotera-Tropea,Roman Catholic Archdiocese of Reggio Calabria-Bova,Roman Catholic Archdiocese of Reggio Calabria-Bova,Roman Catholic Archdiocese of Reggio Calabria-Bova,943000000,943000000
Roman Catholic Diocese of Middlesbrough,Roman Catholic Archdiocese of Liverpool,Roman Catholic Archdiocese of Liverpool,Roman Catholic Archdiocese of Liverpool,4000000000,4000000000
Roman Catholic Diocese of Miao,Roman Catholic Archdiocese of Guwahati,Roman Catholic Archdiocese of Guwahati,Roman Catholic Archdiocese of Guwahati,43955000000,43955000000
Roman Catholic Diocese of Mexicali,Roman Catholic Archdiocese of Tijuana,Roman Catholic Archdiocese of Tijuana,Roman Catholic Archdiocese of Tijuana,59020649058,59020649058
