col0,col1,col2,col3
G. P. Bemis,Nebraska,United States,1916-12-11
G. B. Mowad,"Forest Hill, Louisiana",Lebanese American,2000-09-18
F. S. Vivas,"Ponce, Puerto Rico",Puerto Rican people,1912-1-1
F. Iturriaga,Chile,Chile,1977-09-02
F. S. Vivas,"Ponce, Puerto Rico",Puerto Rican people,1912-1-1
E. Merino,Chile,Chile,1930-08-27
E. Fagot,"Ponce, Puerto Rico",Puerto Rican people,1946-01-28
E. Armstrong,"Ponce, Puerto Rico",Puerto Rican people,1895-06-19
D. Gayev,Switzerland,Russians,2012-10-27
C. Knudsen,Drammen,Norway,1915-07-26
C. Rodier,Canada,Canadians,1876-02-04
C. E. Lanier,"Alexandria, Louisiana",United States,2012-12-04
C. R. Pavez,Chile,Chile,1994-08-23
C. J. Cintrón,"Ponce, Puerto Rico",Puerto Rican people,1998-05-05
A. R. Ocampo,Bogotá,Colombian people,2011-06-14
A. B. Coutinho,Lisbon,Portugal,2011-02-03
A. R. Medero,Texas,Spanish people,1760-04-10
A. Beretta,Rome,Italians,1891-11-14
A. B. Coutinho,Lisbon,Portugal,2011-02-03
A. G. Salas,"Ponce, Puerto Rico",Puerto Rican people,1973-12-01
A. J. Poppleton,Nebraska,United States,1896-09-09
A. G. Salas,"Ponce, Puerto Rico",Puerto Rican people,1973-12-01
A. W. Toone,"Victoria, British Columbia",Canada,1966-11-15
A. Tatangelo,Texas,United States,2008-03-07
