col0,col1,col2,col3,col4
Volvo S70,Peter Horbury,Volvo V70,1997,2000
Volkswagen Passat,Robert Lešnik,Audi A3,2006,2010
Volkswagen New Beetle,Peter Schreyer,Audi A3,1997,2011
Tata Safari Storme,Tata Motors,Mahindra Scorpio,2012,2012
Tata Movus,Tata Motors,Toyota Innova,2014,2014
Tata GenX Nano,Tata Motors,Suzuki Alto,2015,2015
Studebaker Sky Hawk,Raymond Loewy,Packard Hawk,1956,1956
Saturn Sky,Franz von Holzhausen,Pontiac Solstice,2007,2010
Renault Alliance,Robert Opron,Renault 9 & 11,1983,1987
Porsche 918 Spyder,Michael Mauer,Porsche Carrera GT,2015,2015
Pontiac Solstice,Wayne Cherry,Opel GT,2006,2010
Pontiac Astre,Bill Mitchell,Chevrolet Vega,1973,1977
Panther Lima,Bob Jankel,Vauxhall Magnum,1976,1982
Micro Trend,Pininfarina,Hafei Lobo,2003,2008
Mercedes-Benz E-Class,Robert Lesnik,Mercedes-Benz S-Class,2017,2017
Mahindra TUV300,Chennai,Ford EcoSport,2015,2015
Lincoln EL-series,Eugene Turenne Gregorie,Mercury Eight,1949,1951
Lamborghini Gallardo,Italdesign Giugiaro,Audi R8,2003,2013
Lamborghini Athon,Gruppo Bertone,Lamborghini Silhouette,1980,1980
Jaguar S-Type,Ian Callum,Lincoln LS,2000,2009
Jaguar R-Coupe,Ian Callum,Jaguar S-Type,2001,2001
