col0,col1,col2,col3,col4,col5,col6
V. Thomas,United States,Martin Luther King Magnet at Pearl High School,1910-08-29,Vivien Theodore Thomas,1985-11-26,1910-08-29
T. Billroth,Bergen auf Rügen,University of Berlin,1829-04-26,Christian Albert Theodor Billroth,1894-02-06,1829-04-26
S. Hillis,Clydebank,University of Glasgow,1943-09-28,William Stewart Hillis,2014-07-21,1943-09-28
R. Cilento,"Jamestown, South Australia",Medical practice,1893-12-02,Raphael West Cilento,1985-4-15,1893-12-02
O. Sacks,London,"The Queen's College, Oxford",1933-07-09,Oliver Wolf Sacks,2015-08-30,1933-07-09
N. Bethune,Canada,University of Toronto,1890-03-04,Henry Norman Bethune,1939-11-12,1890-03-04
M. Barnard,Union of South Africa,University of Cape Town,1927-11-03,Marius Stephanus Barnard,2014-11-14,1927-11-03
J. D. Millar,"Newport News, Virginia",London School of Hygiene and Tropical Medicine,1934-02-27,John Donald Millar,2015-08-30,1934-02-27
H. R. Shipley,Nevada,"Reno, Nevada",1870-07-23,Helen Rulison,1955-06-06,1870-07-23
G. Tiller,"Wichita, Kansas",United States Navy,1941-08-08,George Richard Tiller,2009-05-31,1941-08-08
E. G. Anderson,London,Society of Apothecaries,1836-06-09,Elizabeth Garrett,1917-12-17,1836-06-09
D. Beaven,Christchurch,Harvard Medical School,1924-08-31,Donald Ward Beaven,2009-11-04,1924-08-31
C. Barnard,Cape Province,University of Cape Town,1922-11-08,Christiaan Neethling Barnard,2001-09-02,1922-11-08
C. M. Culver,Ohio,Columbia University,1934-11-07,Charles Marriot Culver,2015-02-24,1934-11-07
C. Kaelin,"Syracuse, New York",Harvard School of Public Health,1961-04-04,Carolyn Mary Scerbo,2015-07-28,1961-04-04
A. R. Cook,England,"Trinity College, Cambridge",1870-03-22,Albert Ruskin Cook,1951-4-23,1870-03-22
