col0,col1,col2,col3,col4,col5,col6,col7
W. Churchill,"Christ Church, Oxford",W. Churchill,England,Winston Spencer-Churchill,1940-10-10,2010-03-02,1940-10-10
J. Bayley,Stanford University,I. Longman,Australia,James Garfield Bayley,1882-03-26,1968-01-14,1882-03-26
H. D. Macrossan,University of Sydney,J. M. Macrossan,Queensland,Hugh Denis Macrossan,1881-02-20,1940-06-23,1881-02-20
C. Evatt,"Royal Military College, Duntroon",H. V. Evatt,New South Wales,Clive Raleigh Evatt,1900-06-06,1984-09-15,1900-06-06
C. Nicholson,Edinburgh University,A. K. Nicholson,Cumberland,Isaac Ascough,1808-11-23,1903-11-08,1808-11-23
C. H. Barton,University of Oxford,G. Barton,Geneva,Charles Hastings Barton,1829-01-01,1902-06-16,1829-01-01
B. Stross,University of Leeds,C. Stross,Pabianice,Strasberg,1899-12-25,1967-05-13,1899-12-25
