col0,col1,col2,col3
T. Cowan,North Adelaide,British subject,South Australia
"Sir Charles Turner, 1st Baronet, of Kirkleatham",England,British people,Kirkleatham
S. Z. M. Mashoor Moulana,Colombo,Sri Lanka,Colombo
R. Layton,Montreal,Canadians,Montreal
R. Gillard,Lithgow,Australia,Lithgow
R. Ellis,United Kingdom,United Kingdom,Sheffield
"Ray Michie, Baroness Michie of Gallanach",Oban,United Kingdom,Oban
P. Baker,"Norfolk, England",United Kingdom,"Eastbourne, East Sussex"
M. Hodgman,Tasmania,Australia,Hobart
M. H. Mohamed,Colombo Electoral District,Sri Lanka,Sri Lanka
L. McMahon,Division of Sydney,Australia,"Sydney, New South Wales"
K. Hargreaves,Lancashire,United Kingdom,Lancashire
"Katharine Stewart-Murray, Duchess of Atholl",London,United Kingdom,Edinburgh
J. Appiah,Kumasi,Ghanaian,Accra
J. Dalton,Ireland,Irish Australian,New South Wales
J. Stewart,New South Wales,Australian,New South Wales
G. Layton,Montreal,Canadians,Montreal
"George Clavering-Cowper, 3rd Earl Cowper","Villa Palmieri, Fiesole",England,Florence
E. L. Bowerman,Canada,Canadian,Canada
E. P. Flynn,"Arichat, Nova Scotia",Canada,"Arichat, Nova Scotia"
E. Pitt,"Yardley, Birmingham",United Kingdom,Queen Elizabeth Hospital Birmingham
D. Moody,"Hansborough, South Australia",British subject,"Kapunda, South Australia"
C. Beattie,County Tyrone,United Kingdom,Omagh
B. Smith,Edmund Smith,English Australian,"Bowral, New South Wales"
B. S. Rao,Mangalore,India,Delhi
A. Kumar,"Marton, Middlesbrough",British nationality law,North Yorkshire
A. Ozanne,Brighton,Australia,Brighton
A. Schultz,"Goulburn, New South Wales",Australia,New South Wales
A. Jalil,Bangladesh,Bangladesh,Singapore
A. K. A. Firoze Noon,Bangladesh,Bangladesh,Singapore
