col0,col1,col2,col3
USS United States vs HMS Macedonian,War of 1812,Atlantic Ocean,5 wounded
USS Stark incident,Iran–Iraq War,Persian Gulf,1 frigate damaged
USS Panay incident,Second Sino-Japanese War,Republic of China,1 gunboat sunk
USS Monocacy incident,Yangtze Patrol,Yangtze River,1 gunboat damaged
USS Liberty incident,Six-Day War,Mediterranean Sea,None
USS Enterprise vs Flambeau,Quasi-War,Dominica,3 killed
USS Constitution vs HMS Guerriere,War of 1812,Atlantic Ocean,7 killed
USS Constellation vs La Vengeance,Quasi-War,Saint Kitts,1 frigate lightly damaged
USS Constellation vs L'Insurgente,Quasi-War,Nevis,2 killed
USS Boston vs Berceau,Quasi-War,Guadeloupe,1 frigate damaged
U-boat Campaign,Naval warfare of World War I,Black Sea,104 warships sunk
Tyrolean Rebellion,War of the Fifth Coalition,County of Tyrol,"5,000"
Tyre raid,2006 Lebanon War,Lebanon,1 soldier killed (Hezbollah claim)
Twin Pimples raid,Western Desert Campaign,Tobruk,1 dead
Twelfth Siege of Gibraltar,War of the Spanish Succession,Gibraltar,"10,000 (mainly from disease and desertion)"
Turkish military intervention in Syria,Syrian Civil War,Aleppo Governorate,"Turkey-backed rebels: 151–168 killed, 2 captured"
Turkish involvement in the Syrian Civil War,Military intervention against ISIL,Syria,1F-4shot down
Turkish invasion of Cyprus,Cyprus dispute,Cyprus,"2,000 wounded"
Turkish army winter Campaign of 1994–95,Kurdish–Turkish conflict,Turkey,(Turkish claim)
Turkey–ISIL conflict,Military intervention against ISIL,Iraq,209 civilians killed and 893 wounded in terror attacks across Turkey
Tunisian-Sicilian War,First Barbary War,Mediterranean Sea,14 civilians
Tunisia Campaign,North African Campaign,French protectorate of Tunisia,"340+ tanks lostref|183 lost in the Battle of Kasserine Pass, 6 lost in the Battle of Medenine, 40 lost in the Battle of El Guettar, 16 lost in Operation Oxhead (Operation Ochsenkopf), at least 51 lost in the Battle of the Mareth Line, 32 lost in the Battle of Wadi Akarit, 12 lost in Operation Vulcan and several more lost in minor battles.|group=nb"
Tullahoma Campaign,American Civil War,Tennessee,"569 (83 killed, 473 wounded, and 13 captured or missing)"
Tule River War,American Indian Wars,California,some wounded
Tuareg rebellion,Tuareg rebellion,Azawad,"1,000–1,600 defected"
Tsotsin-Yurt operation,Second Chechen War,Chechnya,11 wounded
Troude's expedition to the Caribbean,Napoleonic Wars,Basse-Terre,"1 killed, 5 wounded"
Tripoli protests and clashes,2011 Libyan Civil War,Libya,300-700 killed
Tripoli clashes,2011 Libyan Civil War,Libya,"1 killed, 60 wounded"
Transkei War,Xhosa Wars,South Africa,"7,000 people of all races left homeless."
Toyota War,Chadian–Libyan conflict,Chad,"1,000PoW"
Toyohashi Air Raid,Pacific War,Japan,none
Torpedo Alley,Battle of the Atlantic,North Carolina,397 ships sunk
Tooreen ambush,Irish War of Independence,County Cork,none
Togoland Campaign,African theatre of World War I,Ghana,British: 83
Tishrin Dam offensive,Syrian Civil War,Aleppo Governorate,SDF: 9 killed
Timeline of the Spanish–American War,Philippine Revolution,Puerto Rico,(Cuban Republic:)
Tianshui revolts,Zhuge Liang's Northern Expeditions,China,Unknown
Tianjin–Pukou Railway Operation,Second Sino-Japanese War,Tianjin–Pukou Railway,?
Tianjin Campaign,Chinese Civil War,China,all killed or captured
Tianjin–Pukou Railway Operation,Second Sino-Japanese War,Tianjin–Pukou Railway,?
Thornton Affair,Mexican–American War,"Brownsville, Texas",11 killed
Thirteenth Siege of Gibraltar,Anglo-Spanish War,Gibraltar,"118 killed,"
Third conflict in the Goryeo–Khitan War,Goryeo-Khitan Wars,Korean Peninsula,Unknown
Third attack on Anzac Cove,Gallipoli Campaign,Ottoman Empire,168 dead
Third Siege of Missolonghi,Greek War of Independence,Greece,"8,000+ soldiers and civilians"
