"Edition","Winner","Time","Notes"
"Belgrade 1973","Jim Montgomery (USA)","51.70","[3]"
"Cali 1975","Andy Coan (USA)","51.25",""
"Berlin 1978","David McCagg (USA)","50.24",""
"Guayaquil 1982","JÃ¶rg Woithe (GDR)","50.18",""
"Madrid 1986","Matt Biondi (USA)","48.94",""
"Perth 1991","Matt Biondi (USA)","49.18",""
"Roma 1994","Alexander Popov (RUS)","49.12",""
"Perth 1998","Alexander Popov (RUS)","48.93",""
"Fukuoka 2001","Anthony Ervin (USA)","48.33",""
"Barcelona 2003","Alexander Popov (RUS)","48.42",""
"Montreal 2005","Filippo Magnini (ITA)","48.12",""
"Melbourne 2007","Filippo Magnini (ITA) Brent Hayden (CAN)","48.43",""
"Rome 2009","CÃ©sar Cielo Filho (BRA)","46.91",""
"Shanghai 2011","James Magnussen (AUS)","47.63",""
"Barcelona 2013","James Magnussen (AUS)","47.71",""
"Kazan 2015","Ning Zetao (CHN)","47.84",""

