"Games","Gold","Silver","Bronze"
"1928 Amsterdam details","Betty Robinson (USA)","Fanny Rosenfeld (CAN)","Ethel Smith (CAN)"
"1932 Los Angeles details","StanisÅ\u0082awa Walasiewicz (POL)","Hilda Strike (CAN)","Wilhelmina von Bremen (USA)"
"1936 Berlin details","Helen Stephens (USA)","StanisÅ\u0082awa Walasiewicz (POL)","KÃ¤the KrauÃ\u009F (GER)"
"1948 London details","Fanny Blankers-Koen (NED)","Dorothy Manley (GBR)","Shirley Strickland (AUS)"
"1952 Helsinki details","Marjorie Jackson (AUS)","Daphne Hasenjager (RSA)","Shirley Strickland de la Hunty (AUS)"
"1956 Melbourne details","Betty Cuthbert (AUS)","Christa Stubnick (EUA)","Marlene Matthews (AUS)"
"1960 Rome details","Wilma Rudolph (USA)","Dorothy Hyman (GBR)","Giuseppina Leone (ITA)"
"1964 Tokyo details","Wyomia Tyus (USA)","Edith McGuire (USA)","Ewa KÅ\u0082obukowska (POL)"
"1968 Mexico City details","Wyomia Tyus (USA)","Barbara Ferrell (USA)","Irena SzewiÅ\u0084ska (POL)"
"1972 Munich details","Renate Stecher (GDR)","Raelene Boyle (AUS)","Silvia ChibÃ¡s (CUB)"
"1976 Montreal details","Annegret Richter (FRG)","Renate Stecher (GDR)","Inge Helten (FRG)"
"1980 Moscow details","Lyudmila Kondratyeva (URS)","Marlies GÃ¶hr (GDR)","Ingrid Auerswald (GDR)"
"1984 Los Angeles details","Evelyn Ashford (USA)","Alice Brown (USA)","Merlene Ottey (JAM)"
"1988 Seoul details","Florence Griffith-Joyner (USA)","Evelyn Ashford (USA)","Heike Drechsler (GDR)"
"1992 Barcelona details","Gail Devers (USA)","Juliet Cuthbert (JAM)","Irina Privalova (EUN)"
"1996 Atlanta details","Gail Devers (USA)","Merlene Ottey (JAM)","Gwen Torrence (USA)"
"2000 Sydney details","Vacant[46]","Ekaterini Thanou (GRE)","Merlene Ottey (JAM)"
"2000 Sydney details","Vacant[46]","Tayna Lawrence (JAM)","Merlene Ottey (JAM)"
"2004 Athens details","Yulia Nestsiarenka (BLR)","Lauryn Williams (USA)","Veronica Campbell (JAM)"
"2008 Beijing details","Shelly-Ann Fraser (JAM)","Sherone Simpson (JAM)","none awarded"
"2008 Beijing details","Shelly-Ann Fraser (JAM)","Kerron Stewart (JAM)","none awarded"
"2012 London details","Shelly-Ann Fraser-Pryce (JAM)","Carmelita Jeter (USA)","Veronica Campbell-Brown (JAM)"

