col0,col1,col2,col3
T. M. Davis,J. D. Davis,North Dakota,Thomas Milburn Davis III
S. Burton,P. Burton,Poland,Sala Galante
P. Simon,J. H. Simon,"Eugene, Oregon",Paul Martin Simon
N. Steers,N. Straight,"Glen Ridge, New Jersey","Newton Ivan Steers, Jr."
J. M. Ashbrook,J. S. Ashbrook,"Johnstown, Ohio",John Milan Ashbrook
J. G. Schmitz,Née,Milwaukee,John George Schmitz
I. E. Crary,J. democracy,"Preston, Connecticut",Isaac Edwin Crary
E. T. Douglas,U. Senate,Chicago,Emily Taft
C. H. Smith,M. C. Smith,Maine,Clyde Harold Smith
C. Fattah,R. Chenault-Fattah,Philadelphia,Arthur Davenport
