col0,col1,col2,col3
South-West Africa campaign,African theatre of World War I,Namibia,(153 dead other causes)
Sonderkommando Blaich,North African Campaign,French Equatorial Africa,None
Solomon Islands campaign,Pacific War,British Solomon Islands,"10,600 killed"
Sokoto hostage rescue attempt,Boko Haram insurgency,Nigeria,2 hostages executed
Sogdian Rock,Wars of Alexander the Great,Sogdiana,30
Snow Campaign,American Revolutionary War,Appalachian Mountains,unknown
Slovak–Hungarian War,Interwar period,Slovakia,"22 killed,"
Slovak invasion of Poland,Invasion of Poland,Second Polish Republic,11 missing
Slovak Uprising of 1848–49,Hungarian Revolution of 1848,Slovakia,Unknown
Slovak National Uprising,World War II,Slovakia,"≈10,000"
Slovak–Hungarian War,Interwar period,Slovakia,"22 killed,"
Skirmish of Århus,First Schleswig War,Vejlby,* 2 killed
Skirmish of the Brick Church,American Civil War,"Jacksonville, Florida",3 captured/missing)
Skirmish of the Berlin Schloss,German Revolution of 1918–19,"City Palace, Berlin",11
Skirmish of Tongue,Jacobite Rising of 1745,Scotland,Unknown
Skirmish of Todos Santos,Mexican-American War,Baja California Sur,none
Skirmish of Sporting Hill,American Civil War,"Camp Hill, Pennsylvania",11 wounded
Skirmish of Pastrengo,First Italian War of Independence,Kingdom of Lombardy-Venetia,15 killed90 wounded
Skirmish of Århus,First Schleswig War,Vejlby,* 2 killed
Skirmish in Doubtful Canyon,American Civil War,Arizona Territory,"5 or 6 wounded, 1 missing"
Skirmish at Waters Creek,American Revolutionary War,"Newport News, Virginia",4 captured
Skirmish at Top Malo House,Falklands War,Falkland Islands,3 wounded
Skirmish at Threkeld's Ferry,American Civil War,United States,15 Killed
Skirmish at Paint Rock Bridge,American Civil War,"Jackson County, Alabama",7 Killed
Skirmish at Miskel Farm,American Civil War,"Loudoun County, Virginia","106 (9 killed, 15 wounded, 82 captured)"
Skirmish at Matamoros,Mexican-American War,Puebla,None
Skirmish at Many Branch Point,Falklands War,West Falkland,none
Skirmish at Joncherey,World War I,France,1 injured
Skirmish at Island Mound,American Civil War,"Bates County, Missouri",11 wounded
Skirmish at Hunter's Farm,American Civil War,"Mississippi County, Missouri",0
Skirmish at Farnham Church,War of 1812,Virginia,Unknown
Skirmish at Blackwater Creek,American Civil War,"Johnson County, Missouri",2 killed
Skirmish at Bender,Great Northern War,Ottoman Empire,"15–31 killed,"
"Skirmish at Albany, Missouri",American Civil War,"Gentry County, Missouri",4 wounded
Skirmish at Alabama Bayou,American Civil War,"Pointe Coupee Parish, Louisiana",Unknown killed and wounded
Skirmish at Aenon Church,American Civil War,"Hanover County, Virginia","Unknown killed, Unknown wounded,"
Skirmish at Adamsville,American Civil War,"McNairy County, Tennessee","3 killed, 1wounded"
Skirmish at Adamstown,American Civil War,"Frederick County, Maryland",Unknown killed and wounded
Skirmish at Adam's Bluff,American Civil War,"Jefferson County, Arkansas",Unknown killed and wounded
Skirmish at Ackworth,American Civil War,"Cobb County, Georgia",Unknown killed and wounded
Skirmish at Abingdon,American Civil War,"Washington County, Virginia",Unknown killed and wounded
"Skirmish at Aberdeen, Mississippi",American Civil War,"Monroe County, Mississippi",Unknown killed and wounded
Skirmish at Aberdeen,American Civil War,"Monroe County, Arkansas",Unknown killed and wounded
Skirmish at Abbeville,American Civil War,"Lafayette County, Mississippi","1 killed, 17 wounded,"
Sixth Battle of the Isonzo,Italian Front,Italy,"51,000 (21,000 dead)"
Six hundred Franchimontois,Liège Wars,Prince-Bishopric of Liège,unknown
Six Days' Campaign,1814 campaign in north-east France,France,"3,400"
Six-Day War,Second Congo War,Democratic Republic of the Congo,Unknown
Six-Day War,Arab–Israeli conflict,Middle East,15 captured400 tanks destroyed
Sitgreaves Expedition,American Indian Wars,Arizona,1 killed
Siping Campaign,Chinese Civil War,Jilin,"35,000"
Sinyavino Offensive,Eastern Front,Russia,(Only between August 28–September 30)
Sinsinawa Mound raid,Black Hawk War,"Grant County, Wisconsin",2 killed
Sino-Soviet border conflict,Cold War,China,(Chinese sources)
Sino-French War,Tonkin Campaign,Taiwan,"2,100 killed or wounded"
Sino-Burmese War,Ten Great Campaigns,Yunnan,"2,500 captured"
Sinking of the Petrel,American Civil War,Atlantic Ocean,1 frigate damaged
Sinking of USS Housatonic,American Civil War,Charleston Harbor,1 sloop-of-war sunk
Sinking of SS Kaiser Wilhelm der Grosse,World War I,Rio de Oro,"1 killed,"
Sinking of Prince of Wales and Repulse,Pacific War,South China Sea,1 battlecruiser sunk
Sinking of HMS Reindeer,War of 1812,English Channel,15 wounded
Sinking of HMS Peacock,War of 1812,Demerara River,"1 dead, four wounded (1 mortally), + 3 drowned subsequently"
Sinking of HMS Avon,War of 1812,English Channel,"1 sloop-of-war slightly damaged,"
Sinking Creek Raid,American Civil War,"Greenbrier County, West Virginia",0
Singeing the King of Spain's Beard,Anglo–Spanish War,Bay of Cádiz,"100 ships destroyed, captured or sunk"
Sinai insurgency,Egyptian crisis,Egypt,700-2000+ killed
Sinai and Palestine Campaign,Middle Eastern theatre of World War I,Egypt,"601,000 total casualties"
Silda camp attack,Naxalite-Maoist insurgency,West Bengal,3 or 4 killed
Sieges of Toishi,Sengoku period,Japan,Unknown
Sieges of Oran and Mers El Kébir,Ottoman-Habsburg wars,Mers El Kébir,unknown
Sieges of Nagashima,Sengoku period,Owari Province,Entire garrison killed
