col0,col1,col2,col3
Siege of Đông Quan,Lam Sơn uprising,Hanoi,no reliable estimates
Siege of the Sherpur Cantonment,Second Anglo-Afghan War,Afghanistan,33 dead and wounded
Siege of the International Legations,Boxer Rebellion,Beijing,"55 soldiers killed,  135 soldiers wounded, 13 civilians killed, 24 civilians wounded"
Siege of the Church of the Nativity in Bethlehem,Operation Defensive Shield,Bethlehem,2 wounded
Siege of the British Residency in Kabul,Second Anglo-Afghan War,Afghanistan,72 killed
Siege of the Alcázar,Spanish Civil War,Spain,Unknown
Siege of al-Fu'ah and Kafriya,Syrian Civil War,Syria,650+ killed (gov. claim)
Siege of Zutphen,Eighty Years' War,Netherlands,Light
Siege of Zbarazh,Khmelnytsky Uprising,Volhynian Voivodeship,Unknown
Siege of Zara,Napoleonic Wars,Croatia,low
Siege of Zara,Fourth Crusade,Zadar,Unknown
Siege of Zamboanga,Philippine Revolutionary War,Zamboanga City,unknown
Siege of Zadar,Croatian-Bulgarian wars,Kingdom of Croatia,unknown
Siege of Ypres,War of the First Coalition,Belgium,"Hooglede: 1,300, 1 gun"
Siege of Yorktown,American Civil War,"Newport News, Virginia",182
Siege of Yorktown,American Revolutionary War,"Yorktown, Virginia",301 wounded
Siege of York,English Civil War,York,unknown
Siege of Yodfat,First Jewish-Roman War,Israel,"40,000 slain, 1,200 enslaved."
Siege of Yeongwon,Hideyoshi's invasions of Korea,Gangwon-do,Unknown
Siege of Xerigordon,People's Crusade,Nicaea,"6,000"
Siege of Wiener Neustadt,Austrian-Hungarian War,Lower Austria,Unknown
Siege of Wexford,Norman invasion of Ireland,Ireland,18 killed
Siege of Waterford,Irish Confederate Wars,Ireland,"c.2000 soldiers die in Waterford, 500 killed in assaults onCarrick-on-Suirunknown no. of civilians"
Siege of Warsaw,Kościuszko Uprising,Warsaw,unknown
Siege of Vyborg,Great Northern War,Russia,"about 2,200 men killed"
Siege of Vienna,Ottoman wars in Europe,Holy Roman Empire,Unknown but heavy
Siege of Vidin,Second Balkan War,Bulgaria,84 killed and wounded
Siege of Vicksburg,American Civil War,"Warren County, Mississippi",276 captured/missing)
Siege of Veracruz,Mexican-American War,"Veracruz, Veracruz",13 killed
Siege of Veprik,Great Northern War,Ukraine,400 killed
Siege of Venlo,Eighty Years' War,Venlo,Minor
Siege of Varna,Byzantine-Bulgarian Wars,Bulgaria,Unknown
Siege of Varberg,Northern Seven Years' War,Halland County,Grip KIA
Siege of Varaždin Barracks,Battle of the Barracks,Croatia,"2 killed, 24 wounded"
Siege of Vannes,War of the Breton Succession,Brittany,Unknown
Siege of Valenciennes,War of the First Coalition,Valenciennes,"9,000"
Siege of Valencia,Peninsular War,"Valencia, Spain","2,000"
Siege of Uxellodunum,Gallic Wars,Gaul,Low
Siege of Uruguaiana,Paraguayan War,Uruguaiana,"* 5,545 surrendered"
Siege of Urgun,Soviet-Afghan War,Afghanistan,DRA: At least 243 captured
Siege of Ulsan,Imjin War,Korean Peninsula,"20,000"
Siege of Uehara,Sengoku period,Shinano Province,300
Siege of UK bases in Basra,"Post-invasion Iraq, 2003–present",Iraq,1 killed (DK)
Siege of Tyre,Wars of Alexander the Great,Phoenicia,400 killed
Siege of Tyre,Ayyubid-Crusader War,"Tyre, Lebanon",Light
Siege of Tuyên Quang,Tonkin Campaign,Northern Vietnam,224 wounded
Siege of Turin,Franco-Spanish War,Turin,Unknown
Siege of Turin,War of the Spanish Succession,Turin,"3,246 dead or wounded"
Siege of Tunis,Mercenary War,Tunis,significant
Siege of Tsingtao,World War I,Germany,1 aircraft destroyed
Siege of Troitse-Sergiyeva Lavra,Polish-Muscovite War,Moscow Oblast,Unknown
Siege of Tripolitsa,Greek War of Independence,Greece,1001
Siege of Tripoli,Ottoman-Habsburg wars,Tripoli,630 enslaved
Siege of Tourane,Cochinchina Campaign,Đà Nẵng,"128 killed and wounded, several hundred deaths from cholera"
Siege of Toulon,French Revolutionary Wars,France,"14 French ships of the line sunk in harbor,"
Siege of Toruń,Deluge,Poland,"1,800 killed"
Siege of Tortosa,Peninsular War,Spain,400
Siege of Toma,Asian and Pacific theatre of World War I,German New Guinea,none
Siege of Tobruk,Western Desert Campaign,Tobruk,"5,989"
Siege of Thorn,Great Northern War,Poland,50 dead
Siege of Thessalonica,Ottoman–Venetian Wars,Thessalonica,"2,000-7,000 citizens enslaved."
Siege of Temesvár,Ottoman wars in Europe,Romania,unknown
Siege of Tel al-Zaatar,Lebanese Civil War,Beirut,LF: 200
Siege of Tbilisi,Timurid Wars,Georgia,70
Siege of Tauromenium,Sicilian Wars,Tauromenium,600+
Siege of Tarragona,Peninsular War,Spain,98 dead or wounded
Siege of Tarragona,Peninsular War,Spain,"4,300"
Siege of Tarifa,Peninsular War,Spain,"680, 9&ndash;14 guns"
Siege of Taganrog,Crimean War,Sea of Azov,20 commercial vessels destroyed
Siege of São Filipe,Portuguese Restoration War,Azores,145 men killed
Siege of Szigetvár,Ottoman wars in Europe,Kingdom of Hungary,"* Almost entire garrison wiped out. 2,300–3,000 killed in combat."
Siege of Syracuse,Sicilian Wars,Italy,"Unknown, less than the Carthaginians"
Siege of Syracuse,Second Punic War,"Syracuse, Sicily","2,000"
Siege of Svetigrad,Ottoman wars in Europe,Kodžadžik,Fortress surrendered but the garrison was spared.
Siege of Surakarta,Indonesian National Revolution,Surakarta,"Approximately 500 dead, among them an unknown number of non-combatants"
Siege of Suncheon,Japanese invasions of Korea,Korean Peninsula,Very heavy
Siege of Suffolk,American Civil War,"Suffolk, Virginia",14 missing
Siege of Strasbourg,Franco-Prussian War,Strasbourg,932
Siege of Stralsund,Napoleonic Wars,Stralsund,unknown
Siege of Stralsund,Great Northern War,Stralsund,Charles XII escaped. The whole garrison was captured.
Siege of Steenwijk,Eighty Years' War,Steenwijk,600 casualties
Siege of Steenwijk,Eighty Years' War,Netherlands,Unknown
Siege of St. John's,Queen Anne's War,"St. John's, Newfoundland and Labrador",200
Siege of St. Augustine,Queen Anne's War,Spanish Florida,reports vary; light
Siege of Srebrenica,Bosnian War,Bosnia,Unknown
Siege of Sparta,Pyrrhus' invasion of the Peloponnese,Sparta,Heavy
Siege of Smolensk,Smolensk War,Smolensk,Unknown
Siege of Smolensk,Polish–Muscovite War,Smolensk,Unknown
Siege of Sluis,Eighty Years' War,Netherlands,"800 casualties, sick or dead to disease"
Siege of Sluis,Anglo-Spanish War,Zeeland,700 killed and 400 wounded
Siege of Sloviansk,War in Donbass,Ukraine,1 police chief captured
Siege of Singara,Roman-Persian Wars,Iraq,Minimal
Siege of Silvan,Kurdish–Turkish conflict,Turkey,1 gendarmerie and 2 policemen killed
Siege of Sidon,Norwegian Crusade,Sidon,"unknown, but probably minor"
Siege of Shushtar,Muslim conquest of Khuzestan,Khuzestan,Heavy
