col0,col1,col2,col3
Siege of Nöteborg,Great Northern War,Russia,156 wounded
Siege of Nuremberg,Thirty Years' War,Free imperial city,"20,000"
Siege of Numantia,Numantine War,Numantia,unknown
Siege of Novo Brdo,Ottoman wars in Europe,Serbian Despotate,Unknown
Siege of Novi Zrin,Croatian–Ottoman Wars,Međimurje County,~ Unknown
Siege of Ninety-Six,American Revolutionary War,"Ninety Six, South Carolina",20 missing
Siege of Nicomedia,Byzantine-Ottoman wars,Nicomedia,Unknown
Siege of Nice,Ottoman-Habsburg Wars,Duchy of Savoy,4 galleys
Siege of Nicaea,Byzantine-Ottoman wars,İznik,Unknown
Siege of Nicaea,First Crusade,İznik,Unknown
Siege of Negroponte,Morean War,Greece,"4,000 from the plague"
Siege of Narva,Great Northern War,Narva,"3,200 dead or wounded 1900 captured"
Siege of Nara,Genpei War,Japan,Unknown
Siege of Namwon,Imjin War,Namwon,minimal
Siege of Namur,Western Front,Belgium,"300 killed, 600 wounded or missing"
Siege of Namur,Nine Years' War,Belgium,"8,000"
Siege of Namur,Nine Years' War,Belgium,"7,000 killed or wounded"
Siege of Nagykanizsa,Long War,Nagykanizsa,Unknown
Siege of Nöteborg,Great Northern War,Russia,156 wounded
Siege of Myitkyina,Second Sino-Japanese War,Burma,188 invalid
Siege of Musa Qala,War in Afghanistan,Afghanistan,7 Injured (Denmark)
Siege of Multan,Second Anglo-Sikh War,Multan,unknown
Siege of Mount Hiei,Sengoku period,Japan,Unknown
Siege of Motya,Sicilian Wars,Motya,Unknown
Siege of Mosul,Nader's Campaigns,Mosul,"5,000"
Siege of Morlaix,French Wars of Religion,Britanny,low
Siege of Montevideo,War of Independence of Brazil,Brazil,Unknown
Siege of Mons,Nine Years' War,Belgium,No data
Siege of Monrovia,Second Liberian Civil War,Monrovia,"1,500 killed"
Siege of Mirandola,Italian War of 1551–1559,Romagna,c. 200
Siege of Miletus,Wars of Alexander the Great,Caria,Light
Siege of Middelburg,Eighty Years' War,Netherlands,Many to disease
Siege of Meurs,Anglo–Spanish War,Moers,Unknown (low)
Siege of Metz,Franco-Prussian War,France,"47,000"
Siege of Mequinenza,Peninsular War,Mequinenza,light
Siege of Menagh Air Base,Syrian Civil War,Aleppo,300 killed
Siege of Melite,Arab–Byzantine wars,Byzantine Empire,Unknown
Siege of Melilla,Hispano-Moroccan wars,Peñón de Vélez de la Gomera,600 dead or wounded
Siege of Medina,Arab–Byzantine wars,Malta,Heavy (most men killed and almost all ships captured)
Siege of Medina,Arab Revolt,Medina,Heavy
Siege of Meaux,Hundred Years' War,France,heavy
Siege of Maubeuge,Great Retreat,France,"1,100"
Siege of Massilia,Caesar's Civil War,Marseille,"4,000"
Siege of Masbate,Philippine Revolution,Philippines,1 gunboat sunk
Siege of Masada,First Jewish–Roman War,Israel,"960 dead, 7 captured (2 women, 5 children)"
Siege of Maribor,Ottoman wars in Europe,Duchy of Styria,Unknown
Siege of Marabastad,First Boer War,South African Republic,"5 killed, 8 injured"
Siege of Mantua,War of the Second Coalition,Italy,1400 or more wounded
Siege of Mantua,French Revolutionary Wars,Italy,"7,000 dead or wounded, 179 guns"
Siege of Mannheim,War of the First Coalition,Germany,"Battle: 2,000, 3 guns"
Siege of Malta,Mediterranean and Middle East theatre of World War II,Malta Colony,1 Battleship
Siege of Malmö,Scanian War,Malmö,"1,000 killed"
Siege of Malbork,Thirteen Years' War,Malbork,undocumented
Siege of Malakand,Anglo-Afghan wars,British Raj,"173 killed and wounded in the Malakand camps,"
Siege of Malacca,Dutch-Portuguese War,Portuguese Malacca,Unknown
Siege of Mainz,French Revolutionary War,Republic of Mainz,"4,000 killed or wounded"
Siege of Magdeburg,Fourth Coalition,Kingdom of Prussia,unknown
Siege of Mafeking,Second Boer War,South Africa,812
Siege of Madrid,Spanish Civil War,Madrid,"~5,000 dead or wounded (including civilians)"
Siege of Maastricht,Franco-Dutch War,Maastricht,Unknown
Siege of Maastricht,Eighty Years' War,Maastricht,"900-1,000 soldiers, 800-4,000 civilians"
Siege of Ma'arra,First Crusade,Ma'arrat al-Numan,Unknown
