col0,col1,col2,col3
Siege of Léva,Austro-Turkish War,Habsburg Monarchy,100-200
Siege of Lérida,Peninsular War,Spain,"Lérida: 1,000"
Siege of Lyme Regis,First English Civil War,Dorset,"over 2,000"
Siege of Lydenburg,First Boer War,South African Republic,"3-4 killed, 19 wounded"
Siege of Luxembourg,French Revolutionary Wars,Southern Netherlands,unknown
Siege of Luxembourg,War of the Reunions,Luxembourg,"8,000"
Siege of Lucknow,Indian Rebellion of 1857,Lucknow,"2,500 killed, wounded, missing"
Siege of Louisbourg,French and Indian War,Nova Scotia,172 killed
Siege of Louisbourg,War of the Austrian Succession,Île-Royale,100 killed or wounded
Siege of Los Angeles,Mexican–American War,Los Angeles,0
Siege of Lochem,Eighty Years' War,Netherlands,Low
Siege of Little Butte des Morts,Fox Wars,Little Lake Butte des Morts,?
Siege of Lisbon,1383-1385 Crisis,Lisbon,High
Siege of Lingen,Eighty Years' War,Germany,Unknown
Siege of Limerick,Williamite War in Ireland,Limerick,~800 killed in action
Siege of Limerick,Williamite War in Ireland,Limerick,~400 killed in action
Siege of Limerick,Irish Confederate Wars,Limerick,"c.700 soldiers, c.5,000 civilians"
Siege of Lille,French Revolutionary Wars,France,100–200
Siege of Lille,War of the Spanish Succession,France,"16,000 dead or wounded"
Siege of Leuven,Eighty Years' War,Leuven,700
Siege of Leningrad,Eastern Front,Russian SFSR,"1942: 267,327 total casualties (KIA, WIA, MIA)"
Siege of Leiden,Eighty Years' War,Leiden,500
Siege of Le Quesnoy,War of the First Coalition,France,208
Siege of Lathom House,First English Civil War,Lancashire,1st: Less than 10
Siege of Landrecies,War of the First Coalition,Landrecies,"2,000"
Siege of Landau,War of the Spanish Succession,Germany,"2,865"
Siege of Lamitan,Moro conflict,Philippines,14 - 41 wounded in action
Siege of Lal Masjid,War in North-West Pakistan,Islamabad,11 killed
Siege of Ladysmith,Second Boer War,Colony of Natal,800 prisoners
Siege of Lachish,Sennacherib's campaign in Judah,Israel,Unknown
Siege of La Rochelle,French wars of religion,La Rochelle,"12,000 (including sickness and desertion)"
Siege of La Rochelle,Huguenot rebellions,La Rochelle,Siege Army: ?
Siege of La Paz,Mexican-American War,"La Paz, Baja California Sur",1 wounded
Siege of Léva,Austro-Turkish War,Habsburg Monarchy,100-200
Siege of Lérida,Peninsular War,Spain,"Lérida: 1,000"
Siege of Kut,Mesopotamian Campaign,Iraq,"13,000 captured"
Siege of Kunduz,War in Afghanistan,Islamic State of Afghanistan,None
Siege of Kumamoto Castle,Satsuma rebellion,Japan,unknown
Siege of Krujë,Ottoman wars in Europe,Krujë,"1,000 killed, wounded, or demobilised"
