col0,col1,col2,col3
Siege of Kraków,Second Northern War,Kraków,unknown
Siege of Kolberg,War of the Fourth Coalition,Kołobrzeg,"102 officers and 5,000 men dead and wounded or died of sickness"
Siege of Kobanî,American-led intervention in Syria,Kobanî,(3 MLKP)
Siege of Knodsenburg,Eighty Years' War,Netherlands,100
Siege of Klis,Ottoman–Habsburg wars,Kingdom of Croatia,"15,000"
Siege of Kinsale,Nine Years War,County Cork,"6,000 deserted, sick or dead to disease"
Siege of Kimberley,Second Boer War,"Kimberley, Northern Cape",135 wounded
Siege of Kijevo,Croatian War of Independence,Croatia,None
Siege of Kiev,Mongol invasion of Rus',Kiev,Unknown; not very heavy
Siege of Khartoum,Mahdist War,Khartoum,Almost entire force destroyed
Siege of Kenilworth,Second Barons' War,Warwickshire,unknown
Siege of Kehl,French Revolutionary War,Kehl,"4,000"
Siege of Kazan,Russo-Kazan Wars,Kazan,"15,3553-?"
Siege of Kawagoe Castle,Sengoku period,Saitama Prefecture,"Unclear, presumably minimal"
Siege of Kaunas,Lithuanian Crusade,Kaunas Castle,350 dead; Vaidotas and 36 men taken captive
Siege of Jülich,Eighty Years' War,Jülich,"3,000 surrendered"
Siege of Jinju,Hideyoshi's invasions of Korea,Jinju,Unknown
Siege of Jinju,Japanese invasions of Korea,Korea,"1000 - 10,300 killed or wounded"
Siege of Jinji,Mughal–Maratha Wars,Gingee Fort,"3,500 killed or injured"
Siege of Jerusalem,First Jewish–Roman War,Jerusalem,Unknown
Siege of Jerusalem,Jewish–Babylonian war,Jerusalem,"Many slain, others taken to captivity"
Siege of Jerusalem,Jewish–Babylonian war,Jerusalem,"Many slain, 4,200 others taken to captivity"
Siege of Jerusalem,Peasants' Revolt of 1834,Jerusalem,Hundreds killed
Siege of Jerusalem,Sixth Crusade,Jerusalem,Unknown
Siege of Jerusalem,First Crusade,Jerusalem,Heavy
Siege of Jaén,Reconquista,"Jaén, Spain",Unknown
Siege of Jaén,Reconquista,"Jaén, Spain",Unknown
Siege of Jaén,Reconquista,"Jaén, Spain",Unknown
Siege of Jasna Góra,Second Northern War,Częstochowa,several hundred men
Siege of Jaén,Reconquista,"Jaén, Spain",Unknown
Siege of Jaén,Reconquista,"Jaén, Spain",Unknown
Siege of Jaén,Reconquista,"Jaén, Spain",Unknown
Siege of Jülich,Eighty Years' War,Germany,"3,000 surrendered"
Siege of Izmail,Russo–Turkish War of 1787–1792,Izmail,"1,815 killed, 2,445 wounded"
Siege of Iwaya Castle,Sengoku period,Chikuzen Province,1000~3000 killed
Siege of Isfahan,Naderian Wars,Isfahan,Minimal
Siege of Inverness,Scottish clan,Scotland,Unknown
Siege of Hüningen,French Revolutionary Wars,Hüningen,"1,200"
Siege of Humaitá,Paraguayan War,Paraguay River,100 wounded
Siege of Hulst,Eighty Years' War,Hulst,"1,600 dead or wounded"
Siege of Hulst,Eighty Years' War,Hulst,"3,000 surrendered"
Siege of Hulst,Eighty Years' War,Netherlands,light
Siege of Hull,First English Civil War,Kingston upon Hull,unknown
Siege of Huajuapan de León,Mexican War of Independence,Mexico,Unknown
Siege of Homs,Syrian Civil War,Syria,(by late July 2012)
Siege of Hlukhiv,Russo-Polish War,Ukraine,"4,000 men, 200 officers"
Siege of Hippo Regius,Germanic Wars,Africa,Unknown
Siege of Heidelberg,Thirty Years' War,Germany,"Unknown: 8,000"
Siege of Hasedō,Sengoku period,"Yamagata, Yamagata",623 killed
Siege of Hameln,Fourth Coalition,Hanover,minor
Siege of Hainburg,Austrian-Hungarian War,Lower Austria,Unknown
Siege of Haddington,Anglo-Scottish Wars,"Haddington, East Lothian",Unknown
Siege of Haarlem,Eighty Years' War,Haarlem,(Haarlem)
Siege of Hüningen,French Revolutionary Wars,Hüningen,"1,200"
Siege of Güns,Ottoman wars in Europe,Kingdom of Hungary,Heavy
Siege of Gvozdansko,Ottoman–Habsburg wars,Croatia,All defenders died
Siege of Groningen,Franco-Dutch War,Groningen,"12,000 dead"
Siege of Groenlo,Eighty Years' War,Netherlands,Unknown
Siege of Grave,Eighty Years' War,Netherlands,Unknown
Siege of Grand Pré,Father Le Loutre’s War,Nova Scotia,unknown
Siege of Golubac,Ottoman wars in Europe,Serbian Despotate,unknown
Siege of Godesberg,Cologne War,Electorate of Cologne,178
Siege of Gloucester,First English Civil War,Gloucester,"3,000+ killed or wounded"
Siege of Glatz,Seven Years' War,Kłodzko,"2,500 prisoners"
Siege of Gingee,Imperial Maratha Conquests,Gingee,Unknown
Siege of Giarabub,Western Desert Campaign,Libya,17 killed & 77 wounded (final assault only)
Siege of Genoa,Second Coalition,Genoa,"11,000 total"
Siege of Gaza,Wars of Alexander the Great,Gaza City,"11,450"
Siege of Gandesa,Spanish Civil War,Catalonia,high
Siege of Gaeta,Expedition of the Thousand,Gaeta,321 wounded
Siege of Gaeta,Neapolitan War,Italy,277 killed or wounded
Siege of Gaeta,War of the Third Coalition,Gaeta,"1,000"
Siege of Güns,Ottoman wars in Europe,Kingdom of Hungary,Heavy
Siege of Fushimi,Sengoku period,Fushimi Castle,Unknown
Siege of Fuenterrabía,Thirty Years' War,Spain,"2,000 captured"
Siege of Fredriksten,Great Northern War,Norway,200 inclusive Charles
Siege of Fort Zeelandia,Sino–Dutch conflicts,Formosa,"(about 1,000 killed or wounded in a failed frontal assault in September 1660 according to Dutch records)"
Siege of Fort William Henry,French and Indian War,New York,light
Siege of Fort Wayne,War of 1812,"Fort Wayne, Indiana",about 25 killed
Siege of Fort Watson,American Revolutionary War,"Summerton, South Carolina",120 captured
Siege of Fort Vincennes,American Revolutionary War,"Vincennes, Indiana","11 killed, 5 wounded, 79 captured"
Siege of Fort Ticonderoga,American Revolutionary War,Fort Ticonderoga,"7 killed, 11 wounded"
Siege of Fort Texas,Mexican-American War,"Brownsville, Texas",10 wounded
Siege of Fort Stanwix,American Revolutionary War,New York,(Oriskanycasualties included)
Siege of Fort St Philip,Seven Years' War,Mahón,400 dead or wounded
Siege of Fort St. Philip,War of 1812,Louisiana,1 bomb vessel damaged
Siege of Fort St. Jean,American Revolutionary War,Quebec,20–100 killed and wounded
Siege of Fort Pulaski,American Civil War,"Chatham County, Georgia",1 killed
Siege of Fort Nashwaak,King William's War,Acadia,one killed and two wounded
Siege of Fort Motte,American Revolutionary War,South Carolina,all captured
Siege of Fort Mose,War of Jenkins' Ear,Florida,34 captured
Siege of Fort Morgan,American Civil War,Alabama,1 killed
Siege of Fort Mifflin,American Revolutionary War,Fort Mifflin,"58 captured, over 62 killed"
Siege of Fort Meigs,War of 1812,"Perrysburg, Ohio",121
Siege of Fort Massachusetts,King George's War,"North Adams, Massachusetts","1 killed, 16 wounded"
Siege of Fort Macon,American Civil War,"Carteret County, North Carolina",2 killed
Siege of Fort Mackinac,War of 1812,Michigan,None
Siege of Fort Julien,French Revolutionary Wars,Egypt,264 surrendered
Siege of Fort Harrison,War of 1812,"Terre Haute, Indiana",Unknown – believed to be several killed or wounded
Siege of Fort Gaines,American Civil War,Alabama,Unknown killed and wounded
Siege of Fort Erie,War of 1812,Ontario,"1,551"
Siege of Fort Crozon,French Wars of Religion,France,"1,000 men"
Siege of Fort-Louis,War of the First Coalition,Bas-Rhin,unknown
Siege of Florence,Germanic Wars,Florence,"After Radagaisus is defeated, 12,000 of his men are drafted into the Roman army."
Siege of Figueras,Peninsular War,Spain,Relief: 400
Siege of Famagusta,Ottoman–Venetian War,Cyprus,entire army killed and captured
Siege of Fallujah,Anbar campaign,Anbar Governorate,"180+ Iraqi tribesmen captured, and 10 executed"
Siege of Exeter,Norman conquest of England,Exeter,Unknown
Siege of Euripos,Arab–Byzantine Wars,Central Greece,Unknown
Siege of Esztergom,Mongol Invasion of Europe,Esztergom,none
Siege of Eshowe,Anglo-Zulu War,Eshowe,137 killed
Siege of Enniskillen,Tyrone's Rebellion,Kingdom of Ireland,Entire garrison is killed
Siege of Emesa,Muslim conquest of Syria,Syria,235
Siege of Eindhoven,Anglo-Spanish War,Duchy of Brabant,Unknown
Siege of Eger,Ottoman wars in Europe,Hungary,Unknown
Siege of Edessa,Crusade,Turkey,Garrison killed or captured
Siege of Dunlap's Station,Northwest Indian War,History of Cincinnati,at least 12-15
Siege of Dunkirk,French Revolutionary Wars,France,"1,000, 14 guns, 2 mortars"
Siege of Duncannon,Irish Confederate Wars,Duncannon,67 dead
Siege of Dunboy,Nine Years' War,Beara Peninsula,?
Siege of Dubrovnik,Croatian War of Independence,Croatia,165 killed
Siege of Drogheda,Irish Confederate Wars,Ireland,?
Siege of Drogheda,Irish Confederate Wars,Dublin,200 captured
Siege of Doullens,French Wars of Religion,France,"At least 6,000 dead or captured"
Siege of Dorsten,Thirty Years' War,Dorsten,"1,350 killed and wounded"
Siege of Dorostolon,Rus'–Byzantine War,Bulgaria,"Unknown, 350 killed in the last battle (Leo the Deacon)."
Siege of Dongnae,Imjin War,Dongrae,100 killed
Siege of Diu,Ottoman–Portuguese conflicts,"Diu, India",560+ killed and wounded (garrison)
Siege of Diriyah,Ottoman–Saudi War,Diriyah,Unknown
Siege of Deventer,Eighty Years' War,Netherlands,200
Siege of Deventer,Eighty Years' War,Deventer,Unknown
Siege of Detroit,War of 1812,"Detroit, Michigan","2,493 captured"
Siege of Derry,Williamite War in Ireland,Derry,?
Siege of Delhi,Indian rebellion of 1857,Delhi,"1,254 killed"
Siege of Darayya and Muadamiyat,Rif Dimashq Governorate campaign,Syria,Unknown
Siege of Daraa,Civil uprising phase of the Syrian Civil War,Daraa,"50–220 protesters killed and 600–1,000 arrested, 81 defected soldiers killed"
Siege of Danzig,French invasion of Russia,Danzig,"35,000"
Siege of Danzig,War of the Fourth Coalition,Gdańsk,"6,000 killed and wounded"
Siege of Danzig,War of the Polish Succession,Gdańsk,"8,000"
Siege of Danzig,Deluge,Danzig,-
Siege of Dammaj,Yemeni Revolution,Yemen,+250 killed and 500 wounded
Siege of Damietta,Seventh Crusade,Damietta,Unknown
Siege of Damascus,Muslim conquest of Syria,Damascus,low
Siege of Damascus,Second Crusade,Damascus,Unknown
Siege of Cádiz,Peninsular War,Cádiz,"3,706 wounded"
Siege of Cyropolis,Wars of Alexander the Great,Sogdiana,Medium to light
Siege of Cuzco,Spanish conquest of Peru,Peru,Unknown
Siege of Cuneo,Nine Years' War,Italy,~700–800
Siege of Cuddalore,War of the Austrian Succession,India,light
Siege of Cuddalore,Second Anglo-Mysore War,Carnatic region,"1,000"
Siege of Cuautla,Mexican War of Independence,Mexico,"6,000"
Siege of Cuartel de la Montaña,Spanish Civil War,Spain,~200 killed
Siege of Cuartel de Loyola,Spanish Civil War,Spain,?
