col0,col1,col2,col3
Siege of Crema,Guelphs and Ghibellines,"Crema, Lombardy",Heavy
Siege of Cork,Williamite War in Ireland,Cork,?
Siege of Corinth,American Civil War,"Corinth, Mississippi","1,000"
Siege of Corfu,War of the Second Coalition,French Directory,298 killed or wounded
Siege of Constantinople,Fourth Crusade,Byzantine Empire,Unknown
Siege of Condé,War of the First Coalition,France,light
Siege of Concepción,Arauco War,"Concepcion, Chile",?
Siege of Compiègne,Hundred Years' War,Compiègne,Joan of Arc captured
Siege of Collioure,War of the Pyrenees,France,150
Siege of Colchester,Second English Civil War,England,Around 1000
Siege of Coevorden,Eighty Years' War,Netherlands,Unknown
Siege of Clonmel,Irish Confederate Wars,County Tipperary,low
Siege of Ciudad Rodrigo,Peninsular War,Spain,"1,378 wounded"
Siege of Ciudad Rodrigo,Peninsular War,Castile and León,"180 killed, over 1,000 wounded"
Siege of Château Gaillard,Normandy campaigns of 1200–1204,Château Gaillard,unknown
Siege of Chillán,Chilean War of Independence,Chillán,Over 500 casualties and prisoners
Siege of Chaves,Peninsular War,"Chaves, Portugal","3,500 men captured"
Siege of Chartres,French Wars of Religion,Chartres,300 to 400
Siege of Charleston,American Revolutionary War,"Charleston, South Carolina",182 wounded
Siege of Charlemont,Irish Confederate Wars,Armagh,"low, many wounded"
Siege of Changchun,Chinese Civil War,Changchun,"95,000; ~330, 000 civilian deaths"
Siege of Château Gaillard,Normandy campaigns of 1200–1204,Normandy,unknown
Siege of Caxias,War of Independence of Brazil,Brazil,Unknown
Siege of Cawnpore,Indian Rebellion of 1857,Cawnpore,"All, except five men and two women"
Siege of Caudebec,Anglo–Spanish War,France,unknown
Siege of Catubig,Philippine-American War,Philippines,(Filipino claimed)
Siege of Cattaro,Napoleonic Wars,Adriatic Sea,20 casualties
Siege of Castelnuovo,Ottoman–Venetian War,Montenegro,All killed or executed
Siege of Carrickfergus,Williamite War in Ireland,Kingdom of Ireland,200
Siege of Carlisle,First War of Scottish Independence,England,unknown but heavy
Siege of Cardiff,Despenser wars,Wales,unknown
Siege of Cambrai,Franco-Dutch War,Cambrai,"1,200 killed and wounded"
Siege of Calais,Battle of France,Calais,200 wounded (evacuated)
Siege of Calais,French Wars of Religion,Calais,"5,000 dead"
Siege of Cairo,French Revolutionary Wars,Cairo,"13,500 captured"
Siege of Cahir Castle,Nine Years War,County Tipperary,80–100 killed
Siege of Caesarea Cappadocia,Roman-Persian wars,Cappadocia,"Unknown, probably low"
Siege of Cádiz,Peninsular War,Cádiz,"3,706 wounded"
Siege of Béxar,Texas Revolution,Texas,"150 killed, wounded & captured"
Siege of Busanjin,Imjin War,Busan,Unknown
Siege of Burgos,Peninsular War,Burgos,"304 killed, 323 wounded"
Siege of Budapest,Budapest Offensive,Budapest,"c. 40,000 dead, c. 62,000 captured  (wounded included among captured)"
Siege of Buda,Great Turkish War,Buda,Unknown
Siege of Buda,Ottoman-Habsburg Wars,Hungary,"~ 16,000"
Siege of Bristol,Despenser wars,Bristol,unknown
Siege of Brimstone Hill,Anglo-French War,Saint Kitts and Nevis,Unknown
Siege of Bridgeport,American Civil War,"Bridgeport, Alabama",Unknown killed and wounded
Siege of Breslau,Eastern Front,Nazi Germany,"approximately 60,000 soldiers"
Siege of Bredevoort,Eighty Years' War,Netherlands,Unknown
Siege of Breda,Eighty Years' War,Breda,"1,300 wounded"
Siege of Breda,Eighty Years' War,Breda,"10,000 dead, wounded or captured"
Siege of Bouchain,War of the Spanish Succession,Bouchain,"4,080"
Siege of Boston,American Revolutionary War,Boston,19 killed or wounded
Siege of Boonesborough,American Revolutionary War,Kentucky,"2 killed,"
Siege of Blair Castle,Jacobite Rising of 1745,Scotland,Unknown
Siege of Bjelovar Barracks,Battle of the Barracks,Croatia,17 killed
Siege of Bilär,Mongol invasion of Volga Bulgaria,Bilär,Entire army and population
Siege of Bijapur,Mughal–Maratha Wars,Karnataka,"5,000"
Siege of Bergen op Zoom,War of the Austrian Succession,Dutch Republic,200 cannon captured
Siege of Bergen op Zoom,Eighty Years' War,Duchy of Brabant,low
Siege of Bergen-op-Zoom,Eighty Years' War,Bergen op Zoom,unknown
Siege of Berat,Ottoman wars in Europe,Berat,"3,000 infantry killed,"
Siege of Bellegarde,War of the Pyrenees,First French Republic,"1,536"
Siege of Belgrade,First Serbian uprising,Belgrade,"50 dead, 60 wounded"
Siege of Belgrade,Austro-Turkish War,Belgrade,unknown
Siege of Belgrade,Austro-Turkish War of 1716–1718,Belgrade,"30,000 dead fromillness"
Siege of Belgrade,Ottoman–Habsburg wars,Belgrade,"4,000 dead"
Siege of Belgrade,Ottoman wars in Europe,Kingdom of Hungary,Unknown
Siege of Belgrade,Ottoman wars in Europe,Belgrade,"17,000 (early Christian sources)"
Siege of Belaya,Smolensk War,Tver Oblast,"4,000"
Siege of Beirut,1982 Lebanon War,Beirut,"2,383 wounded"
Siege of Bastogne,Battle of the Bulge,Bastogne,"3,000+ total casualties (2,000 in the101st)"
Siege of Bastia,French Revolutionary Wars,Corsica,1frigate
Siege of Basra,Iran–Iraq War,Basra Governorate,"20,000 casualties"
Siege of Basing House,English Civil War,Hampshire,"2,000 killed"
Siege of Base 46,Syrian Civil War,Syria,Unknown
Siege of Bari,Byzantine-Norman wars,Apulia,"Heavy, including civilians"
Siege of Barentu,Eritrean War of Independence,Eritrea,Unknown
Siege of Barcelona,War of the Spanish Succession,Barcelona,"10,000 dead or wounded"
Siege of Barcelona,Nine Years' War,Barcelona,"9,000 to 15,000"
Siege of Bani Walid,Post-civil war violence in Libya,Libya,"32 killed, 244 wounded"
Siege of Bangkok,Siamese revolution of 1688,Bangkok,unknown
Siege of Bamyan,Mongol invasion of Central Asia,Afghanistan,Unknown
Siege of Baler,Philippine Revolution,"Baler, Aurora",unknown but Light
Siege of Baidoa,War in Somalia,Somalia,13 killed
Siege of Baghdad,Fourth Fitna,Baghdad,High
Siege of Baghdad,Nader's Campaigns,Baghdad,Heavy
Siege of Baghdad,Mongol invasions,Baghdad,Unknown but believed to be minimal
Siege of Badajoz,Peninsular War,Spain,"4,800 dead or wounded"
Siege of Badajoz,Portuguese Restoration War,Spain,"6,200: dead (by the plague and combat) or deserters"
Siege of Bad Kreuznach,Thirty Years' War,Germany,All forces surrendered
Siege of Béxar,Texas Revolution,Texas,"150 killed, wounded & captured"
Siege of Azekah,Sennacherib's campaign in Judah,Israel,Unknown
Siege of Autun,Roman-Germanic wars,Autun,Unknown
Siege of Augusta,American Revolutionary War,Georgia,334 captured
