col0,col1,col2,col3
Siege of Athlone,Williamite War in Ireland,Kingdom of Ireland,?
Siege of Athens and Piraeus,First Mithridatic War,Athens,Low
Siege of Astorga,Peninsular War,Spain,"1,200–1,500 dead or captured"
Siege of Astorga,Peninsular War,Castile and León,"160 dead,"
Siege of Arrah,Indian Rebellion of 1857,Presidencies and provinces of British India,First relief: About 200 killed
Siege of Apia,Second Samoan Civil War,Pacific Ocean,9 killed
Siege of Antwerp,Western Front,Antwerp,Unknown
Siege of Antwerp,Belgian Revolution,Antwerp,370 dead
Siege of Annapolis Royal,King George's War,"Annapolis Royal, Nova Scotia","""considerable British casualties each night"" (Sept.9-15)"
Siege of Angers,War in the Vendée,Angers,400 killed or wounded
Siege of Ancona,Neapolitan War,Ancona,light
Siege of Amirli,Military intervention against ISIL,Iraq,147 killed
Siege of Amiens,Franco-Spanish War,Kingdom of France,600 killed or wounded
Siege of Amida,Roman-Persian Wars,Iraq,"Most defenders, some citizens, some refugees from countryside"
Siege of Almeida,Peninsular War,"Almeida, Portugal","58 dead, 320 wounded"
Siege of Allenstein,Polish–Teutonic War,Prince-Bishopric of Warmia,unknown
Siege of Alkmaar,Eighty Years' War,Alkmaar,"24+ geuzen, 13 civilians"
Siege of Aligarh,Second Anglo-Maratha War,Aligarh,900
Siege of Alexandria,Ptolemy XIII Theos Philopator,Alexandria,Unknown
Siege of Alexandria,French Revolutionary Wars,Alexandria,"10,000 captured"
Siege of Aleppo,Muslim conquest of Syria,Aleppo,Minimal
Siege of Aleppo,Islamist uprising in Syria,Aleppo,"2,000 dead"
Siege of Al-Karak,Crusade,Kerak Castle,Unknown
Siege of Akragas,Sicilian Wars,Akragas,Unknown
Siege of Akhoulgo,Caucasian War,Dagestan,"900 prisoners mostly women,children and old men"
Siege of Aintab,Franco-Turkish War,Ottoman Empire,10 machine guns
Siege of Adrianople,Byzantine-Bulgarian Wars,Adrianople,Unknown
Siege of Adrianople,First Balkan War,Ottoman Empire,": 1,298 killed, 6,655 wounded"
Siege of Acre,French invasion of Egypt,"Acre, Israel",Unknown
Siege of Acre,Crusades,"Acre, Israel","7 Amirs, 30 Amir's Mamluks, 6 Halqa commanders, 53 Halqas, unknown volunteers"
Siege of Acre,Third Crusade,"Acre, Israel","2,500"
Siege of Abu al-Duhur Airbase,Syrian Civil War,Syria,(final assault)
Siege of Abadan,Iran–Iraq War,Iran,"3,500-4,000"
Siege of Aachen,War of the Jülich Succession,Aachen,None
Siege of 's-Hertogenbosch,Eighty Years' War,'s-Hertogenbosch,1200 diseased and injured
Siege of Đông Quan,Lam Sơn uprising,Hanoi,no reliable estimates
Sicilian revolution of 1848,Revolutions of 1848 in the Italian states,Sicily,Unknown
Sicilian Expedition,Peloponesian War,Sicily,"Entire expeditionary force killed, captured or sold into slavery"
Sichuan invasion,Second Sino-Japanese War,China,Unknown
Siberian Intervention,Allied intervention in the Russian Civil War,Mongolia,14 killed
Siachen conflict,Kashmir conflict,Siachen Glacier,36 casualties during combat (1984)
Shyrokyne standoff,War in Donbass,Ukraine,"60+ killed, 200 wounded"
Shuangduiji Campaign,Chinese Civil War,Anhui,"46,000 killed"
Short Hills raid,Upper Canada Rebellion,"Pelham, Ontario","31 captured, 2 wounded"
Shinpūren Rebellion,Meiji period,Kumamoto Prefecture,"60 dead, 200+ injured"
Shin'yō Maru incident,Pacific War,Philippines,1 submarine damaged
Shimabara Rebellion,Edo period,Nagasaki Prefecture,"1900 dead, 11,000 wounded"
Sherman's March to the Sea,American Civil War,Georgia,?
Shelling of Port Gregory,Battle for Australia,Western Australia,None
Shelling of Newcastle,World War II,"Newcastle, New South Wales",None
Shelling of Johnston and Palmyra,Pacific Ocean theater of World War II,Johnston Atoll,1 Marine wounded
Shell House massacre,"South African general election, 1994",Johannesburg,19-53 dead
Sheksna uprising,Russian Civil War,Sheksna River,unknown
Sheikh Khazal rebellion,Arab separatism in Khuzestan,Sublime State of Persia,115 killed (1922)
Sheemore ambush,Irish War of Independence,County Leitrim,none
Shayrat and Tiyas airbase ambush,2011-2012 Syrian uprising,Syria,None
Shatoy ambush,First Chechen War,Chechnya,76 killed
Shanghai massacre of 1927,Chinese Civil War,Shanghai,minimal
Shanghai Campaign,Chinese Civil War,Shanghai,"153,000 (included those who surrendered)"
Shangani Patrol,First Matabele War,Matabeleland,~400–500 killed
Shah Wali Kot Offensive,War in Afghanistan,Kandahar Province,2 wounded
Shabwah campaign,Yemeni civil war,Yemen,152 killed
Shabwah Governorate offensive,Al-Qaeda insurgency in Yemen,Shabwah Governorate,25+
Shabin-Karahisar uprising,Armenian Resistance,Şebinkarahisar,"2 officers and 82 soldiers,"
Shaba II,Shaba Invasions,Zaire,1 aircraft slightly damaged
Shaba I,Cold War,Zaire,8 dead
Seymour Expedition,Boxer Rebellion,China,"62 dead, 232 wounded."
Seventh Crusade,Crusades,Egypt,Almost entire army destroyed
Seventh Battle of the Isonzo,Italian Front,Italy,"17,000"
Seven Days to the River Rhine,Cold War,Germany,"Would be carried out in response to a NATO first strike on Poland. Such a strike was estimated to cause 2,000,000 immediate Polish deaths near the Vistula river."
Seven Days Battles,American Civil War,"Hanover County, Virginia","18,849 (1,734 killed"
Serbian Revolution,Rise of nationalism under the Ottoman Empire,Balkans,"150,000 Serbs"
Serbian Campaign of World War I,Balkans Campaign,Kingdom of Greece,"12,000"
September 2015 Ma'rib Toshka missile attack,Saudi Arabian-led intervention in Yemen,Yemen,None
September 2012 Camp Bastion raid,War in Afghanistan,Afghanistan,17 wounded
September 2012 Beytüşşebap attack,Turkey-PKK conflict,Turkey,12 killed 7 wounded (2 killed in following operations)
September 1982 Rentería attack,Basque conflict,Basque Country,0
Senussi Campaign,North African theatre,Egypt,At least 500 killed
Selton Hill ambush,Irish War of Independence,County Leitrim,none
Seine River Crossing at Mantes-Gassicourt,Operation Overlord,France,0
Segovia Offensive,Spanish Civil War,Spain,"3,000 casualties"
Second conflict in the Goryeo–Khitan War,Goryeo-Khitan Wars,Korean Peninsula,severe. main force annihilated
Second Zhili–Fengtian War,Warlord era,North China,"Thousands plus 40,000+ captured"
Second War of Scottish Independence,Wars of Scottish Independence,Scotland,Unknown
Second Transjordan attack on Shunet Nimrin and Es Salt,Middle Eastern theatre of World War I,Jisr ed Damieh,"1,784"
Second Sino-Japanese War,Pacific War,Mainland China,"1,319,000–4,000,000+ dead and missing,"
Second Siege of Zaragoza,Peninsular War,Spain,"10,000 dead"
Second Siege of Wadi Deif,Syrian Civil War,Syria,80 killed (final assault)
Second Siege of Gerona,Peninsular War,Spain,"271, all guns"
Second Siege of Diu,Ottoman–Portuguese conflicts,"Diu, India",more than 200
Second Siege of Badajoz,Peninsular War,Spain,1st phase: 733
Second Schleswig War,Unification of Germany,Jutland,"1,700+ killed, wounded, or captured"
Second Raid on Schweinfurt,Operation Pointblank,Germany,121 damaged
Second Punic War,Punic Wars,Africa,"300,000+"
Second Northern War,Northern Wars,Polish–Lithuanian Commonwealth,"70,000 Swedish dead (mercenaries not included)"
Second Mongol invasion of Hungary,Mongol invasion of Europe,Kingdom of Hungary,Heavy
Second Mongol invasion of Burma,Mongol conquests,Burma,Unknown
Second Matabele War,Matabele Wars,Matabeleland,~400
Second Manchu invasion of Korea,Qing conquest of the Ming,Korean Peninsula,Unknown
Second Madagascar expedition,Franco-Hova Wars,Madagascar,25 killed in combat
Second Italo-Ethiopian War,Interwar period,Ethiopia,"144,000 sick and wounded (est. 1936–1940)"
Second Invasion of Onitsha,Nigerian Civil War,Onitsha,unknown
Second Intifada,Israeli–Palestinian conflict,Israel,- 215–301 Israeli security force personnel killed by Palestinians
Second Gulf of Sidra offensive,2011 Libyan Civil War,Libyan Coastal Highway,437 killed
Second Guangxi Campaign,Second Sino-Japanese War,Guangxi,Unknown
Second Franco-Dahomean War,Scramble for Africa,Ouémé Department,"2,000–4,000 combat deaths"
Second Fiji Expedition,Fiji Expeditions,Fiji,1 artillery piece destroyed
Second Encirclement Campaign against the Shaanxi-Gansu Soviet,Chinese Civil War,China,"3,000+"
Second Encirclement Campaign against the Hubei-Henan-Anhui Soviet,Chinese Civil War,Hubei,"10,000+"
Second Encirclement Campaign against the Honghu Soviet,Chinese Civil War,China,"> 4,000"
Second Encirclement Campaign against Jiangxi Soviet,Chinese Civil War,Jiangxi,"30,000"
Second Encirclement Campaign against Hubei–Henan–Shaanxi Soviet,Chinese Civil War,Hubei,"2,000"
Second Dranesville,American Civil War,"Loudoun County, Virginia","107 (12 killed, 25 wounded, 70 captured)"
Second Desmond Rebellion,Desmond Rebellions,Provinces of Ireland,Unknown
Second Congo War,Rwandan Genocide,Democratic Republic of the Congo,Thousands
Second Chechen War,Chechen–Russian conflict,Chechnya,"1,072 Chechen police officers and"
Second Boer War,Boer Wars,South Africa,"14,210 died of disease)"
Second Battle of İnönü,Greco-Turkish War,Turkey,1369 missing and prisoner
Second Battle of the Stronghold,Modoc War,California,3 men killed
Second Battle of the Somme,Western Front,France,"5,600 casualties"
Second Battle of the Shaer gas field,Syrian Civil War,Syria,"200+ killed, 73 captured (military source)"
Second Battle of the Piave River,Italian Front,Italy,"43,000 dead or wounded"
Second Battle of the Odon,Battle for Caen,Normandy,"3,000–3,500"
Second Battle of the Masurian Lakes,Eastern Front,East Prussia,"light losses; 16,200 KIA, MIA, WIA"
Second Battle of the Marne,Western Front,France,": 12,000 dead or wounded"
Second Battle of the Java Sea,Pacific War,Java Sea,1 heavy cruiser sunk
Second Battle of the Isonzo,Italian Front,Slovenia,"41,800 losses"
Second Battle of the Hook,Korean War,Korean Peninsula,107 killed wounded or missing
Second Battle of the Corunna Road,Spanish Civil War,Madrid,"15,000 dead or wounded"
Second Battle of al-Faw,Tawakalna ala Allah Operations,Al-Faw Peninsula,"1,000 casualties"
Second Battle of Zurich,War of the Second Coalition,Switzerland,"3,000 dead or wounded"
Second Battle of Zawiya,2011 Libyan rebel coastal offensive,"Zawiya, Libya",1 tank destroyed
Second Battle of Ypres,Western Front,Belgium,"87,223 killed, wounded or missing."
Second Battle of Yeonpyeong,Korean conflict,Yellow Sea,"1 patrol boat sunk, 6 men killed, 19 wounded"
Second Battle of Wissembourg,French Revolutionary Wars,Bas-Rhin,Not known
Second Battle of Winchester,American Civil War,"Winchester, Virginia",348 wounded
Second Battle of Villers-Bretonneux,Western Front,Villers-Bretonneux,"2,473"
Second Battle of Vailele,Second Samoan Civil War,Samoa,7 killed
Second Battle of Tuxpan,Mexican-American War,Veracruz,"1 killed,"
Second Battle of Tucson,Apache-Mexico Wars,New Spain,1 killed
Second Battle of Tripoli Harbor,First Barbary War,Ottoman Empire,1 Marine
Second Battle of Topolobampo,Mexican Revolution,Mexico,none
Second Battle of Timbuktu,Northern Mali conflict,Mali,1 wounded
Second Battle of Tikrit,Military intervention against ISIL,Iraq,"230–1,000+ killed"
Second Battle of Tijuana,Mexican Revolution,Mexico,~30 killed
Second Battle of Tembien,Second Italo-Abyssinian War,Ethiopia,Approx. 600
Second Battle of Tapae,Trajan's Dacian Wars,Romania,unknown
Second Battle of Tabasco,Mexican-American War,Villahermosa,3 missing
Second Battle of Swat,War in North-West Pakistan,"Swat, Pakistan","168 killed, 454 wounded"
Second Battle of St Albans,Wars of the Roses,England,"2,000"
Second Battle of Springfield,American Civil War,"Springfield, Missouri",195 wounded
Second Battle of Sirte,Battle of the Mediterranean,Gulf of Sidra,2 destroyers disabled
Second Battle of Simtokha Dzong,Political union,Bhutan,Tsangpa: likely heavy
Second Battle of San Juan,Spanish–American War,"San Juan, Puerto Rico",1 destroyer heavily damaged
Second Battle of Salvador da Bahia,Dutch-Portuguese War,Salvador da Bahia,100 men wounded
Second Battle of Saltville,American Civil War,"Saltville, Virginia",unknown
Second Battle of Sacket's Harbor,War of 1812,"Sackets Harbor, New York",153 killed and wounded
Second Battle of Sabine Pass,American Civil War,"Jefferson County, Texas",2 gunboats sunk
Second Battle of Rellano,Mexican Revolution,"Rellano, Chihuahua",at least 600 dead
Second Battle of Ream's Station,American Civil War,"Dinwiddie County, Virginia",(Killed 140
Second Battle of Rappahannock Station,American Civil War,"Culpeper County, Virginia","419 (Killed, wounded or captured)"
Second Battle of Quảng Trị,Vietnam War,South Vietnam,"~10,000 KIA"
Second Battle of Pyramid Lake,Paiute War,Pyramid Lake,3 killed
Second Battle of Porto,Peninsular War,Portugal,"600 killed or wounded & 1,500 captured"
Second Battle of Polotsk,French invasion of Russia,Belarus,"8,000-12,500"
Second Battle of Pocotaligo,American Civil War,"Yemassee, South Carolina",294 wounded
Second Battle of Petersburg,American Civil War,"Petersburg, Virginia","1,185 missing or captured)"
Second Battle of Passchendaele,World War I,Belgium,"15,654 Canadians"
Second Battle of Orléans,Franco-Prussian War,Orléans,"1,700"
Second Battle of Oituz,Romanian Campaign,Bacău County,Unknown
Second Battle of Newtonia,American Civil War,"Newton County, Missouri",400
Second Battle of Newbury,English Civil War,"Newbury, Berkshire","2,000"
Second Battle of Nanawa,Chaco War,Gran Chaco,1 tank
Second Battle of Naktong Bulge,Battle of Pusan Perimeter,Korea,heavy
Second Battle of Mount Hermon,Yom Kippur War,Mount Hermon,23 killed
Second Battle of Mora,Mexican-American War,New Mexico,?
Second Battle of Mesilla,American Civil War,"Mesilla, New Mexico","none, lost several horses and their equipment"
Second Battle of Memphis,American Civil War,"Memphis, Tennessee",160
Second Battle of Manzanillo,Spanish–American War,"Manzanillo, Cuba",3 wounded 6 killed
Second Battle of Maarat al-Nu'man,Syrian Civil War,Syria,"7 killed, 40+ captured"
Second Battle of Lexington,American Civil War,"Lexington, Missouri",Unknown
Second Battle of Kut,Mesopotamian Campaign,Iraq,"under 1,000 casualties"
Second Battle of Krithia,World War I,Adrianople Vilayet,"6,300"
Second Battle of Komárom,Hungarian Revolution of 1848,Kingdom of Hungary,Total: 1500
Second Battle of Kharkov,Eastern Front,Soviet Union,12 airmen killed
Second Battle of Kernstown,American Civil War,"Frederick County, Virginia","1,200"
Second Battle of Kehl,French Revolutionary War,Kehl,"1,200 killed and wounded, 800 captured"
Second Battle of Katwa,Imperial Maratha Conquests,Katwa,Unknown
Second Battle of Independence,American Civil War,"Independence, Missouri",83
Second Battle of Idlib,Syrian Civil War,Syria,"132 fighters killed,"
Second Battle of Heligoland Bight,World War I,Heligoland Bight,1 light cruiser damaged
Second Battle of Guararapes,Dutch-Portuguese War,Brazil,"1,045 dead, wounded or captured"
Second Battle of Gaza,Middle Eastern theatre of World War I,Gaza City,"1,534 missing"
Second Battle of Garua,World War I,Garoua,None
Second Battle of Gao,Northern Mali conflict,Mali,2 wounded
Second Battle of Fredericksburg,American Civil War,"Fredericksburg, Virginia","1,100"
Second Battle of Fort Wagner,American Civil War,"Morris Island, South Carolina",(246 killed;
Second Battle of Fort Sumter,American Civil War,"Charleston, South Carolina",117
Second Battle of Fort Fisher,American Civil War,New Hanover County,* Army: 664 (111 killed; 540 wounded; 13 missing)
