col0,col1,col2,col3
Second Battle of Fort Defiance,Navajo Wars,New Mexico Territory,1 killed
Second Battle of Fallujah,Iraq War,Fallujah,(54 killed and 425 wounded from 7 to 16 November)
Second Battle of Elephant Pass,Sri Lankan civil war,Sri Lanka,204 killed
Second Battle of El Alamein,Western Desert Campaign,El Alamein,254 guns
Second Battle of Edea,World War I,Edéa,"4 killed, 11 wounded"
Second Battle of Dragoon Springs,American Civil War,New Mexico Territory in the American Civil War,5 killed
Second Battle of Dongola,Early Muslim conquests,Sudan,Unknown but heavy
Second Battle of Donetsk Airport,War in Donbass,Ukraine,"184 killed, hundreds wounded and 24 captured (acc. Ukraine)"
Second Battle of Donaldsonville,American Civil War,"Ascension Parish, Louisiana",23
Second Battle of Dego,French Revolutionary War,Italy,"14 April: 1,500 casualties"
Second Battle of Deep Bottom,American Civil War,"Henrico County, Virginia","1,851 wounded"
Second Battle of Dalton,American Civil War,"Whitfield County, Georgia",40 killed
Second Battle of Corinth,American Civil War,Mississippi in the American Civil War,(355 killed;
Second Battle of Cobadin,Romanian Campaign,Cernavodă,"11,575+"
Second Battle of Clusium,Sulla's Second Civil War,Roman Republic,Low
Second Battle of Chuenpi,First Opium War,Guangdong,38 wounded
Second Battle of Chattanooga,American Civil War,"Chattanooga, Tennessee",?
Second Battle of Charleston Harbor,American Civil War,"Charleston, South Carolina",358
Second Battle of Champagne,Western Front,France,"145,000"
Second Battle of Cawnpore,Indian rebellion of 1857,Kanpur,99 killed and wounded
Second Battle of Cape Finisterre,War of the Austrian Succession,Cape Finisterre,154 killed
Second Battle of Cancha Rayada,Argentine War of Independence,"Talca, Chile",150 killed
Second Battle of Caloocan,Philippine–American War,Caloocan,39
Second Battle of Bull Run,American Civil War,"Prince William County, Virginia","14,462(1,747 killed;"
Second Battle of Bud Dajo,Moro Rebellion,Philippines,3 wounded
Second Battle of Brega,2011 Libyan Civil War,Libya,5-7 killed
Second Battle of Boulou,War of the Pyrenees,Pyrénées-Orientales,"20 killed, 300 wounded"
Second Battle of Bir el Gubi,Western Desert Campaign,Libya,12 tanks
Second Battle of Bin Jawad,Second Gulf of Sidra offensive,Libya,20 dead
Second Battle of Benghazi,2011 Libyan Civil War,Libya,261 killed*
Second Battle of Bassano,French Revolutionary Wars,Italy,"3,000 dead and wounded"
Second Battle of Athenry,Bruce campaign in Ireland,County Galway,"Up to 3,000 killed according to the Regestum of the Dominicans in Athenry"
Second Battle of Artois,Western Front,Third French Republic,"Britain: 27,809 (Aubers Ridge: 11,161, Festubert: 16,648)"
Second Battle of Apia,Second Samoan Civil War,Upolu,None reported
Second Battle of Algeciras,French Revolutionary Wars,Gut of Gibraltar,"18 killed, 101 wounded"
Second Battle of Al-Shaykh Maskin,Syrian Civil War,Syria,"210 killed,"
Second Battle of Agua Prieta,Mexican Revolution,Sonora,unknown
Second Battle of Agordat,Mahdist War,Agordat,108 killed124 wounded
Second Battle of Adobe Walls,Red River War,"Adobe Walls, Texas","4 killed, unknown wounded"
Second Battle of İnönü,Greco-Turkish War,"İnönü, Eskişehir",1369 missing and prisoner
Second Barbary War,Barbary Wars,Mediterranean sea,10 wounded
Second Balkan War,Balkan Wars,Balkan Peninsula,'''Total:
Second Anglo-Dutch War,Anglo-Dutch wars,Denmark–Norway,10 civilians killed
Second Anglo-Afghan War,The Great Game,Emirate of Afghanistan,"5,000+ killed in major battles"
Scuttling of the Peruvian fleet in El Callao,War of the Pacific,Peru,The whole fleet scuttled
Scuttling of the German fleet in Scapa Flow,World War I,Scotland,None
Scuttling of the French fleet in Toulon,Battle of the Mediterranean,France,1 school ship (scuttled)
Scuttling of SMS Cormoran,Asian and Pacific theatre of World War I,Guam,none
Scramogue ambush,Irish War of Independence,County Roscommon,1 killed and 3 captured in sweeps after the ambush
Schweinfurt–Regensburg mission,Operation Pointblank,Regensburg,58-95 bombers heavily damaged
Sazak assault,Kurdish–Turkish conflict,Turkey,4 killed
Sawyers Fight,Sioux Wars,Wyoming,3 killed
Saudi–Rashidi War,Unification of Saudi Arabia,Arabia,"at least 1,670"
Saudi conquest of Hejaz,Unification of Saudi Arabia,Kingdom of Hejaz,Unknown
Saudi Arabian-led intervention in Yemen,Yemeni civil war,Yemen,----
Saudi–Rashidi War,Unification of Saudi Arabia,Arabia,"at least 1,670"
Sassnitz Campaign,Seven Years' War,Margraviate of Brandenburg,"3,500 Soldiers 4 Ships"
Sasanian conquest of Jerusalem,Jewish revolt against Heraclius,Jerusalem,"4,518-66,509 Christians"
