col0,col1,col2,col3
Xanthocyparis vietnamensis,Cupressaceae,EN,IUCN3.1
Wollemia,Araucariaceae,CR,iucn3.1
Widdringtonia whytei,Cupressaceae,CR,IUCN3.1
Widdringtonia wallichii,Cupressaceae,CR,IUCN3.1
Widdringtonia schwarzii,Cupressaceae,VU,IUCN2.3
Widdringtonia nodiflora,Cupressaceae,LC,IUCN3.1
Western white pine,Pinaceae,NT,IUCN3.1
Tsuga mertensiana,Pinaceae,LR/lc,IUCN2.3
Tsuga heterophylla,Pinaceae,LR/lc,IUCN2.3
Tsuga forrestii,Pinaceae,VU,IUCN3.1
Tsuga dumosa,Pinaceae,LR/lc,iucn2.3
Tsuga diversifolia,Pinaceae,LR/lc,iucn2.3
Tsuga chinensis,Pinaceae,LR/lc,iucn2.3
Tsuga caroliniana,Pinaceae,LR/nt,IUCN2.3
Torreya taxifolia,Cephalotaxaceae,CR,iucn3.1
Torreya nucifera,Taxaceae,LC,IUCN3.1
Torreya jackii,Cephalotaxaceae,EN,IUCN3.1
Torreya grandis,Cephalotaxaceae,NE,IUCN2.3
Torreya fargesii,Cephalotaxaceae,EN,IUCN3.1
Torreya californica,Cephalotaxaceae,VU,IUCN3.1
Torrey pine,Pinaceae,CR,iucn3.1
Thujopsis,Cupressaceae,LR/lc,IUCN2.3
Thuja sutchuenensis,Cupressaceae,EN,IUCN3.1
Thuja standishii,Cupressaceae,LR/lc,IUCN2.3
Thuja plicata,Cupressaceae,LC,IUCN3.1
Thuja occidentalis,Cupressaceae,LR/lc,IUCN2.3
Thuja koraiensis,Cupressaceae,DD,IUCN2.3
Tetraclinis,Cupressaceae,LC,IUCN3.1
Taxus × media,Taxaceae,LR/lc,IUCN2.3
Taxus wallichiana,Taxaceae,EN,IUCN2.3
Taxus sumatrana,Taxaceae,LR/lc,IUCN2.3
Taxus floridana,Taxaceae,CR,iucn2.3
Taxus cuspidata,Taxaceae,LR/lc,IUCN2.3
Taxus chinensis,Taxaceae,EN,IUCN3.1
Taxus canadensis,Taxaceae,LC,IUCN3.1
Taxus brevifolia,Taxaceae,NT,IUCN3.1
Taxus baccata,Taxaceae,LR/lc,IUCN2.3
Taxus × media,Taxaceae,LR/lc,IUCN2.3
Taxodium mucronatum,Cupressaceae,LC,IUCN3.1
Taxodium distichum,Cupressaceae,LR/lc,IUCN2.3
Taiwania,Cupressaceae,VU,iucn3.1
Table mountain pine,Pinaceae,LR/lc,IUCN2.3
Sundacarpus,Podocarpaceae,LR/lc,IUCN2.3
Stone pine,Pinaceae,LR/lc,IUCN2.3
Sequoiadendron giganteum,Cupressaceae,EN,iucn3.1
Sequoia sempervirens,Cupressaceae,EN,IUCN3.1
Saxegothaea,Podocarpaceae,LR/nt,IUCN2.3
Retrophyllum vitiense,Podocarpaceae,LR/lc,IUCN2.3
Retrophyllum rospigliosii,Podocarpaceae,LR/nt,IUCN2.3
Retrophyllum piresii,Podocarpaceae,DD,IUCN2.3
Retrophyllum minus,Podocarpaceae,EN,IUCN3.1
Retrophyllum comptonii,Podocarpaceae,LR/lc,IUCN2.3
Pseudotsuga sinensis,Pinaceae,VU,IUCN2.3
Pseudotsuga macrocarpa,Pinaceae,LR/nt,IUCN2.3
Pseudotsuga japonica,Pinaceae,VU,IUCN2.3
Pseudotaxus,Taxaceae,VU,iucn3.1
Pseudolarix,Pinaceae,VU,IUCN3.1
Prumnopitys taxifolia,Prumnopityaceae,LR/lc,IUCN2.3
Prumnopitys standleyi,Podocarpaceae,DD,IUCN2.3
Prumnopitys montana,Podocarpaceae,LR/lc,IUCN2.3
Prumnopitys ladei,Podocarpaceae,LR/cd,IUCN2.3
Prumnopitys harmsiana,Podocarpaceae,LR/nt,IUCN2.3
