col0,col1,col2,col3
Prunaru Charge,Romanian Campaign,Romania,"4,866"
Provisional Irish Republican Army campaign,The Troubles,England,IRA 293 killed
Project Dark Gene,Cold War,Soviet Union,"* 1 RF-4C, 1 RF-5B, 2 CH-47 confirmed"
Prizren incident,Kosovo War,Federal Republic of Yugoslavia,1 wounded
Preston Somers Expedition,Anglo–Spanish War,Venezuela Province,11 ships burned or captured
Prahova Valley,Romanian Campaign,Kingdom of Romania,Unknown
Prague uprising,World War II,Czech Republic,"1,000 killed"
Prague Offensive,Eastern Front,Czechoslovakia,"Some 860,000 captured; remainder killed, missing in action, or fled"
Poznań 1956 protests,Cold War,Poznań,"57–100+ killed, 600 wounded"
Powder River Massacre,Powder River Expedition,Powder River,none
Powder River Expedition,Sioux Wars,Montana,"31 killed, 15 wounded"
Powder River Battles,Powder River Expedition,Montana,"11-15 killed, 11 wounded"
Posey War,American Indian Wars,Utah,none
Portuguese conquest of Goa,Ottoman–Portuguese conflicts,India,Unknown
Portuguese conquest of French Guiana,Napoleonic Wars,Cayenne,1 killed
Portuguese Colonial War,Cold War,Portuguese Mozambique,"15,507 wounded (physical and/or psychological)"
Pomeranian War,Seven Years' War,Margraviate of Brandenburg,"3,473"
Polotsk Offensive,Operation Bagration,Belorussian SSR,"37,000 dead, 7,000 POW (Soviet est)"
Polish–Ukrainian War,Ukrainian War of Independence,Galicia,"10,000"
Polish–Soviet War,Russian Civil War,Central Europe,(including rear-area personnel)
Polish–Russian War of 1792,Polish–Russian Wars,Polish–Lithuanian Commonwealth,Unknown
Polish–Czechoslovak War,Polish–Czechoslovak border conflicts,Cieszyn Silesia,124 injured
Polish–Austrian War,Napoleonic Wars,Duchy of Warsaw,"2,000 captured"
Polish–Ukrainian War,Ukrainian War of Independence,Ukraine,"10,000"
Polish–Soviet War,Russian Civil War,Central Europe,(including rear-area personnel)
Polish–Russian War of 1792,Polish–Russian Wars,Polish–Lithuanian Commonwealth,Unknown
Polish–Czechoslovak War,Polish–Czechoslovak border conflicts,Cieszyn Silesia,124 injured
Polish–Austrian War,War of the Fifth Coalition,Duchy of Warsaw,"2,000 captured"
Pointe du Hoc,Normandy Landings,France,135 killed/wounded
Po Valley raid,Second Punic War,Italy,22 ensigns captured
Plum River raid,Black Hawk War,"Savanna, Illinois",0
Plitvice Lakes incident,Croatian War of Independence,Croatia,1 killed
Pleiku Campaign,Vietnam War,South Vietnam,~600
Platine War,Argentine Civil War,Río de la Plata,600+ dead and wounded
Pitchfork uprising,Russian Civil War,Russian SFSR,"3,000"
Piracy on Falcon Lake,Mexican Drug War,Rio Grande,1 killed
Pipeline ambush,Malayan Emergency,Federation of Malaya,3 killed
Pink's War,Military history of the North-West Frontier,South Waziristan,Two killed
Pingjin Campaign,Chinese Civil War,China,"~520,000(including non-combat losses)"
Pingdu Campaign,Chinese Civil War,Shandong,"5,000+"
Pikysyry maneuver,Paraguayan War,Argentina,"600 killed, 200 captured"
Philippines Campaign,Pacific War,Philippines,"* Army: 16,043 dead and missing,"
Petsamo–Kirkenes Offensive,World War II,Pechengsky District,"15,149 wounded"
Pescadores Campaign,Japanese invasion of Taiwan,Taiwan,"1,500 died of disease"
Pescadores Campaign,Sino-French War,Pescadores Islands,12 wounded
Persian Revolt,Wars of Cyrus the Great,Medes,heavy
Persian Expedition of 1796,Russo-Persian Wars,South Caucasus,"2,150 men"
Perm Operation,Russian Civil War,Ural,Very High
People's Liberation Army at Tiananmen Square protests of 1989,Tiananmen Square Protests of 1989,Beijing,)
Penobscot Expedition,American Revolutionary War,Penobscot Bay,25 killed
Pennamite–Yankee War,American Revolutionary War,Susquehanna River,1 killed
Peninsula Campaign,American Civil War,Virginia Peninsula,"26-27,000 (estimated)"
Penang ambush,Malayan Emergency,Federation of Malaya,6 wounded
Peasants' revolt in Palestine,Muhammad Ali of Egypt,Ottoman Empire,Several thousand
Peach Tree War,American Indian Wars,New Amsterdam,Unknown
Patikul massacre,Moro conflict,Philippines,35 killed
Pata Island massacre,Moro conflict,Philippines,119-124 killed
Passage of Humaitá,Siege of Humaitá,Paraguay River,unknown
Paraguay campaign,Spanish American wars of independence,Paraguay,"Around 500 - 1,000 men (killed, wounded and prisoners)"
Pancho Villa Expedition,Mexican Revolution,Mexico,15 killed
Palmyra offensive,Syrian Civil War,Tadmur District,150 killed (SOHR claim)
Palmyra offensive,Syrian Civil War,Syria,"195 killed (2+ Russians, 1 Iranian)"
Palmyra offensive,Syrian Civil War,Syria,30 killed (SOHRclaim)
Palace of Justice siege,Colombian armed conflict,Bogotá,48 Colombian Soldiers dead
Pakrac clash,Croatian War of Independence,Croatia,None
Paknam incident,Franco-Siamese War,Chao Phraya River,1 aviso damaged
Pakistan–United States skirmishes,War in Afghanistan,Durand Line,None
Paiute War,American Indian Wars,Nevada,~35 wounded
Package Q Strike,Gulf War,"Baghdad, Iraq",2 POWs
Pacification of Rabaul,Solomon Islands campaign,Papua New Guinea,"151 aircraft, 25 of them bombers"
Pacification of Manchukuo,Second Sino-Japanese War,Manchukuo,?
PNS Mehran attack,List of terrorist incidents in Pakistan since 2001,Karachi,1 fireman
Owens Valley Indian War,American Indian Wars,California,60
Ovče Pole Offensive,Serbian Campaign,Republic of Macedonia,Unknown
Overthrow of the Kingdom of Hawaii,Hawaiian Rebellions,Hawaii,None
Overland Campaign,American Civil War,Virginia,"(7,621 killed;"
Ovče Pole Offensive,Serbian Campaign,Republic of Macedonia,Unknown
Outpost Harry,Korean War,Iron Triangle,102 killed
Ottoman–Persian War,Ottoman–Persian Wars,Iraq,Unknown
Ottoman–Egyptian invasion of Mani,Greek War of Independence,Mani Peninsula,Diro: Unknown
Ottoman invasion of the Balearic Islands,Ottoman-Habsburg wars,Balearic islands,"4,000 inhabitants enslaved"
Ottoman invasion of Otranto,Ottoman wars in Europe,Kingdom of Naples,Garrisoned forces surrender
Ottoman campaign against Hormuz,Ottoman–Portuguese Conflicts,Persian Gulf,unknown
Ottoman–Persian War,Ottoman–Persian Wars,Iraq,Unknown
Ottoman–Egyptian invasion of Mani,Greek War of Independence,Mani Peninsula,Diro: Unknown
Ostrogozhsk–Rossosh Offensive,World War II,Ostrogozhsk,"1,400 artillery pieces,"
Osovets Offensive,Operation Bagration,Poland,?
Oslo Mosquito raid,World War II,Norway,1 aircraft destroyed
Orontes River offensive,Syrian Civil War,Hama Governorate,86+ killed
Order of battle for the Battle of the Somme,Western Front,French Third Republic,"623,907"
Orakzai and Kurram offensive,War in North-West Pakistan,Pakistan,213 wounded
Opération Chammal,Military intervention against ISIL,Iraq,1 civilian killed inAlgeria
Operativo Independencia,Dirty War,Argentina,(including accidents)
"Operations on the Ancre, January–March 1917",World War I,France,"2,151 (incomplete)"
Operations Malheur I and Malheur II,Vietnam War,Quang Ngai Province,81 US killed
Operation al-Shabah,Syrian civil war,Iraq,"43 killed, 57 captured"
Operation Zitronella,World War II,Norway,3 destroyers damaged
Operation Zipper,Second World War,British Malaya,None
Operation Zarb-e-Azb,War in North-West Pakistan,Pakistan,"2,292 injured"
Operation Zalzala,War in North-West Pakistan,Pakistan,6 soldiers dead
Operation Yevusi,1947–1948 Civil War in Mandatory Palestine,Jerusalem,over 70
Operation Wunderland,Arctic warfare,Northern Sea Route,None
Operation Winter '94,Bosnian War,Bosnia and Herzegovina,29 soldiers killed
Operation Windsor,Battle for Caen,Carpiquet,17 tanks
Operation White,Battle of the Mediterranean,Mediterranean Sea,2 prisoners
Operation Whirlwind,Croatian War of Independence,Croatia,18 killed
Operation Wheeler/Wallowa,Vietnam War,South Vietnam,"110 killed, 2 missing, 473 wounded"
Operation Whalers,War in Afghanistan,Afghanistan,1 killed
Operation Weserübung,Norwegian Campaign,Denmark,':
Operation Wellhit,World War II,Boulogne-sur-Mer,600
Operation Warrior's Rage,Operation Iraqi Freedom,Baghdad,None reported
Operation Vrbas '92,Bosnian War,Bosnia and Herzegovina,unknown
Operation Volcano,Retribution operations,"Nitzana, Israel",5 killed
Operation Viking Hammer,2003 invasion of Iraq,Ba'athist Iraq,"Ansar al-Islam: 150-200 killed, remainder captured or fled to Iran"
Operation Vigorous,Battle of the Mediterranean,Malta,1 cruiser sunk
Operation Vigilant Sentinel,Iraq Disarmament Crisis,Persian Gulf,none
Operation Veritable,World War II,Klever Reichswald,"15,634 casualties"
Operation Verano,Cuban Revolution,Cuba,207 killed
Operation Vengeance,Pacific War,Asiatic-Pacific Theater,"1 P-38G fighter aircraft lost,"
Operation Varsity,Operation Plunder,Germany,"2,378–2,700 casualtiesref|Ellis puts British 6th Airborne Division losses as 1,400 dead, wounded or captured and places the U.S. 17th Airborne Division losses as 1,300 dead, wounded or captured. The official Parachute Regiment website places 6th Airborne losses at 1,078 killed or wounded.|group=""Note"""
Operation Valiancy,2000 Philippine campaign against the Moro Islamic Liberation Front,"Talayan, Maguindanao",2 killed
Operation Vaksince,Insurgency in the Republic of Macedonia,Lipkovo Municipality,Fadil Nimani
Operation Uzice,World War II in Yugoslavia,Serbia,Unknown
Operation Utah,Vietnam War,Quảng Ngãi Province,"30 killed, 120 wounded"
Operation Uric,Rhodesian Bush War,Mozambique,South Africa - 3
Operation Union II,Vietnam War,Quảng Nam Province,110 Killed
Operation Union,Vietnam War,South Vietnam,"110 killed, 2 missing, 473 wounded"
Operation Undertone,Western Front,Saarbrücken,"12,887 (est.)"
Operation Undergo,Western Front,Calais,approx. 260
Operation Una,Bosnian War,Bosnia and Herzegovina,49 killed
Operation UNICORD,Nigerian Civil War,Biafra,unknown
Operation U-Go,Burma Campaign,British Raj,"16,987-21,500"
Operation Tungsten,World War II,Kåfjorden,4 aircraft lost
Operation Truong Cong Dinh,Vietnam War,South Vietnam,2 artillery barges
Operation Trio,World War II in Yugoslavia,Bosnia,* 1 missing
Operation Trikora,Cold War,Western New Guinea,400 dead (approximately)
Operation Trident,Indo-Pakistani War of 1971,Arabian Sea,None
Operation Traira,Colombian conflict,Amazonas,Brazilian: 3 soldiers killed and 9 injured
Operation Tractable,Operation Overlord,"Falaise, Calvados",Canada: see [[#Casualties
Operation Totalize,Operation Overlord,Normandy,146+ tanks
Operation Torch,North African Campaign,French Algeria,*4 troopships sunk
