col0,col1,col2,col3
Operation Overlord,Western Front,France,"* 225,606 to 226,386 casualties"
Operation Ostra Brama,World War II,Lithuania,~500
Operation Oregon,Vietnam War,South Vietnam,"11 killed, 45 wounded"
Operation Oqab,War in Afghanistan,Afghanistan,:26 killed
Operation Opossum,Japanese occupation of British Borneo,Ternate Island,All
Operation Olive Leaves,Retribution operations,Sea of Galilee,10 wounded
Operation Oklahoma Hills,Vietnam War,Quảng Nam Province,"43 killed, 439 wounded"
Operation Odyssey Dawn,2011 Libyan Civil War,Libya,"1 F-15E (mechanical failure, aircrew survived)"
Operation Ochsenkopf,Tunisia Campaign,Tunisia,16 tanks
Operation OAU,Nigerian Civil War,"Aba, Abia","21,500"
Operation Northern Watch,Iraqi no-fly zones,Ba'athist Iraq,One F-16 damaged
Operation Northern Iraq,Kurdish–Turkish conflict,Iraqi Kurdistan,(Later released)
Operation Nordwind,Western Front,Alsace,"2,000"
Operation Nimble Archer,Iran–Iraq War,Persian Gulf,"18 injured in the attack onMV Sea Isle City, which led to the operation"
Operation Nifty Package,United States invasion of Panama,Panama City,4 killed
Operation New York,Vietnam War,South Vietnam,"17 killed, 37 wounded"
Operation Neuland,Battle of the Atlantic,Caribbean Sea,1 killed
Operation Nasrat,War in Afghanistan,Helmand,"Unknown, several suicide bombers"
Operation Nasr,Iran–Iraq War,Dezful,"100tanks destroyedPollack, Kenneth. ""Arabs at War"". University of Nebraska Press, 2002. Page 194."
Operation München,Eastern Front,Bessarabia,255 aircraft
Operation Musketoon,Second World War,Norway,1 killed
Operation Murfreesboro,Iraq War,Iraq,5KIAand 25WIA10WIA
Operation Murat,Kurdish–Turkish conflict,Turkey,1 aircraft downed
Operation Mountain Thrust,War in Afghanistan,Afghanistan,"1 KIA , 4 WIA (Romania)"
Operation Mountain Storm,Republic of Macedonia,Republic of Macedonia,13 arrested
Operation Mouette,First Indochina War,French Indochina,151 missing
Operation Moshtarak,War in Afghanistan,Afghanistan,*13 killed
Operation Morvarid,Iran-Iraq War,Iraq,1 F-4 Phantom damaged
Operation Montana Mauler,Vietnam War,Quảng Trị Province,13+ killed
Operation Mole Cricket 19,1982 Lebanon War,Lebanon,At least one UAV shot down
Operation Model 5,Yom Kippur War,Golan Heights,2 killed
Operation Mobile,2011 military intervention in Libya,Libya,None
Operation Mistral 2,Bosnian War,Bosnia and Herzegovina,226 wounded
Operation Minsk,Polish-Soviet War,Belarus,Unknown
Operation Minden,Korean War,Imjin River,~15 killed
Operation Michoacán,Mexican Drug War,Mexico,100 police officers killed
Operation Michael,Western Front,Northern France,"239,800"
Operation Mersad,Iran–Iraq War,Iran,120 Tanks
Operation Meghdoot,Siachen Conflict,Siachen Glacier,36
Operation Medusa,War in Afghanistan,Afghanistan,1 killed
Operation Medina,Vietnam War,South Vietnam,"34 killed, 143 wounded"
Operation Medak Pocket,Croatian War of Independence,Croatia,(Canadian estimate)
Operation Meade River,Vietnam War,Quảng Nam Province,108 killed
Operation Mawtini,Iraq War,Iraq,None
Operation Maui Peak,Vietnam War,South Vietnam,28 killed
Operation Maslenica,Croatian War of Independence,Maslenica,114 soldiers killed
Operation Masher,Vietnam War,South Vietnam,"14 aircraft shot down, 241 aircraft damaged."
Operation Mascot,World War II,Kåfjorden,Three aircraft
Operation Martyr Yalçın,PKK rebellion,Syria–Turkey border,Two police officers injured in Hakkari. Two soldiers killed and four wounded inDiyarbakir
Operation Martyr Muath,Jordanian intervention in the Syrian Civil War,Syria,none
Operation Martyr's Right,Sinai insurgency,Egypt,10 soldiers killed
Operation Martlet,Battle for Caen,Odon,(incomplete)
Operation Mars,Eastern Front,Russian SFSR,"1,600 tanks"
Operation Marne Torch,Iraq War,Iraq,"13 killed (U.S.),"
Operation Marne Avalanche,Iraq War,Baghdad,None
Operation Marlborough,Iraq War,Baghdad,None
Operation Market Sweep,Iraq War,Fallujah,None
Operation Market Garden,Allied advance from Paris to the Rhine,Germany,144 transport aircraft
Operation Mar Lewe,War in Afghanistan,Afghanistan,"2 killed,"
Operation Mameluke Thrust,Vietnam War,Quảng Nam Province,269 killed
Operation Maine Crag,Vietnam War,Quảng Trị Province,Unknown
Operation Magistral,Soviet-Afghan War,Afghanistan,"1000 total, incl. 300 KIA (est.)"
Operation MH - 2,Insurgency in the Republic of Macedonia,Lipkovo Municipality,30 (KLA killed)
Operation München,Eastern Front,Northern Bukovina,255 aircraft
Operation Lüttich,Operation Overlord,Normandy,"2,000–3,000 killed"
Operation Loyton,Western Front,Vosges Mountains,210 French civilians arrested and sent to concentration camps where 140 died.
Operation Lorraine,First Indochina War,Vietnam,"1,200 killed, wounded, missing"
Operation Linebacker II,Vietnam War,Bắc Giang,(including 34 B-52s and 4 F-111s; this includes two B-52s shot down by MiG-21 fighters)
Operation Linebacker,Vietnam War,North Vietnam,10 aircraft lost
Operation Linda Nchi,War in Somalia,Somalia,"* 10–31 TFG soldiers killed, 128 injured"
Operation Libelle,1997 riots,Albania,1 helicopter damaged
Operation Leyte Gulf,Iraq War,Iraq,None
Operation Leopard,Nigerian Civil War,Umuahia,unknown
Operation Leader,World War II,Bodø,4 aircraft
Operation Larchwood 4,Iraq War,Iraq,5 wounded
Operation Lancaster,Vietnam War,South Vietnam,22 killed
Operation Lam Son II,Vietnam War,South Vietnam,None
Operation Lam Son 719,Vietnam War,Laos,"1,149 captured"
Operation Ladbroke,Allied invasion of Sicily,"Syracuse, Sicily",313 killed and 174 missing or wounded
Operation Lüttich,Operation Overlord,Normandy,"2,000–3,000 killed"
Operation Kutuzov,Eastern Front,Soviet Union,218 aircraft
Operation Kryptonite,War in Afghanistan,Afghanistan,None
Operation Kita,Pacific War,Japan,Several aircraft
Operation Kingfisher,Vietnam War,South Vietnam,"1,500 to 3,000 wounded"
Operation Kikusui,Battle of Okinawa,Okinawa Island,218 ships damaged
Operation Khyber,War in North-West Pakistan,Pakistan,unknown
Operation Kheibar,Battle of the Marshes,Iraq,"10,000 killed and wounded"
Operation Kentucky,Vietnam War,South Vietnam,"520 killed, 2,698 wounded (USMC account)"
Operation Ke,Pacific War,Guadalcanal,"1 destroyer heavily damaged,"
Operation Karez,War in Afghanistan,Afghanistan,None
Operation Karbala-6,Iran–Iraq War,Iran,Heavy
Operation Karbala-4,Iran–Iraq War,Basra Governorate,"2,000"
Operation Kamin,War in Afghanistan,Afghanistan,21 killed
Operation Kaman 99,Iran–Iraq War,Iraq,1F-4Edamaged
Operation Kaika,War in Afghanistan,Afghanistan,"2 American soldierskilled,"
Operation K,American Theater,Marshall Islands,Minimal private property damage
Operation Juno,Norwegian Campaign,Norwegian Sea,1 battleship damaged
Operation Jungle,Cold War,Baltic Sea,3 agents killed
Operation Junction City,Vietnam War,South Vietnam,"1,500 wounded"
Operation Jumelles,Algerian War,French Algeria,213 killed
Operation Jericho,Second World War,Amiens,"3 Mosquitos, 2 Typhoons"
Operation Jefferson Glenn,Vietnam War,South Vietnam,Unknown
Operation Jaywick,Japanese occupation of Singapore,Singapore,7 ships sunk
Operation Jayasikurui,Sri Lankan civil war,Sri Lanka,"1,350 killed; 4,000 wounded (SLA claim)"
Operation Jaque,Colombian armed conflict,Colombia,None
Operation Janbaz,War in North-West Pakistan,Pakistan,12 killed
Operation Jacana,War in Afghanistan,Afghanistan,None
Operation JM,Colombian armed conflict,Colombia,137KIA
Operation Ivory Coast,Vietnam War,North Vietnam,2 civilians wounded
Operation Iskra,Eastern Front,Russia,"12,000 killed, 32,570 wounded"
Operation Iron Hammer,Iraq War,Iraq,None
Operation Iron Hammer,Operation Iraqi Freedom,Baghdad,None Reported
Operation Inmate,Pacific War,Chuuk Lagoon,1 aircraft destroyed in combat
Operation Inherent Resolve,Iraq War,Iraq,(5 executed and 1 unknown)
Operation Infatuate,Battle of the Scheldt,Scheldt,489 killed
Operation Imposing Law,Iraq War,Baghdad,1 killed (Poland)
Operation Impact,Global War on Terrorism,Iraq,1 killed (friendly fire)
Operation Ichi-Go,Second Sino-Japanese War,Hunan,190 aircraft
Operation I-Go,Pacific War,New Guinea,"1corvettesunk,"
Operation Hydra,Operation Crossbow,Usedom,"215 killed,"
Operation Hurricane,Strategic bombing during World War II,Bombing of Braunschweig in World War II,14 aircraft (Duisburg
Operation Hurricane-91,Croatian War of Independence,Slavonia,184 killed
Operation Hump,Vietnam War,South Vietnam,2 Australian MIA (remains located and repatriated to Australia 5 June 2007)
Operation Houndsworth,Western Front,Burgundy,10 Killed
Operation Hot Winter,Israel–Gaza conflict,South District,"3 killed (1 civilian),"
Operation Hornung,World War II,Belarus,Number of capturedfirearms: 133
Operation Hoover,War in Afghanistan,Afghanistan,1 killed (Landmine)
Operation Hong Kil Dong,Vietnam War,South Vietnam,88 captured
Operation Hiroshima,Nigerian Civil War,Onitsha,unknown
Operation Hiram,1948 Arab–Israeli War,Southern Lebanon,"""absurdly light"""
Operation Herring,Italian Campaign,Po River,1 killed
Operation Hawthorne,Vietnam War,South Vietnam,"10 killed, 29 wounded"
Operation Hasty,Italian Campaign,Abruzzo,33 men
Operation Hastings,Vietnam War,Vietnamese Demilitarized Zone,"22px126 killed, 448 wounded"
Operation Harpoon,War in Afghanistan,Afghanistan,0 killed
Operation Harpoon,Battle of the Mediterranean,Malta,1 merchant ship damaged
Operation Harling,Axis occupation of Greece,Kingdom of Greece,4 wounded
Operation Hannover,World War II,Vyazma,"2,200"
Operation Hammer,War in Afghanistan,Afghanistan,3 killed (UK)
Operation Hammer,Iraqi Kurdish Civil War,Iraqi Kurdistan,"114 killed, 338 wounded"
Operation Halberd,Battle of the Mediterranean,Calabria,1 merchant scuttled
Operation Hailstone,Pacific War,Caroline Islands,"1aircraft carrierdamaged,"
Operation Grenade,World War II,Klever Reichswald,"7,300 casualties"
Operation Green Sea,Guinea-Bissau War of Independence,Guinea,1 Portuguese and 7 Guineans killed
Operation Green Hunt,Naxalite-Maoist insurgency,India,142 killed (2011)
Operation Grapes of Wrath,South Lebanon conflict,Israel,3 Israeli soldiers killed
Operation Gown,Yom Kippur War,Al-Qutayfah,None
Operation Gothic Serpent,Somali Civil War,Somalia,1 captured
Operation Goranboy,Nagorno-Karabakh War,Goranboy Rayon,20 civilians captured (later all released)
Operation Goodwood,World War II,Kåfjorden,1 escort carrier badly damaged
Operation Goodwood,Battle for Caen,Normandy,"3,474 casualties"
Operation Gisela,Defence of the Reich,North Sea,11 injured
Operation Gibraltar,Indo-Pakistani War of 1965,Jammu and Kashmir,Unknown
Operation Fustian,Allied invasion of Sicily,Province of Catania,"141 deadref|The troop casualties for the parachute brigade only, the aircrew losses are not known.|group=nb"
Operation Fritham,World War II,Norway,12 killed
Operation Frequent Wind,Fall of Saigon,Saigon,2USMCkilled in action and 2 USMC missing at sea
Operation Frankton,Western Front,Bordeaux,2 died from hypothermia
Operation Forty Stars,Iran–Iraq War,Iran,240 wounded (PMOI claim)
Operation Flipper,Western Desert Campaign,Libya,2 killed
Operation Flax,Tunisia Campaign,Tunis,35 aircraft in aerial combat
Operation Flash,Croatian War of Independence,Croatia,"42 killed, 162 wounded"
Operation Fath ol-Mobin,Iran-Iraq War,Iran,"15,000-20,000 captured"
Operation Fath 1,Iran-Iraq War,Iraq,1 helicopter destroyed
Operation Falcon Summit,War in Afghanistan,Afghanistan,7 wounded
Operation Excess,Battle of the Mediterranean,Sicily,1 aircraft carrier damaged
Operation Epsom,Battle for Caen,Caen,150 tanks damaged or knocked out
Operation Entebbe,Arab-Israeli conflict,Entebbe International Airport,1 killed
Operation Enduring Freedom – Philippines,Insurgency in the Philippines,Philippines,17 killed
Operation Enduring Freedom,War on Terror,Somalia,"10,000+ killed"
Operation Elkayam,Retribution operations,Khan Yunis,1 killed
Operation Eland,Rhodesian Bush War,People's Republic of Mozambique,4 injured
Operation Egged,Retribution operations,Sinai,2 killed
Operation Eagle Ares,Iraq War,Iraq,None
Operation Eagle,Sri Lankan Civil War,Sri Lanka,0
Operation Eagle's Summit,War in Afghanistan,Afghanistan,ANA: 2 injured
Operation Eagle's Feather,War in Afghanistan,Afghanistan,3 wounded and 3 damaged vehicles (Poland)
Operation Dwarka,Indo-Pakistani War of 1965,Dwarka,None
Operation Dryad,North West Europe Campaign,Channel Islands,2 minor injuries
Operation Dragoon,European Theatre of World War II,Southern France,"2,050–3,176 killed, captured or missing"
Operation Dragon Rouge,Simba Rebellion,Kisangani,"2 killed, 12 wounded"
