col0,col1,col2,col3
Operation Crossbow,Campaigns of World War II,Belgium,*700KIA/154
Operation Crimson,Pacific War,Netherlands East Indies,1 cruiser damaged
Operation Crimp,Vietnam War,South Vietnam,14 killed
Operation Crescent Wind,War in Afghanistan,Afghanistan,3 killed (friendly fire)
Operation Cottbus,World War II,Belarus,Reported 59 killed
Operation Corridor 92,Bosnian War,Herzegovina,"1,509 wounded"
Operation Coronado XI,Vietnam War,South Vietnam,Unknown
Operation Coronado V,Vietnam War,South Vietnam,"23 dead, 146 injured"
Operation Coronado IX,Vietnam War,South Vietnam,374 WIA
Operation Coronado II,Vietnam War,South Vietnam,64 wounded
Operation Corkscrew,Allied invasion of Sicily,Pantelleria,negligible
Operation Copper,World War II,Territory of New Guinea,7
Operation Conservation,Operation Banner,County Armagh,None
Operation Concordia,Vietnam War,South Vietnam,46 killed
Operation Compass,Western Desert Campaign,Italian Libya,"1,373 wounded"
Operation Commando Fury,War in Afghanistan,Afghanistan,None
Operation Commando Eagle,Iraq War,Iraq,18 killed (Iraqi security forces)
Operation Colossus,World War II,Italy,"1 killed in action, 1 wounded, 35 prisoners of war"
Operation Colorado,Vietnam War,South Vietnam,14 killed
Operation Collar,World War II,Berck,One wounded
Operation Cockpit,Pacific War,Netherlands East Indies,1 aircraft destroyed
Operation Cockade,Western Front,Western Front,None
Operation Coburg,Vietnam War,South Vietnam,20 killed
Operation Cobra's Anger,War in Afghanistan,Nawzad District,None
Operation Cobra,Operation Overlord,Normandy,"1,800 casualtiesref|Of which 700 were from VIII Corps, and 600 from VII Corps, while the rest are from unknown specific other units.|group=nb"
Operation Clipper,World War II,Germany,& 500 nonbattle)
Operation Claymore,North West Europe Campaign,Norway,1 wounded
Operation Chronicle,Pacific War,Territory of Papua,nil
Operation Chopper,Vietnam War,South Vietnam,None
Operation Chenla II,Cambodian Civil War,Cambodia,"Unknown (Cambodian sources claimed 3,500+ killed during Phase I)1"
Operation Chavín de Huántar,Internal conflict in Peru,Lima,2 commandos killed
Operation Chastise,World War II,Möhne,3 aircrew taken prisoner.
Operation Charnwood,Battle for Caen,Caen,"3,817 casualties"
Operation Change of Direction 11,2006 Lebanon War,Southern Lebanon,"1 helicopter downed,"
Operation Chahar,Second Sino-Japanese War,Chahar,?
Operation Ceinture,First Indochina War,Hanoi,Unknown
Operation Cedar Falls,Vietnam War,Republic of Vietnam,"22px11 killed, 8 wounded"
Operation Catechism,Battle of the Atlantic,Norway,1 bomber damaged
Operation Castor,First Indochina War,Vietnam,"16 killed,"
Operation Cartoon,World War II,North Sea,"1 killed,"
Operation Carthage,World War II,Copenhagen,1 aircrew captured
Operation Caravan,North African Campaign,North Africa,- 10 x 30cwt Chevrolets
Operation Candytuft,World War II,Italy,Two captured
Operation Camden,Vietnam War,Republic of Vietnam,1 killed
Operation Camargue,First Indochina War,French Indochina,100 wounded
Operation Caesar,World War II,North Sea,All 73 crew killed
Operation Bürkl,Occupation of Poland,Warsaw,None
Operation Bøllebank,Bosnian War,Tuzla,3 T-55 tanks withdrew. (disabled according to other sources).
Operation Bulmus 6,War of Attrition,Gulf of Suez,11 wounded
Operation Bulldog Mammoth,Iraq War,Iraq,none
Operation Bulldog Bite,War in Afghanistan,Afghanistan,3 killed
Operation Bull Run,"Post-invasion Iraq, 2003–present",Iraq,None
Operation Bulbasket,Western Front,Poitiers,1 American Army Air Forces pilot captured and executed
Operation Buffalo,Vietnam War,South Vietnam,1 missing
Operation Brochet,First Indochina War,French Indochina,96 dead
Operation Bringing Home the Goods,Israeli-Palestinian conflict,Jericho,None
Operation Bribie,Vietnam War,Phuoc Tuy Province,1 APC destroyed
Operation Bretagne,First Indochina War,Red River,unknown
Operation Boxer,War of Attrition,Suez Canal,2 aircraft
Operation Bolo,Vietnam War,Vietnam,None
Operation Bluecoat,Operation Overlord,France,246 tanks (excluding light casualties)
Operation Blow to the Head,Yemeni al-Qaeda crackdown,Sa'dah,unknown
Operation Blaze,Korean War,Korea,33 wounded
Operation Blackcock,Western Front,Limburg,"1,152 casualties"
Operation Black Thunderstorm,War in North-West Pakistan,"Swat, Pakistan",(Military claim)
Operation Black Swan,Mexican Drug War,Mexico,1 wounded
Operation Black Eagle,Iraq War,Iraq,1 killed (Poland)
Operation Black Arrow,Retribution operations,Gaza City,8 killed
Operation Biting,World War II,Bruneval,"Two killed, six wounded, six captured"
Operation Birmingham,Vietnam War,South Vietnam,45 casualties
Operation Beowulf,World War II,Hiiumaa,"2,850 dead, missing, or wounded"
Operation Beleaguer,Chinese Civil War,China,35 killed
Operation Beit ol-Moqaddas,Iran–Iraq War,Iran,"150 tanks and APCs, 300 vehicles, 1 hellicopter, 18 artillery pieces, 95,000 mines, and dozens of ammunition depots captured"
Operation Before the Dawn,Iran–Iraq War,Iraq,"2,000 killed"
Operation Beaver Cage,Vietnam War,South Vietnam,"55 killed, 151 wounded"
Operation Beach Boys,2006 Lebanon War,Southern Lebanon,None
Operation Bayonet Lightning,Iraq War,Iraq,Unknown
Operation Battleaxe,Western Desert Campaign,Cyrenaica,36 aircraft
Operation Basalt,World War II,Sark,None
Operation Barrel Roll,Vietnam War,Laos,U.S.: 131 aircraft
Operation Barras,Sierra Leone Civil War,Sierra Leone,"1 killed, 12 wounded"
Operation Barkhane,Insurgency in the Maghreb,Burkina Faso,7 killed
Operation Barisal,Bangladesh Liberation War,Bay of Bengal,23 wounded
