col0,col1,col2,col3
Operation Barbarossa,Eastern Front,Eastern Europe,"1,000,000+"
Operation Baranja,Croatian War of Independence,Croatia,15–16 killed
Operation Banquet,Pacific War,Netherlands East Indies,1 fighter destroyed
Operation Banner,The Troubles,Northern Ireland,"6,100 injured"
Operation Bamberg,World War II,Bobrujsk,Number of capturedfirearms: 47
Operation Balavegaya,Sri Lankan Civil War,Sri Lanka,202-400 killed
Operation Bagration,Eastern Front,Ukraine,"109,776 wounded"
Operation Badr,Iran–Iraq War,Al-Qurnah,"10,000"
Operation Badr,Yom Kippur War,Sinai peninsula,2000 wounded
Operation Bürkl,Occupation of Poland,Warsaw,None
Operation Bøllebank,Bosnian War,Tuzla,3 T-55 tanks withdrew. (disabled according to other sources).
Operation Autumn Clouds,Israeli–Palestinian conflict,Gaza Strip,1 killed
Operation Augurs of Prosperity,Iraq War,Iraq,"51 killed (Iraqi security forces),"
Operation Audacity,Moro conflict,Philippines,2 killed
Operation Auburn,Vietnam War,South Vietnam,23 killed
Operation Attleboro,Vietnam War,South Vietnam,155 killed and 494 wounded
Operation Atlantic,Battle for Caen,Caen,"1,349–1,965"
Operation Astonia,Western Front,France,"less than 500, including 35 armoured vehicles"
Operation Asbury Park,War in Afghanistan,Afghanistan,5 injured
Operation Arsenal,World War II,Warsaw,1 captured (killed by firing squad)
Operation Arrow,Soviet war in Afghanistan,Afghanistan,18 killed and 53 wounded
Operation Ardennes,Iraq War,Iraq,4 wounded
Operation Arctic Fox,Operation Silver Fox,Salla,III Corps: unknown
Operation Archery,World War II,Vågsøy,1 cruiser lightly damaged
Operation Arbead II,Iraq War,Fallujah,4 wounded
Operation Aquatint,North West Europe Campaign,France,1 killed in captivity
Operation Apache Snow,Vietnam War,Republic of Vietnam,"22px102 killed, wounded unknown"
Operation Anklet,North West Europe Campaign,Lofoten,1 light cruiser heavily damaged
Operation Anglo,Mediterranean and Middle East theatre of World War II,Rhodes,10 captured
Operation Anaconda,War in Afghanistan,Afghanistan,15 killed
Operation Amherst,Western Front,Netherlands,"34 killed, 60 seriously wounded & 69POWs"
Operation Ambassador,World War II,Guernsey,4captured
Operation Amanda,Bosnian War,Gradačac,1 T-55 tank disabled
Operation Alljah,Iraq War,Fallujah,20 killed (Iraqi security forces)
Operation Allen Brook,Vietnam War,Quảng Nam Province,172 killed
Operation All Clear,Insurgency in Northeast India,Bhutan,11–34
Operation Albion,World War I,Baltic Sea,1 Torpedo boat destroyed
Operation Agreement,Western Desert Campaign,Tobruk,1 cruiser
Operation Acid Gambit,United States invasion of Panama,Panama City,2 Little Birds crashed
Operation Achse,Italian Campaign,Balkans,"20,000–30,000 killed"
Operation Achilles,War in Afghanistan,Afghanistan,"1 killed (Denmark),"
Operation Accountability,South Lebanon conflict,Israel,1 KIA
Operation Abstention,Battle of the Mediterranean,Aegean Sea,1 destroyer damaged
Operation Able Warrior,War on Terrorism,Baghdad,None reported
Operation Abirey-Halev,Yom Kippur War,Suez Canal,Heavy
