col0,col1,col2,col3
Operation Abercrombie,North West Europe Campaign,Hardelot,1 injured
Opening Campaign,Chinese Civil War,East China,"c. 45,000"
Opération Chammal,Military intervention against ISIL,Iraq,1 civilian killed inAlgeria
Omaha Beach,Normandy landings,Vierville-sur-Mer,"1,000 wounded."
Ojo de Agua Raid,Bandit War,"Abram, Texas",7 killed
Oil Campaign of World War II,World War II,European theatre of World War II,"(4,300 by fighters)"
Ogaden War,Ethiopian-Somali conflict,Ogaden,"1,399 vehicles"
Ofira Air Battle,Yom Kippur War,Egypt,None
Offensive on Mariupol,War in Donbass,Ukraine,3 tanks and 1 truck destroyed and 1 tank abandoned
Odessa Bolshevik Uprising,Ukrainian-Soviet War,Odessa,Military dead:
Oddusuddan offensive,Sri Lankan civil war,Sri Lanka,"800 killed, wounded or missing (Tamil Tiger claim)"
October Revolution,Revolutions of 1917–23,Saint Petersburg,Few wounded red guard soldiers
October 2016 Idlib Governorate clashes,Inter-rebel conflict during the Syrian Civil War,Syria,"Unknown number of dead, 800 defected"
October 2015 Aden missile attack,Yemeni Civil War,Aden,15 killed (Including 4 UAE soldiers & 1 Saudi Arabian soldier)
October 2014 Sinai attacks,Sinai insurgency,Sinai Peninsula,1M113destroyed
October 2007 clashes in Hakkâri,Turkey-PKK conflict,Hakkâri Province,"(21 Oct) 12 killedKIA,"
Occupation of Poti,Russo-Georgian War,Georgia,None
Occupation of Iceland,World War II,Kingdom of Iceland,199 Commonwealth
Occupation of Gori,Russo-Georgian War,Georgia,None
OPLAN 5027,Korean Conflict,Korea,"490,000 killed and wounded"
Nuku Hiva Campaign,War of 1812,Marquesas Islands,1 corvette captured
Nueces massacre,American Civil War,Nueces River,"2 dead, 18 wounded"
November Uprising,Polish–Russian Wars,Lithuania,"40,000 killed and wounded"
