col0,col1,col2,col3
Zhou–Chu War,* 26 states of theHan Rivervalley,Decisive Chu victory,* c. 3000 chariots
Zhili–Anhui War,23pxFengtian clique,Zhili cliquevictory,"42,000"
Zhengtai Campaign,60px|Flag of the National Revolutionary ArmyNational Revolutionary Army,Communistvictory,"100,000"
Zhejiang-Jiangxi campaign,"Imperial Japanese Army,Japan",Chinese strategic victory,"180,000"
Zeitun Rebellion,Hunchak Party,*European intervention,"*28,000 Turkish troops, 30,000 Muslim irregulars, 12 cannons. Total of 58,000 soldiers."
Zealot Temple Siege,*Peasantry,Siege of Temple by forces of Hanan ben Hanan fails; Siege of Jerusalem by Edomites reinforcing Zealots succeeds.,"20,000 Edomite men"
Zawiya skirmish,*Libyan Army,*Pro-Gaddafi forces repel rebel attack on the city,100–200 fighters
Zapatista uprising,EZLN,Ceasefire,3000
Zanzibar Revolution,*Afro-Shirazi Party,Revolutionary victory,600–800 men
Zacatecas rebellion of 1835,25px|borderCentralists,centralist victory,"3,000"
Yên Bái mutiny,*French Indochina,French victory. Uprising crushed,~100
Young Irelander Rebellion of 1848,Irish Constabulary,"Rebels besiege a police unit, but retreat after police reinforcements arrive","47, unknown number of reinforcements arrived later"
Yorktown campaign,*15pxAnsbach-Bayreuth,Decisive Franco-American victory,"American land forces: 5,500, sixty cannon"
Yom Kippur War,*,* 1978 Camp-David Accords,"1,120 artillery units"
Yogyakarta and Surakarta Offensive,Korps Speciale Troepen(RST),Dutch victory,"2,000–3,000Royal Netherlands ArmyandRoyal Netherlands East Indies Army"
Yeşilova incident,Royal Marines,Royal Marines withdraw with supplies,~30
Yetaishan Campaign,60px|Flag of the National Revolutionary ArmyNational Revolutionary Army,Communistvictory,"20,000"
Yemenite War of 1979,National Democratic Front,*No territorial changes,"120,000 total"
Yelnya Offensive,20pxGermany,Soviet tactical victory,"103,200"
Yellowstone Expedition of 1873,Lakota Sioux,United States Victory,"1,530 Soldiers"
Yellow Turban Rebellion,Han dynasty,"Rebellion suppressed, Han victory","2,000,000 (360,000 were initially followers of Zhang Jue)"
Yeşilova incident,Royal Marines,Royal Marines withdraw with supplies,~30
Yazoo Pass Expedition,CSA (Confederacy),Confederatevictory,1 mortar raft
Yazoo City Expedition,CSA (Confederacy),Unionvictory,2 brigades of infantry
Yanzhou Campaign,60px|Flag of the National Revolutionary Army,Communistvictory,"100,000"
Yakut revolt,"(from December 30, 1922)","Soviet victory, End of the Civil war",(After 2 September 1921)
Yên Bái mutiny,*French Indochina,French victory. Uprising crushed,~100
Xinhai Revolution in Xinjiang,Qing Empire,Qing defeat,"Gelaohuirebels and Ili Revolutionaries, made out of Han Chinese, Hui Muslims, and Uyghurs"
Xinhai Revolution,Gelaohui,* Abdication ofPuyi,"100,000"
Xinghua Campaign,60px|Flag of the National Revolutionary Army,Communistvictory,"10,000"
Wytheville Raid,CSA (Confederacy),Unionvictory,250
Wudi Campaign,60px|Flag of the National Revolutionary Army,Communistvictory,"6,000"
Wuchang Uprising,Qing Empire,DecisiveTongmenghuiVictory,"10,000 Troops"
World War II in Yugoslavia,April 1941:,Alliedvictory,"100,000 (1943)"
World War II in Yugoslav Macedonia,(until September 1944),Formation ofPR Macedoniaas part of theFPR Yugoslavia,----
Withdrawal through Andalal,22pxAvar Khanate,"Persian withdrawal harried,",Unknown
Winter War,Finnish Democratic Republic,* Finnish independence protected fromSoviet annexation plans,114 aircraft
Winter Offensive of 1947 in Northeast China,60px|Flag of the National Revolutionary Army,Communistvictory,"580,000"
Wilson–Kautz Raid,CSA (Confederacy),Inconclusive,"2 Union cavalry divisions (5,000)"
Wilmington Campaigns,CSA (Confederacy),Unionvictory,"100,000"
Williamite War in Ireland,Irish Protestants,"Williamite victory, leading to theTreaty of Limerick","~39,000"
Wilcox rebellion of 1889,23px|borderRedshirts,*1887 Constitutionmaintained,100-200 militiamen
White River War,Ute,United States victory,~250
Wheeler's Surprise,23pxMassachusetts Bay Colony,Successful ambush by the Nipmuc. Siege unsuccessful. Follow up battle fought to a draw.,"Originally 35-40 men were ambushed, remains plus about 70 civilian colonists were besieged. Relief force numbered 350 English soldiers plus an unknown number ofMoheganIndians."
Wheeler's October 1863 Raid,CSA (Confederacy),Inconclusive,2½ cavalry divisions
Wham Paymaster robbery,Unknown,"Bandits steal$28,345.10 in gold and silver coins.",12infantry
Western theater of the American Revolutionary War,American Indians,Military stalemate,600+
Western al-Hasakah offensive,Air-strikes:,*Offensive operations in the Ras al-Ayn countrysideexpand into the Tell Abyad regionon 31 May 2015,"4,000+"
Western Tai'an Campaign,60px|Flag of the National Revolutionary ArmyNational Revolutionary Army,Communistvictory,"4,500"
Western Sahara War,(1975–1979),"Spanish withdrawal under theMadrid Accords(1976) ; Mauritanian retreat ; Polisario Front – Morocco ceasefire (1991) ; Morocco control 75 % of the territory, Polisario Front 25 %","5,000 (1976) – 15,000 (1980) – 8,000 (1988)"
Western Persia campaign of 1730,Ottoman Empire,Persian victory,"*15,000 at Nahavand"
Western Hubei Operation,Empire of Japan,Chinese victory,11th Army: 13th Division
Western Front,(1940–43),* Beginning of theIron Curtainand theCold War.,"* 2,862,000 troops"
Western Allied invasion of Germany,France,* End of World War II in Europe (concurrently with theEastern Front),"28,000 combat aircraft"
West Indies anti-piracy operations of the United States,Caribbean pirates,American victory,"1,346sailorsand"
Wendish Crusade,**15pxCounty of Holstein,"Crusader military victory, successful partial conversion of Slavs and Niklot and Pribislav agreed to acceptCatholicism",Unknown
Wei–Jie war,Jieand otherWu Hu,Decisive Wei Victory; many Jie and otherWu Hukilled.,"100,000+"
Weixian–Guangling–Nuanquan Campaign,60px|Flag of the National Revolutionary Army,Communistvictory,"2,500"
Wei-Xianbei war,Former Yan,Decisive Xianbei victory,"100,000+"
Wei–Jie war,Jieand otherWu Hu,Decisive Wei Victory; many Jie and otherWu Hukilled.,"100,000+"
Waziristan campaign,*,British-Indian Army suppression of insurrection by independent Wazir tribes,"4,000 tribesmen"
Waziristan campaign,*,British-Indian Army suppression of insurrection by independent Wazir tribes,1Air Force Wing
Waterloo Campaign: Waterloo to Paris,Brunswick,The French army retreats and the Coalition armies advance,French Army Order of Battle
Waterloo Campaign: Waterloo to Paris,Brunswick,The French army retreats and the Coalition armies advance,French Army Order of Battle
Waterloo Campaign: Waterloo to Paris,Brunswick,The French army retreats and the Coalition armies advance,French Army Order of Battle
