col0,col1,col2,col3
Waterloo Campaign: Waterloo to Paris,Brunswick,The French army retreats and the Coalition armies advance,Anglo-allied army Order of Battle
Waterloo Campaign: Quatre Bras to Waterloo,25pxHanover,The Anglo-allied army retreats and the French advance,Anglo-allied Army Order of Battle
Waterloo Campaign: Ligny through Wavre to Waterloo,France,The Prussian army retreats and the French advance,French Army Order of Battle
"Waterloo Campaign, 8–15 June",France,French Army of the North captures its objectives,Army of the North
Warsaw Uprising,Poland,Polish victory,"3,000–3,500 soldiers,"
Warsaw Uprising,(4 August – 21 September),Destruction of the city,"Range 13,000 to 25,000 (initially)"
Warsaw Pact invasion of Czechoslovakia,Albania,*Moscow Protocol,"2,000 tanks"
Warsaw Ghetto Uprising,''',Uprising defeated,"About 600 ŻOB and about 400 ŻZW fighters, plus a number of Polish fighters"
Warrenpoint ambush,British Army,Deadliest attack on the British Army by the Provisional IRA,1active service unit
Warren Wagon Train raid,Kiowa,Native American victory,12
War of the four Gems,22pxAdamya,Ongoing,"10,000 allied encantadian troops (first battle)"
War of the Sixth Coalition,*,* Beginning of theCongress of Vienna,"approx. 550,000. After German defection 400,000"
War of the Regulation,"North Carolina Provincial Militia,",Colonial government victory,"1,500"
War of the Quadruple Alliance,Jacobites,Allied victory,"35,000"
War of the Pacific,Bolivia,Chilean victory.,(Army of Lima)
War of the Oranges,Spain,Question of Olivença,"200,000 soldiers"
War of the Fourth Coalition,(since 11 December 1806),*Creation of theContinental System,"10,000"
War of the Fifth Coalition,*,* General hostilities across Europe resume in 1812 with theFrench Invasion of Russiaand expand in 1813 with the formation of aSixth Coalitionagainst France,"275,000"
War of the Confederation,Argentina,"United Restorative Army victory, dissolution of theconfederation.Argentinafails to conquer Tarija.","9,500"
War of the Bucket,22pxBologna(Guelph),Modenese Victory,"Zappolino: 32,000"
War of the Breton Succession,15pxHouse of Blois,English military victory,Unknown
War of the Bavarian Succession,Archduchy of Austria,"Treaty of Teschen, 13 May 1779","160,000 Prussians and Saxons"
War of Saint-Sardos,20pxEngland,French victory,"7,000 troops"
War of L'Aquila,Braccio da Montone,Braccio da Montone's defeat.,"(5,000 Milanese, 3,000 Papal troops, 2,000 Neapolitans)3,360 cavalry"
War of Independence of Brazil,*Brazilianmilitia,* Brazilian independence,"18,000 - regular soldiers"
War of Devolution,----Triple Alliance:,French victory,230
War of Dagestan,**22pxAir force,*The federal side regained control over all villages and pushed the militants back to Chechen territory,"17,000 soldiers,"
War of Canudos,*15pxBrazilian Army,Movement squashed; settlement destroyed and survivors massacred,"12,000 military personnel"
War of Attrition,----,* Continued Israeli control ofSinai,"275,000 (including reserves)"
War of 1812,(1813),* American invasions of Canada repulsed,(at war's start):
War in the Vendée,* LocalNational Guards,French Republican victory,"130,000 – 150,000"
War in the North,(Italian CTV),Decisive Nationalist victory,1 battleship
War in North-West Pakistan,(from 2015),Pakistan Armed Forces victory,"*IMU: 500–1,000"
War in Afghanistan,*Fidai Mahaz,*American-led coalition invasion and occupation of Afghanistan,(tentative estimate)
War in Abkhazia,Forest Brotherhood,Abkhazian victory,"1,500 troops"
War against Nabis,"Achaean League,",Victory of the anti-Spartan coalition,"30,000+"
Wanshan Archipelago Campaign,60px|Flag of the National Revolutionary Army,Communistvictory,"10,00024 naval vessels"
Wanganui Campaign,Māori,British victory,600
Walton War,Georgia,North Carolinan victory,*Georgia Army National Guard
Wallachian uprising,Ottoman Empire,Ottoman military victory,"15,000"
Wallachian Revolution of 1848,Wallachia,Ottoman victory,4000
Walcheren Campaign,First French Empire,Franco-Dutch victory,"20,000"
Wagon Box Fight,LakotaSioux,Inconclusive,"26 soldiers, 6 civilians"
Wager's Action,Pro-Bourbon Spain,British victory,1 fireship
Vyborg–Petrozavodsk Offensive,Germany,* Soviets recapture East Karelia and southern Karelian Isthmus,"1,600 aircraft"
Voyage of the Glorioso,Spain,1st: Spanish victory,2brigs
Vordarian's Pretendership,"House Vordarian, allies",Loyalist victory,significant portion ofBarrayaran Imperial Military Service
Volta-Bani War,*French West Africa,French victory,"15,000-20,000 warriors"
Vlora War,Albanian irregulars,Albanian victory,"10,000"
Vitebsk–Orsha Offensive,22pxNazi Germany,Soviet Victory,?
Vistula–Oder Offensive,Germany,Soviet victory,"2,203,600 men"
Virée de Galerne,Chouans,Decisive Republican victory,"(old people, wounded, women and children)"
Vilnius Offensive,PolishHome Army,Soviet victory,"7,700"
Vilna offensive,Bolshevist Russia,Polish victory,"1,000 cavalry"
Villasur expedition,Apache,Pawnee and Otoe victory,12 Apache warriors
Villarreal Offensive,22px|Bandera del País Vasco.Euzko Gudarostea,Nationalist victory,25 guns
Vietnam War,Bulgaria,"* Communist governments take power inSouth Vietnam,LaosandCambodia","1,500,000 (1974–75)"
Viet Cong attack on Tan Son Nhut Air Base,22pxRepublic of Vietnam,US/ARVN victory,1 regiment of the special forces division 100
Vienna Offensive,23px|borderBulgaria,Soviet and Bulgarian victory,"100,900 Bulgarians"
Viena expedition,23pxRed Guards (Finns),Failure of the expedition,Finland 1500
Vicksburg Campaign,CSA (Confederacy),Unionvictory,"30–40,000"
Venetian bombardments of the Beylik of Tunis,Beylik of Tunis,Venetian tactical victory.,"2 bomb vessels,"
Vejce massacre,*Police Unit Bitola,The military conflict becomes more intense;Macedoniaon the verge of a war,25 - 50National Liberation Army
Vargas Swamp Battle,*25pxBritish Legions,*,"3,800+ regular forces"
Vardar Offensive,Allied Powers:,Decisive Entente victory,1 Division
Vandalic War,Eastern Roman Empire,"Decisive Byzantine victory, destruction of the Vandalic Kingdom","10,000 infantry"
Vadamarachchi Operation,18pxMilitary of Sri Lanka,Partial Sri Lankan Army victory,"8,000"
V-1 and V-2 Intelligence,'''Key Figures:,~25% fewer V-1s struck theLondon Civil Defence Regiondue to Double Cross,"PR Squadrons (5 UK, 5 USA, & 4 CA)"
Uzbin Valley ambush,22pxHezb-e-Islami Gulbuddin,ISAF military victory but Taliban strategic and propaganda victory,"~100 initially, with another 400 reinforcements"
Utah War,Deseret/UtahMormons(Nauvoo Legion),* Full amnesty for charges of sedition and treason issued to the citizens of Utah Territory by PresidentJames Buchananon the condition that they accept U.S. Federal authority,"2,500"
Utah Beach,*,Allied victory,"* 4th Infantry Division: 21,000"
Urla Clashes,Greece,Greek victory. Greek army enters Urla,120militiamen
Urartu–Assyria War,Neo-Assyrian Empire,Assyrian victory,no reliable estimates
Upton train ambush,(3rd Cork Brigade),"Ambush abandoned, heavy civilian casualties",13 volunteers
Uprising of the Five Barbarians,Jin dynasty,rebel victory; Fall of theWestern Jin dynasty; Formation of theEastern Jin dynasty,"100,000-200,000"
Uprising of Polish political exiles in Siberia,Polish exiles and prisoners,Russian victory,Around 700
Uprising of Dervish Cara,Albanian Rebels,Suppression of the revolt by the Ottomans,"30,000"
Uprising in West Hungary,(disarmament of the rebels in 1921),Referendum in Sopron,200
Uprising in Montenegro,*,"* Uprising was suppressed within six weeks, but continued at a much lower level until December 1941",*
Uprising in Banat,Ottoman Empire,Ottoman victory,"20–30,000"
Upper Silesian Offensive,22pxNazi Germany,Soviet Victory,"408,400"
United States occupation of the Dominican Republic,Dominican Republic,American victory,"1,800marines"
United States invasion of Panama,*Panama Defense Force,* Military leaderManuel Noriegadeposed,"+27,000"
United States expedition to Korea,24pxKorea,* Eventual agreement and signing of theUnited States–Korea Treaty of 1882,300 infantry
United States Exploring Expedition,FijiSamoaTabiteuea,Successful expedition and defeat of aboriginal peoples.,1brig
Unified Task Force,*,*(seeResults),seeComposition of UNITAF
Unification of Saudi Arabia,*Ikhwan(until 1927),* Annexation of Asir andSaudi-Yemeni Warin 1934.,"23,000"
Ulm Campaign,France,Decisive French victory,"235,000 (including 25,000 Bavarians)"
Ukrainian–Soviet War,(1917–21),"Decisive victory ofBolsheviks, establishment of theSoviet regimein form of theUkrainian Soviet Socialist Republic","300,000 at their peak"
Uganda–Tanzania War,Mozambique,*Eventual outbreak of theUgandan Bush War.,"100,000"
USS United States vs HMS Macedonian,United Kingdom,American victory,1 frigate
USS Liberty incident,[*],See [[#Aftermath of the attack,1Technical research ship
USS Essex vs HMS Alert,United Kingdom,American victory,1Frigate(36 guns)
USS Enterprise vs Flambeau,23pxFrance,American Victory,1 Brig
USS Delaware vs La Croyable,France,American victory,1schooner
USS Constitution vs HMS Guerriere,United Kingdom,American victory,1Frigate
USS Constellation vs La Vengeance,France,American Victory,1frigate
Tītokowaru's War,*Māoriallies,Ngāti Ruanui withdrawal,1250
Tyrolean Rebellion,*,French victory,"20,000"
Twin Pimples raid,*,Allied victory,43 Commandos
Turkish–Armenian War,First Republic of Armenia,Turkish and Soviet victory,"20,000"
Turkish involvement in the Syrian Civil War,*Ahrar ash-Sham(from 2011),Ongoing,"178,000 military personnel, 320 aircraft"
Turkish invasion of Cyprus,*EOKA B,"*140,000–200,000Greek Cypriotsdisplaced from the north in place of 42,000–65,000Turkish Cypriotsfrom the south.","1,800–2,000 troops"
Turkish army winter Campaign of 1994–95,Kurdistan Workers Party(PKK),"Indecisive, Turkish forces move operations intoIraqi Kurdistan","40,000"
Turkish War of Independence,(1919-1921),* Establishment of theRepublic of Turkey,"1922: 200,000-250,000"
Turkish Straits crisis,Soviet Union,* Soviet Union withdraws demands for a regime change on the Turkish straits.,Several warships
Turkish–Armenian War,First Republic of Armenia,Turkish and Soviet victory,"20,000"
Tunisian-Sicilian War,(from 1802),"* 3,560 captured Christian-European slaves released.","12,700"
Tunisia Campaign,*British India,Decisive Allied victory,"1,000+ field guns"
Tumu Crisis,Ming Dynasty,Oirat victory,"~20,000"
Tullahoma Campaign,CSA (Confederacy),Unionvictory,"50,000–60,000"
Tule River War,Yokut,United States victory,300–400
Tuareg rebellion,"Arab Islamic Front of Azawad(FIAA),",1995 peace accords,"7,000+"
Tuareg rebellion,Malian government,Suppressed,"300 &ndash; 1,500"
Trung sisters' rebellion,Han China,Decisive Han victory,--
Troude's expedition to the Caribbean,French Empire,British victory,Five ships of the line and several smaller vessels.
Tripoli clashes,* Local Insurgents,*Loyalist uprising contained,20-80
Transnistria War,Romanian volunteers,"Russo-Transnistrian victory. Transnistria becomes a de facto independent republic, but is internationally recognised as part of Moldova","14,000 regulars"
Trajan's Dacian Wars,40pxDacia,Decisive Roman victory,"150,000 in the first war - 200,000 in the second war"
