col0,col1,col2,col3
Trafalgar Campaign,Batavian Republic,Decisive British victory,56 ships of the line
Toyota War,CDR,Decisive Chadian victory,"CDR: 1,000"
Torstenson War,Denmark–Norway,Swedishvictory,"24,600Swedes"
Tooreen ambush,(Essex Regiment),IRA victory,15 soldiers
Tonkin Campaign,Black Flag Army,French victory,"10,000 Vietnamese soldiers"
Tondern raid,German Empire,British victory,1 captive balloon
Toledo War,Ohiomilitia,Military stalemate,"1,000"
Togoland Campaign,*French Dahomey,Allied victory,"693–1,500 (including reservists)"
Tishrin Dam offensive,'''Air support:,Major SDF victory,SDF: Several thousand fighters
Tirah Campaign,Afridis,British Indian victory,"20,000 followers"
Timeline of the Spanish–American War,*Captaincy General of Cuba,* American victory,(Cuban Republic:)
Tibetan expedition by Islamic Bengal,36pxBengal under the Delhi Sultanate,Decisive Tibetan victory,"10,000 (approx.)"
Tianshui revolts,Cao Wei,Territorial losses to Shu were retaken by Wei later; Overall stalemate,">50,000"
Tianjin–Pukou Railway Operation,"China,National Revolutionary Army",Japanese victory,?
Tianjin Campaign,60px|Flag of the National Revolutionary Army,Communistvictory,"130,000"
Tianjin–Pukou Railway Operation,"China,National Revolutionary Army",Japanese victory,?
Thornton Affair,Mexico,*Start of theMexican&ndash;American War,"1600 cavalry,sappers, lightinfantry"
Thirty Years' War,(1625–30),* Decline of theCatholic Church,"135,000 Danes (1625)"
Thirteenth Siege of Gibraltar,Spain,*Called off by Spain,"1,500 (later increased to ~5,500)"
Third conflict in the Goryeo–Khitan War,Goryeo Dynasty,Goryeo Dynasty victory,"100,000"
Third Siege of Missolonghi,Egypt,Ottoman-Egyptian victory,"15,000 Ottoman auxiliaries"
Third Siege of Gerona,French Empire,*Its defense inspires resistance elsewhere in the Peninsula.,"35,000 regulars"
Third Servile War,Army of escaped slaves,Decisive Roman victory,"12,000 garrison troops, composition unknown."
Third Punic War,12pxCarthage,DecisiveRomanvictory,"80,000 men"
Third Mongol invasion of Poland,20pxKingdom of Galicia–Volhynia,Polish victory; Mongol invasion repulsed,"*10,000 in Nogai's column"
Third Italian War of Independence,Austrian Empire,Italian victory,*1 Cavalry Division
Third Encirclement Campaign against the Shaanxi-Gansu Soviet,60px,Communistvictory,"100,000+"
Third Encirclement Campaign against the Hubei-Henan-Anhui Soviet,80px|Flag of the National Revolutionary Army,Communistvictory,"100,000+"
Third Encirclement Campaign against the Honghu Soviet,80px|Flag of the National Revolutionary Army,Communistvictory,"15,000"
Third Encirclement Campaign against Jiangxi Soviet,60px,Red Army victory,"30,000+"
Third Crusade,(Christian opponents:),* A truce of three years.,(Medieval records of army numbers are unreliable)
Third Battle of the Aisne,German Empire,German advance halted after initial gains,"French 6th Army, British IX Corps and later 2 American Divisionsref|The divisions of American Expeditionary Force were double the size of those of the British, French and Germans (with a full strength of around 20,000 each). Due to this fact, they were sometimes referred to as Grandes Divisions (Big Divisions).|group=Note"
Third Battle of Winchester,CSA (Confederacy),Unionvictory,"10–12,000"
Third Battle of Tucson,Apache,Spanish victory,1fort
Third Battle of Topolobampo,Constitutionalists,Huertista victory,1 gunboat
Third Battle of Seoul,*,Chinese strategic failure,"Commonwealth: 12,269"
Third Battle of San Juan,22pxSpanish Navy,Successful Spanish resupply mission,1auxiliary cruiser
Third Battle of Puebla,Mexican Empire,Mexican republican victory,"~ 6,000 soldiers"
Third Battle of Petersburg,Confederate States,*End of theSiege of Petersburgand opening of theAppomattox Campaign,"114,335"
Third Battle of Panipat,65px|borderDurrani Empire,DecisiveAfghanvictory,"10,000 reserves"
Third Battle of Nanking,Qing Dynasty,Decisive Qing victory,"370,000 defenders + 30,000 hungry weakened troops"
Third Battle of Murfreesboro,CSA (Confederacy),Unionvictory,"7,000"
Third Battle of Manzanillo,Spain,* Spanish squadron destroyed,"2 gunboats,"
Third Battle of Krithia,*,Ottoman victory,"18,600"
Third Battle of Gaza,*,* Ottoman garrison abandons Gaza on 7 November as a result of fighting during theBattle of Tel el Khuweilfeand theBattle of Hareira and Sheria,"10,000/35,913"
Third Battle of Gao,MOJWA,Franco-Malian Victory,1200
Third Battle of Brega,*Libyan Army,*Government forces repel seven rebel attacks on the town with the use of heavy artillery and advance on Ajdabiya,"1,000+ possibly"
Third Battle of Artois,France,German victory,10 Divisions
Third Anglo-Maratha War,*23pxEast India Company,Decisive British Victory,"Over 1,000"
Third Anglo-Dutch War,Cologne,*Treaty of Westminster(1674),120 warships
Third Anglo-Afghan War,*,* Afghan independence with full sovereignty in foreign affairs.,"50,000-man standing army supported by up to 80,000 tribesmen"
Thermidorian Reaction,* Sans-culottes,"* End of the ""Reign of Terror""","C. 3,000 loyalists"
The Mission of Amr bin Umayyah al-Damri,MuslimsofMedina,"Failed assassination, but successful escape",2
The Hump,British India,Allied victory,"*27 aircraft; 1,100 men (May 1942)"
The Hill Fights,22pxNorth Vietnam,U.S. victory,2nd Battalion 3rd Marines
The Harmony Skirmish,Confederate States of America,Inconclusive,1000
The Fight at Waterford,Confederate States of America,Confederate Victory,51
The Burning Raid,Confederate States of America,Unionvictory,"3,000"
Tha Din Daeng campaign,20px|borderBurmese Kingdom,Siamese Victory,"30,000"
Texas Revolution,Mexico,Treaties of Velascoand the formation of theRepublic of Texas,"c. 2,000"
Texas Campaign,Mexico,American Victory,"2,400 (May)"
Tet Offensive,North Vietnam,Depletion of Viet Cong leading to the use of greater North Vietnamese manpower.,"Phase 1: ~80,000"
Terrorist incidents in Pakistan in 2015,Pakistan,Ongoing,unknown
Tenshō Iga War,Inhabitants of Iga,"Iga victory, independence maintained","10,000 or less"
Tenentism,* Armed civilians,"Loyalist victory, mutiny suppressed.","1,500 inPrestes Column"
Ten Years' War,Cuban rebels (Patriots),Ante BellumPact of Zanjón,"100,000"
Ten Great Campaigns,Altishahri followers of theKhojabrothers,Qing victory,"10,000Bannermen"
Ten Days of Brescia,25pxAustrian Empire,Capitulation of Brescia,"Austrian garrison:4 companies & 30 gunsNugent Brigade:2,300 infantry & cavalry4 guns 30-pound Mörser-Batterie"
Ten Days' Campaign,France,*Dutch failure to suppress theBelgian Revolution,"50,000 men"
Ten-Day War,*22pxSlovenian Territorial Defence,*Brioni Accords,"10,000police"
Tell Abyad offensive,CJTF–OIR,Major YPG-led victory,"1,500+"
Tawakalna ala Allah Operations,Iraq,* Iranian defensive failures,"1,500,000 total soldiers"
Tauranga Campaign,British army,British victory,1700
Taungoo–Mrauk-U War,20pxToungoo Dynasty,"Mrauk-U victory, Treaty of Mrauk-U (1547)","* 20,000+ (Army)"
Taungoo–Hanthawaddy War,20pxToungoo Kingdom,Decisive Toungoo victory,1534–1535 vs. Pegu: 4000
Taungoo–Ava War,20pxToungoo,"Decisive Toungoo victory, Treaty of Pegu (1545)","* 12,000 (Arakan)"
Taungoo–Mrauk-U War,20pxToungoo Dynasty,"Mrauk-U victory, Treaty of Mrauk-U (1547)","* 20,000+ (Army)"
Taungoo–Hanthawaddy War,20pxToungoo Kingdom,Decisive Toungoo victory,1534–1535 vs. Pegu: 4000
Taungoo–Ava War,20pxToungoo,"Decisive Toungoo victory, Treaty of Pegu (1545)","* 12,000 (Arakan)"
Tartu Offensive,"*23pxEstonian conscript,",Soviet victory,"272,800 personnel"
Tapani incident,Han Taiwanese,Japanese victory,"1,413"
Tang campaigns against Karasahr,Karasahr,*Indo-EuropeanTocharianinfluence in Central Asia declines,"3,000 infantry and cavalry"
Tang campaign against Kucha,Kucha,*Kucha captured,"100,000 Tiele horsemen"
Tampico Affair,Mexico,United States occupies Veracruz,9sailors
Tambov Rebellion,Green armies,Bolshevikvictory,"1,000 (September 1921)"
Tallinn Offensive,"*23pxEstonian conscripts,",Soviet victory,"195,000 troops"
Tajikistani Civil War,*Democratic reformists,"* ""Comprehensive Peace Agreement"" signed","Estimated around 100,000-200,000"
Taiyuan Campaign,60px|Flag of the National Revolutionary Army,Communistvictory,"10,000 atDatong"
Taixing Campaign,60px|Flag of the National Revolutionary Army,Communistvictory,"6,500"
Taiping Rebellion,*20pxQing dynasty,*Diminished power of the central court over the provinces,"1,100,000+"
Tahmasp's campaign of 1731,Ottoman Empire,Ottoman victory,"18,000"
Tītokowaru's War,*Māoriallies,Ngāti Ruanui withdrawal,1250
Sơn Tây Campaign,23pxBlack Flag Army,French victory,"2,000 Chinese soldiers"
Syzran–Samara Operation,22pxCzechoslovaks,Red Victory,"about 15,700"
Syria–Lebanon Campaign,*,British–Free French victory,1landing ship
Syrian Kurdish–Islamist conflict,(Ras al-'Ayn area),"* As of the end of 2015, the territory of Rojava increased by nearly three-fold as the result of offensives by the YPG and allies against ISIL.","ISIL: Over 15,140"
Syria–Lebanon Campaign,*,British–Free French victory,1landing ship
Sword Beach,*,Allied victory,124–127 tanks
Swedish–Norwegian War,Norway,* Christian Frederik abandoned all claims to the Norwegian crown,117 field batteries
Swedish invasion of Russia,20pxCossack Hetmanate,*Decline of the Swedish Empire,"192,000"
Swedish intervention in the Thirty Years' War,(1630–1631),** Decentralization of theHoly Roman Empire,"* 10,000 infantry"
Swedish War of Liberation,Free City of Lübeck(from 1522),"Treaty of Malmö: Regained Swedish independence, dissolution ofKalmar Union, Sweden renounced its claims toScaniaandBlekinge.","12,000"
Swedish Intervention in the Winter War,Hungary,End of the Winter War with theMoscow Peace Treaty,"1,010"
Swedish–Norwegian War,Norway,* Christian Frederik abandoned all claims to the Norwegian crown,117 field batteries
Swatow Operation,*,Japanese victory; Japanese force occupiedShantouandChaozhou,"38,400"
Sviatoslav's invasion of Bulgaria,Bulgaria,"Byzantinevictory over the Rus', formal annexation of Bulgaria, afifty years Byzantine-Bulgarian waruntil the fall of Bulgaria in 1018","60,000+ men"
Sveaborg rebellion,25pxDefense Corps,Imperial Russian Army victory; uprising suppressed,25px2000
Suruga-Sagami Conflict,forces ofHōjō UjiyasuandUesugi Kenshin,Imagawa/Takedavictory.,"15,000"
Surrender at Perevolochna,23pxSwedish Empire,"No fighting, Swedish surrender","12,000"
Summer Offensive of 1947 in Northeast China,60px|Flag of the National Revolutionary Army,Communistvictory,"460,000"
Summer 2011 Jabal al-Zawiya operation,*Opposition protesters,Protests suppressed,"3,000 fighters and protesters"
Sukhumi massacre,22px|borderAbkhaz separatists,Ethnic cleansing of the Georgian population,one battalion
Suiyuan Campaign,22x20px|borderMongol Military Government,Nationalist Chinese victory,22x20px|border30 Japanese advisors
Suez Crisis,Egypt,'s position as French Prime Minister heavily damaged,"175,000"
Sudan Air Campaign,South Sudan,Incumbent,10 helicopters
Suchan Valley Campaign,Russian SFSR,American victory,"3,520 troops"
Stratsin-Kumanovo operation,22px|border|BulgariaBulgaria,Allied victory,"21st SS Skanderbeg, parachute division, 100 guns and mortars, 35 – 40 tanks and others"
Storming of the Bastille,Gardes françaises,"Bastillecaptured, rebellion begins","114 soldiers, 30 artillery pieces"
Storming of Lankaran,22pxPersian Empire,Russian victory,* 131 non-commissioned officers
Storming of Freiburg,2nd Division of the VIII Army Corps of the German Confederation with units from:,Freiburg is occupied by federal troops,"1,200"
Storming of Derbent,23pxPersian Empire,Russian victory,"10,000 soldiers."
Storming of Bristol,Parliamentarians,Decisive Royalist victory,"1,500 foot"
