col0,col1,col2,col3
Slachter's Nek Rebellion,BoerRebels,Revolt suppressed,Hundreds
Skirmish of the Brick Church,CSA (Confederacy),Confederatetactical victory,30
Skirmish of Tongue,Clan Mackay,British Hanoverian victory,160
Skirmish of Pastrengo,23pxKingdom of Sardinia,Sardinianvictory,"13,700 engaged"
Skirmish of Alness,Clan Chisholm,"Mackenzie Jacobite victory, government loyal forces retreated",1800
Skirmish in Doubtful Canyon,Apache,United States victory,54
Skirmish at Paint Rock Bridge,CSA (Confederacy),Confederate victory,250
Skirmish at Joncherey,France,French victory,5 men
Skirmish at Island Mound,Confederacy (CSA),Unionvictory,250
Skirmish at Hunter's Farm,25pxMissouri State Guard,Union victory,200
Skirmish at Farnham Church,United Kingdom,* British withdrawal,Unknown naval forces
Skirmish at Blackwater Creek,25pxMissouri State Guard,Union victory,750+ Robertson's MSG Recruit Regiment
Skirmish at Bender,25px|Ottoman EmpireOttoman Empire,Ottoman victory,12 cannons
"Skirmish at Albany, Missouri",CSA (Confederacy),Union Victory,150 mounted Confederate guerrillas
Skirmish at Alabama Bayou,CSA (Confederacy),Inconclusive,Unknown
Skirmish at Aenon Church,Confederate States,Confederate victory,Unknown
Skirmish at Adamsville,CSA (Confederacy),Confederate victory,28
Skirmish at Adamstown,CSA (Confederacy),Inconclusive,Unknown
Skirmish at Adam's Bluff,CSA (Confederacy),Inconclusive,Unknown
Skirmish at Ackworth,Confederate States,Inconclusive,Unknown
Skirmish at Abingdon,Confederacy (CSA),Unionvictory,Unknown
"Skirmish at Aberdeen, Mississippi",Confederate States,Inconclusive,Unknown
Skirmish at Aberdeen,CSA (Confederacy),Inconclusive,Unknown
Skirmish at Abbeville,Confederate States,Union victory,"2,000"
Skanderbeg's rebellion,20pxLeague of Lezhë (1444-50),"The rebellion ended with Skanderbeg's death. Ottomans captured all territories held by rebels by 1478, except Kruje which was taken by the Republic of Venice with Albanian support.","maximum 10,000-15,000"
Skanderbeg's Macedonian campaign,League of Lezhë,Albanian victory,"Over 48,000"
Six hundred Franchimontois,*20pxMarquessate of Franchimont,Burgundian victory,600 men
Six Days' Campaign,First French Empire,Tactical French victory; Strategically indecisive,"*120,000 under Blucher"
Six-Day War,*,Britishvictory,More than 525 troops
Six-Day War,*,DecisiveIsraelivictory,"100,000 deployed"
Sitgreaves Expedition,Mohave,"United States victory in battle, successful expedition.",51infantry
Siping Campaign,60px|Flag of the National Revolutionary Army,Communistvictory,"55,000"
Sinyavino Offensive,Germany,"Indecisive. Soviet offensive defeated, German offensive cancelled.",11th Army
Sinsinawa Mound raid,"SaukandFoxof Black Hawk's ""British Band""",British Bandvictory,3
Sino-Tibetan War,China,Chinese victory,23pxNational Revolutionary Armycomposed of
Sino-Soviet conflict,Republic of China,Provisions of 1924 agreement were upheld.,"100,000"
Sino-Sikh War,65pxQing dynasty,"Military stalemate, Treaty of Chushul",Unknown
Sino-Russian border conflicts,Cossacks,Qing Victory,Joseon: 200 gunners; 60 officers and interpreters
Sino-Nepalese War,22pxKingdom of Nepal,"Qing victory, Chinese allow Gurkhas to retreat from Tibet.","10,000"
Sino-French War,Black Flag Army,* Limited regional Qing victory on land,"15,000 to 20,000 soldiers"
Sino-Burmese War,Qing Empire,Assured Burmese independence,"* 12,000 Green Standard"
Sinking of the Petrel,Confederate States,United States victory,1frigate
Sinking of USS Housatonic,CSA (Confederacy),Confederatevictory,1sloop-of-war
Sinking of SS Kaiser Wilhelm der Grosse,United Kingdom,British victory,1auxiliary cruiser
Sinking of Prince of Wales and Repulse,*Imperial Japanese Navy Air Service,Japanese victory,"(34 torpedo aircraft,"
Sinking of HMS Reindeer,United Kingdom,United States victory,118 crew:
Sinking of HMS Peacock,United Kingdom,American Victory,122MarinesandSailors
Sinking Creek Raid,CSA (Confederacy),Unionvictory,22
Sinai and Palestine Campaign,German Empire,British Empire victory,"1,200,000 (total)"
Simko Shikak revolt,* Irregular Kurdish militias,* Another attempt by Simko in 1926,"1,000 (early stage) – 5,000 (later stage)"
Simbirsk Operation,22pxCzechoslovaks,Red's Victory,about 11500
Simba rebellion,Congo-Léopoldville,Rebellion defeated,"1,500~, 500 mercenaries"
Sima Yi's Liaodong campaign,"Cao Wei,","Decisive Cao Wei victory, destruction of the Gongsun clan",Goguryeo: Thousands
Silla–Tang War,Baekje( (vassal of Silla),*Establishment ofUnified Silla,"~200,000 (675)"
Silesian Uprisings,Allied Plebiscite Commission Military Forces,Foreign-enforcedcease-fire,"40,000"
Silda camp attack,(Eastern Frontier Rifles),Naxalite victory,51
Sierra Leone Civil War,(1999-2005),Commonwealthvictory,"22px~20,000 rebels( (1999)"
Sieges of Toishi,forces ofMurakami Yoshikiyo,Takeda victory,3000
Sieges of Stirling Castle,15pxKingdom of England,English victory,"12 siege engines, unknown number of troops"
Sieges of Oran and Mers El Kébir,Spanish Empire,Decisive Spanish victory,"1,500 men,"
Sieges of Nagashima,Ikkō-ikkimonks,Ikkō-ikki victory.,"30,000"
Sieges of Kuromaru,Northern Court,Northern Court victory,50 horse
Sieges of Ceuta,(15px|borderBourbons1704–1713),Spanish victory,"19,000 (1720)"
Sieges of Boulogne,22pxFrance,English victory,"40,000 men"
Siege of Đông Quan,Dai Viet,Vietnamese victory,unknown
Siege of the Sherpur Cantonment,*,British victory,"50,000 tribal warriors"
Siege of the Luhansk Border Base,Lugansk People's Republic,*LPR militiamen take control of two border guard bases and a National guard base in the region,*Su-25
Siege of the International Legations,France,Alliedvictory,"10,000 ManchuHushenyingbannermen, 10,000 MuslimKansu Braves(engaged in combat)"
Siege of the Church of the Nativity in Bethlehem,16pxPalestinian Security Forces,Negotiated Palestinian retreat,1 reserve infantry brigade
Siege of the British Residency in Kabul,Afghans,Afghan Victory,"2,000+ men"
Siege of the Alcázar,Nationalist Spain,Decisive Nationalist victory,"1,028 regulars and militia"
Siege of the Acropolis,border|23pxGreek rebels,"Greek victory, surrender of the Acropolis","600, later increasing to 3,000"
Siege of al-Fu'ah and Kafriya,***Local militias,* Rebels capture al-Suwaghiyah and Tal al-Khirbat,"3,000–4,000"
Siege of Zutphen,England,Dutch & English victory,"1,000 (Spanish and Walloons)"
Siege of Zierikzee,Dutch Rebels,Spanish victory,"1,200"
Siege of Zbarazh,22px Zaporozhian Cossacks,"Polish forces withstood,Treaty of Zboriv","10,000or 15,000"
Siege of Zara,French Empire,Anglo-Austrian victory,12gunboats
Siege of Zara,18pxKingdom of Croatia,The Fourth Crusade sacked and captured the city of Zara.,*Venetians: 210 ships
Siege of Zamboanga,* Mindanao Region,Decisive Filipino victory,700 soldiers
Siege of Zadar,28pxBulgarian Empire,"Croatian victory, Bulgarian withdrawal",unknown
Siege of Zadar,22pxCity ofZadar,"Venetian victory, Zadar became part of the Republic of Venice (until 1357/58)",20.000 – 100.000 king's soldiers (?)
Siege of Ypres,Habsburg Austria,French victory,"Hooglede: 19,000"
Siege of Yorktown,(Union),Inconclusive,"121,500"
Siege of Yorktown,*20px|link=Ansbach-Bayreuth,*End of land operations in theThirteen Colonies,29 war ships
Siege of York,Parliamentarians,Decisive Parliamentarian Victory,"14,000 +"
Siege of Yodfat,GalileanJews,Roman victory,"60,000, including 3 Legions, auxiliaries and allies."
Siege of Yeongwon,Japanese Fourth Division,Japanese victory,"5,000 men"
Siege of Xerigordon,25pxSultanate of Rûm,Decisive Seljuk victory,"6,000Crusaders"
Siege of Wolmar,15pxPolish–Lithuanian Commonwealth,Polish victory,"1,000"
Siege of Wiener Neustadt,22pxKingdom of Hungary,"City surrender, Hungarian victory",1000 Transylvanian cavalry
Siege of Wexford,"Normans,",Norman victory,"-360 Normanbowmen,"
Siege of Weissenstein,15pxPolish–Lithuanian Commonwealth,Polish victory,"2,000"
Siege of Waterford,English ParliamentariansNew Model Army,English Parliamentarians take Waterford after protracted siege,3000 soldiers and civilian population
Siege of Warsaw,22px|borderGermany,"DecisiveGerman victory, Nazi occupation of Warsaw until 1945.","124,000 soldiers (excluding volunteers)"
Siege of Warsaw,23pxPolish forces,Polish victory,"35,000-44,000"
Siege of Wagingera,Mughal Empire,Decisive victory for theMughal Empire,"Total 40,000"
Siege of Vyborg,23pxSwedish Empire,"Decisive Russian victory, began Russian offensive into Finland","'''4,000"
Siege of Vienna,22pxKingdom of Hungary,"City surrender, Hungarian Victory","1,000 cavalry"
Siege of Vienna,22pxPolish–Lithuanian Commonwealth,Decisive Christian Coalition victory,"c. 120,000–125,000, some sources claiming 300,000"
Siege of Vicksburg,CSA (Confederacy),DecisiveUnionvictory,"∼ 33,000"
Siege of Veprik,23pxSwedish Empire,Swedish victory,"1,500"
Siege of Venlo,Spain,Spanish victory,"1,200 soldiers"
Siege of Velikiye Luki,15pxPolish–Lithuanian Commonwealth,Polish-Lithuanian victory,unknown
Siege of Varna,30pxBulgarian Empire,Bulgarian victory,Unknown
Siege of Varaždin Barracks,22px|border|link=|alt=|Yugoslav People's ArmyYugoslav People's Army,Croatian victory,"1,000–2,000"
Siege of Valenciennes,Great Britain,Coalition victory,"25,000"
Siege of Valencia,French Empire,French victory,"20,595&ndash;33,000"
Siege of Uxellodunum,22pxRoman Republic,Roman victory,4.5 Legions
Siege of Uruguaiana,*,"Allied victory, Paraguayan surrender on 18 September",)
Siege of Urgun,*Haqqani network,DRA victory,800+
Siege of Uozu,Forces ofOda Nobunaga,Odavictory,"16,000"
Siege of Ulsan,Japanese army,"Decisive Japanese Victory, Withdrawal of Korean and Ming Forces","11,500"
Siege of Uehara,Forces ofSuwa Yorishige,Takeda victory,1000
Siege of Ueda,Forces loyal toTokugawa Ieyasu,Siege abandoned; Sanada garrison victory,"2,000"
Siege of Uchiyama,Uchiyama garrison,Siege succeeds; Takeda victory,2200
Siege of UK bases in Basra,Denmark,British withdrawal from inner city Basra. Denmark withdraw and exit the war.,"6,200"
Siege of Tönning,(1700; 1713–1714),"1700: siege lifted ,Peace of Travendal","1,600 Holsteiners (1713–1714)"
Siege of Tyre,20px|borderCrusaders,Crusader Victory,10 galleys
Siege of Tuyên Quang,23pxBlack Flag Army,Frenchvictory,"12,000"
Siege of Turin,19pxPrince Thomas faction,Franco-Piedmontese victory,"16,000 Spanish"
Siege of Turin,Bourbon Spain,Grand Alliance victory,"14,700 garrison,"
Siege of Tunis,Carthage,Carthaginian defeat,uncertain
Siege of Tubac,Apache,"Apache strategic victory, Confederate tactical victory",1fort
Siege of Tsingtao,Empire of Japan,Alliedvictory,1 aircraft
Siege of Trsat,Citizens of Tarsatica,Decisive Croatian victory,Unknown
Siege of Troitse-Sergiyeva Lavra,22pxTsardom of Russia,Russian victory,"15,000"
Siege of Tripolitsa,23px|borderGreek revolutionaries,Decisive Greek victory,"8,000 Turkish and 3,000 Albanian troops"
Siege of Tripoli,Order of Saint John,Ottomans capture Tripoli,30–200 knights
Siege of Trichinopoly,*25pxNawab of Carnatic,Mughal and Nizam victory.Nizamarmy captures Trichinopoly.,"200,000Sepoys"
Siege of Trichinopoly,25pxMaratha Empire,"Maratha army successfully captures the town, compelling the surrender ofChanda Sahib.","10,000"
Siege of Trebizond,Empire of Trebizond,Fall of the Empire of Trebizond,"60,000 cavalry,"
Siege of Toyama,Sassa Narimasa's forces,Toyotomivictory,"100,000 (speculation)"
Siege of Tourane,23pxViet Nam(Nguyễn Dynasty),Vietnamese victory,1 50-gun frigate
Siege of Toulon,French Royalists,French Republican victory,32 Spanish ships
Siege of Toul,France,German victory,120 guns
Siege of Toruń,15pxPolish–Lithuanian Commonwealth,Polish–Lithuanian victory,"18,700 Polish soldiers (including about 500 Tatars)"
Siege of Tortosa,First French Empire,French victory,"12,000"
Siege of Toma,German Empire,Australian victory,110policemen
Siege of Tobruk,*India,British and Allied victory,"27,000"
Siege of Thorn,23pxSwedish Empire,Swedish victory,"26,000 men"
Siege of Temesvár,*border|22pxTransylvanian Romanians,Austrian victory,"12,000 men"
Siege of Temesvár,"border|23pxHungarian, Czech, German and Spanish defenders",Decisive Ottoman victory,30
Siege of Temesvár,*border|22pxTransylvanian Romanians,Austrian victory,"12,000 men"
Siege of Temesvár,"border|23pxHungarian, Czech, German and Spanish defenders",Decisive Ottoman victory,30
Siege of Tel al-Zaatar,*22px|borderAl-Tanzim,Destruction of the camp,"LF: ~ 3,000"
Siege of Tbilisi,Kingdom of Georgia,"DecisiveTimuridvictory,",39.000 Turk and mongol soldiers
Siege of Tartu,"20pxSword-Brothers,",Livonian victory,Unknown
Siege of Tarragona,French Empire,French victory,"1,600"
Siege of Tarragona,French Empire,French victory,"21,634"
Siege of Tarifa,Duchy of Warsaw,Anglo-Spanish victory,"2,300, 26 guns"
Siege of Tallinn,Denmark,Estonian retreat,Unknown
Siege of Takatō,forces ofTakatō Yoritsugu,Takeda victory,5000
Siege of Takabaru,Itō clan,Shimazu victory,6000
Siege of Taganrog,France,Russian victory,1 steamer
Siege of Tönning,(1700; 1713–1714),"1700: siege lifted ,Peace of Travendal","1,600 Holsteiners (1713–1714)"
Siege of Szigetvár,*14px|link=Kingdom of Hungary,Ottomanpyrrhic victory,"* 12,000–15,000 Tatars"
Siege of Syracuse,Aghlabids,Byzantine victory,"8,000–9,000 men (Vasiliev)"
Siege of Syracuse,Carthage,Greek victory,"2,000 transports"
Siege of Syracuse,Adranum,"Corinthian victory, democracy restored to Syracuse",150 ships
Siege of Syracuse,Carthage,Syracusan victory,"120,000 infantry"
Siege of Syracuse,Carthage,Carthaginian retreat,"50,000 land troops"
Siege of Syracuse,Carthage,Roman victory,"18,000 Infantry 2,000 cavalry"
Siege of Svetigrad,20pxLeague of Lezhë,Ottoman Victory: garrison surrenders and Ottomans seize the fortress,"2,000 men garrisoned; 12,000 men stationed in the surrounding countryside under Skanderbeg."
Siege of Surakarta,Korps Speciale Troepen(RST),Dutch victory,325 RST troops
Siege of Suncheon,Japanese army,Japanese victory,"14,000"
Siege of Suemori,Sasa forces,Toyotomivictory,"15,000"
Siege of Strasbourg,22px|borderBaden,German victory,"23,000"
Siege of Stralsund,France,French victory,"15,000, 500 guns"
Siege of Stralsund,(1714–1715),Prussian-Danish-Saxon-Russian victory,"36,000 soldiers"
Siege of Steenwijk,England,Anglo Dutch victory,1060
Siege of Steenwijk,Dutch Rebels,Anglo-Dutch victory,"1,200 (by December)"
Siege of St. Augustine,Spain,Decisive Spanish victory,"1,000infantryandmilitia,"
Siege of St. Augustine,Kingdom of England,Spanish victory,"1,500 civilians"
Siege of Srebrenica,----,*Beginning of theSrebrenica massacre,"+2,000 soldiers"
Siege of Sparta,Epirus,Spartan-Macedonian victory,"2,000 +"
Siege of Sofia,30pxBulgarian Empire,Ottoman victory,"10,000"
Siege of Smolensk,20pxPolish-Lithuanian Commonwealth,Polish victory,160 artillery pieces
