col0,col1,col2,col3
Siege of Smolensk,22pxPolish–Lithuanian Commonwealth,Polish victory,200 heavy guns
Siege of Smolensk,Grand Duchy of Lithuania,Russian victory,140 to 300 cannons
Siege of Smerwick,25pxEngland,English victory,400–500
Siege of Sluis,England,Anglo-Dutch victory,"11,000"
Siege of Sloviansk,Donetsk People's Republic,DPR forces withdraw toDonetsk,"15,000+ personnel"
Siege of Silistra,Ottoman Empire,Ottoman victory,"18,000"
Siege of Sidon,20pxFatimid Caliphate,Crusader victory,Afleetof ships. The exact number of this fleet is not known.
Siege of Shkodra,18pxLordship of Zeta,Victory of Venice and Zeta,25
Siege of Shkodra,----,Ottoman victory;Treaty of Constantinople (1479),"1,600 inside the garrison"
Siege of Shimoda,Hōjō clanarmy,Siege succeeds;Toyotomi Hideyoshivictory,"14,000 men"
Siege of Shika Castle,castle garrison,Siege succeeds; Takeda victory,2600
Siege of Shaizar,Byzantine Empire,Incomplete Christian victory,Unknown
Siege of Sevastopol,Romania,Axis victory,"118,000 men"
Siege of Sevastopol,*,Decisive Allied victory,* Arriving in August:
Siege of Seringapatam,23pxMysore,Decisive British-Hyderabad victory,"30,000"
Siege of Serdica,Bulgarian Empire,Decisive Bulgarian victory,"6,000"
Siege of Senonae,25px|alt=|link=Western Roman Empire,Roman victory,Unknown
Siege of Segesta,Carthage,Greek Strategic Defeat,"50,000 from Carthage"
Siege of Scutari,Albanian volunteers,"A Peace treaty signed byEssad PashaandKing Nikola, that returned Shkodër to the Albanian Principality.","20,000"
Siege of Savage's Old Fields,Patriots,Inconclusive,"1,900 militia"
Siege of Sardis,Achaemenid Empire,DecisivePersianvictory,Unknown
Siege of Sarajevo,(1992),Numerous civilian casualties,"13,000 soldiers"
Siege of Sarai,25pxGolden Horde,Dawlat Berdi seizes Sarai; Olugh Mokhammad is driven north,5000 soldiers
Siege of Saqlawiyah,''',*ISIL capturesSaqlawiyahand Sicher,820
Siege of Santuario de Nuestra Señora de la Cabeza,Nationalist Spain,Republican victory,"1,200 men"
Siege of Santo Domingo of 1808,23pxSanto Domingo,* End of French rule,"1,850 regulars and militia"
Siege of Santo Domingo,*20pxFrench Santo Domingo,* Haitian withdrawal fromSanto Domingo.,"2,000 French regulars and Dominican militia"
Siege of Santo Domingo,Spanish Empire,* The English forces failed to captureHispaniola,"*1,300 lancers"
Siege of Santiago,Kingdom of Spain,Decisive U.S./Cuban victory,"13,000infantry"
Siege of Santarém,22px|borderAlmohad Empire,Decisive Christian victory,unknown
Siege of Sanjō Palace,"MinamotoClan, withFujiwara no Nobuyori",Tairaclan victory; Palace destroyed,500?
Siege of Sangin,",",Coalition victory.,"120-150 British soldiers (DC garrison), 1,000 ISAF relief forces"
Siege of Sancerre,20pxFrenchHuguenotforces,Catholic victory by famine,"2,400"
Siege of Sana'a,Kingdom of Aksum,Sassanidvictory,Unknown
Siege of San Sebastián,Napoleonic Empire,Anglo-Portuguese victory (2nd),"3,380"
Siege of Sambhal,Mughal Empire,DecisiveMughalvictory,Larger
Siege of Salvador,border|22pxKingdom of Portugal,Brazilian victory,"1 ""Charrua"""
Siege of Salto,23pxColorados,Brazilian victory,2 gunboats
Siege of Saint-Omer,Spain,Spanish victory,(Châtillon)
Siege of Saint-Martin-de-Ré,20pxKingdom of France,French victory,"1,200 men"
Siege of Saguntum,Carthage,Carthaginian victory,"29,000"
Siege of Sadr City,Iraqi security forces,Ceasefire agreement signed. Iraqi government forces allowed to enter and patrol Sadr City,"10,000+ (Iraqi Security Forces)"
Siege of Ryūgasaki,Forces loyal toTozawa Yorichika,Takeda victory,2500
Siege of Ryazan,Mongol Empire,Mongol victory; Ryazan burned to the ground,Unknown
Siege of Ryūgasaki,Forces loyal toTozawa Yorichika,Takeda victory,2500
Siege of Ruthven Barracks,55th Regiment of Foot,"Jacobite victory, Government garrison surrenders.",300 men
Siege of Ruthven Barracks,55th Regiment of Foot,"Victory for British-Hanoverian Government, Jacobites repulsed",15 men (1 Sergeant and 14 Privates)
Siege of Roxburgh Castle,70px,Scottish victory,Thousands
Siege of Roses,First French Empire,French victory,"1third-rate, 1frigate,"
Siege of Roses,France,French victory,"13,261"
Siege of Rome,Eastern Roman Empire,Roman victory,"5,000 men"
Siege of Riga,23pxSwedish Empire,Swedish victory,"18,000 men"
Siege of Riga,Sweden,"Swedish victory, Russian troops lifted the siege","7,389"
Siege of Rhodes,Antigonid dynasty,Rhodian victory,"11,200"
Siege of Rhodes,Knights Hospitaller,Ottoman Empire annexes Rhodes,*500 archers
Siege of Rhodes,Knights Hospitaller,Knights Hospitallervictory,100 or 160 ships
Siege of Rheinfelden,17pxHeilbronn League,Spanish victory,"20,000 troops"
Siege of Rheinberg,England,Dutch & English victory,"8,200"
Siege of Rennes,25px,Lancastre robs the city,1500 to 4000 men
Siege of Reading,Parliamentary army,Royalist garrison surrendered,"16,000+"
Siege of Ranthambore,Mughal Empire,A successful siege byMughal EmperorAkbarcauses theRajputleader Rai Surjan Hada to surrenderRanthambore Fort.,100War elephants
Siege of Ragusa,AghlabidEmirate of Bari,"Christian victory; relief of Ragusa,restoration of Byzantine controloverDalmatia",100 ships (Byzantines)
Siege of Ragusa,France,Anglo–Austrian victory,138 guns
Siege of Queli,Kingdom of Tao-Klarjeti,*Georgian counter-offensive throughpartisan warfare,"20,000"
Siege of Pyongyang,Japanese army,Korean and Chinese allied forces victory,"2,000 warrior monks"
Siege of Pyongyang,Japanese army,Japanese victory,"18,700"
Siege of Pueblo de Taos,Mexico,United States victory,478
Siege of Puebla,22pxMexican Empire,French and Mexican Imperial victory,"2,000 Mexican Imperialists"
Siege of Pskov,15pxPolish–Lithuanian Commonwealth,Peace of Yam-Zapolsky,"16,000"
Siege of Prairie du Chien,Native Americans,British victory,about 100
