col0,col1,col2,col3
Siege of Prague,Austria,"Prussian tactical victory; Austrian strategic victory, Prussians withdraw.","40,000"
Siege of Portsmouth,Parliamentarians,Parliamentarian victory,1 ship
Siege of Porto,25px|borderLiberals,Liberal victory,"12,000"
Siege of Port Toulouse,*British America,British victory,23 soldiers; unknown number of Acadians and Mi'qmaw
Siege of Port Royal,Wabanaki Confederacy,Decisive British victory,"about 2,000"
Siege of Port Royal,Mi'kmaq militia,Acadia andWabanaki Confederacyvictory,"1,150 colonial militia (first siege)"
Siege of Port Hudson,CSA (Confederacy),Unionvictory,"~30,000 – 40,000"
Siege of Pondicherry,France,British victory,"1,659"
Siege of Pondicherry,British East India Company,British victory,"1,500 British regulars"
Siege of Polotsk,Grand Duchy of Lithuania,Lithuanian victory,"2,000"
Siege of Plevna,Romania,Russian/Romanian Victory,"130,000"
Siege of Plei Me,North Vietnam,*Siege lifted,12 U.S. Special Forces
Siege of Pirisabora,Roman Empire,Romanvictory,"65,000"
Siege of Pilsen,*18pxBohemian Catholics,Catholic victory,Unknown
Siege of Pilsen,Electorate of the Palatinate,Bohemian victory,158 cavalry
Siege of Petropavlovsk,French Empire,Russian victory,"2,600 men"
Siege of Perpignan,18pxJülich-Cleves-Berg,Decisive Spanish victory,"40,000 men"
Siege of Pensacola,BritishProvince of Carolina,Spanish victory,First siege: several hundred
Siege of Pensacola,*15pxWaldeck-Pyrmont,Decisive Franco-Spanish victory,"1,300 militia, natives & regulars"
Siege of Pemaquid,"23px|alt=""The Pine Tree flag of New England""New England",French and Abenaki victory,"100 Canadiens, 400 Abenaki (50 Mi'kmaq)"
Siege of Pemaquid,"23px|alt=""The Pine Tree flag of New England""New England Colonies",Acadian andWabanaki Confederacyvictory,100 to 300
Siege of Pelium,Greekallies,Macedonian victory.,"15,000"
Siege of Paysandú,23pxColorados,Brazilian–Colorado victory,"1,254"
Siege of Patras,border|22pxGreek Revolutionary Army,"Capture of the city by the Greeks, creation of theDirectorate of Achaea, failure to capture the fortress","1,500 irregulars"
Siege of Paris,NorwegianandDanishVikings,* Paris successfully defended,Initially 200men-at-arms(Abbo Cernuus); gained reinforcements during the summer; Charles the Fat arrived with his army in October
Siege of Paris,DanishVikings,"Viking occupation of Paris; departed for 7,000livres(pounds) of silver and gold","120 ships, with at least 5,000 men"
Siege of Paris,(later),Decisive German victory,"200,000 militia and sailors"
Siege of Paris,Catholic League of France,Decisive Catholic and Spanish victory,"12,000 rising to 25,000"
Siege of Paris,20pxKingdom of England,French defeat,"10,000"
Siege of Pamplona,First French Empire,Spanish victory,"10,000 to 14,000"
Siege of Padua,16pxPapal States,Venetian victory,120–200 cannon
Siege of Oviedo,22pxCNT-FAI,Nationalist victory,"3,000"
Siege of Ostend,England,PyrrhicSpanish victory,"2,500–8,000 (peak)"
Siege of Oshi,Hōjōforces,Toyotomivictory,"23,000"
Siege of Osaka,Tokugawa shogunate,Tokugawa shogunatevictory; all threats to the shogunate temporarily eliminated.,"120,000 (winter)"
Siege of Orléans,20pxKingdom of England,Decisive French victory,"5,000"
Siege of Opochka,Grand Duchy of Lithuania,Russian victory,"14,000"
Siege of Olomouc,Austria,Austrian victory,"8,500"
Siege of Oldenzaal,England,Dutch & English victory,"4,000 infantry & cavalry"
Siege of Olbia,25px|alt=|link=Roman Republic,Roman victory,Unknown
Siege of Oguchi Castle,Hishikari clan,Shimazu victory,8000
Siege of Odessa,Germany,Pyrrhic Romanian-German victory,"120,000+ men (total)"
Siege of Odawara,Hōjō clanarmy,Siege succeeds;Toyotomivictory,"220,000 total"
Siege of Odawara,forces ofHojo Ujiyasu,Takeda withdraws; town burned,15000
Siege of Odawara,20pxHōjō clanforces,"Uesugi withdrawal, castle town burned","15,000"
Siege of Odani Castle,forces ofAzai Nagamasa,Oda Nobunaga victory;Azai clandestroyed,"10,000"
Siege of Ochakov,Ottoman Empire,Russian victory,unknown
Siege of Nöteborg,23pxSwedish Empire,Russian victory,"12,500 men deployed, 20,000–35,000 in total"
Siege of Nègrepelisse,20pxFrenchHuguenotforces,Royal victory,800 citizens
Siege of Numantia,Celtiberians,Roman victory,"20,000 legionaries"
Siege of Nubl and Al-Zahraa,*National Defense Force(NDF),*Rebel failure to capture Nubl and Al-Zahraa,125 Hezbollah fighters
Siege of Novi Zrin,*20px|Kingdom of CroatiaKingdom of Croatia,DecisiveOttomanvictory and ruination of Novi Zrin,"70,000 – 100,000 Ottomans andTatars"
Siege of Noda Castle,forces ofSuganuma Sadamichi,"Siege succeeds, but Takeda Shingen wounded, possibly fatally","30,000"
Siege of Nisibis,Roman Empire,Sasanian victory,"2-5,000 Legionaries"
Siege of Nicomedia,Byzantine Empire,Ottoman victory,"20,000"
Siege of Nice,32pxOttoman Empire,Ottomans and French sack Nice.,32px100 galleys
Siege of Nicaea,Byzantine Empire,Decisive Ottoman victory,Unknown
Siege of Nicaea,Byzantine Empire,Byzantine victory,Unknown
Siege of Nicaea,Byzantine Empire,Crusader/Byzantine victory,+ Nicaean garrison
Siege of Negoro-ji,"Negoro-gumi, the warrior monks of Negoro-ji",Toyotomi Hideyoshivictory; temple destroyed.,"30,000-50,000"
Siege of Naxos,GreeksofNaxos,Naxianvictory,200 ships
Siege of Narva,20pxRussia,Russian victory,"20,000"
Siege of Nara,Tairaclan,Tairavictory; much of city destroyed,500 samurai
Siege of Naples,Eastern Roman Empire,Ostrogothicvictory,"1,000 men"
Siege of Naples,Byzantine Empire,Byzantinevictory,"8,000 men"
Siege of Namwon,Japanese Left Army,Decisive Japanese victory,"3,000 men"
Siege of Namur,France,German victory,"107,000"
Siege of Nagykanizsa,25pxHabsburg Austria,Decisive Ottoman victory,100 small cannon
Siege of Nagakubo,Forces ofOi Sadataka,Takeda victory,1200
Siege of Nöteborg,23pxSwedish Empire,Russian victory,"12,500 men deployed, 20,000–35,000 in total"
Siege of Nègrepelisse,20pxFrenchHuguenotforces,Royal victory,800 citizens
Siege of Musashi-Matsuyama,Combined forces ofHōjō UjiyasuandTakeda Shingen,Siege successful; castle falls to the Hōjō and Takeda,"10,000"
Siege of Musa Qala,",","Inconclusive, both forces withdraw",25-170 (ISAF)
Siege of Multan,25pxEast India Company,British victory,"12,000"
Siege of Mount Hiei,Warrior monksof Mt. Hiei,Oda Nobunagavictory,"30,000"
Siege of Mosul,36pxPersian Empire,* Negotiated Persian withdrawal,*230mortars
Siege of Mostar,1992:,HV–HVO–ARBiHvictory (1992),"17,000 soldiers (1992)"
Siege of Morlaix,20pxCatholic League,Anglo-French victory,"* 2,000 English"
Siege of Mora,*23pxBritish Nigeria,Allied victory,150
Siege of Montevideo,border|22pxKingdom of Portugal,Brazilian decisive victory,1 Brig
Siege of Montauban,20pxFrenchHuguenotforces,Huguenot victory,"25,000"
Siege of Mons,20pxFrenchHuguenotforces,*Huguenotarmy destroyed,"10,000 men"
Siege of Moji,Forces ofMōri Motonari,Mōri clanvictory,3 Portuguese ships
Siege of Mirandola,"20pxPapal States,",Decisive French victory,400
Siege of Minowa,Uesugi clan,Siege successful; Takeda victory,3000
Siege of Minamata Castle,Sagara clan,Shimazu victory,31000
Siege of Miletus,"Achaemenid Empire,",Macedonian victory.,160 ships
Siege of Middelburg,England,Dutch & English victory,"3,000"
Siege of Mexico City,Austria-Hungary,* End of theMaximilian Affair,"1,100 troops"
Siege of Meurs,England,Dutch & English victory,"1,200 Cavalry"
Siege of Metz,France,Decisive German victory,"120,000"
Siege of Metz,Electorate of Hesse,French victory,"8,200"
Siege of Mequinenza,First French Empire,French victory,"1,000"
Siege of Menagh Air Base,*20pxJaish al-Muhajireen wal-Ansar,* Rebels capture the Menagh Air Base,*Several hundredChechenfighters
Siege of Melilla,23pxMorocco,Spanish victory,"40,000"
Siege of Medvėgalis,Grand Duchy of Lithuania,Teutonic victory,"3,000 to 6,000"
Siege of Medion,Aetolian League,Aetolian defeat; Illyrians lift the siege,"Illyrian relief force of 100lembiand 5,000 men"
Siege of Medina,Byzantine Empire,Muslim victory,400 men
Siege of Medina,20pxBritish Empire,Britishand Arab victory.,"11,000 (1918)"
Siege of Meaux,20pxEngland,English victory,Unknown
Siege of Maubeuge,Dutch Republic,French victory,"Garrison: 24,107"
Siege of Matsuo,Castle garrisons,Takeda victory,4000
Siege of Massilia,Massilia andOptimates,"Caesarian Victory, Roman annexation of Massilia","15,000 - 3 Roman legions (XVII, XVIII, and XIX)"
Siege of Masbate,*Pulajanes,"Filipino Victory, Establishment of Masbate revolutionary government",1 ship
Siege of Masada,JewishSicarii,Roman victory,"967, including non-combatants"
Siege of Marienburg,18pxState of the Teutonic Order,Teutonic victory,"1,427 Grunwald survivors"
Siege of Maribor,**14pxDuchy of Styria,Maribor successfully defended,"100,000"
Siege of Mantua,Austria,Austrian victory,"10,000"
Siege of Mantua,Austria,French victory,"14,000–29,676"
Siege of Mannheim,French First Republic,Austrian victory,"Battle: 12,000"
Siege of Mandsaur,25pxRajput Confederates,"Stalemate, Malik Ayaz fails and retreats but Dungarpur and Banswarra Pillaged.",120 elephants
Siege of Malta,*British Commonwealth,Decisive Allied victory,716 fighters over the course of the campaign
Siege of Malta,Hafsid Kingdom,Maltese victory,"16,000&ndash;18,000 civilians"
Siege of Malmö,22pxDenmark,Swedish victory,"14,000 troops"
Siege of Malakand,پشتونPashtuntribes,British victory,"10,000"
Siege of Malacca,Johor Sultanate,Portuguese victory,11 ships
Siege of Malacca,25pxOttoman Empire,Portuguese victory,15.000 men
Siege of Mainz,France,German victory,184 cannons
Siege of Magdeburg,First French Empire,*capture of Prussia's second-largest city on 11 November 1806.,"18,000-25,000 men"
Siege of Madrid,Condor Legion,"Republicans repulse assault on Madrid in 1936, but city eventually falls to Nationalists in 1939",120 aircraft
Siege of Madras,*22pxFrench East India Company,Britishvictory,"1,700 Europeans"
Siege of Maastricht,Dutch Rebels,Spanish victory,"1,200 soldiers and 6,000 militia"
Siege of Ma'arra,20px|borderCrusaders,Crusader victory,Local Militia and Garrison
Siege of Léva,"Austria,",Austrian victory,"12,000"
Siege of Lérida,First French Empire,French victory,"13,000, 30 guns"
Siege of Lyon,First French Republic,French Republican victory,"35,000"
Siege of Lydenburg,25pxRepublic of Transvaal,Boer victory; Lydenburg is captured,50-55 men of the94th Regiment
Siege of Luxembourg,French First Republic,French victory,"15,000"
Siege of Luxembourg,22pxSpanish Empire,French victory,"20,000 men"
Siege of Lucknow,* Indian Rebels,British relief and withdrawal,"1,729 troops, rising to approx. 8,000"
Siege of Louisbourg,Acadian militia,Decisive British victory,"12,000 sailors and marines"
Siege of Louisbourg,*British America,British victory,"4,200 militia, sailors & marines"
Siege of Los Angeles,Mexico,Mexican victory,150militia
Siege of Lochem,20pxHuguenots,Anglo-States protestant victory,"2,500 cavalry"
Siege of Little Butte des Morts,Mesquakie,New France Pyrrhic victory,500-600 warriors?
Siege of Lisbon,20pxCrown of Castile,Portuguese victory,"""Countless"" infantry soldiers"
Siege of Lisbon,20pxCrusaders,Decisive Portuguese-Crusader victory,"*2,000 Flemish"
Siege of Lingen,Spain,Spanish victory,"16,000–17,000"
Siege of Lingen,England,Dutch & English victory,500
Siege of Limerick,Jacobiteforces - French and Irish Catholic toops,Williamites negotiate surrender of city and evacuation of Jacobite troops from Ireland,"20,000"
Siege of Limerick,Jacobiteforces,Jacobitevictory,"14,500 Jacobite infantry in Limerick, 2,500 cavalry in Clare"
Siege of Limerick,English ParliamentariansNew Model Army,English Parliamentarians take Limerick after protracted siege,"2,000 soldiers and civilian population"
Siege of Lilybaeum,12pxCarthage,Carthaginian Victory,"~10,000"
Siege of Lille,France,SeeAftermathsection,"(110,000 men, 800 tanks)"
Siege of Lille,Habsburg Austria,Austrian Strategic Withdrawal,"10,000–25,000"
Siege of Leuven,20pxKingdom of France,"Decisive Spanish victory,","4,000 soldiers"
Siege of Leith,22pxKingdom of France,Called off following theTreaty of Edinburgh,"English total 25 May 1560; 12,466"
Siege of Leiden,18pxFrenchHuguenots,States-allied victory,"11,000"
Siege of Le Quesnoy,French Royalists,Coalition victory,"18,000"
Siege of Le Catelet,Kingdom of France,Spanish victory,"5,000"
Siege of Lathom House,Parliamentarians,1st: Royalist victory,"1st: 2,000"
Siege of Landrecies,Dutch Republic,Coalition victory,"20,000"
Siege of Landau,Kingdom of Prussia,French victory,25 battalions
Siege of Landau,Holy Roman Empire,Imperial victory,"4,335"
Siege of Lamitan,Abu Sayyaf,*21 of 30 hostages rescued by government forces,2000 soldiers
Siege of Lal Masjid,----,Pakistani victory,"1,300 students"
Siege of Laghouat,Algerian resistance,French victory,6000
Siege of Lachish,20pxKingdom of Judah,*Lachish captured,Unknown
Siege of La Rochelle,(support),Stalemate,"Defending army: 1,500."
Siege of La Rochelle,20pxFrenchHuguenotforces,Decisive Royalist victory,"Buckingham:80 ships 7,000 soldiers"
Siege of Léva,"Austria,",Austrian victory,"12,000"
Siege of Lérida,First French Empire,French victory,"13,000, 30 guns"
Siege of Kuwabara,Forces ofSuwa Yorishige,Takeda victory,1100
Siege of Kut,*,Ottoman victory,"31,000"
Siege of Kuragano,Kuragano garrison,Siege succeeds; Takeda victory,5000
Siege of Kunduz,IMU,"Strategic failure, seeKunduz Airlift","10,000 Taliban"
Siege of Kumamoto Castle,Imperial Japanese Army,Decisive Imperial Japanese victory,"20,000 samurai"
Siege of Krujë,Albanian defenders,Decisive Ottoman Victory,"18,000"
Siege of Krujë,18pxLeague of Lezhë,Albanian-Venetian victory; main Ottoman army withdraws from Albania. Ottoman presence remains after construction ofElbasan Fortress,"30,000–100,000; 23,000 remained with Ballaban upon Mehmed's withdrawal"
Siege of Krujë,22pxLeague of Lezhë,Albanian victory,"100,000 to 160,000 men; ten guns"
Siege of Krujë,Albanian defenders,Decisive Ottoman Victory,"18,000"
Siege of Krujë,18pxLeague of Lezhë,Albanian-Venetian victory; main Ottoman army withdraws from Albania. Ottoman presence remains after construction ofElbasan Fortress,"30,000–100,000; 23,000 remained with Ballaban upon Mehmed's withdrawal"
Siege of Krujë,22pxLeague of Lezhë,Albanian victory,"100,000 to 160,000 men; ten guns"
Siege of Kraków,15pxPolish–Lithuanian Commonwealth,Polish - Austrian victory,"2,500 Swedes and 2,500 Transilvanians"
Siege of Kraków,18pxPolish–Lithuanian Commonwealth,Swedish victory,"13,000-14,000"
Siege of Kraków,15pxPolish–Lithuanian Commonwealth,Polish - Austrian victory,"2,500 Swedes and 2,500 Transilvanians"
Siege of Kraków,18pxPolish–Lithuanian Commonwealth,Swedish victory,"13,000-14,000"
