col0,col1,col2,col3
Siege of Constantinople,Byzantine Empire,Alexios IV Angelostakes Byzantine throne,"15,000 men and 20 ships"
Siege of Constantine,France,French victory,"20,000 men"
Siege of Condé,French Royalists,Coalition victory,"4,300"
Siege of Concepción,22pxMapuche,Spanish Victory,"20,000 warriors"
Siege of Compiègne,20pxDuchy of Burgundy,French victory,Unknown
Siege of Collioure,Republican France,French victory,"14,000"
Siege of Colchester,Parliamentary Forces,Parliamentary victory,Around 4000
Siege of Coevorden,England,Anglo-Dutch victory,"1,900"
Siege of Clonmel,English ParliamentarianNew Model Army,PyrrhicEnglish victory,"8,000"
Siege of Ciudad Rodrigo,French Empire,Allied victory,"10,700,"
Siege of Ciudad Rodrigo,French Empire,French victory,"42,000, 60 cannons"
Siege of Château Gaillard,20pxDuchy of Normandy,Decisive French Victory,"1,400-2,200"
Siege of Chittorgarh,Mughal Empire,Decisive victory and a successful siege byMughal EmperorAkbar.,"5,000war elephants"
Siege of Chillán,22pxChilean patriots,Royalist victory,unknown
Siege of Chihaya,Hōjō clanforces,Siege fails; Imperial victory,"100,000"
Siege of Chichester,Parliamentarians,Parliamentarian victory,"6,000"
Siege of Chencang,Cao Wei,"Tactical Wei victory, Strategical Shu Han victory.",Unknown
Siege of Chaves,French Empire,French victory (1st),"1,800 men"
Siege of Chartres,"Danes,Norwegians",Frankish victory;,"20,000"
Siege of Chartres,20pxFrenchHuguenotforces,Lifted after two weeks;,"Probably 9,000"
Siege of Changchun,23pxNational Revolutionary Army,People's Liberation Army captures Changchun,"100,000"
Siege of Château Gaillard,20pxDuchy of Normandy,Decisive French Victory,"1,400-2,200"
Siege of Caxias,border|22pxKingdom of Portugal,Brazilian victory,"8,000"
Siege of Cawnpore,22pxEast India Company,"Surrender and killing of the besieged Company forces, followed by recapture of Cawnpore and violent reprisals by the Company forces",Around 4000 sepoy mutineers and mercenaries
Siege of Caudebec,Catholic League,* Successful escape & retreat of Parma's army,"15,000"
Siege of Cattaro,25pxMontenegro,Anglo-Montenegrin victory,3 gunboats
Siege of Castelnuovo,Spanish Empire,Ottoman victory,200 ships
Siege of Cassel,Brunswick,Allies occupy Cassel,"5,800"
Siege of Carrigafoyle Castle,"Irish rebels allied to the Earl of Desmond, Spanish troops",English Victory,600
Siege of Carrickfergus,Jacobiteforces,Williamite victory. Carrickfergus surrenders,500
Siege of Carlisle,England,English victory,Thousands
Siege of Cardiff,Marcher Lords,Isabella and Mortimer's victory,"1,500"
Siege of Cannanore,Calicut,Portuguese victory,150 soldiers
Siege of Candia,25pxOttoman Empire,Ottoman victory,"10,000 European allies men"
Siege of Cambrai,Kingdom of France,French victory,4 000
Siege of Calcutta,23pxBritish East India Company,Capture of Calcutta,"30,000 - 50,000 men?"
Siege of Calais,France,German victory,1 panzer division
Siege of Calais,Kingdom of France,Decisive Spanish victory,"12,000–15,000"
Siege of Calais,22pxKingdom of France,Decisive French victory,"2,500"
Siege of Calais,20pxKingdom of England,English victory,"* 2,000"
Siege of Cairo,First French Republic,Anglo-Ottoman victory,"14,000"
Siege of Cahir Castle,English Army,English forces take the castle,"4,000–5,000"
Siege of Caesarea Cappadocia,Roman Empire,Sassanidvictory,Unknown
Siege of Cádiz,French Empire,* Proclamation ofSpanish Constitution of 1812,"* 1,700 Portuguese"
Siege of Béxar,Texianrebels,Texian victory,"1,200"
Siege of Busanjin,Japanese Army,Decisive Japanese victory,"4000-8000 defenders According to Louis Frois, 600 soldiers"
Siege of Bursa,22 pxByzantine Empire,Ottoman victory,"10,000"
Siege of Burgos,French Empire,French victory,13 engineers
Siege of Budapest,Germany,Strategic Soviet victory,"(170,000 for city assault)"
Siege of Buda,Holy League,Ottoman victory,"17,000 relief forces"
Siege of Buda,*20pxHabsburg-held Hungary,"Ottoman victory,","31,000"
Siege of Bristol,Marcher Lords,Isabella and Mortimer's victory,"1,500"
Siege of Bridgeport,CSA (Confederacy),Union victory,450
Siege of Breda,England,Decisive Spanish victory,"18,000"
Siege of Brahan,Clan Fraser,Victory for clans loyal to the government,1500
Siege of Boston,United Colonies,British evacuation of Boston,"4,000–11,000"
Siege of Boonesborough,Kentuckysettlers,Native American siege unsuccessful,(30–40 riflemen)
Siege of Blair Castle,Clan Macpherson,"Jacobite forces withdrew, government garrison relieved.",1000
Siege of Bjelovar Barracks,22px|border|link=|alt=|Yugoslav People's ArmyYugoslav People's Army,Croatian victory,approx. 550
Siege of Bilär,Mongol Empire,Decisive Mongol victory; the fall ofVolga Bulgaria,"10,000-50,0001"
Siege of Bijapur,Adil Shahi Dynasty,A long siege byMughal EmperorAurangzeb's forces leads to the capture ofBijapur Fort,"12,000Matchlocks"
Siege of Bihać,*16px|link=Kingdom of Croatia (Habsburg)Kingdom of Croatia,Bihać surrendered to the Ottomans,500 soldiers (Lamberg)
Siege of Bihać,(1992–95),Siege lifted,"10,000 - 20,000 soldiers"
Siege of Bihać,*16px|link=Kingdom of Croatia (Habsburg)Kingdom of Croatia,Bihać surrendered to the Ottomans,500 soldiers (Lamberg)
Siege of Bihać,(1992–95),Siege lifted,"10,000 - 20,000 soldiers"
Siege of Bidar,Adil Shahi dynasty,Siege by theMughal Armycommanded byMughal EmperorAurangzebleads to the defeat and capture ofBidarand was considered a major victory against theAdil Shahi dynasty.,1000 cavalry
Siege of Bharatpur,23pxBritish East India Company,Bharatpur victory,"10,000"
Siege of Bharatpur,23pxBritish East India Company,British victory,"20,000"
Siege of Bergen op Zoom,First French Empire,French victory,"2,700"
Siege of Bergen op Zoom,England,Anglo-Dutch victory,"20,000"
Siege of Bergen-op-Zoom,United Provinces,Dutch victory,20.600 men
Siege of Berat,40pxOttoman Empire,Moisi Arianit Golemidesertedto theOttomans,"15,000 men; only 7,000 after the intervention of Isak Bey, which included a contingent of 1,000 Aragonese artillery men"
Siege of Berat,21pxKingdom of Sicily,Byzantinevictory,"8,000 men"
Siege of Bellegarde,France,Spanish victory,"1,536, 48 guns"
Siege of Belgrade,Ottoman Empire,Serbian rebel victory,"12–25,000"
Siege of Belgrade,Habsburg Monarchy,Austrian victory,unknown
Siege of Belgrade,Austria,Austrian victory,"100,000 men"
Siege of Belgrade,15pxCrusaderpeasant and local gentryrecruits,Decisive Hungarian victory,200 boats
Siege of Belgrade,Kingdom of Hungary,Hungarian victory,"20,000"
Siege of Belaya,Polish-Lithuanian Commonwealth,Russian victory,"1,000"
Siege of Beirut,'''LNRF,* Destruction of much of Beirut,"12,000"
