"State (class)","Vacator","Reason for change","Successor","Date of successor's formal installation"
"Texas (1)","Lloyd Bentsen (D)","Resigned January 20, 1993, to become United States Secretary of the Treasury. His successor was appointed.","Bob Krueger (D)","January 21, 1993"
"Texas (1)","Bob Krueger (D)","Interim appointee lost special election June 6, 1993. His successor was elected to finish the term.","Kay Bailey Hutchison (R)","June 14, 1993"
"Alabama (3)","Richard Shelby (D)","Changed party November 9, 1994","Richard Shelby (R)","November 9, 1994"
"Oklahoma (2)","David L. Boren (D)","Resigned November 15, 1994, to become President of the University of Oklahoma. His successor was elected in a special election to finish the term.","Jim Inhofe (R)","November 17, 1994"
"Tennessee (2)","Harlan Mathews (D)","Interim appointee did not seek election. His successor was elected in a special election November 8, 1994, to finish the term.","Fred Thompson (R)","December 2, 1994"

