col0,col1,col2,col3
Second Battle of Tijuana,23pxMagonistas,"Mexican victory, federal forces recapture Tijuana.",155 infantry
Second Battle of Tembien,*13pxItalian Eritrea,*Destruction of the EthiopianArmy of the Centerin the north,"Approximately 40,000"
Second Battle of Tapae,40pxDacia,Roman victory,"7 professional legions, 2-4 mixed legions"
Second Battle of Târgu Frumos,"22pxGermany,",German-Romanian victory,Unknown
Second Battle of Swat,----,*ManyTalibancommanders captured or killed,"15,000 - 45,000 Regular, Infantry, FC Corps and Airborne Forces"
Second Battle of St Albans,15pxHouse of Lancaster,Lancastrian victory,"~10,000"
Second Battle of Springfield,CSA (Confederacy),Unionvictory,"1,870"
Second Battle of Simtokha Dzong,* forces of the “Five Lamas”,* Barawa sect is driven from Bhutan,Five Tibetan divisions
Second Battle of Seoul,*,DecisiveUnited Nationsvictory,"(unknown number of artillery, tanks and aircraft)"
Second Battle of Sarvandik'ar,30pxKingdom of Cilician Armenia,Armenian victory,several hundred Armenian knights and their retinues
Second Battle of San Juan,22pxSpanish Navy,Blockade maintained,1 unprotectedcruiser
Second Battle of Salvador da Bahia,Portuguese Empire,Portuguese-Spanish victory,"1,000 men"
Second Battle of Saltville,CSA (Confederacy),Unionvictory,"2,800"
Second Battle of Sabine Pass,Confederate States,Confederatevictory,18transports
Second Battle of Rivas,20pxCosta Rica,"In May 1857, William Walker was forced to surrender to the US Navy and leave the country.","9,000 volunteers"
Second Battle of Rellano,Orozquistas(followers of Pascual Orozco),Mexican Government victory,"7,000-8,000"
Second Battle of Ream's Station,CSA (Confederacy),Confederatevictory,"8–10,000"
Second Battle of Rappahannock Station,CSA (Confederacy),Unionvictory,"2,000"
Second Battle of Quảng Trị,22pxNorth Vietnam,South Vietnamese-American victory,22px:Republic of Vietnam Marine Division
Second Battle of Pyramid Lake,Paiute,U.S.victory,"""Washoe Regiment"""
Second Battle of Porto,French Empire,* French retreat into Spain,"11,200"
Second Battle of Polotsk,22pxFirst French Empire,Russian victory,"23,000-27,000"
Second Battle of Pocotaligo,CSA (Confederacy),Confederatevictory,"2,000 With additional reinforcements from Charleston"
Second Battle of Petersburg,CSA (Confederacy),Confederatevictory; Union siege begins,"13,700–62,000 (reinforcements arrived over four days)"
Second Battle of Passchendaele,*,Allied Victory,1 Australian division
Second Battle of Panipat,Hemu,Decisive victory of theMughal Empire,"10,000 cavalry"
Second Battle of Oituz,Romania,Romanian victory,Unknown
Second Battle of Newbury,Parliamentarians,Indecisive,"12,000 infantry"
Second Battle of Nanawa,Bolivia,Decisive Paraguayan victory,4th and 9th Divisions
Second Battle of Naktong Bulge,*,United Nations victory,"21,788"
Second Battle of Mora,Mexico,United States victory,~200
Second Battle of Mesilla,Confederate States,"Union victory, Confederates minor loss.","Company A,Herbert's Battalion of Arizona Cavalry"
Second Battle of Manzanillo,22pxKingdom of Spain,"American withdrawal,",1armed tug
Second Battle of Maarat al-Nu'man,Al-Nusra Front,*Al-Nusra Frontfully captures Maarat al-Nu'man and Khan Shaykhun,"Entire Division: around 1,000 fighters"
Second Battle of Lexington,Confederate States,Confederate victory,"2,000"
Second Battle of Kut,*India,British and Indian victory,"17,000"
Second Battle of Krithia,France,Ottoman victory,"20,000"
Second Battle of Kharkov,Italy,Axis victory,"1,000 tanks"
Second Battle of Kernstown,CSA (Confederacy),Confederatevictory,"13&ndash;14,000"
Second Battle of Kehl,Habsburg Austria,Stalemate,"5,000"
Second Battle of Katwa,25pxMaratha Empire,Nawab of Bengal's victory,"20,000"
Second Battle of Jaunde,*25pxBritish Nigeria,Allied occupation of Jaunde,"8, 000"
Second Battle of Independence,CSA (Confederacy),Confederatevictory,"22,000"
Second Battle of Idlib,*Ahrar ash-Sham,al-Nusra Front-led rebel victory,"* al-Nusra Front: 3,000-5,500 fighters"
Second Battle of Homs,22pxArmenian Kingdom of Cilicia,Mamluk Victory,"80,000 (contemporary sources; most likely exaggerated)"
Second Battle of Heligoland Bight,British Empire,Indecisive,10 destroyers
Second Battle of Heglig,22px|borderSouth Sudan,Sudan recapture  Heglig,"1,000 soldiers"
Second Battle of Guararapes,*22pxBrazilian Colonial Forces,Decisive Portuguese victory,"2,600"
Second Battle of Garua,*23pxBritish Nigeria,Allied victory,~500
Second Battle of Gao,MOJWA,French Victory,1Tiger Helicopter
Second Battle of Fredericksburg,CSA (Confederacy),Unionvictory,"12,000"
Second Battle of Fort Wagner,CSA (Confederacy),Confederatevictory,"1,800 troops"
Second Battle of Fort Sumter,Confederate States,Confederatevictory,320
Second Battle of Fort Fisher,CSA (Confederacy),Unionvictory,"* Army: 9,632"
Second Battle of Fort Defiance,Navajo,United Statesvictory,150infantry
Second Battle of Fallujah,Iraqi insurgents,Coalition victory,"10,500 troops"
Second Battle of Elephant Pass,18pxMilitary of Sri Lanka,Tamil Tiger victory,"1,200"
Second Battle of El Alamein,*,Allied victory,"1,029 tanks"
Second Battle of Edea,*25pxFrench Equatorial Africa,French victory,"1, 000"
Second Battle of Dongola,Makuria,Makurian victory;Baqtbetween Makuria and Rashidun Caliphate,"5,000 men including cavalry and a catapult"
Second Battle of Donaldsonville,CSA (Confederacy),Unionvictory,2 brigades
Second Battle of Dego,First French Republic,French victory,"14 April: 12,000"
Second Battle of Deep Bottom,CSA (Confederacy),Confederatevictory,"28,000"
Second Battle of Dalton,CSA (Confederacy),Unionvictory,"5,000"
Second Battle of Corinth,Confederate States,Unionvictory,"c. 22,000"
Second Battle of Clusium,22pxOptimates,Optimates Victory,"20,000Legionaries"
Second Battle of Châtillon,French Royalists,Inconclusive,"20,000"
Second Battle of Chuenpi,*British East India Company,"British victory,Convention of Chuenpi","1,500 troops2"
Second Battle of Champagne,France,German victory,"220,000 men in 19 divisions"
Second Battle of Châtillon,French Royalists,Inconclusive,"20,000"
Second Battle of Cawnpore,25pxEast India Company,British-EIC victory,"10,000 men"
Second Battle of Cancha Rayada,Royalists,Royalist victory,"5,000"
Second Battle of Caloocan,Philippine Republic,American victory,1 Warship
Second Battle of Bull Run,CSA (Confederacy),Confederatevictory,"* 26,000 (Army of the Potomac: III, V, VI, IX Corps; Kanawha Division);"
Second Battle of Bud Dajo,22pxMororebels,United States victory; total annexation of the Philippines,"1,256"
Second Battle of Brega,*National Liberation Army,*City retaken by loyalist forces,"2,000"
Second Battle of Boulou,France,French victory (first battle was Spanish),"20,000"
Second Battle of Bir el Gubi,Germany,Axis victory,1 tank company
Second Battle of Beruna,* AGiant,"Victory for Old Narnians,Caspianconsolidates theNarnianthrone.","Unknown (16,000 in the 2008 film)"
Second Battle of Benghazi,*France,* First UN coalition intervention against ground targets,----20 French fighter jets
Second Battle of Bassano,Austria,"Austrian tactical victory, French strategic retreat","19,500 infantry"
Second Battle of Auburn,Confederate States of America,Inconclusive,"3,000"
Second Battle of Athenry,22pxConnacht,Lordship victory,"Believed to be over 1,100"
Second Battle of Artois,*,Inconclusive,18 divisions (final)
Second Battle of Arquijas,Carlists supporting,Carlist victory,"14,000"
Second Battle of Apia,Mataafans,American victory,1 patrol ofU.S. Marines
Second Battle of Algeciras,France,British victory,"6 ships of the line, 2 frigates"
Second Battle of Al-Shaykh Maskin,*National Defense Force,Syrian Army victory,"2,500"
Second Battle of Agua Prieta,Carrancistas,Carrancista victory,"15,000"
Second Battle of Agordat,25pxKingdom of Italy,Colonial Italian victory,"Italian troops:42 Italian officers23–33 Italian of other rank2,318Askaritroops8 mountain guns"
Second Battle of Adrianople,Kingdom of Bulgaria,Ottoman Victory,"""weak demonstration force"""
Second Battle of Adobe Walls,Comanche,U.S. victory,29 hunters and tradesmen
Second Battle of Acentejo,"Castile, Guanche and European allies",Decisive Spanish victory,700 Castilians plus 800 Guanche allies
Second Battle of İnönü,Grand National Assembly,Decisive Turkish victory,"15,000"
Second Barbary War,22pxRegency of Algiers,United States victory,10warships
Second Balkan War,Greece,*Treaty of Bucharest,"12,802"
Second Anglo-Maratha War,East India Company,*Treaty of Deogaon(1803),":27,313 (not including artillery lascars &Madras Pioneers)"
Second Anglo-Dutch War,23pxBishopric of Münster,"Dutch victory,",131 ships
Scuttling of the French fleet in Toulon,Germany,Vichy French success; German failure to capture the French fleet,1 motorcycle battalion
Scuttling of SMS Cormoran,United States,Germans scuttle SMS Cormoran.,1 auxiliary cruiser
Scramogue ambush,British Army,successful IRA ambush and getaway,39
Scottish–Norwegian War,*Earldom of Orkney,"Scottish victory,Treaty of Perth","Around 12,000 light armed soldiers, no cavalry, around 120leidangships"
Scotland in the Wars of the Three Kingdoms,EnglishRoundheads,CovenantersdefeatRoyalistsbut are themselves defeated by an EnglishParliamentarianconquest of Scotland in 1650–51.,"Fluctuating, 2 000–4 000 troops at any one time"
Sawyers Fight,ArapahoIndians,standoff,civilian surveyors
Saudi–Rashidi War,border|22pxEmirate of Ha'il,Emirate of Riyadh (Saudi Arabia) victory,"10,000–12,000"
Saudi conquest of Hejaz,*Ikhwan,Sultanate of NejdVictory,"5,000 men"
Saudi–Rashidi War,border|22pxEmirate of Ha'il,Emirate of Riyadh (Saudi Arabia) victory,"10,000–12,000"
Satsuma Rebellion,20px|borderSatsuma Domain,Imperial victory,"20,000 to 30,000"
Sassanid reconquest of Yemen,Kingdom of Aksum,Decisive Sassanid victory,"4,000"
Sasanian conquest of Jerusalem,Byzantine Empire,DecisiveSasanianvictory,"*20,000 or 26,000 Jewish rebels"
Sanyuanli Incident,*British East India Company,Inconclusive,"20,000-30,000"
Santo Domingo Affair,Dominican Republic,American victory,1auxiliary cruiser
Sanna's Post,Orange Free State,Boer victory,"(1,600 distantly engaged)"
Sanjurjada,loyalist troops (no specific name),governmental victory,"Seville garrison, some 300 people in Madrid"
Sandside Chase,Clan Gunn,Mackay victory,Unknown
San Juan Expedition,Spain,Decisive Spanish victory,1 transport
Samu Incident,Israel,Demolition of 40 to 120 houses in the town of Samu; rioting in West Bank against king ofJordan; increased tensions contributing to outbreak ofSix-Day War,10 tanks
Sampo Waeran,Japanese living onTsushima Islandand in Korea,Increased restrictions for Japanese in Korea,4000-5000
Samoan crisis,German Empire,Both squadrons wrecked,1gunboat200 marines
Sambyeolcho Rebellion,Goryeo(Korea),*Destruction of theSambyeolchoarmy,12000
Samarrah Offensive,*British India,British victory.,"10,000 (Khalil),15,000 (Ali Ishan)"
Salvadoran Civil War,*FDR,*Dissolving of the Salvadoran military government by negotiated settlement,(probably 10.000)
Salahuddin campaign,(Shia militias:),*Dhuluiya offensive(Anti-ISIL victory),"14,000+"
Saint-Domingue expedition,*Polish Legions,French defeat,"16,000 soldiers"
Safavid conquest of Shirvan,Safaviyya,Decisive Safavid victory,"27,000"
Sacking of Osceola,"Citizens of Osceola,Mo",Unionvictory,Kansas Brigade
Sacking of Lawrence,Free-StateAbolitionists,Pro-slaveryvictory,800
