col0,col1,col2,col3
Raid at Los Baños,*,Successful Allied military rescue operation,150-250 Japanese guards
Raid at Cabanatuan,*,Alliedvictory; liberation of 552 Allied prisoners of war,133 U.S. soldiers from the6th Ranger BattalionandAlamo Scouts
Raid at Altenburg,French Empire,Decisive Coalition victory,"1,500"
Ragamuffin War,*,Peace treaty. Reincorporation of Riograndense republic into the Brazilian Empire.,"14,000 soldiers"
Radfan Campaign,FLOSY,British victory,45 Royal Marine Commando
Race to Berlin,Soviet Union,Soviet arrival into Berlin,"1,000,000"
Ra's Lanuf raid,*National Liberation Army,*Anti-Gaddafi forces drive off attackers,14-40 vehicles
ROKS Cheonan sinking,Korean People's Navy(Alleged),*North Koreadenies involvement,1
Rákóczi's War of Independence,*,Austrian victory,"ca. 1,500 French soldiers"
Quneitra offensive,*Christ Brigade,Indecisive; Minimal rebel gains,"4,000+"
Quneitra Governorate clashes,*Al-Nusra Front,* Government forces largely withdrew from the area by January 2013,Unknown
Quebra–Quilos Revolt,Empire of Brazil,Suppression of the revolt,"1,500 - 2,000"
Quasi-War,*Guadeloupe,* American neutrality and renunciation of claims against France,18 Frigates
Qinghai–Tibet War,National Revolutionary Army,"Qinghai Victory, Tibet Defeat",Ma clique
Qing conquest of the Ming,----,Ming dynastyfalls,----
Qin's campaign against the Xiongnu,Qin empire,Qin victory,--
Qatari–Bahraini War,23pxAl Thaniand allied tribes (including the BahrainiAl Jalahmaclan),* British intervention and signing of the Treaty of 1868,"2,700 (in 1867)"
Qalamoun offensive,*Islamic Front,* Pro-Syrian government troops capture most of the mountainous border region and push the rebels to the outskirts ofArsal,----
Qalamoun offensive,*Lebanese Armed Forces,*Hezbollah captures all hills around rebel hideouts on both sides of the border establishing a siege,"12,000Lebanese Army"
Pyrrhus' invasion of the Peloponnese,Argivedemocratic faction,Macedonian and Spartan victory,"2,000 cavalry,"
Pyle's Massacre,Loyalistmilitia,Patriot victory,300–400
Pursuit of Goeben and Breslau,British Empire,*Successful German retreat toIstanbul,14destroyers
Puerto Rican Nationalist Party revolts of the 1950s,Puerto Rican Nationalist Party,Revolts suppressed,106
Puerto Rican Campaign,(as an autonomous colony),* Spain cedes Puerto Rico in accordance with the accords of the Treaty of Paris of 1898.,"15,472"
Pudu Prison siege,Pudu Jail prisoners,Hostages rescued,12UTKoperators
