col0,col1,col2,col3
Operation Shurta Nasir,22pxAl-Qaeda in Iraq,Decisive Coalition Victory,"8 U.S. troops, 18 IraqiSWATs; about 1,000 U.S. troops encircling"
Operation Shoter,border|23pxLocal Arab Militia,"Israeli victory, depopulation of the Little Triangle",Reinforced battalion
Operation Sharp and Smooth,22px|borderHezbollah,Unknown if mission objective was achieved,200 commandos fromShaldagandSayeret Matkalunits
Operation Shahi Tandar,",",Coalition victory,700–1000
Operation Serval,*AQIM,*All major cities controlled by French and Malian troops.,* 500 fighters (MOJWA)
Operation Seiljag,South-West African People's Organization,Indecisive,1BosvarkMRAP
Operation Searchlight,*Awami League,* Organization of Bengali popular resistance,1 armored regiment (75M24 Chaffeetanks).
Operation Scylla,Italy,Italian victory,1 light cruiser
Operation Scorpion,"Al Qaeda in Iraq,Iraqi insurgents",Indecisive,Unknown
Operation Scorched Earth,22pxal-Qaeda,Indecisive; Ceasefire after rebels accepted the government's truce conditions.,"100,000–150,000 Houthi rebels"
Operation Sayasila,Forces Armées Neutralistes,Pyrrhic victoryforKingdom of Laos,"1,100"
Operation Sana,22px|borderSerb Volunteer Guard,"* ARBiH captures towns ofBosanska Krupa,Bosanski Petrovac,Ključ,Kulen Vakuf,Otoka, andSanski Most","15,000 (initially)"
Operation Safe Teach,22pxNew Iraqi Army,security for Iraqi school children,Unknown
Operation Saber Guardian,Iraq,Coalition victory,Not Reported
Operation Rösselsprung,*,See theAftermathsection,"17,000"
Operation Rock Avalanche,Afghanistan,US minor tactical victory,100+
Operation Roast,Germany,British victory,"1,200 men"
Operation Riviresa,LTTE,Sri Lankan Military victory,"20,000"
Operation Ring,*23rd Motorized Rifle Division of theSoviet 4th Army,Deportation of thousands of Armenians from the region,Unknown
Operation Rimon 20,Israel,Israeli victory,12 Mirage IIICs
Operation Rimau,Z Special Unit,Japanese victory,1junk
Operation Rhino,Taliban,U.S.victory,200 Army Rangers
