col0,col1,col2,col3
Operation Red Wings,* Local pro-Taliban nationals,"* Insurgent forces return three weeks later and are subsequently eliminated duringOperation Whalers, in August 2005.",12Navy SEALs
Operation Red Dawn,Saddam Husseinand personal bodyguards,United States victory: Capture and arrest of formerIraqi presidentSaddam Hussein,3
Operation Red Dagger,",",Coalition victory,ANA: ?
Operation Rah-e-Nijat,----,Decisive Pakistani victory,"1,500 foreign fighters"
Operation Rösselsprung,*,See theAftermathsection,"17,000"
Operation Quyet Thang 202,PLAF,South Vietnamese-American victory,"1,000"
Operation Pyrsos,(assistance until August 25),decisiveNational Armyvictory,50 aircraft
Operation Purple Haze,22pxNew Iraqi Army,Successful Iraqi and American raid,Unknown
Operation Prijedor,Allies:,Partisanwithdrawal,"1,000 troops"
Operation Praying Mantis,Iran,Decisive United States victory,"1 aircraft carrier,"
Operation Prairie IV,North Vietnam,Victory for the Marines,"1/4, 1/9, 2/9 and 2/26 Marine Infantry Battalions"
Operation Polar Tempest,22pxNew Iraqi Army,Successful American raid,unknown
Operation Pokpoong,(limited),* DPRK fails to achieve strategic goals,"105,752"
Operation Plymouth Rock,22pxNew Iraqi Army,captured 32 suspected insurgents,5000
Operation Pleshet,(IDF),Egyptian tactical victory,"1,150"
Operation Pistol,Nazi Germany,Partial success,'A' group A 12 men
Operation Piranha,22pxViet Cong,U.S. victory,1st Battalion 7th Marines
Operation Pillar of Defense,*Al-Aqsa Martyrs',"* According to Hamas, their rocket strikes led to the ceasefire deal","10,000 Security forces."
Operation Pickaxe-Handle,Afghan National Army,Strategic outcome unclear,500 (ANA)
Operation Phantom Thunder,Al-Qaeda in Iraq,(Large territories previously held by insurgents come under coalition control; Operations continue with operationPhantom Strike),"2,100 Peshmerga"
Operation Phantom Strike,22pxAl-Qaeda in Iraq,Al-Qaeda terrorist network disrupted,"16,000+"
Operation Phantom Phoenix,22pxAl-Qaeda in Iraq,*Coalition victory in Diyala and Salah ad-Din provinces,": 24,000"
Operation Perth,Australia,Coalition victory,Air support
Operation Paula,France,Operation failed. German forces maintained air superiority over France.,"1,100 aircraft (460 fighters)"
Operation Panther Squeeze,Iraqi insurgency,15 primary targets were captured with a total of 41 enemy personnel taken for questioning,Not Reported
Operation Panther Backroads,Iraqi insurgency,to interdict anti-coalition and smuggling activities,Not Reported
Operation Panther,AQIM,French Victory,1200
Operation Overlord,*,Decisive Allied victory,"* 1,452,000 troops (by 25 July)"
Operation Ostra Brama,23pxPolish Secret State(Armia Krajowa),Soviet victory,4200
Operation Oregon,23pxViet Cong,U.S. victory,1st Battalion 4th Marines
Operation Oqab,*,Temporary forced displacement of the Taliban forces,300
Operation Ochsenkopf,Germany,Axis defeat,V Corps
Operation Obviate,30pxRAF Bomber Command,"Minor damage, no direct hits",()
Operation Northern Watch,Iraq,Militarily inconclusive.,"Around 50 aircraft and 1,400 personnel at any one time"
Operation Northern Lights,"Al Qaeda in Iraq,Iraqi insurgents",Indecisive,"1,400 troops"
Operation Northern Iraq,*Kurdistan Democratic Party(KDP),*2 captured Turkish soldiers released by PKK,"2,000-8,000"
Operation Northern Delay,Iraq,Coalition victory,"1,000+"
Operation Nordwind,France,Tactical Allied retreat,"125,000 men"
Operation Nifty Package,Panama,American victory,1 gunboat
Operation New York,23pxViet Cong,U.S. victory,2nd Battalion 1st Marines
Operation Neuland,Kingdom of Italy,Axistactical victory,11 submarines
Operation München,Germany,Romanian-German victory,"1,750 aircraft"
Operation Musketoon,Norway,* Destruction of the Glomfjord power plant,10 commandos
Operation Murfreesboro,Al-Qaeda in Iraq,Decisive U.S victory: insurgent occupying force defeated,210 - 250 fighters in prepared defensive positions
