col0,col1,col2,col3
R. Clive,British East India Company,"Merchant Taylors' School, Northwood",1746
R. Ouellette,HMCS Chippawa,Master of Arts,1992
R. Morris,"Judge Advocate General's Corps, U.S. Navy",Saint Leo University,1988
R. Y. Jr.,Illinois National Guard,Illinois College,1885
R. Taylor,RAF Medical Services,"Clare College, Cambridge",1960
R. Kleindienst,United States Army Air Corps,Harvard University,1943
R. H. Poff,Eighth Air Force,Roanoke College,1943
R. Drax,Coldstream Guards,Royal Military Academy Sandhurst,1978
R. Blumenthal,United States Marine Corps Reserve,"Trinity College, Cambridge",1970
R. Benyon,Royal Green Jackets,Royal Agricultural College,1981
R. Visaya,AFP Southern Luzon Command,Philippine Military Academy,1983
R. Killian,Office of the Secretary of Defense,US Army War College,1986
R. Hunt,No. 26 Squadron RAF,"St Peter's College, Oxford",1941
R. Coty,Infantry,University of Caen Normandy,1914
R. Benjamin,United States Public Health Service Commissioned Corps,University of Alabama School of Medicine,2009
R. Withers,HMAS Leeuwin,University of Western Australia,1942
R. Turnbull,2/12th Field Ambulance,University of Melbourne,1942
R. Fareed,Colombo Town Guard,"Royal College, Colombo",1915
R. Yzaguirre,United States Air Force Medical Service,George Washington University,1958
R. Wijeratne,Sri Lanka Rifle Corps,St Thomas' College,1984
R. Churchill,4th Queen's Own Hussars,"Christ Church, Oxford",1940
R. Pacciardi,Bersaglieri,University of Siena,1917
R. P. Buckland,Army of the Tennessee,Kenyon College,1862
R. Northam,Medical Corps,Virginia Military Institute,1984
R. N. Pervez,Punjab Regiment,Kakul,1963
R. Khan,Baloch Regiment,Command and General Staff College,1950
Ra'ana Liaquat Ali Khan,Pakistan Army Medical Corps,University of Lucknow,1947
R. E. Thornton,"Judge Advocate General's Corps, United States Army",University of Virginia,1919
P. Hart,4th Infantry Division,Georgetown University,1941
P. H. Stoll,Judge Advocate General's Corps,Wofford College,1917
P. Roe,Medical Corps,Austin Peay State University,1972
P. Ferguson,Marine Raiders,University of Kansas,1942
P. Batt,United States Army Air Forces,University of Idaho,1945
P. Tinley,Special Air Service Regiment,"Royal Military College, Duntroon",1981
P. Tapsell,Royal Sussex Regiment,"Merton College, Oxford",1948
P. T. King,69th Infantry Regiment,University of Notre Dame,1968
P. Ramsbotham,Intelligence Corps,"Magdalen College, Oxford",1942
P. McCall,Royal Logistic Corps,University of Strathclyde,1982
P. Gregson,Royal Army Educational Corps,"Balliol College, Oxford",1959
"Peter Carington, 6th Baron Carrington",Grenadier Guards,Royal Military Academy Sandhurst,1939
P. Hegseth,Individual Ready Reserve,Princeton University,2003
P. Cenarrusa,United States Marine Corps Aviation,University of Idaho,1942
P. Musharraf,Pakistan Army Regiment of Artillery,Command and Staff College,1964
P. Downe,The Prince Edward Island Regiment,University of Prince Edward Island,1970
P. Haddacks,Eastern Fleet,Britannia Royal Naval College,1964
P. E. Kanjorski,United States Army Reserve,Dickinson College,1960
P. Curtman,2nd Battalion 3rd Marines,University of Missouri–St. Louis,1999
P. C. Harris,Military Intelligence Corps,George Washington University Law School,1986
P. Cellucci,United States Army Reserve,Boston College,1970
P. Murphy,82nd Airborne Division,Widener University School of Law,1996
P. Mercer,Worcestershire and Sherwood Foresters Regiment,Cranfield University,1975
P. Takasugi,10th Special Forces Group,College of Idaho,1971
P. Spearman,Military Police Corps,Norfolk State University,1977
P. Mitchell,92nd Infantry Division,Morgan State University,1942
P. Ashdown,Special Boat Service,Bedford School,1959
O. F. Moore,33rd Ohio Infantry,Washington & Jefferson College,1861
O. Bradley,Infantry Branch,United States Military Academy,1915
O. A. Khan,Pakistan Army Armoured Corps,University of Cambridge,1971
O. Palme,Svealand Artillery Regiment,Kenyon College,1945
O. P. Bolton,V Amphibious Corps,Harvard University,1941
"Noel Lytton, 4th Earl of Lytton",Rifle Brigade,Royal Military Academy Sandhurst,1939
N. Wijeyeratne,Ceylon Artillery,"Royal College, Colombo",5
N. Abbott,British Commonwealth Occupation Force,University of Adelaide,1942
N. Popaditch,1st Tank Battalion,San Diego State University,1986
N. Freitas,1st Special Forces Group,Henley-Putnam University,1998
N. Fletcher,United States Marine Corps Reserves,California Baptist University,1997
N. K. Janjua,Punjab Regiment,Pakistan Military Academy,1977
M. Zia-ul-Haq,Pakistan Army Armoured Corps,"St. Stephen's College, Delhi",1943
M. Safdar,Punjab Regiment,Military College Jhelum,1960
M. N. Khan,Frontier Force Regiment,Pakistan Military Academy,1966
M. Musa,Frontier Force Regiment,Command and Staff College,1926
M. Carstairs,RAF Medical Services,University of Edinburgh,1942
M. Haider,Frontier Force Regiment,Royal College of Defence Studies,1962
M. A. Sadek,Mechanized infantry,Military academies in Russia,1937
M. B. Ghalibaf,25th Karbala Division,University of Tehran,1981
M. McConnell,United States Army Reserve,University of Louisville,1967
M. F. Gregg,The Royal Canadian Regiment,Acadia University,1914
M. Cogswell,4th Infantry Regiment,United States Military Academy,1849
M. Thompson,173rd Airborne Brigade Combat Team,"California State University, Chico",1967
M. Pompeo,7th Cavalry Regiment,United States Military Academy,1986
M. Futrell,USS Ulysses S. Grant,Louisiana State University,1982
M. Enzi,Wyoming Air National Guard,George Washington University,1967
M. Beebe,United States Army Reserve,Arkansas State University,1968
M. Debré,Cavalry,University of Paris,1939
M. T. Flynn,Defense Intelligence Agency,University of Rhode Island,1981
M. Mates,1st The Queen's Dragoon Guards,"King's College, Cambridge",1954
Michael J. Stack III,"Judge Advocate General's Corps, United States Army",Villanova University School of Law,2008
M. Heseltine,Welsh Guards,"Pembroke College, Oxford",1959
M. Hastings,United States Military Academy,United States Military Academy,1998
M. Grimm,United States Marine Corps Reserve,Baruch College,1989
Michael David Irving Gass,Gold Coast Regiment,"Queens’ College, Cambridge",1939
M. D. Lumpkin,United States Navy SEALs,"University of California, San Diego",1986
M. A. Jackson,United States Marine Corps Reserve,"Temple Hills, Maryland",1982
M. Aurangzeb,Frontier Force Regiment,Dehradun,1948
M. D. Taylor,United States Army Corps of Engineers,United States Army War College,1922
M. Cleland,12th Cavalry Regiment,Emory University,1965
M. Quay,134th Pennsylvania Infantry,Washington & Jefferson College,1861
M. Bevin,5th Infantry Division,Washington and Lee University,1989
M. d'Azeglio,Cavalry,University of Turin,1815
Masood Sharif Khan Khattak,Pakistan Army Armoured Corps,Command and Staff College,1968
M. Griffin,Georgia National Guard,The Citadel,1941
M. Lancaster,"Judge Advocate General's Corps, U.S. Navy",University of North Carolina at Chapel Hill,1967
M. Clarke,Royal Artillery,"Trinity College, Dublin",1863
M. Takai,Hawaii Army National Guard,University of Hawaii at Manoa,1999
"Mark Saville, Baron Saville of Newdigate",Royal Sussex Regiment,University of Oxford,1954
M. Sanford,Air Force Reserve Command,Furman University,2003
M. Lippert,United States Navy Reserve,Stanford University,2005
M. Kirk,Office of Naval Intelligence,Cornell University,1989
M. Cole,United States Naval Reserve,Western Kentucky University,1980
M. Simon,"Judge Advocate General's Corps, United States Army",New York University,1999
M. Cutler,11th Massachusetts Regiment,Yale University,1776
M. N. Khan,No. 11 Squadron,Indian Military Academy,1941
M. A. Durrani,Pakistan Army Armoured Corps,Pakistan Military Academy,1961
M. Hongkui,Ma clique,Lanzhou,1910
L. Gohmert,Judge Advocate General's Corps,Texas A&M University,1978
L. B. Nunn,97th Infantry Division,University of Louisville School of Law,1943
L. Bentsen,15th Air Force,University of Texas School of Law,1942
L. V. Deerlin,Field Artillery Branch,Journalism,1941
L. Graham,United States Air Force Judge Advocate General's Corps,University of South Carolina,1982
L. Kirstein,"Monuments, Fine Arts, and Archives section",Harvard University,1943
L. W. Douglas,91st Division,Amherst College,1917
Lewis F. Payne Jr.,United States Army Reserve,University of Virginia,1967
L. B. Jordan,Machine gun,University of Oregon,1917
L. M. Jr.,VF-11,Harvard University,1983
L. J. Connery,26th Infantry Division,Georgetown University Law Center,1916
L. J. Burton,United States Navy Air Corps,University of Utah,1945
L. Scott,4450th Tactical Group,St. Leo University,1986
L. LaRocco,7th United States Army,Boston University,1969
L. Craig,Idaho National Guard,George Washington University,1970
L. T. Moore,14th Regiment Kentucky Volunteer Infantry,Transylvania University,1861
K. Rehman,Pakistan Navy,Britannia Royal Naval College,1954
K. Maqbool,Baloch Regiment,Command and Staff College,1966
K. Stolle,United States Naval Reserve,Berry College,1983
K. Hechler,9th Armored Division,Columbia University,1942
K. Habibollahi,Imperial Iranian Navy,Naval War College,1949
J. V. Borghese,Decima Flottiglia MAS,Italian Naval Academy,1928
J. Brazier,Special Air Service,London Business School,1972
Juan M. Garcia III,United States Navy Reserve,Harvard University,1992
J. H. Lewis,6th Kentucky Infantry,Centre College,1861
J. B. Foraker,89th Ohio Infantry,Cornell University,14
J. Abruzzo,United States Coast Guard Reserve,Lynn University,2005
J. T. Lozano,Walloon Guards,Our Lady of the Rosary University,1772
J. Ernst,Iowa Army National Guard,Iowa State University,1993
J. Corzine,United States Marine Corps Reserve,University of Illinois at Urbana-Champaign,1969
J. Isakson,Air National Guard,University of Georgia,1966
J. d. Chastelain,Princess Patricia's Canadian Light Infantry,Mount Royal University,1956
J. Warner,1st Marine Aircraft Wing,George Washington University,1945
J. Walsh,Montana National Guard,Excelsior College,1979
J. W. Lawson,Army of Northern Virginia,College of William and Mary,1861
J. V. Tunney,"Judge Advocate General's Corps, U.S. Air Force",Yale University,1960
J. Tree,The Pentagon,United States Air Force Academy,1990
J. Tower,United States Navy Reserve,London School of Economics,1943
J. S. Williams,6th U.S. Infantry,Miami University,1846
J. S. Cooper,United States Army Central,Centre College,1942
J. Shadegg,Arizona Air National Guard,University of Arizona,1969
J. S. Jones,4th Ohio Infantry,Ohio Wesleyan University,1861
J. S. Edwards,United States Marine Corps Judge Advocate Division,Princeton University,1971
J. Ryan,2/12th Battalion,University of Melbourne,1942
J. Pickler,3rd Regiment Iowa Volunteer Cavalry,University of Iowa,1862
J. P. Jr.,Field Artillery Branch,Bachelor of Arts,1918
J. N. Erlenborn,United States Navy Reserve,Loyola University Chicago,1944
"John Loder, 2nd Baron Wakehurst",Intelligence Corps,Eton College,1914
J. L. Brownlee,Infantry Branch,Washington and Lee University,1987
J. Kotelawala,Ceylon Light Infantry,"Christ's College, Cambridge",23
J. Jarman,United States Army Military Intelligence,Yale University,1942
J. J. Rhodes,U.S. Army Air Forces,Harvard Law School,1941
"John J. Wicker, Jr.",United States Army Air Service,Furman University,1917
"John Henniker-Major, 8th Baron Henniker",Rifle Brigade,"Trinity College, Cambridge",1939
John H. Bankhead II,Alabama National Guard,University of Alabama,1901
J. Glenn,4th Fighter Wing,Muskingum University,1941
J. F. Oglevee,98th Ohio Infantry,University of Michigan Law School,6
J. F. Kennedy,Motor Torpedo Boat PT-109,Harvard College,1941
J. F. Kelly,"Judge Advocate General's Corps, United States Army",University of Michigan,1978
J. F. Collins,Counterintelligence Corps,Suffolk University Law School,1941
J. Don,Intelligence Corps,University of Melbourne,1940
J. Cullerton,Illinois National Guard,Loyola University Chicago,1970
J. Cosgrove,United States Naval Reserve,Old Dominion University,1987
J. C. Nichols,19th Infantry Regiment,Emporia State University,1917
J. C. Entrekin,114th Ohio Infantry,Ohio Wesleyan University,12
J. C. Lee,55th Ohio Infantry,Case Western Reserve University,11
J. C. Inglis,National Security Agency,Columbia University,1976
J. Bratton,Army of Northern Virginia,University of South Carolina,1861
