col0,col1,col2,col3
J. Boccieri,773d Airlift Squadron,Webster University,1994
J. B. Edwards,82nd Airborne Division,United States Military Academy,1988
J. Baron,The Royal Regiment of Fusiliers,"Jesus College, Cambridge",1984
J. B. Rice,XV Corps,Jefferson Medical College,1861
J. A. Volpe,Seabee,Wentworth Institute of Technology,1942
J. A. Bolles,VII Corps,Brown University,30
J. Wilson,United States Army Reserve,Washington & Lee University,1972
J. T. May,United States Army Reserve,Virginia Tech,1955
J. Miller,1st Infantry Division,United States Military Academy,1989
J. Baca,101st Airborne Division,"California State University, Los Angeles",1966
J. Wright,United States Army Air Forces,University of Texas at Austin,1941
J. Webb,1st Battalion 5th Marines,Georgetown University Law Center,1968
J. Olin,Signal Corps,Cornell University,1943
J. McDermott,Medical Corps,University of Illinois College of Medicine,1968
J. Marshall,United States Army Rangers,Boston University,1968
J. Jones,Artillery,Bachelor of Arts,1967
J. Jeffords,United States Navy Reserve,Harvard Law School,1956
J. Gilmore,Military Intelligence Corps,University of Virginia,1971
J. Gibbons,Air National Guard,"University of Nevada, Reno",1967
J. Forbes,"A Field Battery, Royal Australian Artillery","Magdalen College, Oxford",1940
J. Banks,Navy Supply Corps,Indiana University Bloomington,2012
J. White,Illinois National Guard,Alabama State University,1957
J. Karamat,Pakistan Army Armoured Corps,Command and Staff College,1961
J. Davis,1st Cavalry Regiment,Transylvania University,1825
J. Sessions,Transportation Corps,University of Alabama School of Law,1973
J. Landry,Louisiana National Guard,University of Louisiana at Lafayette,1987
J. Gorell,Defense Intelligence Agency,"University of California, Davis",1999
J. Frederick,United States Naval Reserve,Emory University,1996
J. Brandes,United States Army,Marion Military Institute,1996
J. Bingaman,United States Army Reserve,Harvard College,1968
J. O'Brien,United States Army Reserve,United States Military Academy,1973
J. Chen,United States Navy Reserve,Harvard University,2010
J. R. Jones,United States Army Reserve,Georgetown University Law Center,1964
J. Pike,16th New Hampshire Volunteer Infantry,Wesleyan University,1
J. Peake,Medical Corps,United States Military Academy,1966
J. L. Orr,1st South Carolina Rifle Regiment,University of Virginia,1861
J. K. Hamilton,113th Ohio Infantry,Kenyon College,28
J. H. Beatty,4th Iowa Independent Battery Light Artillery,Ohio Wesleyan University,1863
J. H. Baker,10th Minnesota Volunteer Infantry Regiment,Ohio Wesleyan University,1862
J. G. Beall,Ordnance Corps,Gettysburg College,1918
J. Cleverly,Royal Artillery,University of West London,1991
J. Chichester-Clark,Irish Guards,Royal Military Academy Sandhurst,1942
J. Allen,United States Naval Reserve,University of Alabama,1943
J. A. Walker,4th Virginia Infantry,University of Virginia,1861
J. Miller,United States Army Reserve,Virginia Commonwealth University,1989
J. Reed,82nd Airborne Division,United States Military Academy,1971
J. Pizzey,"13th Field Battery, Royal Australian Artillery",University of Queensland,1940
J. Kemp,United States Army Reserve,Occidental College,1958
J. W. Keifer,3rd Ohio Infantry,Antioch College,1861
J. H. Edmondson,United States Army Air Forces,University of Oklahoma,1942
"J. E. B. Seely, 1st Baron Mottistone",Imperial Yeomanry,"Trinity College, Cambridge",1889
J. C. Boggs,6th Armored Division,Georgetown University,1941
J. B. Johnston,Judge Advocate General's Corps,United States Military Academy,1956
I. Shavit,Paratroopers Brigade,Hebrew University of Jerusalem,1977
I. Kennison,Royal Australian Artillery,University of Melbourne,1939
I. D. Smith,Scots Guards,Royal Military Academy Sandhurst,1975
H. L. Acevedo,United States Army Reserve,Edmund A. Walsh School of Foreign Service,1972
H. Robertson,Life Guards,University of Reading,1982
H. Carey,104th Infantry Division,Juris Doctor,1939
H. Dehghan,Aerospace Force of the Army of the Guardians of the Islamic Revolution,University of Tehran,1979
H. G. Herrick,American Civil War,Bowdoin College,1863
H. Melcher,20th Maine Volunteer Infantry Regiment,Bates College,1862
H. R. Revels,Chaplain Corps,Knox College,1863
H. Fong,Seventh Air Force,Harvard Law School,1942
H. Batchelder,22nd Maine Volunteer Infantry Regiment,Bowdoin College,1861
H. Iriberri,Commanding General of the Philippine Army,Philippine Military Academy,1983
H. Spiro,11th Armored Division,Harvard University,1944
H. Kohl,United States Army Reserve,Harvard Business School,1958
