col0,col1,col2,col3
"Henry Page Croft, 1st Baron Croft",Hertfordshire Regiment,Eton College,1900
H. L. Morey,20th Ohio Infantry,Miami University,1861
H. C. Burnett,8th Kentucky Infantry,University of Virginia,1861
Henry A. du Pont,5th Air Defense Artillery Regiment,United States Military Academy,1861
H. A. Wise,Army of Northern Virginia,Washington & Jefferson College,1861
H. Rouhani,Neishabur,Glasgow Caledonian University,1971
H. G. Hashemi,Combat engineer,Shahid Beheshti University of Medical Sciences,1980
H. Milk,USS Kittiwake,"University at Albany, SUNY",1951
H. R. Purkey,United States Army Reserve,Old Dominion University,1957
H. Lee,Louisiana National Guard,Louisiana State University,1955
H. Patten,Air Force Reserve,University of Arizona,1940
H. N. Jr.,4th Infantry Division,Assumption College,2001
