col0,col1,col2,col3
Ş. Aker,1931,1964-2-6,(1896–1919)
Ō. Yoshimasa,1912,1926-4-10,Empire of Japan
Ō. Ken'ichi,1916,1947-3-24,Empire of Japan
Ō. Hisanao,1913,1928-9-27,Empire of Japan
Ō. Naomichi,1919,1934-9-12,Empire of Japan
Ō. Naoharu,1907,1927-9-20,Empire of Japan
Ō. Haruno,1911,1915-1-26,Empire of Japan
Ō. Yasuzumi,1895,1895-2-9,Empire of Japan
Đ. Mậu,1940,2002-4-11,"Vietnamese National Army,Army of the Republic of Vietnam"
Đ. C. Trí,1947,1971-2-23,"Vietnamese National Army,Army of the Republic of Vietnam"
Đ. V. Quang,1975,2011-7-15,South Vietnam
Đ. T. Loan,1975,2010-0-0,23pxViet Minh
Đ. Khuê,1997,1999-1-16,25pxVietnam
Đ. Skopljanče,1910,1911-1-1,*Serbian Chetnik Organization(1904–1910)
Đ. Božović,1991,1991-9-15,Serbia
Ø. Øi,1940,1940-4-9,Norway
Étienne Pierre Sylvestre Ricard,1831,1843-11-6,France
Étienne Marie Antoine Champion de Nansouty,1814,1815-2-12,Bourbon Restoration
Étienne Hastrel de Rivedoux,1781,1846-9-19,France
É. E. Bruix,1805,1805-3-18,French First Republic/First Empire
É. Deprez-Crassier,1787,1803-7-6,France
É. Charlet,1785,1795-11-27,France
É. Tabarly,1985,1998-6-12,France
É. Lemonnier,1945,1945-3-10,France
É. Driant,1906,1916-2-0,France
É. L. Despeaux,1815,1856-10-27,France
Édouard Jean Baptiste Milhaud,1815,1833-1-8,22pxFrench Empire
É. Ceannt,1916,1916-5-8,Irish Republican Brotherhood
Å. Hök,1949,1963-5-2,Sweden
Å. Lundström,1947,1975-9-26,Sweden
Á. Lajtos,1949,1986-5-25,Hungarian People's Republic
Á. Canavery,1905,1916-7-20,21px|borderArgentina
"Álvaro de Bazán, 1st Marquis of Santa Cruz",1588,1588-2-9,border|25pxSpain
Z. Berling,1953,1980-7-11,20pxPoland
Z. i. al-Awam,636,656-12-4,23pxRashidun Caliphate.
