col0,col1,col2,col3
Z. Leśniowska,1943,1943-7-4,Poland
Z. Peiyuan,1934,1934-1-1,20px|Flag of the Republic of ChinaRepublic of China
Z. Guoliang,1849,1860-4-1,Qing Dynasty
Z. Yoshida,1945,1966-11-14,Empire of Japan
Z. Fengnian,1863,1885-0-0,25pxQing dynasty
Z. Bliss,1854,1900-1-2,Union
Z. York,1861,1900-8-5,*
Z. B. Tower,1883,1900-3-20,Union
Z. D. Olsufiev,1820,1835-3-20,Russian Empire
Z. I. Abbasi,1995,2009-7-30,Pakistan
Z. Mudge,1815,1852-10-22,Great Britain
Z. Hickes,1771,1771-5-25,Kingdom of Great Britain
Z. T. Woodall,1899,1899-9-12,United Statesof America
Z. C. Neahr,1865,1903-7-21,*
Z. C. Deas,1861,1882-3-6,Confederate States of America
Z. Kaia,1949,1949-12-12,Republic of the Union of Myanmar
Y. Rudellat,1945,1945-4-23,France
Y. Godard,1961,1975-3-3,France
Y. F. Barbaza,1918,1971-2-26,France
Y. Hiraga,1943,1943-2-13,Empire of Japan
Y. Gilsher,1917,1917-7-20,Russian Empire
Y. Tyutyunnyk,1921,1930-10-20,Russian Empire(1904–1917)
Y. Budanov,1987,2011-6-10,Russia
Y. Nasu,1942,1942-10-26,Empire of Japan
Y. Okutsu,1945,2003-8-24,United States of America
Y. Kasahara,1945,1988-1-2,Empire of Japan
Y. Fei,1142,1142-1-27,Song dynasty
Y. R. Villegas,1945,1945-3-20,United States of America
Y. Kolahdouz,1979,1981-9-30,Iran
Y. Kawashima,1936,1945-9-8,Empire of Japan
Y. Tatekawa,1945,1945-9-9,Empire of Japan
Y. Tokugawa,1945,1963-4-17,Empire of Japan
Y. Nishida,1944,1944-2-21,Empire of Japan
Y. Minami,1944,1944-11-25,Empire of Japan
Y. Umezu,1945,1949-1-8,Empire of Japan
Y. Hayashi,1945,1978-2-5,Empire of Japan
Y. Beekman,1944,1944-9-13,"United Kingdom,France"
Y. Ekstrand,1951,1951-3-30,Sweden
Y. Amir,1969,2002-11-1,Israel Defense Forces
Y. Konovalets,1915,1938-5-23,Ukrainian National Republic
Y. Kruten,1917,1917-6-6,Russian Empire
Y. Shapovalov,1955,1977-11-8,USSR
Y. I. Markov,1814,1828-9-20,"Russia,"
Y. Khan,1912,1912-5-19,22pxQajar dynasty
Y. Adam,1982,1982-6-10,Israel
Y. Budanova,1943,1943-7-19,Soviet Union
Y. Kobashigawa,1945,2005-3-31,United States of America
Y. Zettler,1948,2009-0-0,(1931–1933)
Y. Trotsenko,1965,1972-1-25,23pxSoviet Russia(1918-1922)
Y. Okamura,1945,1966-9-2,Empire of Japan
Y. Rokurō,1925,1930-6-30,Empire of Japan
Y. Makriyannis,1864,1864-4-27,Greece
Y. Sinuhe,1869,1869-6-20,Edo Shogunate
Y. Tanin,1922,1940-9-10,Empire of Japan
Y. Gentarō,1928,1931-2-18,Empire of Japan
Y. Hanzō,1927,1944-7-2,Empire of Japan
Y. Motoharu,1897,1897-10-3,Empire of Japan
Y. Somko,1664,1663-9-28,21pxZaporozhian Host(to 1660)
Y. Smushkevich,1941,1941-10-28,Red Army(1918—1941)
Y. Kreizer,1921,1969-11-29,Soviet Union
Y. Dashevsky,1965,1972-2-8,Soviet Union
Y. Cherevichenko,1917,1976-7-4,23pxSoviet Russia
Y. Alksnis,1938,1938-7-28,(1919–1938)
Y. Agranov,1938,1938-8-1,Soviet Union
Y. Dori,1949,1973-1-22,(British Army)
X. Yongchang,1959,1959-1-1,20px|Flag of the Republic of ChinaRepublic of China
X. Rong,1856,1856-8-9,Qing Dynasty
X. Aranitasi,19,1961-3-13,Royal Albanian Army
X. Hasa,1945,1945-5-6,Albania(under Fascist Italy & Nazi Germany)
X. Stratigos,1917,1927-3-11,Kingdom of Greece
