col0,col1,col2,col3
X. Czernicki,1940,1940-1-1,Poland
W. Krzyżanowski,1861,1887-1-31,Union
W. Grydziuszko,1946,1946-1-29,Great Britain
W. F. Jabłonowski,1786,1802-9-29,*
W. Deedes,1923,1956-9-2,United Kingdom
W. Peifu,1927,1939-12-4,22pxRepublic of China
W. Huawen,1948,1962-1-1,22px|borderRepublic of China(to 1943)
W. W. Barr,1942,1942-8-7,United States of America
W. W. Keeble,1953,1982-1-28,United States of America
W. R. Thompson,1942,1942-10-9,United States of America
W. Martini,1945,1963-1-6,(to 1918)
W. Tone,1798,1798-11-19,Society of United Irishmen(Co-founder)
W. Kania,1950,1991-5-5,Polish Armed Forces in the West
W. Chrzanowski,1849,1861-2-26,20pxCongress Poland
W. Urbanowicz,1946,1996-8-17,Poland
W. Pilecki,1947,1948-5-25,Second Polish Republic
W. W. Marshall,1945,2015-9-19,United States of America
W. P. Wilson,1971,1996-12-31,United States of America
W. Gibson,1930,2000-7-21,United States of America
W. Collins,1962,1999-5-5,United States of America
W. S. Hancock,1844,1886-2-9,United States of America
W. Scott,1861,1866-5-29,United States of America
