col0,col1,col2,col3
W. R. Terrill,1853,1862-10-8,Union
W. R. Prom,1969,1969-2-9,United States of America
W. R. Peers,1973,1984-4-6,United States of America
W. R. Peck,1861,1871-1-22,Confederate States of America
W. R. Parnell,1854,1910-8-20,Union
William R. Lawley Jr.,1972,1999-5-29,United States of America
W. R. Charette,1977,2012-3-19,United States
W. R. Caddy,1945,1945-3-3,United States of America
W. R. Brewster,1864,1869-12-13,(Union)
W. R. Bond,1970,1970-4-1,United States of America
W. Quantrill,1865,1865-6-6,*
W. Pullen,1828,1887-1-22,United Kingdom
W. Prowse,1771,1826-3-23,United Kingdom ofGreat Britain and Ireland
"William Proby, Lord Proby",1804,1804-8-6,United Kingdom
W. P. Craighill,1897,1909-1-18,Union
W. Preston,1848,1887-9-21,Confederate States of America
W. P. Hall,1912,1927-12-14,United States of America
W. P. Hardeman,1846,1898-4-8,Confederate States of America
W. P. Benton,1848,1867-3-14,Union
W. Pittenger,1863,1904-4-24,United States
W. Pillar,1984,1999-3-18,United Kingdom
W. Pike,1925,1993-3-10,United Kingdom
W. Pierrepont,1780,1813-8-7,United Kingdom
W. P. Fife,1967,2008-10-13,United States of America
W. P. Stuart-Houston,1947,1987-7-14,United States of America
W. Pakenham,1926,1933-7-28,United Kingdom
W. P. Thompson,1864,1864-10-7,United States of America
William P. T. Hill,1917,1965-12-6,United States of America
W. P. Sanders,1863,1863-11-19,Union
W. P. Lawrence,1986,2005-12-2,United States of America
W. P. Kephart,1942,1942-10-14,United States of America
W. P. Burnham,1924,1930-9-27,United States of America
W. P. Black,1864,1916-1-3,United States of America
W. P. Biddle,1914,1923-2-25,United States of America
W. Osborn,1872,1887-5-17,United States of America
W. Oliver,1957,1981-0-0,United Kingdom
W. O. Wooldridge,1972,2012-3-5,United States
W. O. Eareckson,1917,1966-10-25,United States of America
W. O. Brice,1956,1972-1-30,United States of America
W. O. Haly,1878,1878-3-19,United Kingdom
W. O'Brien,1971,2016-2-19,United Kingdom
W. N. Glascock,1855,1847-10-9,United Kingdom
W. Nott,1843,1845-1-1,United Kingdom
W. N. Herbert,1940,1949-0-0,United Kingdom
W. N. Jeffers,23,1883-7-23,Union
"William Nicholson, 1st Baron Nicholson",1912,1918-9-13,United Kingdom
W. Napier,1929,1951-4-8,United Kingdom
W. N. Pendleton,1830,1883-1-15,Confederate States of America
"William N. McKelvy, Sr.",1925,1933-9-22,United States of America
W. M. Black,1919,1933-9-24,United States of America
W. M. Kerr,1936,1959-10-26,United Kingdom
