col0,col1,col2,col3
W. H. Smyth,1846,1865-9-8,United Kingdom
W. H. Powell,1865,1909-7-20,United States of America
William Henry Harrison Benyaurd,1900,1900-2-7,Union
W. H. Harman,1865,1865-3-2,Confederate States of America
W. H. Gowan,1942,1957-5-22,United States
W. H. Franklin,1940,1940-12-12,United Kingdom
W. H. Beach,1932,1952-7-22,United Kingdom
W. H. Allen,1813,1813-8-18,United States of America
W. Henderson,1854,1854-0-0,United Kingdom
W. Hays,1875,1875-2-7,Union
W. H. Carney,1864,1908-12-8,Union
W. H. Bland,1919,1962-10-24,United Kingdom
W. Hardham,1919,1928-4-13,New Zealand
W. Halstead,1863,1916-7-23,United States
W. H. Jr.,1959,1959-8-16,United States of America
W. H. Gage,1789,1864-1-4,United Kingdom
W. Hall,1876,1904-8-27,(1847–49)
W. Halford,1869,1919-2-7,United States of America
W. H. Lytle,1848,1863-9-20,Union
W. Hackett,1916,1916-6-27,United Kingdom
W. H. Pain,1912,1924-2-14,"United Kingdom,Ulster"
W. H. Worthington,1862,1862-5-22,Union
W. H. Wilbur,1947,1979-12-27,United States of America
W. H. Upham,1861,1924-7-2,*
W. H. Tunner,1960,1983-4-6,United States of America
W. H. Thomas,1945,1945-4-22,United States of America
"William H. Seward, Jr.",1865,1920-4-29,Union
W. H. Rupertus,1910,1945-3-25,United Statesof America
W. H. Plackett,1988,2016-3-4,United States
W. H. Penrose,1861,1903-8-29,Union
W. H. Morris,1851,1900-8-26,United States of America
W. H. Jones,1877,1911-12-23,United States of America
W. H. Hay,1922,1946-12-17,United States of America
William H. G. Bullard,1922,1927-11-24,United States of America
W. H. French,1880,1881-5-20,Union
W. H. Freeman,1865,1911-8-26,Union
W. H. Forwood,1902,1915-5-12,Union
W. H. Farrow,1919,1946-7-11,United Kingdom
William H. F. Payne,1861,1904-3-29,Confederate States of America
W. H. Emory,1836,1887-12-1,Union
W. H. Brown,1865,1896-11-5,Union
William H. Brockman Jr.,1947,1979-1-2,United States of America
W. H. Barnes,1866,1866-12-24,Union
W. H. Appleton,1866,1912-9-9,United States of America
W. G. Stirling,1966,1973-1-1,United Kingdom
W. G. Rutherfurd,1818,1818-1-14,United Kingdom
W. G. Claxton,1918,1967-9-28,British Empire
W. G. Cameron,1896,1913-3-2,United Kingdom
W. Goodenough,1930,1945-1-30,United Kingdom
W. G. Thordsen,1910,1932-5-8,United States of America
William George Hawtry Bankes,1858,1858-4-6,United Kingdom
W. G. Barker,1919,1930-3-12,Canada
W. G. Braithwaite,1925,1937-10-15,New Zealand
W. Gamble,1843,1866-12-20,Union
W. G. Davy,1856,1856-1-25,(1797–1801)
W. G. Windrich,1945,1950-12-2,United States of America
W. G. Walsh,1945,1945-2-27,United States of America
W. G. Thrash,14,2011-7-4,United States of America
W. G. Powell,1899,1948-1-9,United States of America
William G. Moore Jr.,1979,2012-3-18,United States
W. G. Lewis,1861,1901-1-7,Confederate States of America
W. G. Harrell,1942,1964-8-9,United States of America
W. G. Fournier,1943,1943-1-13,United States of America
W. G. Bainbridge,1945,2008-11-29,United States of America
W. G. Austin,1892,1929-7-15,United Statesof America
W. F. Wise,1821,1844-4-29,United Kingdom
William Frederick James Harvey,1919,1972-7-21,United Kingdom
W. Franklyn,1914,1914-0-0,United Kingdom
"William Frank Seiverling, Jr.",1942,1942-11-1,United States of America
William Francis Patrick Napier,1819,1860-2-12,United Kingdom
W. F. Bartlett,1861,1876-12-17,Union
W. Foster,1872,1880-7-16,United States of America
W. Flynn,1914,1941-2-13,United Kingdom
W. F. Owen,1847,1857-11-3,United Kingdom
W. Fisher,1795,1852-9-30,United Kingdom ofGreat Britain and Ireland
W. F. Smith,1845,1903-2-28,Union
W. F. Barry,1879,1879-7-18,Union
W. F. Tucker,1861,1881-9-14,Confederate States of America
W. F. Perry,1862,1901-12-18,Confederate States of America
W. F. Lyell,1951,1951-8-31,United States of America
W. F. Cloud,1847,1905-3-4,Union
W. F. Cassidy,1969,2002-3-31,United States of America
W. F. Bringle,1974,1999-3-19,United States of America
W. F. Brantley,1861,1870-11-2,Confederate States of America
W. Evans,1881,1881-8-27,United States of America
W. E. Allan,1947,2005-10-18,Australia
W. E. Staton,1952,1983-7-22,United Kingdom
W. E. Shields,1919,1921-8-1,King George Vof theBritish Empire
W. Ellis,1865,1875-2-1,Union
W. Elliott,1918,1979-3-27,George V
W. E. Baldwin,1861,1864-2-19,Confederate States of America
W. Earnshaw,1867,1885-7-7,Union
W. E. Verge,1946,1973-8-10,United States of America
W. E. Simonds,1863,1903-3-14,Union
William E. Shuck Jr.,1946,1952-7-3,United States of America
William E. Metzger Jr.,1944,1944-11-9,United States
William E. Le Roy,1880,1888-12-10,United States
W. E. Hart,1865,1874-10-21,United States
W. E. Hall,1946,1996-11-15,United States of America
W. E. DePuy,1977,1992-9-9,United States of America
W. E. Blaisdell,1833,1864-6-23,Union
W. E. Birkhimer,1906,1914-6-10,Union
W. E. Barber,1970,2002-4-19,United States of America
W. E. Adams,1971,1971-5-25,United States of America
W. Dwight,1865,1888-4-21,Union
W. D. Morgan,1913,1977-1-1,United Kingdom
W. D. Connor,1938,1960-6-16,United States of America
W. D. Jr.,1919,1939-10-12,George Vof theBritish Empire
W. D. Smith,1842,1862-10-4,Confederate States of America
W. Dowell,1890,1912-12-27,United Kingdom
W. D. Smith,1924,1939-1-1,United Kingdom
W. D. Stamer,1948,1963-9-21,United Kingdom
W. Domett,1814,1828-5-19,United Kingdom
W. Davis,1960,1987-10-29,United Kingdom
W. D. Kenny,1920,1920-1-2,United Kingdom
W. D. Newland,1865,1914-1-1,*
W. D. Morgan,1969,1969-2-25,United States of America
W. D. McGee,1945,1945-3-19,United States of America
W. D. Houser,1976,2012-2-5,United States of America
W. D. Hawkins,1943,1943-11-22,United States of America
W. D. Edwards,1875,1903-1-24,United States of America
W. D. Dickey,1863,1924-5-14,United States of America
W. Cushion,1914,1978-1-16,United Kingdom
W. Curphey,1917,1917-5-15,United Kingdom
W. C. Dalyell,1865,1865-2-16,United Kingdom
W. Crumm,1967,1967-7-24,United States of America
W. Crozier,1918,1942-11-10,United States of America
W. C. Barratt,1920,1940-4-2,United Kingdom
W. Cremor,1945,1962-4-11,Commonwealth of Australia
W. Cosgrove,1935,1936-7-14,United Kingdom of Great Britain and Ireland
W. Cleeve,1918,1922-1-31,United Kingdom
W. Clarkson,1923,1934-1-21,Australia
W. C. Fahie,1824,1833-1-11,United Kingdom
W. C. Campbell,1918,1958-2-26,United Kingdom
W. C. Anderson,1963,2003-5-16,United States
W. Cathcart,1804,1804-6-4,United Kingdom
W. C. Hilborn,1918,1918-8-26,Canada
W. Carr,1946,1966-5-16,Australia
W. C. Russell,1878,1905-1-1,United Kingdom
W. Carlin,1893,1903-10-4,Union
W. C. Cole,1932,1935-5-28,United States of America
W. Capper,1913,1934-1-15,United Kingdom
W. C. Langfitt,1922,1934-4-20,United States of America
W. C. Maxwell,1920,1920-8-20,United States of America
W. C. Lawe,1942,1942-6-4,United States of America
W. C. Gorgas,1918,1920-7-3,United States of America
W. C. Chase,1916,1986-8-21,United States
W. C. Bryan,1901,1933-1-1,United States of America
W. Brown,1814,1814-9-20,United Kingdom
W. Bridges,1915,1915-5-18,Australia
W. B. Stokes,1865,1897-3-14,Union
W. Brereton,1864,1864-7-27,Great Britain
W. Bradley,1812,1833-3-13,United Kingdom
"William Boyle, 12th Earl of Cork and Orrery",1940,1967-4-19,United Kingdom
W. Bowles,1796,1869-7-2,United Kingdom
W. Birney,1865,1907-8-14,Union
W. Birdwood,1930,1951-5-17,United Kingdom
W. Billingsley,1913,1913-6-20,United States of America
W. B. Hickie,1922,1950-11-3,United Kingdom of Great Britain and Ireland
W. Bentinck,1813,1813-2-21,Great Britain
W. B. Craig,1917,1918-9-26,George Vof theBritish Empire
W. Beloe,1966,1966-0-0,United Kingdom
W. Becke,1966,2009-4-3,UK
W. Beauchamp-Proctor,1809,1861-3-14,Kingdom of Great Britain
W. Beatty,1839,1842-3-25,United Kingdom
W. Beall,1848,1883-7-25,Confederate States of America
W. Bartholomew,1940,1962-12-31,United Kingdom
W. Baker,1944,1964-12-28,United Kingdom
W. B. Thomas,1952,1967-11-22,United Kingdom
W. Bailey,1947,1985-3-11,United Kingdom
W. B. Hazen,1887,1887-1-16,Union
W. B. Turner,1918,1918-9-27,United States of America
W. B. Trembley,1899,1952-1-13,United States of America
