col0,col1,col2,col3
W. B. Franklin,1843,1903-3-8,Union
W. B. Baugh,1950,1950-11-29,United States of America
W. B. Avery,1863,1894-7-19,United States of America
W. B. Ault,1942,1942-5-8,United States
W. A. Montagu,1852,1852-3-6,United Kingdom
W. Anthony,1885,1899-11-24,United States of America
W. Angus,1915,1959-6-14,United Kingdom
W. A. Quarles,1861,1893-12-28,Confederate States of America
W. Allen,1864,1882-1-8,United States of America
W. A. Crouse,1898,1941-6-27,United States of America
W. A. Worton,1949,1973-7-25,United States of America
W. A. Slacum,1839,1839-1-1,United States of America
W. A. McNulty,1962,2005-1-25,United States of America
W. A. Hammond,1860,1900-1-5,Union
W. A. Foster,6,1945-5-2,United States of America
W. A. Eddy,1918,1962-5-3,United States
W. A. Cugno,2005,2011-11-10,United States
W. A. Brockett,1933,1984-9-0,United States
"W. "". Nelson",1861,1862-9-29,Union
W. Rosenstein,1918,1949-5-1,Germany; South Africa
W. Lehmann,1942,1942-12-1,Germany
W. Kampe,1910,1918-3-8,German Empire
W. Heinrich,1945,2005-7-12,Nazi Germany(to 1945)
Willem Frederik van Bylandt,1783,1855-10-25,United Kingdom of the Netherlands
W. M. Smith,1866,1918-3-26,Union
W. Keith,1942,1942-11-3,United States of America
W. F. Searle,1970,2009-3-31,United States of America
W. Hubbard,1919,1969-7-1,Australia
W. C. Barnes,1883,1936-12-17,United States of America
W. Bird,1888,1943-1-6,United Kingdom
W. T. Unge,1894,1915-1-1,Sweden
W. Schepmann,1945,1970-7-26,German Empire(to 1918)
Wilhelm Ritter von Leeb,1938,1956-4-29,(to 1918)
W. Pfannenstiel,1945,1982-11-1,Nazi Germany
W. Oxenius,1945,1979-8-13,(to 1933)
W. List,1942,1971-8-17,(to 1918)
W. Keitel,1945,1946-10-16,(to 1918)
W. Frankl,1917,1917-4-8,German Empire
W. Dyrssen,1923,1929-7-14,Sweden
W. Dipberger,1945,2005-9-10,(to 1945)
W. Brandt,1941,1941-7-15,Nazi Germany
W. Baur,1945,1964-5-26,(to 1918)
W. Ambrosius,1945,1955-9-29,(to 1933)
W. Adam,1943,1949-4-8,(to 1918)
W. Strik-Strikfeldt,1920,1977-9-7,Germany (1939-1977)
W. Patterson,1950,1954-12-12,United Kingdom
W. Tomkinson,1942,1971-10-7,United Kingdom
W. Nevill,1914,1916-7-1,23pxBritish Empire
W. Green,1919,1947-9-13,United Kingdom
W. E. Young,1920,1920-4-1,United Kingdom
W. Custance,1939,1939-12-13,United Kingdom
W. Beaver,1919,1986-8-19,United Kingdom
W. Whittle,1948,1964-6-17,Australia
W. S. Brown,1920,1968-12-17,United States of America
W. H. King,1861,1910-12-12,Confederate States of America
W. N. Taylor,1868,1903-11-20,United States of America
W. L. Creech,1984,2003-8-26,United States of America
W. J. Peterkin,1946,1996-5-3,United States of America
W. Bestwick,1959,1972-7-10,United States of America
W. Ford,1946,1964-1-16,United Kingdom
W. E. Wilder,1920,1952-1-30,United States of America
W. Komorowski,1928,1952-8-23,(1914-1917)
W. Cooper,1861,1867-6-8,Union
W. L. Moreland,1951,1951-5-29,United States of America
W. G. Veazey,1863,1898-3-22,United States of America
W. Funk,1865,1897-7-30,United States of America
W. v. Haeften,1944,1944-7-21,(to 1943)
W. v. Fritsch,1939,1939-9-22,German Empire(to 1918)
W. v. Blomberg,1938,1946-3-14,German Empire(to 1918)
W. Meyer,1945,1996-8-17,(to 1945)
W. Lott,1945,1997-5-2,Germany
W. Harman,1934,1961-9-26,United Kingdom
W. O. Pruitt,1945,1945-4-15,United States of America
W. Osborne,1918,1918-6-6,United States of America
W. Anderson,1967,2003-8-30,United States of America
W. Hayes,1918,1934-7-26,United States of America
W. Dunlop,1946,1993-7-2,Australia
W. Handa,1942,1948-0-0,Japan
"Wat Tyler Cluverius, Jr.",1939,1952-10-28,United States of America
W. L. Elliott,1846,1888-6-29,Union
W. I. Chambers,1913,1934-1-1,United States of America
W. M. Anderson,1951,1973-2-10,Australia
W. Gutu,1969,2006-2-3,Oromo Liberation Army
W. Yaowu,1948,1968-1-1,20px|Flag of the Republic of ChinaRepublic of China
W. v. Reichenau,1942,1942-1-17,(to 1918)
Walther Bronsart von Schellendorff,1852,1914-1-1,Imperial Germany
W. v. Unruh,1945,1956-9-16,(to 1918)
W. v. Bülow-Bothkamp,1918,1918-1-6,German Empire
W. X. Young,1942,1942-8-7,United States of America
W. Warlimont,1945,1976-10-9,German Empire(to 1918)
W. Waddington,1920,1920-6-23,France
W. W. Hess,1952,1972-4-10,United States of America
W. Tyrrell,1915,1918-6-9,United Kingdom
W. Thorn,1865,1920-7-20,Union
W. T. Galligan,1977,2010-12-22,United States of America
W. Stewart,1776,1796-6-16,United States
W. S. McIlhenny,1935,1985-6-22,United States of America
W. Southey,1919,1920-4-17,United Kingdom
W. S. Delamain,1923,1932-1-1,United Kingdom
W. S. West,1899,1943-9-14,United States of America
W. Schellenberg,1945,1952-3-31,Nazi Germany
W. S. Schuyler,1913,1932-2-17,United States of America
W. S. Gorka,1942,1942-11-10,United States of America
W. Poppe,1945,1968-8-17,German Empire(to 1918)
W. Phelps,1865,1878-2-28,Union
W. Parker,1915,2000-1-22,Australia
"Walter P. Paluch, Jr.",1975,2011-3-10,United States
W. N. Hill,1938,1955-6-29,United States of America
W. M. Robertson,1950,1954-11-22,United States of America
W. M. Carlaw,1919,1956-11-24,United Kingdom
W. Kypke,1914,1924-6-6,Germany
W. Kirke,1940,1949-9-2,United Kingdom
W. Kirk,1918,1961-6-6,Australia
W. K. Singleton,1967,1967-3-24,United States of America
W. J. Sabalauski,1971,1993-8-9,United States of America
W. J. Will,1945,1945-3-30,United States of America
"Walter Hore-Ruthven, 10th Lord Ruthven of Freeland",1934,1956-4-16,United Kingdom
W. Göttsch,1918,1918-4-10,German Empire
W. G. Morrill,1865,1935-3-3,United States of America
Walter G. R. Hinchliffe,1918,1928-3-13,United Kingdom
W. Göttsch,1918,1918-4-10,German Empire
W. E. Lauer,1946,1966-10-13,United States of America
W. Coxen,1931,1949-12-15,Australia
W. Cowan,1884,1956-2-14,United Kingdom
"Walter Carl Wann, Jr.",1942,1942-11-4,United States of America
W. C. Whitaker,1848,1887-7-9,Union
W. C. Wetzel,1945,1945-4-3,United States of America
"Walter C. Monegan, Jr.",1950,1950-9-20,United States of America
W. C. Cowles,1915,1917-11-27,United States of America
W. Braithwaite,1931,1945-9-7,United Kingdom
W. Blume,1919,1964-5-27,Germany
W. B. Wood,1917,1917-11-11,United Kingdom
W. Schneider,1966,1987-10-25,(to 1945)
W. Floody,1945,1989-9-25,Canada
W. H. Robinson,1976,2013-8-17,United States of America
W. H. Graham,1970,1996-1-4,United States of America
W. D. Wright,1940,1953-3-25,United Kingdom
Wallace Bruce Matthews Carruthers,1910,1910-10-21,Canada
W. Przeniczka,1948,2015-4-28,Poland
W. E. Karim,1965,1965-4-19,Pakistan
W. L. Cardoso,1966,2009-5-13,Brazil
W. Kophamel,1920,1934-11-4,German Empire
W. Henrici,1943,1950-2-15,(to 1918)
W. A. Pritt,1920,1928-1-27,United Kingdom
W. Sonobe,1941,1964-8-18,Empire of Japan
