col0,col1,col2,col3
W. Swayne,1870,1902-12-18,Union
W. H. L. Wallace,1847,1862-4-10,Union
W. Krzyżanowski,1861,1887-1-31,Union
W. Grydziuszko,1946,1946-1-29,Great Britain
W. F. Jabłonowski,1786,1802-9-29,*
V. Tánh,1801,1801-0-0,Kiến Hòa Army
V. Pope,1941,1941-10-5,United Kingdom
V. A. Alexandrov,1988,1988-1-7,Soviet Airborne(1986—1988)
V. Šoškoćanin,1991,1991-5-15,23px|border|SAO KrajinaSAO Krajina
V. Vulićević,1815,1828-3-11,Revolutionary Serbia
V. Petriv,1922,1948-7-10,"Russian Empire,Ukrainian People's Republic,Ukrainian State"
V. Sarendy,1957,1975-0-0,République Khmère
V. Sinclair,1921,1946-3-16,Russian Empire(1905-1917)
V. Sikevych,1919,1952-7-27,(1888-1917)
V. Salsky,1919,1940-10-5,22pxUkraine
V. Oskilko,1919,1926-6-19,21pxUkrainian People's Republic(1917-1919)
V. V. Ballard,1832,1832-10-12,United Kingdom
V. Tankosić,1915,1915-11-2,*Army of the Kingdom of Serbia(1903–15)
V. Tsirogiannis,1928,1928-11-5,Kingdom of Greece
V. Achalov,1991,2011-6-23,(1962–1991)
V. Zaimov,1942,1942-7-1,→25pxRed Army
V. Triandafillov,1931,1931-7-12,(1914-1917)
V. Strzhizhevsky,1917,1940-8-22,Russia;Yugoslavia
V. Pravik,1986,1986-5-11,USSR
V. Peniakoff,1918,1951-5-15,United Kingdom
V. Kren,1945,1948-12-2,(1922–1941)(1941–1945)
V. Kirpichnikov,1944,1950-8-28,Soviet Union
V. Kappel,1920,1920-1-26,White Army
V. Gorev,1938,1938-6-20,Soviet Union
V. Alexeyev,1986,1999-7-24,(1933–1986)
V. Bullwinkel,1941,2000-7-3,Commonwealth of Australia
V. Sanseverino,1977,2010-11-30,;
V. Putna,1937,1937-6-12,(1915–1917)
V. Raevsky,1995,2014-11-17,Ukraine
V. Primakov,1937,1937-6-12,(1918-1922)
Viriatus,-147,-138-1-1,Lusitania
"Virgilio N. Cordero, Jr.",1953,1980-6-9,United States of America
V. R. Miller,1920,1968-8-5,United States of America
V. Brennan,1943,1943-6-13,Australia
V. Douglas-Pennant,1918,1945-10-12,United Kingdom
V. Knežević,1815,1832-3-11,Austrian Empire
Vincent P. de Poix,1974,2015-2-3,United States of America
V. C. Richmond,1930,1930-10-5,United Kingdom
V. B. Molteno,1921,1952-11-12,United Kingdom
V. Rőder,1934,1969-12-13,Austria-Hungary
Vilmos Nagy de Nagybaczon,1944,1976-6-21,23px
V. Janums,1918,1981-4-27,Latvia
V. P. Nenonen,1917,1960-2-17,Finnish Army
V. v. Loßberg,1945,1983-5-24,(to 1945)
Viktor Weber Edler von Webenau,1918,1932-5-6,Austro-Hungarian Empire
Viktor Dankl von Krasnik,1918,1941-1-8,Austro-Hungarian Army
V. Balck,1914,1928-5-31,Sweden
V. Batra,1999,1999-7-7,Republic of India
V. Eide,1993,2011-10-30,Norway
V. Williams,1939,1949-12-12,Canada
V. White,1919,1967-0-0,United Kingdom
V. Vifquain,1865,1904-1-7,United States of America
V. Sellheim,1927,1928-1-25,Australia
V. Levasseur,1792,1811-9-13,France
V. L. Kandle,1944,1944-12-31,United States of America
V. Iturria,1944,1944-1-19,France
V. Huston,1919,1941-4-10,Canada
V. H. Krulak,1968,2008-12-29,United States of America
V. Girardey,1861,1864-8-16,Confederate States of America
V. Fyodorov,1918,1922-3-4,Russian Empire
V. FitzGeorge-Balfour,1974,1994-12-28,United Kingdom
V. Crutchley,1947,1986-1-24,United Kingdom
V. Cordonnier,1918,1935-1-1,18pxFrance
V. Chapman,1916,1916-6-24,USA/France
"Victor-François, 2nd duc de Broglie",1792,1804-3-30,Kingdom of France
Vicente Nicolau de Mesquita,1880,1880-3-20,Portuguese Empire
V. L. Tovar,1944,1998-0-0,Free France
V. Misita,1941,1941-8-31,Chetniks
V. Bulshefski,1940,1995-5-25,United States of America
V. Haggard,1932,1960-1-30,United Kingdom
V. Erskine-Crum,1971,1971-3-17,United Kingdom
V. B. III,1976,1999-1-27,United States of America
V. Lehtimäki,1923,1938-4-5,25pxSoviet Russia
V. Garrison,1973,1994-2-14,United States
V. B. Fane,1888,1924-5-23,United Kingdom
V. Leigh,1944,1944-7-6,"United Kingdom,France"
V. Opatrný,1929,1944-10-31,Czech Republic
V. Zolotarenko,1663,1663-9-28,Cossack Hetmanate
V. Shatilov,1964,1995-2-16,(1924–1964)
V. Orlov-Denisov,1821,1843-1-24,Imperial Russia
V. Kuznetsov,1960,1964-6-20,(1915–1917)
V. Kazakov,1965,1968-5-25,(1915–1917)
V. Badanov,1917,1971-4-1,(1919-1953)
V. Trbić,1918,1962-1-1,(1902–18)
V. Yanchenko,1917,1952-1-1,Russia
V. Kutinchev,1918,1941-3-30,Bulgaria
V. Čarapić,1806,1806-11-29,*
V. Stepanyan,1986,1992-7-3,Armenian Revolutionary Federation
V. Sue,1972,1972-10-18,Kingdom of Laos
V. Pao,1940,2011-1-6,French Indochina
V. T. Barfoot,1974,2012-3-2,United States of America
V. N. Backman,1973,2015-10-25,United States of America
V. Havard,1910,1927-11-6,United States of America
V. A. Frolov,1956,1961-1-6,Communist Party from 1919
V. González,1939,1983-10-20,Spanish Second Republic
V. Collard,1783,1846-3-18,United Kingdom
V. Baker,1921,1942-9-12,United Kingdom
V. Varennikov,1991,2009-5-6,Soviet Union
V. González,1939,1983-10-20,Spanish Second Republic
V. A. Browning,1917,1994-5-16,United States
V. T. Jordahl,1946,1984-9-27,United States of America
V. Tánh,1801,1801-0-0,Kiến Hòa Army
Uzun-Mirko,1817,1868-11-20,Serbian revolutionaries (1804-1817)
U. Yairi,1975,1975-3-5,Israel
U. Sebree,1910,1922-8-6,United States of America
U. Lehtovaara,1946,1949-1-5,Finland
U. i. Nafi,683,683-1-1,Rashidun Caliphate
U. Hays,1861,1862-9-15,Confederate States of America
