col0,col1,col2,col3
T. F. Dodd,1919,1919-10-5,United States of America
T. Nazarbekian,1920,1931-2-19,(1876–1917)
T. Kuroiwa,1944,1944-8-26,Japan
T. Maeda,1942,1942-9-5,Empire of Japan
T. Schmidt,1959,1997-1-1,Sweden
T. Rapp,1970,1993-3-23,Sweden
T. Matheson,1935,1963-11-0,United Kingdom
T. Kawabe,1945,1960-6-25,Empire of Japan
T. Stein,1945,1945-3-1,United States
T. Paget,1945,1945-3-5,United Kingdom
T. Mascardo,1901,1932-7-7,23pxKatipunan(Magdalo)
T. Samejima,1946,1966-9-13,Empire of Japan
T. Caracciolo,1631,1631-12-5,Spain
T. Sadayasu,1911,1917-7-1,Empire of Japan
T. Koyanagi,1945,1978-4-23,Empire of Japan
T. M. Claudio,1917,1918-6-29,United States of America
T. Webb-Bowen,1933,1956-10-29,United Kingdom
T. F. Hazell,1927,1946-9-4,United Kingdom
