col0,col1,col2,col3
S. Yuanliang,1949,2007-5-25,20px|Flag of the Republic of ChinaRepublic of China
S. Lianzhong,1990,1990-1-1,20px|Flag of the Republic of ChinaRepublic of China
S. Chuanting,1643,1643-11-3,Ming Empire(to 1643)
S. Carruth,1865,1892-3-10,Union
Sultan bin Bajad Al-Otaibi,1930,1931-1-1,20pxEmirate of Riyadh(1910–1921)
S. Ballou,1861,1861-7-28,United States of America
S. Yamadayev,2008,2009-3-28,22pxChechen Republic of Ichkeria
S. Pačariz,1945,1945-1-1,*
S. S. Dauser,1917,1972-3-11,United States of America
S. Mukerjee,1960,1960-11-8,(1932-1947)
S. Brownrigg,1943,1943-1-1,United Kingdom
S. S. Murray,1919,1980-9-19,United States of America
S. P. Rolt,1918,1933-5-8,United Kingdom
S. Heintzelman,1935,1935-7-6,United States of America
S. H. Ingersoll,1957,1983-1-29,United States of America
S. Vincent,1861,1863-7-7,United States of America
S. Johnson,1865,1922-10-20,Confederate States of America
S. Kovachev,1918,1939-7-11,Bulgaria
S. Wennerström,1963,2006-3-22,",(Spy)"
S. Synnergren,1978,2004-4-29,Sweden
S. H. Ericson,1961,1985-1-8,Sweden
S. V. Vliet,1840,1901-3-28,Union
S. Blacker,1942,1964-1-1,United Kingdom
S. Šupljikac,1814,1848-12-15,*
S. Sinđelić,1809,1809-5-31,Revolutionary Serbia
S. Nedić-Ćela,1918,1923-1-1,*Internal Macedonian Revolutionary Organization (1902–1903)
S. Šupljikac,1814,1848-12-15,*
S. W. Thompson,1918,1977-10-9,United States Army Air Service
S. W. Pless,1969,1969-7-20,United States of America
S. W. Groves,1942,1942-6-4,United States of America
S. Thomas,1861,1903-12-18,Union
S. R. Gregg,1945,2005-2-4,United States of America
S. P. Corliss,1865,1904-5-9,United States of America
S. Lushington,1816,1877-5-28,United Kingdom ofGreat Britain and Ireland
S. Luce,1841,1917-7-28,United States
S. Jurika,1962,1993-7-15,United States of America
S. J. McGroarty,1865,1870-1-2,Union
S. J. Chamberlin,1951,1971-10-23,United States
S. H. Carlill,1959,1996-2-9,United Kingdom
S. H. Doane,1969,1969-3-25,United States of America
S. H. Weed,1863,1863-7-2,Union
S. G. Champlin,1861,1864-1-24,Union
S. G. Burbridge,1865,1894-12-2,Union
S. F. Brown,1864,1903-9-8,35px
S. E. Jr.,1865,1866-2-21,Confederate States of America
S. D. Lee,1854,1908-5-28,Confederate States of America
S. Chapman,1851,1851-1-17,United Kingdom
S. Berthon,1981,2007-1-30,United Kingdom
S. Kucherov,1967,1973-3-30,Soviet Union
S. Kretov,1974,1975-1-19,Soviet Union
S. Krasovsky,1968,1983-4-21,(1916–1917)
S. Guryev,1945,1945-4-22,Soviet Union
S. Nauclér,1963,1990-11-5,Sweden
S. Toshev,1919,1924-11-27,Bulgaria
S. Nerezov,1920,1925-4-16,Bulgaria
S. Litjens,1945,2002-2-25,(to 1945)
S. Fröhlich,1945,1978-10-2,Austria-Hungary
S. A. Bille,1851,1883-5-2,","
S. T. Edwards,1918,1918-11-22,George V
S. Novak,1601,1601-2-5,"Hajduks,Serbia,Wallachia"
S. Glavaš,1815,1815-2-15,"'' bands (brigandage, 1777-1790s)"
S. Wallage,1919,1926-4-17,United Kingdom
S. W. Rosevear,1918,1918-4-25,George V
S. T. Adams,1970,1999-4-19,United States of America
S. Stair,1918,2008-4-1,United Kingdom
S. R. Christianson,1945,1950-9-29,United States of America
S. P. Weir,1921,1944-11-14,Australia
S. Kirby,1945,1968-7-19,United Kingdom
S. G. Benner,1942,1942-10-26,United States of America
S. F. Kline,1942,1942-11-8,United States of America
S. D. Embick,1941,1957-10-23,United States of America
S. Colville,1922,1939-4-9,United Kingdom
S. Sosabowski,1946,1967-9-25,Austro–Hungarian Empire
S. Skarżyński,1942,1942-6-26,Poland
S. Skalski,1945,2004-11-12,Poland
S. Król,1944,1944-4-12,Poland
S. Sosabowski,1946,1967-9-25,Austro–Hungarian Empire
S. Skarżyński,1942,1942-6-26,Poland
S. Skalski,1945,2004-11-12,Poland
S. Król,1944,1944-4-12,Poland
St George Gerald Foley,1879,1897-1-24,United Kingdom
St. Clair Augustine Mulholland,1865,1910-2-17,Union
S. Spyromilios,1926,1930-5-19,24pxAuton. Rep. of Northern Epirus
S. Neel,1977,2003-6-6,United States of America
S. B. Horn,1946,1969-10-18,United Kingdom
S. Garda,1916,1912-11-7,*Serbian Army(1912–1916)
S. Makovsky,1944,2000-3-27,25pxRed Army
S. Watson,1964,2010-4-15,United States of America
S. N. Kohli,1976,1997-1-21,(after 1947)
S. Mayrig,1920,1952-1-1,Dashnaktsutyun
S. Olschanezky,1944,1944-7-6,"United Kingdom,France"
S. Butt,1941,2014-12-21,"United Kingdom,France"
S. Qing,1902,1902-1-1,20px|Flag of the Qing dynastyQing dynasty
S. Sharma,1947,1947-10-31,*
S. Gough-Calthorpe,1930,1937-1-1,United Kingdom
S. D. Neal,1866,1920-11-1,United States of America
S. Meredith,1861,1875-10-2,Union
S. C. Joseph,1919,1966-3-21,United Kingdom
S. Baci,1913,1919-0-0,(1884–1913)
S. Jovanović,1918,1979-0-0,Kingdom of Serbia
S. Toyoda,1945,1957-9-22,Empire of Japan
S. D. Atkins,1861,1913-3-27,United States of America
"Sir William Robertson, 1st Baronet",1920,1933-2-12,United Kingdom
"Sir William Parker, 1st Baronet, of Shenstone",1857,1866-11-13,United Kingdom
"Sir William Martin, 4th Baronet",1870,1895-3-24,United Kingdom
"Sir Thomas Troubridge, 1st Baronet",1807,1807-2-1,United Kingdom ofGreat Britain and Ireland
"Sir Thomas Pasley, 1st Baronet",1801,1808-11-29,United Kingdom
"Sir Thomas Hislop, 1st Baronet",1822,1843-5-3,United Kingdom
"Sir Thomas Hardy, 1st Baronet",1839,1839-9-20,/British Empire
"Sir Smith Child, 2nd Baronet",1924,1958-11-11,British
"Sir Samuel Hood, 1st Baronet",1814,1814-12-24,United Kingdom
"Sir Robert Laurie, 6th Baronet",1848,1848-1-7,United Kingdom ofGreat Britain and Ireland
"Sir Robert Arbuthnot, 4th Baronet",1916,1916-5-31,United Kingdom
"Sir Richard Poore, 4th Baronet",1917,1930-0-0,United Kingdom
"Sir Peter Halkett, 6th Baronet",1780,1839-10-7,United Kingdom
"Sir John Strachan, 5th Baronet",1777,1777-12-28,United Kingdom ofGreat Britain and Ireland
"Sir John Orde, 1st Baronet",1766,1824-2-19,United Kingdom
"Sir John Hamilton, 1st Baronet, of Woodbrook",1835,1835-12-24,22pxHonourable East India Company
