col0,col1,col2,col3
S. Katagiri,1944,1944-4-28,Empire of Japan
S. Honjō,1936,1945-11-30,Empire of Japan
S. Sakaibara,1945,1947-6-18,Empire of Japan
S. Shimazaki,1945,1945-1-9,Empire of Japan
S. Yahachi,1920,1927-1-1,Empire of Japan
S. H. Hallman,1944,1944-9-14,United States of America
Sher Ali Khan Pataudi,1958,2002-5-29,Pakistan
"Shelton B. Sutton, Jr.",1942,1942-11-13,United States of America
S. Westbrook,4,2016-8-17,American
S. Delany,1779,1799-5-13,United States of America
S. R. Kallu,1985,1994-0-0,Pakistan
S. Agha,1857,1860-1-1,Ottoman Empire
S. Geniatullin,1946,1946-0-0,23pxBukharan People's Soviet Republic(1919-1924)
S. Singh,1962,1962-11-18,Republic of India
S. Vahmanzadegan,626,626-1-1,20pxSasanian Empire
S. Byfield,1815,1874-1-17,United Kingdom
S. Singh,1977,1984-6-6,India
S. South,1957,1957-1-1,Irish Republican Army
S. M. Stíofáin,1973,2001-5-18,Irish Republic
S. M. Diarmada,1916,1916-5-12,Irish Republican Brotherhood
S. Heuston,1916,1916-5-8,Fianna Éireann
S. W. Terry,1945,1945-5-13,United States of America
S. D. Ruchamkin,1942,1942-11-13,United States of America
S. C. Agricola,170,169-1-1,Roman Empire
S. A. Burrus,50,62-1-1,Roman Empire
S. L. Rombach,1942,1942-6-4,United States of America
S. Williams,1866,1866-3-23,Union
S. Warner,1780,1784-12-26,Vermont Republic
S. Read,1776,1797-3-19,United States of America
S. L. Weld,1933,1958-12-20,United States of America
S. Barton,1849,1900-4-11,Confederate States of America
S. Anthony,1939,2008-11-20,Ghana
S. Perets,2002,2002-8-16,Russia
S. Gritsevets,1931,1939-9-16,Soviet Union
S. Akhromeyev,1991,1991-8-24,Soviet Union
S. Mašera,1941,1941-4-17,Yugoslav Royal Navy
S. Shtemenko,1976,1976-4-23,(1926–1976)
S. Rudenko,1973,1990-7-10,(1923–1973)
S. Ogoltsov,1953,1976-10-26,(1919–1976)
S. Bunyachenko,1945,1946-8-1,Committee for the Liberation of the Peoples of Russia
S. Belosselsky-Belozersky,1918,1951-4-20,Russian Empire
S. Attygalle,1977,2001-1-1,Sri Lanka
S. Ōmori,1945,1974-12-24,Empire of Japan
S. T. Bychkov,1943,1946-11-4,",Nazi Germany"
S. Pugachov,1917,1943-3-23,RSFSR
S. Ivanov,1973,1993-9-26,Soviet Union(1926–1973)
S. Köseoğlu,1919,1949-10-6,22pxOttoman Empire
S. Connor,1866,1917-7-9,Union
S. Long,1919,1952-12-12,United Kingdom
S. Köseoğlu,1919,1949-10-6,22pxOttoman Empire
Sejanus,14,31-10-16,Roman Empire
S. Kuno,1945,1962-3-13,Empire of Japan
S. Brancker,1919,1930-10-5,United Kingdom
S. P. Perea,1939,1946-1-1,Spanish Republic
S. P. Zwyer,1642,1661-2-15,House of Habsburg
S. P. Perea,1939,1946-1-1,Spanish Republic
S. Murad,1918,1918-8-4,Dashnaktsutyun
S. South,1957,1957-1-1,Irish Republican Army
S. M. Stíofáin,1973,2001-5-18,Irish Republic
S. M. Diarmada,1916,1916-5-12,Irish Republican Brotherhood
S. Heuston,1916,1916-5-8,Fianna Éireann
S. Blumer,1946,1997-10-23,United States of America
S. Shipp,1861,1917-12-4,Confederate States of America
S. Kovačević,1943,1943-6-13,Yugoslav Partisans
S. Kalia,1999,1999-6-21,Republic of India
S. Tetsutarō,1931,1942-3-4,Empire of Japan
S. Mehrabyan,1920,1943-1-1,(1914–1917)
S. Vong,1969,1975-0-0,République Khmère
S. M. Nanda,1973,2009-5-11,(1941-1947)
S. E. Edmonds,1863,1898-9-5,*Union
S. Mulvihill,2006,2006-5-6,United Kingdom
S. Iwabuchi,1945,1945-2-26,Empire of Japan
S. Yasuzumi,1915,1932-3-1,Empire of Japan
S. Woodward,1989,2013-8-4,United Kingdom
S. Smith,1946,1993-4-27,United Kingdom
S. Johnstone,1968,2000-12-13,United Kingdom
S. D. Bruce,1864,1902-1-31,Union
S. Unnikrishnan,2008,2008-11-28,India
S. W. Price,1861,1918-1-22,United States of America
S. Woodfill,1922,1951-8-10,United States of America
S. Warren,1839,1839-10-15,United Kingdom ofGreat Britain and Ireland
S. Walker,1861,1893-2-6,United States of America
S. W. Crawford,1851,1892-11-3,Union
S. Taft,1780,1816-8-2,United States of America
S. T. Busey,1865,1909-8-12,Union
S. S. Sumner,1906,1937-7-26,United States of America
S. S. Coursen,1950,1950-10-12,United States of America
S. S. Carroll,1856,1893-1-28,Union
S. R. Franklin,1887,1909-2-24,United States of America
S. R. Anderson,1846,1883-1-2,Confederate States of America
S. P. Lee,1873,1897-6-7,United States
S. Pechell,1849,1849-11-3,United Kingdom
S. P. Spear,1833,1875-5-4,Union
S. P. Moore,1835,1889-5-31,Confederate States of America
S. P. Heintzelman,1869,1880-5-1,United States of America
S. P. Carter,1861,1891-5-26,Union
S. N. Benjamin,1886,1886-5-15,Union
S. N. Moore,1942,1942-8-9,United States of America
S. Mitchell,1865,1894-3-16,United Kingdom
S. McGowan,1846,1897-8-9,Confederate States
S. Lomax,1915,1915-4-10,United Kingdom
"Samuel L. Gravely, Jr.",1980,2004-10-22,United States
S. K. Zook,1863,1863-7-3,Union
S. Jones,1841,1887-7-31,*
S. Jaskilka,1978,2012-1-15,United States
S. J. Ballard,1829,1829-10-11,United Kingdom
S. J. Gholson,1861,1883-10-16,Confederate States of America
S. Hof,1934,1937-3-10,United States of America
S. G. Cresswell,1867,1867-8-14,England
S. Goodall,1750,1801-4-21,United Kingdom of Great Britain and Ireland
S. G. French,1856,1910-4-20,Confederate States of America
S. G. Jr.,1859,1862-9-14,Confederate States of America
Samuel Frederick Henry Thompson,1918,1918-9-27,United Kingdom
S. F. Clark,1961,1998-1-1,Canada
S. E. Morison,1946,1976-5-15,United States of America
S. E. Anderson,1963,1982-9-12,United States of America
S. D. Dealey,1944,1944-8-24,United States of America
S. D. Sturgis,1846,1889-9-28,Union
S. D. McDearmon,1837,1871-0-0,Confederate
S. Chamberlain,1849,1908-11-10,Union
S. C. Wright,1861,1906-7-6,Union
S. C. Armstrong,1865,1893-5-11,Union
S. Butcher,1815,1849-5-8,Great Britain
S. B. Ellis,1865,1865-3-10,United Kingdom
S. Breck,1855,1918-2-23,Union
S. Benton,1861,1864-7-28,Confederate States of America
S. Beatty,1848,1885-5-26,Union
S. Barron,1861,1888-2-26,United States of America
Samuel Baldwin Marks Young,1865,1924-9-1,Union
S. B. Griffith,1929,1983-3-27,United States of America
S. Adams,1942,1942-6-6,United States of America
S. Lhéritier,1815,1829-8-23,22px|borderBourbon Restoration
S. Hazai,1918,1942-3-13,Austria-Hungary
S. L. Faison,1922,1940-10-17,United States of America
S. Imanov,2016,2016-4-4,Azerbaijan
S. Shigeo,1916,1940-7-21,Empire of Japan
S. Kazunori,1907,1910-10-14,Empire of Japan
S. Siabandov,1945,1989-11-14,Soviet Union
S. b. Mehmandarov,1918,1931-2-12,Azerbaijan Democratic Republic
S. S. Walker,1978,2015-8-8,United States of America
S. Manekshaw,2008,2008-6-27,*
S. M. Jr.,1937,1990-11-28,United States of America
S. Dreben,1925,1925-3-15,United States
S. Collyer,1865,1904-12-7,Union
S. J. Cavallaro,1942,1943-9-9,United States of America
