col0,col1,col2,col3
S. E. Felices,1974,1987-7-14,United States of America
S. Bozok,1918,1941-4-25,22pxOttoman Empire
S. Kazimov,1978,1978-7-2,Soviet Union
S. Samata,1915,1915-8-5,Empire of Japan
S. Seizō,1941,1969-8-20,Empire of Japan
S. Tanomo,1869,1903-4-28,23pxAizudomain
S. Nurmagambetov,1991,2013-9-24,Kazakhstan(1991-1995)
S. Khan,1947,2002-0-0,British India
S. Tomioka,1945,1970-12-7,Empire of Japan
S. Munemori,1945,1945-4-5,United States of America
S. Araki,1936,1966-11-22,Empire of Japan
S. Miyake,1945,1956-10-22,Empire of Japan
S. al-'As,1920,1936-10-6,Arab Kingdom of Syria
Sa`d ibn Abi Waqqas,644,664-1-1,Rashidun Caliphate
S. L. Faison,1946,2006-11-11,United States of America
S. K. Majumdar,1977,2011-7-20,British India
S. A. M. Wood,1861,1891-1-26,Confederate States of America
S. Marshall,1917,1977-12-17,United States of America
S. Suzuki,1945,1945-4-19,Empire of Japan
S. Takagi,1945,1979-7-27,Empire of Japan
S. Petelicki,1999,2012-6-16,Poland
S. Askerî,1915,1915-4-14,22pxOttoman Empire
S. Nyiri,1911,1911-5-5,Austria-Hungary
S. Belitska,1923,1939-12-7,Austria-Hungary
R. Gaitars,1945,1945-3-22,Latvia
R. Raffalli,1951,1952-9-10,France
R. d. Trobriand,1861,1897-7-15,Union
R. Sejima,1945,2007-9-4,Empire of Japan
R. Tanaka,1945,1972-11-24,Empire of Japan
R. Yanagimoto,1942,1942-6-5,Empire of Japan
R. Sejima,1945,2007-9-4,Empire of Japan
R. Tanaka,1945,1972-11-24,Empire of Japan
R. C. Streeter,1945,1990-9-30,United States of America
R. A. Erickson,1966,2008-11-25,United States of America
R. A. Lucas,1970,2013-3-23,United States of America
R. Winnicott,1917,1917-12-6,United Kingdom
R. Upcher,1902,1937-0-0,United Kingdom
R. R. Waesche,1906,1946-10-17,United States of America
R. M. Cox,1942,1942-11-13,United States of America
R. L. Blaisdell,1938,2007-5-1,United States
R. Foskett,1944,1944-10-31,Australia
R. E. Dougherty,1977,2007-9-7,United States of America
R. Coffey,1918,2007-12-20,United States of America
R. A. Steindam,1970,1970-2-1,United States of America
R. Gelayev,1993,2004-2-28,Chechen Republic of Ichkeria
R. Hawkins,1846,1920-10-25,Union
R. L. Sargent,1967,1967-3-15,United States of America
R. Thorneloe,2009,2009-7-1,United Kingdom
R. Lonsdale,1946,1999-4-25,United Kingdom
R. Downes,1903,1945-3-5,Australia
R. Atkinson,1919,1919-3-7,United Kingdom
R. Z. Johnston,1930,1959-7-4,United States of America
R. Saxton,1849,1908-2-23,Union
R. K. Jr.,1871,1900-3-18,Union
R. King,1836,1876-10-13,Union
R. Ingalls,1883,1893-1-15,Union
R. Barringer,1861,1895-2-3,Confederate States of America
R. Crispinus,43,66-1-1,Roman Empire
R. W. Riefkohl,1945,1950-11-13,United States of America
R. T. Hogg,1919,1955-6-29,United Kingdom
R. Stauffer,1855,1918-6-9,United States of America
"Rudolph Lambart, 10th Earl of Cavan",1913,1946-8-28,United Kingdom
R. Hiemstra,1972,2007-7-26,South Africa
R. Bentinck,1929,1947-3-31,United Kingdom
R. B. Davila,1945,2002-1-26,United States of America
R. Windisch,1918,1918-5-27,Germany
R. Weiss,1945,1958-9-19,(1933-1945)
R. Weber,1918,1918-1-1,Austria-Hungary
R. Toussaint,1945,1968-7-1,(to 1918)
R. Szepessy-Sokoll,1917,1917-11-6,Austro-Hungarian Empire
Rudolf Stöger-Steiner von Steinstätten,1918,1921-5-12,Austria-Hungary
