col0,col1,col2,col3
R. Durnford-Slater,1961,1984-6-28,United Kingdom
R. Dalglish,1934,1934-12-17,United Kingdom
R. Carnegie,1982,2011-1-1,United Kingdom
R. Bridge,1951,1971-0-0,United Kingdom
R. Gaigals,1940,1982-4-15,*
R. Dunstan,1945,1989-10-11,Australia
R. S. d'Aragona,1440,1487-8-19,Milan(1440s-1458; 1471);Naples(1460-1463);Florence(1467);Savoy(1476);Genoa(1478);Venice(1482-1487);Holy See(1485)
R. Williams,1851,1901-8-24,Union
"Robert William Strong, Jr.",1970,2006-3-16,United States of America
R. W. Burns,1928,1964-9-5,United States of America
"Robert Wesley Colglazier, Jr.",1966,1993-1-23,United States of America
R. W. Rolf,1942,1942-9-6,United States of America
R. Walker,1979,2016-2-15,United States
"Robert W. Porter, Jr.",1969,2000-4-22,United States of America
R. W. Bazley,1946,2012-12-16,United States of America
R. W. Ammerman,1865,1907-9-30,United States of America
R. V. Richardson,1861,1870-1-6,Confederate States of America
R. Townsend,1851,1866-8-15,Union
R. Tills,1941,1941-12-8,United States
R. T. Emmet,1877,1936-10-25,United States of America
R. Taplett,1960,2004-12-17,United States of America
R. T. Kuroda,1944,1944-10-20,United States of America
R. T. Herres,1990,2008-7-24,United States of America
R. T. Henry,1944,1944-12-3,United States of America
R. Stone,1902,1974-0-0,United Kingdom
R. Stobo,1770,1770-1-1,Great Britain
R. Smith-Barry,1912,1949-5-2,United Kingdom
R. Sheats,1966,1995-3-9,United States of America
R. Shankland,1919,1968-1-20,Canada
R. S. Foster,1865,1903-3-3,Union
R. S. Williamson,1848,1882-11-10,Union
R. S. Scott,1966,1999-2-5,United States of America
R. S. Kennemore,1951,1989-4-26,United States of America
R. S. Granger,1873,1894-4-25,Union
R. S. Garnett,1841,1861-7-13,Confederate States of America
R. S. Beightler,1953,1978-2-12,United States of America
R. R. Leisy,1969,1969-12-2,United States of America
R. Rogers,1748,1795-5-18,Great Britain
R. Redmill,1806,1819-2-1,Great Britain
R. R. Jr.,1850,1892-1-14,Confederate States of America
R. Raikes,1944,1953-1-1,United Kingdom
R. P. Maclay,1840,1903-5-20,Confederate States of America
R. Plampin,1828,1834-2-14,United Kingdom
R. Pinn,1865,1911-1-5,Union
R. P. Douglas,1868,1891-9-30,United Kingdom
R. Patterson,1812,1881-8-7,Union
R. P. Coogan,1943,2015-3-9,United States of America
R. P. Briscoe,1959,1968-10-14,United States
R. P. Baldwin,1966,1994-4-7,United States of America
R. Otway,1846,1846-5-12,United Kingdom
R. O. Tyler,1874,1874-12-1,Union
R. O. FitzRoy,1896,1896-5-7,United Kingdom
R. Nugent,1861,1901-6-20,Union
R. More-Molyneux,1903,1904-2-29,United Kingdom
R. M. Cannon,1961,1976-9-3,United States of America
R. M. Fowler,1846,1850-0-0,United Kingdom
R. Mends,1823,1823-9-4,United Kingdom
R. McBeath,1918,1922-10-9,United Kingdom
R. M. Johnstone,1969,1990-3-11,United Kingdom
R. M. Groves,1920,1920-5-27,United Kingdom
R. Mansergh,1959,1970-11-8,United Kingdom
R. M. O'Reilly,1865,1912-11-3,United States of America
R. M. Viale,1945,1945-2-5,United States of America
R. M. Stillman,1965,1991-5-22,United States of America
"Robert M. McTureous, Jr.",1945,1945-6-11,United States of America
R. M. McGovern,1951,1951-1-30,United States of America
R. M. Losey,1940,1940-4-21,United States of America
Robert M. La Prade,1943,1943-1-20,United States of America
R. M. Hanson,1944,1944-2-3,United States of America
R. M. Bond,1984,1984-4-26,United States
R. Low,1905,1911-8-4,United Kingdom/British Empire
R. L. Poxon,1969,1969-6-2,United States of America
R. Leith-Macgregor,1962,2008-11-14,United Kingdom
R. Lawson,1816,1816-2-26,(to 1800)
R. L. McCook,1862,1862-8-6,Union
R. L. Wilson,1944,1944-8-3,United States of America
R. L. Rutherford,1996,2013-7-4,United States
Robert L. J. Long,1983,2002-6-27,United States of America
R. L. Denig,1945,1979-7-25,United States of America
R. L. Chidlaw-Roberts,1920,1989-6-1,United Kingdom
R. L. Blackwell,1918,1918-10-11,United States of America
R. J. Henderson,1865,1891-2-3,Confederate States of America
R. J. Hibbs,1966,1966-3-5,United States of America
R. J. Miller,2008,2008-1-25,United States of America
R. J. Pruden,1969,1969-11-29,United States of America
Robert J. O. Compston,1918,1962-1-28,United Kingdom
R. J. Dixon,1943,2003-3-21,United States of America
R. H. Dunlap,1946,2000-3-24,United States of America
R. Howe,1774,1786-12-14,Continental Congress
R. Hornby,1922,1956-8-13,United Kingdom
R. Holme,1922,1922-10-4,United Kingdom
R. Hoke,1865,1912-7-3,Confederate States of America
R. Herring,1919,1973-1-9,United Kingdom
R. Henderson,1843,1843-1-14,United Kingdom
R. Heibert,1914,1933-5-10,Germany
R. H. Nimmo,1950,1966-1-4,Australian Army
R. H. Davidson,1946,1982-10-10,United States of America
R. Haining,1942,1959-1-1,United Kingdom
R. H. Warren,1971,2010-1-9,United States of America
R. H. Stanley,1939,1942-7-15,United States
R. H. Milroy,1847,1890-3-29,Union
R. H. McCard,1944,1944-6-16,United States of America
"Robert H. Jenkins, Jr.",1969,1969-3-5,United States of America
R. H. Dunlap,1931,1931-5-19,United States of America
R. H. Dietz,1945,1945-3-29,United States of America
R. H. Anderson,1857,1888-2-8,Confederate States of America
R. Gordon-Finlayson,1941,1956-5-23,United Kingdom
R. G. Shaver,1860,1915-1-13,*Arkansas
R. G. Robinson,1923,1974-10-5,United States of America
R. G. Carter,1862,1936-1-4,Union
R. Furman,1946,2008-10-14,United States of America
R. F. Catterson,1861,1914-3-30,Union
R. Ford,1981,2015-11-24,United Kingdom
Robert Faulknor the younger,1795,1795-0-0,United Kingdom
R. F. Worley,1968,1968-7-23,United States of America
