col0,col1,col2,col3,col4
T. Kennedy,"Arlington County, Virginia",P. J. Kennedy,Boston,http://dbpedia.org/resource/Ted_Kennedy__restingPlacePosition__1
N. Howse,London,J. Howse,Stogursey,http://dbpedia.org/resource/Neville_Howse__restingPlacePosition__1
J. B. Tito,Belgrade,Aleksandar,Austria-Hungary,http://dbpedia.org/resource/Josip_Broz_Tito__restingPlacePosition__1
F. Franco,Spanish State,Carmen Franco y Polo,Galicia,http://dbpedia.org/resource/Francisco_Franco__restingPlacePosition__1
B. Butler,"Lowell, Massachusetts",B. B. Ames,"Deerfield, New Hampshire",http://dbpedia.org/resource/Benjamin_Butler_(politician)__restingPlacePosition__1
A. Ames,Massachusetts,A. A. Jr.,Maine,http://dbpedia.org/resource/Adelbert_Ames__restingPlacePosition__1
