col0,col1,col2,col3
Agathis macrophylla,Araucariaceae,LR/nt,IUCN2.3
Agathis lenticula,Araucariaceae,VU,IUCN3.1
Agathis lanceolata,Araucariaceae,LR/cd,IUCN2.3
Agathis labillardieri,Araucariaceae,NT,IUCN3.1
Agathis kinabaluensis,Araucariaceae,EN,IUCN3.1
Agathis flavescens,Araucariaceae,VU,IUCN3.1
Agathis endertii,Araucariaceae,LR/nt,IUCN2.3
Agathis dammara,Araucariaceae,NE,IUCN3.1
Agathis corbassonii,Araucariaceae,VU,IUCN2.3
Agathis australis,Araucariaceae,LR/cd,iucn2.3
Agathis atropurpurea,Araucariaceae,LR/nt,IUCN2.3
Afrocarpus usambarensis,Podocarpaceae,VU,IUCN3.1
Afrocarpus mannii,Podocarpaceae,VU,iucn2.3
Afrocarpus gracilior,Podocarpaceae,LC,iucn3.1
Afrocarpus gaussenii,Podocarpaceae,DD,IUCN2.3
Afrocarpus falcatus,Podocarpaceae,LC,iucn3.1
Afrocarpus dawei,Podocarpaceae,NT,iucn3.1
Actinostrobus pyramidalis,Cupressaceae,LR/nt,IUCN2.3
Actinostrobus arenarius,Cupressaceae,LC,iucn2.3
Actinostrobus acuminatus,Cupressaceae,LC,IUCN2.3
Acmopyle sahniana,Podocarpaceae,CR,IUCN3.1
Acmopyle pancheri,Podocarpaceae,LR/nt,IUCN2.3
Abies ziyuanensis,Pinaceae,EN,IUCN3.1
Abies yuanbaoshanensis,Pinaceae,CR,IUCN3.1
Abies vejarii,Pinaceae,nt,iucn3.1
Abies veitchii,Pinaceae,lc,iucn3.1
Abies squamata,Pinaceae,VU,IUCN2.3
Abies spectabilis,Pinaceae,NT,iucn3.1
Abies sibirica,Pinaceae,lc,iucn3.1
Abies sachalinensis,Pinaceae,lc,iucn3.1
Abies religiosa,Pinaceae,lc,iucn3.1
Abies recurvata,Pinaceae,vu,iucn3.1
Abies procera,Pinaceae,lc,IUCN3.1
Abies pinsapo,Pinaceae,VU,IUCN2.3
Abies pindrow,Pinaceae,lc,iucn3.1
Abies numidica,Pinaceae,CR,IUCN3.1
Abies nordmanniana,Pinaceae,lc,iucn3.1
Abies nephrolepis,Pinaceae,lc,iucn3.1
Abies nebrodensis,Pinaceae,CR,IUCN3.1
Abies mariesii,Pinaceae,lc,iucn3.1
Abies magnifica,Pinaceae,lc,IUCN3.1
Abies lasiocarpa,Pinaceae,LC,iucn3.1
Abies koreana,Pinaceae,EN,IUCN3.1
Abies kawakamii,Pinaceae,LR/nt,IUCN2.3
Abies homolepis,Pinaceae,nt,iucn3.1
Abies holophylla,Pinaceae,nt,IUCN3.1
Abies hidalgensis,Pinaceae,VU,iucn3.1
Abies hickelii,Pinaceae,VU,IUCN2.3
Abies guatemalensis,Pinaceae,EN,iucn3.1
Abies grandis,Pinaceae,lc,IUCN3.1
Abies forrestii,Pinaceae,lc,IUCN3.1
Abies firma,Pinaceae,lc,IUCN3.1
Abies fargesii,Pinaceae,lc,IUCN3.1
Abies fanjingshanensis,Pinaceae,EN,IUCN3.1
