col0,col1,col2,col3
Z. Paredes,Philippine Constabulary,Ifugao,1948-05-27
Y. Htut,Myanmar Army,Naypyidaw,1959-1-1
W. Brown,National Guard of the United States,"San Francisco, California",1934-03-20
W. W. Larsen,Georgia National Guard,"Dublin, Georgia",1871-08-12
William V. Roth Jr.,United States Army,Delaware,1921-07-22
W. Stratton,United States Navy,Chicago,1914-02-26
W. Steger,United States Army Air Corps,Texas,1920-08-22
W. Sesler,United States Air Force,"Erie, Pennsylvania",1928-04-18
W. S. Richardson,U.S. Army,"Honolulu, Hawaii",1919-12-22
W. R. Haine,United States Army,"Alton, Illinois",1944-08-08
W. P. Sevier,United States Army,Louisiana,1899-10-13
William Preston Lane Jr.,United States Army,Maryland,1892-05-12
William Pike Hall Sr.,United States Army,Louisiana,1896-10-19
William P. Hobby Jr.,United States Navy,Texas,1932-01-19
W. K. Barlow,United States Air Force,"Isle of Wight County, Virginia",1936-03-13
W. H. Temple,Royal Canadian Air Force,Ontario,1898-11-28
W. H. Martin,Hood's Texas Brigade,"Hillsboro, Texas",1822-09-02
W. H. Harrison,United States Army,Florida,1896-08-10
W. F. Norrell,United States Army,Arkansas,1896-08-29
W. Enyart,United States Air Force,"Belleville, Illinois",1949-09-22
W. D. Schaefer,United States Army,Maryland,1921-11-02
William Denis Brown III,United States Army,Louisiana,1931-11-20
William C. Wampler Jr.,United States Army,"Bristol, Virginia",1959-09-09
W. C. Chasey,United States Marine Corps,"Rancho Santa Fe, California",1940-02-11
"William B. Black, Jr.",United States Army,"Pasadena, Maryland",1936-08-25
W. A. Ryan,United States Marine Corps,"Detroit, Michigan",1919-05-02
W. A. Redmond,United States Navy,"Bensenville, Illinois",1908-11-25
W. A. Culpepper,United States Marine Corps,"Alexandria, Louisiana",1916-07-22
W. Wilson,United States Army,"Austin, Texas",1912-07-29
W. Heighington,Canadian Army,Toronto,1897-0-0
W. F. Cox,United States Army,Florida,1895-08-14
W. Smith,United States Army,Texas,1943-08-17
W. Gilchrest,United States Marine Corps,"Kennedyville, Maryland",1946-04-15
W. Christopher,United States Navy,California,1925-10-17
W. Mengden,United States Army,"Austin, Texas",1926-10-25
W. Lee,United States Navy,Louisiana,1921-09-09
Walter B. Jones Jr.,United States National Guard,"Farmville, North Carolina",1943-02-10
W. Horan,United States Navy,Washington,1898-10-15
W. V. Valkenburg,United States Marine Corps,"Kalamazoo, Michigan",1899-01-16
"W. E. ""Pete"" Snelson",United States Army,"Austin, Texas",1923-03-28
"W. E. ""Bill"" Dykes",United States Merchant Marine,Louisiana,1925-10-23
V. Putin,KGB,Moscow,1952-10-07
V. Orr,United States Army,"Ruston, Louisiana",1923-02-02
V. T. Blaz,United States Marine Corps,"Chalan Pago-Ordot, Guam",1928-02-14
V. Snyder,United States Marine Corps,"Little Rock, Arkansas",1947-09-27
V. L. Dicks,United States Army Air Corps,Florida,1917-02-18
V. Taylor,United States Marine Corps,Texas,1972-08-01
V. B. Poole,United States Army Reserve,Florida,1935-07-05
"Valerian Wellesley, 8th Duke of Wellington",British Army,Stratfield Saye House,1915-07-02
V. Strasser,Sierra Leone Army,Sierra Leone,1967-04-26
T. Drown,United States Army,Arkansas,1970-1-1
T. Kelly,Army National Guard,"Saltillo, Mississippi",1966-03-01
T. Tinderholt,United States Air Force,Texas,1970-1-1
T. Knowles,United States Army,"Anchorage, Alaska",1943-01-01
T. Goolsby,United States Army,Texas,1933-11-09
T. Dale,United States Army,Texas,1969-06-11
