col0,col1,col2,col3
T. Morató,Philippine Army,Quezon City,1887-07-03
T. Trail,United States Army Reserve,"Moscow, Idaho",1935-07-29
T. Rickhoff,United States Army,"San Antonio, Texas",1944-07-13
T. Murt,U.S. Army Reserve,"Upper Moreland Township, Pennsylvania",1960-0-0
T. Harman,United States Army,California,1941-05-30
T. Cullerton,United States Army,"Villa Park, Illinois",1969-09-20
T. Barrett,Michigan Army National Guard,"Potterville, Michigan",1981-04-30
T. Morató,Philippine Army,Quezon City,1887-07-03
T. Sieben,United States Navy,"Geneseo, Illinois",1945-07-11
T. Akin,United States Army,"Wildwood, Missouri",1947-07-05
T. Sotto,Philippine Army,Quezon City,1948-08-24
T. Cojuangco,Philippine Army,Makati City,1944-04-29
T. Ruggles,Massachusetts militia,"Wilmot, Nova Scotia",1711-10-20
T. F. Murphy,United States Navy Reserve,"Upper St. Clair, Pennsylvania",1952-09-11
T. Walz,United States Army,"Mankato, Minnesota",1964-04-06
T. Owen,Royal Australian Air Force,New South Wales,1955-10-29
T. Moore,United States Air Force,"Elizabethtown, Kentucky",1966-07-25
T. Hugo,United States Army,Virginia,1963-01-07
T. Goins,United States Army,"Morristown, Tennessee",1977-04-10
T. W. McGee,United States Marine Corps,United States,1924-05-24
T. W. Bradley,United States Army,"Walden, New York",1844-04-06
T. Metcalfe,United States Army,Forest Retreat,1780-03-20
T. M. Reynolds,United States Air National Guard,"Clarence, New York",1950-09-03
T. Loertscher,United States Army Reserve,"Iona, Idaho",1944-01-04
T. Kerr,Ohio Air National Guard,"Taylor Mill, Kentucky",1950-07-25
T. G. Courtney,United States Air Force,"Burlington, Iowa",1947-09-24
T. F. Stroock,United States Marine Corps,"Casper, Wyoming",1925-10-10
T. Clausen,United States Army,"Baton Rouge, Louisiana",1939-12-22
T. C. Petrone,United States Navy,"Pittsburgh, Pennsylvania",1937-07-31
T. C. Coffin,United States Navy,"Pocatello, Idaho",1887-10-25
T. Anderson,United States Navy,"Albuquerque, New Mexico",1933-05-08
T. Hoskins,United States Air Force,"Berkeley, Missouri",1938-06-15
T. L. Punt,United States Army,"Chambersburg, Pennsylvania",1949-08-13
T. Everett,United States Air Force,"Rehobeth, Alabama",1937-02-15
T. Branstad,United States Army,Terrace Hill,1946-11-17
T. Vogt,United States Air Force,"Tucson, Arizona",1973-02-20
T. Opitz,Canadian Army,Ontario,1961-08-25
T. Lieu,United States Air Force Reserve,California,1969-03-29
T. Haik,Louisiana Army National Guard,Louisiana,1945-04-08
T. Little,United States Army Air Forces,Florida,1921-07-22
T. Dalyell,British Army,House of the Binns,1932-08-09
S. C. Mewburn,Canadian Army,"Hamilton, Ontario",1863-12-04
S. Fulop,United States Marine Corps,"Jersey City, New Jersey",1977-02-28
S. Symms,United States Marine Corps,"Caldwell, Idaho",1938-04-23
S. M. Thompson,United States Army,"Fairbanks, Alaska",1944-10-27
S. Buyer,United States Army,"Monticello, Indiana",1958-11-26
S. R. Cockrill,United States Navy,"Little Rock, Arkansas",1925-04-07
S. Webber,United States Marine Corps,"Columbia, Missouri",1983-06-08
S. Urban,US Army,United States,1952-1-1
S. Meeks,United States Army Reserve,Arkansas,1970-10-30
S. Kifowit,United States Marine Corps,"Aurora, Illinois",1971-09-14
S. K. Hathaway,United States Army Air Corps,United States,1924-07-19
S. H. Humphries,United States Army Reserve,"Cadiz, Kentucky",1969-08-02
S. Parris,United States Air Force,"Alexandria, Virginia",1929-09-09
S. Long,United States Navy,Louisiana,1928-06-16
S. P. Ortiz,United States Army,"Corpus Christi, Texas",1937-06-03
S. Reyes,United States Army,"El Paso, Texas",1944-11-10
S. R. DeLong,Union Army,Arizona Territory,1828-12-28
S. A. Bernard,United States Marine Corps,Louisiana,1925-06-10
S. Ali,Pakistan Army,Bangladesh,1937-01-27
S. Grove,United States Army,California,1965-03-18
S. Moulton,United States Marine Corps,"Salem, Massachusetts",1978-10-24
S. Wise,United States Army,Mississippi,1913-08-07
S. Sullivan,United States Navy,"Gales Ferry, Connecticut",1958-11-30
S. Taylor,United States Navy,"Virginia Beach, Virginia",1979-06-27
S. Perry,United States Army,"Carroll Township, York County, Pennsylvania",1962-05-27
S. Lingamfelter,United States Army,"Woodbridge, Virginia",1951-03-27
S. Brown,United States Army,New Hampshire,1959-09-12
S. Maung,Myanmar Army,Yangon,1928-05-12
S. Niinistö,Finnish Navy,Mäntyniemi,1948-08-24
S. Daskam,Connecticut Military Department,"New Haven, Connecticut",1823-01-31
S. Bason,United States Army,North Carolina,1894-12-03
Samuel B. Nunez Jr.,United States Air Force,Louisiana,1930-01-27
S. Cataldo,United States Air Force,"Farmington, New Hampshire",1937-07-16
R. Lubbers,Royal Netherlands Air Force,Netherlands,1939-05-07
R. Fairchild,United States Army,"Lewisburg, Pennsylvania",1947-02-19
R. D. Sr.,United States Army,New York City,1943-04-22
R. Phillips,United States Navy,Mississippi,1925-03-29
R. D. Sr.,United States Army,New York City,1943-04-22
R. L. McMahen,United States Army,Louisiana,1923-07-09
R. Takumi,Hawaii Air National Guard,"Pearl City, Hawaii",1952-10-13
R. M. Huffington,United States Navy,Texas,1917-10-04
R. M. Hopkins,United States Army,Louisiana,1943-06-10
R. d. Lugo,United States Army,"Saint Croix, U.S. Virgin Islands",1930-08-02
R. Miller,United States Air Force,"Huntingtown, Maryland",1959-08-11
R. Givens,United States Army,Texas,1952-03-17
R. West,United States Navy,"Marble, North Carolina",1948-11-1
R. Biazon,Philippine Marine Corps,Metro Manila,1935-04-14
R. Chandler,Oregon Army National Guard,"Aurora, Colorado",1942-07-13
R. W. Daniel,United States Army,"Prince George County, Virginia",1884-09-11
R. White,Continental Army,United States,1759-03-29
R. W. Dowling,Royal Canadian Airforce,Alberta,1924-09-28
R. Talton,United States Air Force,Texas,1945-06-27
R. S. Calvert,United States Army,"Austin, Texas",1891-4-11
R. Madgwick,Australian Army,"St Ives, New South Wales",1905-05-10
R. J. Barham,United States Army,Louisiana,1949-01-25
R. H. Brink,United States Army,"Arlington County, Virginia",1946-11-27
"Robert Gibson, Lord Gibson",British Army,Juniper Green,1886-04-20
R. Faucheux,United States Army,Louisiana,1950-11-28
R. E. Smylie,United States Coast Guard,"Boise, Idaho",1914-10-31
R. Dutton,California Air National Guard,California,1950-10-13
R. D. Robbins,United States Army,"Greenville, Pennsylvania",1944-08-27
R. Coleman-Senghor,United States Marine Corps,"Cotati, California",1940-0-0
R. C. Wood,United States Army,United States,1923-09-16
R. Castelli,United States Army,"Goldens Bridge, New York",1949-12-16
R. Adley,United States Marine Corps,"Benton, Louisiana",1947-09-03
R. Ouellette,Royal Canadian Navy,"St. Vital, Winnipeg",1976-11-22
R. Simmons,Central Intelligence Agency,"Stonington, Connecticut",1943-02-11
R. Meyer,Wyoming Air National Guard,Wyoming,1951-1-1
R. Ingram,United States Army,"Hopewell, Virginia",1941-10-01
R. Scott,United States Navy,Florida Governor's Mansion,1952-12-01
R. Noriega,United States Army,"Houston, Texas",1958-01-08
R. Morris,United States Navy,"Isle of Wight County, Virginia",1968-11-06
R. Miller,United States Navy,Texas,1945-03-19
R. Crawford,United States Army,"Jonesboro, Arkansas",1966-01-22
R. F. Sr.,United States Army,Alabama,1918-11-11
R. C. Hathorn,United States Army,"Lecompte, Louisiana",1893-11-25
R. Y. Jr.,United States National Guard,"Springfield, Illinois",1860-12-12
R. W. Goode,Grand Army of the Republic,Florida,1844-10-28
R. Stuart,United States Marine Corps Reserve,"Westmoreland County, Virginia",1964-01-06
R. Roth,United States Air Force,California,1950-0-0
R. Riordan,United States Army,California,1930-05-01
R. L. Saslaw,United States Army,"Fairfax County, Virginia",1940-02-05
R. Curtis,United States Air Force,"La Center, Washington",1959-03-08
R. C. Moody,Royal Engineers,New Westminster,1813-02-13
R. Anderson,United States Air Force,"Woodbridge, Virginia",1955-05-30
R. Nugent,Illinois Air National Guard,"Spring Hill, Florida",1951-05-26
R. Killian,United States Army,"Charlotte, North Carolina",1964-07-17
R. Si-min,Republic of Korea Army,Korea,1959-07-28
R. Gal,Israeli Defense Force,Israel,1942-08-24
R. V. Brown,United States Army,Texas,1921-09-21
R. F. Rourke,U.S Navy,"Lowell, Massachusetts",1917-10-10
R. Hutchison,United States Navy,Texas,1932-09-16
R. Barnhart,United States Army,Ohio,1928-01-12
R. Gaines,United States Army,Louisiana,1955-11-0
R. Westlake,United States Army,Ohio,1907-08-27
R. Regula,United States Navy,"Navarre, Ohio",1924-12-03
R. R. Harding,United States Army,"Blackfoot, Idaho",1929-09-09
R. K. Smith,United States Coast Guard Reserve,"Botetourt County, Virginia",1942-07-19
R. Hall,United States Navy,Texas,1923-05-03
R. Abraham,United States Coast Guard Auxiliary,"Mangham, Louisiana",1954-09-16
R. N. Pervez,Pakistan Army,Faisalabad,1942-11-11
R. Mukherji,United States Marine Corps,New Jersey,1984-07-15
R. Madden,United States Army,"Ruston, Louisiana",1910-0-0
"R. W. ""Buzzy"" Graham",United States Army National Guard,Louisiana,1937-07-07
R. S. Williams,United States Army Reserve,"Philadelphia, Pennsylvania",1967-01-02
P. d. Jong,Royal Netherlands Navy,The Hague,1915-04-03
P. Potvin,Michigan National Guard,"Cadillac, Michigan",1946-11-07
P. J. Crowley,United States Air Force,"Alexandria, Virginia",1951-07-28
P. Hollobone,Territorial Army,UK,1964-11-07
P. Cortez,United States Air Force Reserve,"San Antonio, Texas",1978-07-07
P. Roe,United States Army,"Johnson City, Tennessee",1945-07-21
P. Johnson,United States Air Force,Texas,1944-10-24
P. Hare,United States Army Reserves,"Rock Island, Illinois",1949-02-21
P. Batt,United States Army,"Wilder, Idaho",1927-03-04
P. Poroshenko,Soviet Army,Mariyinsky Palace,1965-09-26
P. T. King,United States Army,New York,1944-04-05
P. Sullivan,United States Army,"Manchester, New Hampshire",1967-04-13
P. Cosgrove,Australian Army,"Government House, Canberra",1947-07-28
P. Baker,British Army,"Norfolk, England",1921-04-20
P. Stark,United States Air Force,Maryland,1931-11-11
P. Olson,United States Navy,"Sugar Land, Texas",1962-12-09
P. McCloskey,United States Marine Corps,"Woodside, California",1927-09-29
P. Livermore,United States Marine Corps,"Carson City, Nevada",1941-03-22
P. Spitzfaden,United States Army,Louisiana,1920-02-27
P. Overgaard,United States Army,"Albert Lea, Minnesota",1930-02-15
