col0,col1,col2,col3
P. Haddacks,Royal Navy,Chichester,1946-10-27
P. E. Kanjorski,United States Army,"Nanticoke, Pennsylvania",1937-04-02
P. D. Workman,United States Army Reserve,"Austin, Texas",1951-11-08
P. Curtman,United States Marine Corps,"Pacific, Missouri",1981-04-21
P. Cook,United States Marine Corps,"Yucca Valley, California",1943-03-03
P. Spearman,United States Army,"North Las Vegas, Nevada",1955-1-1
P. Patterson,United States Navy,"DeLand, Florida",1948-10-12
P. M. Baskin,United States Army,Texas,1926-11-29
P. Hays,United States Army Reserves,Arkansas,1947-01-08
O. Brooks,United States Army,Louisiana,1897-12-21
O. M. Laurel,United States Army Air Corps,Texas,1920-06-08
O. H. Hansen,United States Air Force,"Idaho Falls, Idaho",1926-08-03
O. Sanchez,Texas Air National Guard,"Houston, Texas",1957-10-14
O. Fink,United States Navy Reserve,Louisiana,1914-03-15
O. Se-hoon,Republic of Korea Army,Korea,1961-01-04
O. Bacqué,United States Army,Louisiana,1944-11-30
N. Cruz-Perez,United States Army,New Jersey,1961-01-21
N. Popaditch,United States Marine Corps,"Chula Vista, California",1967-07-02
N. M. III,Pennsylvania Army National Guard,"Ridley Park, Pennsylvania",1982-06-10
N. Freitas,United States Army,"Culpeper County, Virginia",1979-08-29
N. Steers,United States Army Air Corps,"Bethesda, Maryland",1917-01-13
N. Nikšić,Army of the Republic of Bosnia and Herzegovina,Bosnia and Herzegovina,1960-12-27
N. H. Klock,United States Army,Louisiana,1896-11-09
N. McWherter,Tennessee National Guard,Cary Lawn,1930-10-15
N. Mustafa,Peshmerga,Iraq,1944-1-1
N. Macias,United States Air Force,Texas,1960-01-22
N. Hecht,United States Navy,Texas,1949-08-15
N. Fletcher,United States Marine Corps,California,1976-12-31
N. Deal,United States Army,Georgia Governor's Mansion,1942-08-25
N. E. III,Philippine Navy,"Manila, Philippines",1955-06-03
M. B. Gessaman,United States Army,Ohio,1894-10-15
Murphy J. Foster Jr.,United States Air Force Reserve,Louisiana,1930-07-11
M. M. Wyche,United States Army,Louisiana,1926-12-04
M. Wilson,United States Marine Corps,"Bowling Green, Kentucky",1951-12-04
M. Thompson,United States Army,"St. Helena, California",1951-01-24
M. Pompeo,United States Army,"Wichita, Kansas",1963-12-30
M. McCormack,United States Army,"Medford, Oregon",1921-12-14
M. Cox,United States Marine Corps,Michigan,1961-1-1
M. Bost,United States Marine Corps,"Murphysboro, Illinois",1960-12-30
M. Ball,United States Marine Corps,"Madison, Alabama",1954-09-17
M. Speciale,United States Marine Corps,"New Bern, North Carolina",1955-12-09
M. Hastings,United States Army,"Tinley Park, Illinois",1980-10-06
M. D. Barnes,United States Marine Corps,"Kensington, Maryland",1943-09-03
M. Copeland,British Army,Belfast,1954-06-23
M. A. Bilandic,United States Marine Corps,"Old Town, Chicago",1923-02-13
M. Sanford,United States Marine Corps,"Juneau, Alaska",1947-07-17
M. Phillips,United States Marine Corps,"Upper Augusta Township, Pennsylvania",1928-09-21
M. Hinchey,United States Navy,"Saugerties, New York",1938-10-27
M. Zeller,United States Army,"Chantilly, Virginia",1952-7-29
M. Mead,Continental Army,Connecticut,1736-08-20
M. Shea,United States Army,"Spokane Valley, Washington",1974-04-18
M. Schaefer,United States Navy,Texas,1976-02-11
M. Blunt,United States Navy,"Springfield, Missouri",1970-11-20
