col0,col1,col2,col3
G. L. Shoup,United States Army,"Boise, Idaho",1836-06-15
G. Hancock,Continental Army,Santillane,1754-06-13
G. Fawdon,"Isle of Wight County, Virginia","Isle of Wight County, Virginia",1600-1-1
G. Eskridge,United States Navy,"Dover, Idaho",1943-01-01
G. Deukmejian,United States Army,California,1928-06-06
G. C. Chamberlain,Union Army,"Jackson, Minnesota",1837-02-24
G. A. Burton,United States Navy,Louisiana,1926-06-21
G. Davis,United States Army,"Hebron, Kentucky",1958-10-26
G. Khodaidad,Afghan National Army,Kabul,1955-2-12
G. Painter,United States Marine Corps,Texas,1947-04-02
G. Miller,United States Army,"Rancho Cucamonga, California",1948-10-16
G. Lambert,United States Marine Corps,"Nashua, New Hampshire",1959-10-27
G. Jones,United States Army,"Alexandria, Louisiana",1946-10-1
G. Herbert,Utah Army National Guard,Utah Governor's Mansion,1947-05-07
G. Everett,United States Air Force,"Muncy Township, Pennsylvania",1954-01-28
G. P. Gordillo,Army of Colombia,Colombia,1910-03-08
F. Mugisha,Uganda People's Defence Force,Uganda,1963-1-1
F. Federley,Swedish Army,Botkyrka,1978-5-6
Freddy Padilla de León,National Army of Colombia,Austria,1948-10-10
F. Wood,United States Air Force,"Burley, Idaho",1945-12-01
Fred W. Jones Jr.,United States Army,Louisiana,1924-10-24
F. Trello,United States Air Force,"Coraopolis, Pennsylvania",1927-11-14
F. Martin,Idaho National Guard,"Boise, Idaho",1950-4-3
F. Belardi,United States Navy Reserve,"Scranton, Pennsylvania",1942-12-30
F. Weddig,United States Air Force,"Aurora, Colorado",1944-11-01
F. Warnke,United States Coast Guard,"Auburn, Washington",1933-05-18
F. Wagner,United States Navy,"Virginia Beach, Virginia",1955-07-18
F. LaRose,United States Army,United States,1979-04-18
F. K. Cahoon,United States Army Corps of Engineers,Texas,1934-06-20
F. J. Larkin,United States Navy,"Annapolis, Maryland",1955-05-09
F. Henderson,United States Army,"Post Falls, Idaho",1922-12-06
F. Hargrove,United States Army Air Forces,"Hanover County, Virginia",1927-01-26
F. Esposito,United States Army,Connecticut,1928-03-24
F. Church,United States Army,"Boise, Idaho",1924-07-25
F. Bernasko,Ghana army,United Kingdom,1930-12-07
F. Zeffirelli,British Army,Rome,1923-02-12
F. Franco,Spanish Armed Forces,Madrid,1892-12-04
F. Dugas,United States Navy,Louisiana,1919-06-09
F. Cherry,United States Navy,Arkansas,1908-09-05
F. Symington,United States Air Force,"Phoenix, Arizona",1945-08-12
F. McMaster,First Australian Imperial Force,Queensland,1879-05-03
E. Massa,United States Navy,Corning,1959-09-16
E. Garcetti,United States Navy,Getty House,1971-02-04
E. Feige,United States Army,"Chickaloon, Alaska",1961-04-10
E. C. Peraza,Mexican Navy,Acapulco,1959-10-27
E. McClendon,United States Army,Louisiana,1917-09-17
E. T. Nix,United States Marine Corps,Louisiana,1920-05-02
E. Hanger,United States Army,"Augusta County, Virginia",1948-08-02
E. Nicholson,United States Army,"Jefferson Parish, Louisiana",1923-12-11
Elward Thomas Brady Jr.,United States Army Air Forces,Louisiana,1926-0-0
E. Anderson,United States Marine Corps,Las Vegas Valley,1982-1-1
E. Kirkby,British Army,"Morning Bay, New South Wales",1921-01-26
E. K. Thomson,United States Army,Wyoming,1919-02-08
E. S. Bopp,United States Navy Reserve,Louisiana,1930-11-28
E. Ripoll,United States Marine Corps,Louisiana,1924-07-14
E. Manzano,United States Air Force,Philippines,1955-09-14
Edgar H. Lancaster Jr.,United States Army,Louisiana,1918-06-13
E. J. Williams,United States Army,Arkansas,1954-06-26
E. Whitfield,United States Army Reserve,"Hopkinsville, Kentucky",1943-05-25
E. Harris,United States Marine Corps,"Point Loma, San Diego",1964-1-1
E. Foreman,United States Navy,New Mexico,1933-12-22
E. J. Hill,Union Army,Connecticut,1845-08-04
E. Tanner,Utah National Guard,"West Jordan, Utah",1950-02-20
E. J. Jr.,Delaware Air National Guard,"Newark, Delaware",1947-10-05
E. M. Toler,Mississippi National Guard,"Clinton, Louisiana",1874-10-29
E. H. Jones,United States Navy,Louisiana,1926-12-17
D. Isaacson,United States Air Force,"North Pole, Alaska",1957-10-18
D. Collins,United States Air Force,"Gainesville, Georgia",1966-08-16
D. Beattie,British Army,Northern Ireland,1965-10-13
D. B. Hardeman,United States Army Air Corps,Texas,1902-12-11
D. E. Walter,United States Army,Louisiana,1936-03-15
D. E. Hines,United States Navy,Louisiana,1933-11-14
D. Bratton,United States Air Force,"Hobbs, New Mexico",1947-06-07
D. Sundquist,United States Navy,"Townsend, Tennessee",1936-03-15
D. Samuelson,United States Navy,"Sandpoint, Idaho",1913-07-27
D. Hathaway,United States Navy,Louisiana,1928-10-1
D. Stevenson,United States Air Force,"Grove City, Pennsylvania",1945-02-11
D. Muri,United States Air Force,"Steilacoom, Washington",1953-11-30
D. Hervey,United States Army Air Forces,Texas,1920-06-02
D. Black,United States Army,"Broadlands, Virginia",1944-05-15
D. Batchelor,United States Marine Corps,"Orlando, Florida",1947-12-12
"Dewey E. Burchett, Jr.",United States Air Force,Louisiana,1939-11-18
D. Altes,United States Army,"Fort Smith, Arkansas",1948-05-12
D. T. Gorski,United States Marines,New York,1944-07-20
D. Moore,United States Army,"Lenexa, Kansas",1945-11-08
D. Leh,United States Army,"Amity Township, Berks County, Pennsylvania",1946-01-04
D. Egan,Alaska Army National Guard,Douglas Island,1947-03-03
D. DeConcini,United States Army,"Glendale, Arizona",1937-05-08
D. McIntosh,United States Army,Pennsylvania,1896-01-17
D. Jones,United States Army Air Corps,Texas,1924-04-02
D. Johnson,United States Army National Guard,"Willmar, Minnesota",1947-06-24
D. W. Marston,United States Navy,Pennsylvania,1942-1-1
D. Shepard,United States Army,"Dickson, Tennessee",1947-10-06
D. Parks,United States Air Force,"Las Vegas, Nevada",1943-12-22
D. Munro,Royal Engineers,Surrey,1948-7-0
D. Meeks,United States Army,Arkansas,1972-04-27
D. Mark,Nigerian Army,Abuja,1948-4-18
D. L. Englin,United States Air Force,"Alexandria, Virginia",1974-08-15
D. Knezek,United States Marine Corps,"Dearborn Heights, Michigan",1986-08-13
D. Hurley,Australian Army,"Government House, Sydney",1953-08-26
"David Hope, Baron Hope of Craighead",British Army,Edinburgh,1938-06-27
D. Floyd,United States Air Force,"Bardstown, Kentucky",1951-10-02
D. Elliott,Australian Army,"Kellyville, New South Wales",1970-06-11
D. Curson,United States Marines,"Van Buren Township, Michigan",1948-11-04
D. Bradley,United States Navy,"Tucson, Arizona",1952-11-13
D. Alexander,United States Army,"Winchester, Tennessee",1952-10-29
D. A. Christian,United States Army,"Washington Crossing, Pennsylvania",1948-10-26
D. Weldon,United States Army,"Indialantic, Florida",1953-08-31
D. Hobson,United States Air National Guard,"Springfield, Ohio",1936-10-17
D. Hayes,United States Navy,"Camano, Washington",1966-08-30
D. Edwards,United States Navy,Wyoming,1938-01-13
D. Castle,United States Marine Corps,"Memphis, Tennessee",1948-1-1
D. Bolz,United States Navy,"Caldwell, Idaho",1943-07-24
D. Srb,Croatian Army,Croatia,1964-11-23
D. P. Gordon,United States Marine Corps,"Portsmouth, Rhode Island",1969-05-12
D. White,United States Army,California,1946-09-02
D. Severson,United States Navy,Minnesota,1954-08-31
D. Lederman,Army National Guard,"Dakota Dunes, South Dakota",1972-11-25
D. Kaiser,United States Army Reserve,"Aberdeen, South Dakota",1980-12-31
D. Burton,United States Army,"Indianapolis, Indiana",1938-06-21
D. Lueck,United States Navy,"Aitkin, Minnesota",1949-10-30
C. Joubert,United States Army,Louisiana,1931-5-1
C. H. Brogden,North Carolina National Guard,"Goldsboro, North Carolina",1816-11-06
C. Boozman,United States Army,Louisiana,1898-07-24
C. Martin,United States Coast Guard,Texas,1916-03-13
C. Fitzhugh,United States Air Force,Tennessee,1950-03-22
C. T. Ellis,United States Navy,Arkansas,1908-12-21
C. Stearns,United States Air Force,"Ocala, Florida",1941-04-16
C. Richardson,United States Navy,Louisiana,1943-1-1
C. Ford,United States Army,Florida,1938-09-24
Clarence M. Pendleton Jr.,United States Army,California,1930-11-10
"Clarence Addison Brimmer, Jr.",United States Army Air Forces,Wyoming,1922-07-11
C. Bunrong,Royal Cambodian Army,United States,1950-04-03
C. Wogan,United States Army Reserve,"Bustleton, Philadelphia, Pennsylvania",1950-02-15
