col0,col1,col2,col3
A. Harris,United States Navy Reserve,"Cockeysville, Maryland",1957-01-25
A. Allen,British Army,Belfast,1988-11-02
A. Wodrow,Continental Army,West Virginia,1752-1-1
A. Wilkie,Australian Army,Hobart,1961-11-08
A. J. Duck,United States Army,Maryland,1962-10-31
A. Card,United States Merchant Marines,"McLean, Virginia",1947-05-10
A. Koch,United States Air Force,"Buffalo, Minnesota",1971-10-08
A. Greene,United States Air Force,"Manning, South Carolina",1977-08-30
A. J. Jackson,United States Army,"Baton Rouge, Louisiana",1927-11-27
A. Boyd,United States Army,"Monticello, Florida",1945-06-06
A. Khamenei,Islamic Revolutionary Guards Corps,House of Leadership,1939-07-17
A. Howell,United States Air Force,"Norfolk, Virginia",1938-01-08
A. W. Bethea,United States Army Air Corps,South Carolina,1916-06-20
A. P. Petsch,United States Army,"Fredericksburg, Texas",1887-08-16
A. N. Phillips,United States Army,Connecticut,1894-04-23
Alexis I. du Pont Bayard,United States Marine Corps,Delaware,1918-02-11
A. Kosygin,Red Army,House on the Embankment,1904-2-21
A. M. Sr.,United States Army,Florida,1891-05-25
A. Watson,United States Army Air Corps,"Columbia, South Carolina",1922-08-30
A. T. Jr.,United States Army,Louisiana,1920-09-23
A. B. Fay,United States Navy,Texas,1913-02-26
A. Mollohan,United States Army,"Fairmont, West Virginia",1943-05-14
A. Austerman,United States Army,"Kodiak, Alaska",1943-05-23
A. Riley,United States Army,"Olympia Fields, Illinois",1953-03-04
A. McAffrey,United States Navy,Oklahoma City,1948-06-06
A. Eisenberg,United States Navy,"Arlington, Virginia",1946-10-15
A. Keshvari,Islamic Republic of Iran Army Aviation,Tehran,1953-6-1
A. R. Khan,Pakistan Navy,Rawalpindi,1921-1-1
A. Holloway,Grenadier Guards,"Gravesend, Kent",1965-07-29
A. Kazen,United States Army Air Corps,Texas,1919-01-17
A. O. Shaw,Union Army,"Portland, Maine",1837-02-16
A. Goff,United States Army,Idaho,1899-12-21
A. Daggett,Union Army,"Auburn, Maine",1837-06-14
A. J. McNamara,United States Navy,Louisiana,1936-06-09
A. G. Pradel,U.S. Marine Corps,"Naperville, Illinois",1938-0-0
A. B. Moore,United States Army,Louisiana,1911-08-23
