col0,col1,col2,col3
Site Summit,"Anchorage, Alaska",987432,1959
New Russia,"Yakutat, Alaska",4046,1796
Fort Washakie,"Fort Washakie, Wyoming",93077,1869
Fort Ticonderoga,Vermont,88828498,1755
Fort Strother,"Ragland, Alabama",1351650,1813
Fort San Jose,"Umatac, Guam",8093,1802
Fort Robinson,"Crawford, Nebraska",10117141,1873
Fort Roberdeau,"Altoona, Pennsylvania",8093,1778
Fort Pownall,"Stockton Springs, Maine",12140,1759
Fort Pocahontas,"Charles City, Virginia",242811,1864
Fort Nuestra Senora de la Soledad,"Umatac, Guam",32374,1802
Fort Niagara,"Youngstown, New York",1011714,1726
Fort Negley,"Nashville, Tennessee",16722,1862
"Fort Mitchell, Nebraska","Scottsbluff, Nebraska",80937,1864
Fort McKinney,"Buffalo, Wyoming",3237485,1878
