col0,col1,col2,col3
Fort McAllister,"Richmond Hill, Georgia",121405,1861
Fort Massachusetts,"Gulfport, Mississippi",343982,1859
Fort King George,"Darien, Georgia",48562,1721
Fort Inge,"Uvalde, Texas",157827,1849
Fort Fetterman,"Orpha, Wyoming",283279,1867
Fort Dobbs,"Statesville, North Carolina",38445,1755
Fort Dilts,"Rhame, North Dakota",33588,1864
Fort Crown Point,Vermont,47752905,1759
Fort Chadbourne,"Bronte, Texas",91054,1852
Fort C. F. Smith,"Fort Smith, Montana",1242384,1860
Fort Brown Site,"Plattsburgh, New York",11735,1814
Fort Blount,"Gainesboro, Tennessee",505857,1787
Cimarron Redoubt,"Ashland, Kansas",24281,1870
Cantonment Reno,"Kaycee, Wyoming",2589988,1876
Bowlin's Old Crater Trading Post,"Bluewater Village, New Mexico",10117,1954
Bent's Old Fort National Historic Site,Colorado,3233438,1833
Apple River Fort,Illinois,2023,1832
