col0,col1,col2,col3
Abies fabri,Pinaceae,vu,IUCN3.1
Abies durangensis,Pinaceae,lc,IUCN3.1
Abies densa,Pinaceae,lc,IUCN3.1
Abies delavayi,Pinaceae,LC,IUCN3.1
Abies concolor,Pinaceae,lc,IUCN3.1
Abies cilicica,Pinaceae,NT,IUCN3.1
Abies chensiensis,Pinaceae,LC,IUCN3.1
Abies cephalonica,Pinaceae,LC,IUCN3.1
Abies bracteata,Pinaceae,LR/cd,IUCN2.3
Abies borisii-regis,Pinaceae,LR/lc,IUCN2.3
Abies beshanzuensis,Pinaceae,CR,IUCN3.1
Abies balsamea,Pinaceae,lc,IUCN3.1
Abies amabilis,Pinaceae,lc,IUCN3.1
Abies alba,Pinaceae,LC,iucn3.1
