col0,col1,col2,col3,col4
Tung Fort,India,India,India,1075
Torna Fort,Maharashtra,Pune district,India,1403
Terezín,Litoměřice District,Litoměřice District,Litoměřice District,150
Sinhagad,India,India,India,1312
Ratangad,India,India,India,1297
Randoon,Ireland,Ireland,Ireland,125
Rajgad,Maharashtra,Pune District,Maharashtra,1402
Lohagad,India,India,India,1033
Korigad,India,India,India,923
Hod Hill,Dorset,Dorset,Dorset,143
Harishchandragad,India,India,India,1422
Hambledon Hill,Dorset,Dorset,Dorset,192
Grogarnsberget,Gotland,Gotland,Gotland,30
Fortress of São João Baptista,Terceira Island,Terceira Island,Terceira Island,62
Fort of São Sebastião de Caparica,Setúbal,Setúbal,Setúbal,30
Fort of São Pedro do Estoril,Lisbon,Lisbon,Lisbon,11
Fort of São João do Arade,Faro,Faro,Faro,8
Fort of São João,Terceira Island,Terceira Island,Terceira Island,3
Fort of Santa Cruz,Faial Island,Faial Island,Faial Island,9
Fort of Santa Catarina,Faro,Faro,Faro,10
Fort of São Sebastião de Caparica,Setúbal,Setúbal,Setúbal,30
Fort of São Pedro do Estoril,Lisbon,Lisbon,Lisbon,11
Fort of São João do Arade,Faro,Faro,Faro,8
Fort of São João,Terceira Island,Terceira Island,Terceira Island,3
Fort of Pessegueiro Island,Setúbal,Setúbal,Setúbal,21
Fort of Nossa Senhora da Encarnação,Faro,Faro,Faro,21
Fort of Negrito,Terceira Island,Terceira Island,Terceira Island,3
Fort of Leça de Palmeira,Porto,Porto,Porto,20
Fort of Greta,Faial Island,Faial Island,Faial Island,13
Fort Stark,"New Castle, New Hampshire","New Castle, New Hampshire","New Castle, New Hampshire",0
Chanctonbury Ring,England,England,England,242
Castle of Salir,Faro District,Faro District,Faro District,247
Castle of Paderne,Faro,Faro,Faro,73
Castle of Elvas,Portalegre,Portalegre,Portalegre,325
Castle of Campo Maior,Portalegre,Portalegre,Portalegre,275
Castle of Braga,Braga,Braga,Braga,191
Castle of Alcantarilha,Faro,Faro,Faro,26
Castle Ring,England,England,England,242
Anjaneri,Maharashtra,Nashik,Maharashtra,1280
Al Dhafra Air Base,Abu Dhabi,Abu Dhabi,Abu Dhabi,23
