col0,col1,col2,col3,col4
Carrier Strike Group 3,SH-60 Seahawk,F/A-18 Hornet,Grumman C-2 Greyhound,Naval Base Kitsap
Carrier Strike Group 2,SH-60 Seahawk,F/A-18 Hornet,Grumman C-2 Greyhound,Virginia
Carrier Strike Group 12,SH-60 Seahawk,F/A-18 Hornet,Grumman C-2 Greyhound,Naval Station Norfolk
Carrier Strike Group 11,SH-60 Seahawk,F/A-18 Hornet,Grumman C-2 Greyhound,Naval Station Everett
Carrier Strike Group 10,SH-60 Seahawk,F/A-18 Hornet,Grumman C-2 Greyhound,Naval Station Norfolk
Carrier Strike Group 1,Sikorsky SH-60 Seahawk,F/A-18 Hornet,Grumman C-2 Greyhound,Naval Air Station North Island
California Air National Guard,HH-60G Pave Hawk,F-16C/D Fighting Falcon,MC-130P Combat Shadow,California Military Department
Bangladesh Air Force,Bell 206,Mikoyan MiG-29,Antonov An-32,Dhaka Cantonment
Air National Guard,HH-60 Pave Hawk,F-15 Eagle,C-17 Globemaster III,The Pentagon
6th Air Army,Mi-24,Su-27,Mil Mi-8,Sankt-Peterburg
1 Canadian Air Division,CH-47 Chinook,CF-188 Hornet,De Havilland Canada DHC-5 Buffalo,CFB Winnipeg
