col0,col1,col2,col3
No. 9 Squadron RCAF,RCAF Western Air Command,1944-09-01,Pacific Coast 1941-1944
No. 7 Squadron RCAF,RCAF Western Air Command,1945-07-25,Pacific Coast 1941-1945
No. 6 Squadron RCAF,RCAF Western Air Command,1945-08-07,Pacific Coast 1941-1945
No. 5 Squadron RCAF,RCAF Eastern Air Command,1945-07-15,"North West Atlantic, 1939-1945"
No. 4 Squadron RCAF,RCAF Western Air Command,1945-08-07,Pacific Coast 1941-1945
No. 461 Squadron RAAF,RAF Coastal Command,1945-06-04,"*Arctic, 1940–1945"
No. 459 Squadron RAAF,RAF Middle East Command,1945-04-10,"Egypt and Libya, 1940–1943"
No. 162 Squadron RCAF,RAF Coastal Command,1945-08-07,North-West Atlantic
No. 161 Squadron RCAF,RCAF Eastern Air Command,1945-05-31,North-West Atlantic 1943-1945
No. 160 Squadron RCAF,RCAF Eastern Air Command,1945-06-15,North-West Atlantic 1943-1945
No. 145 Squadron RCAF,RCAF Eastern Air Command,1945-06-30,North-West Atlantic 1942-1945
No. 11 Squadron RCAF,RCAF Western Air Command,1945-09-15,North-West Atlantic 1939-1945
No. 117 Squadron RCAF,RCAF Eastern Air Command,1943-12-15,North-West Atlantic 1941-1945
No. 116 Squadron RCAF,RCAF Eastern Air Command,1945-06-20,North-West Atlantic 1941-1945
No. 113 Squadron RCAF,RCAF Eastern Air Command,1944-08-10,North-West Atlantic 1942–1944
No. 10 Squadron RCAF,RCAF Eastern Air Command,1945-08-13,North-West Atlantic 1940–1945
97th Reconnaissance Group of the Infantry Division,7th North African Infantry Division,1940-09-30,Camerone 1863
737 Naval Air Squadron,Fleet Air Arm,1983-02-04,Falkland Islands 1982
42d Mississippi Infantry Regiment,Joseph R. Davis,1865-04-12,Gettysburg
31st Battalion,2nd Canadian Division,1920-09-15,"Mount Sorrel, Somme, 1916, Flers-Courcelette, Thiepval Ridge, Ancre Heights, Arras, 1917, '18, Vimy, 1917, Arleux, Scarpe, 1917, Hill 70, Ypres, 1917, Passchendaele, Somme, 1918, Amiens, Scarpe, 1918, Drocourt-Quéant, Hindenburg Line, Canal du Nord, Cambrai, 1918, Pursuit to Mons, France and Flanders, 1915–18"
27th Tennessee Infantry Regiment,George Maney,1865-05-01,Perryville
19th Mississippi Infantry Regiment,Nathaniel H. Harris,1865-04-12,*Seven Pines
