col0,col1,col2,col3
C. Jones,J. Griffiths,"Austin, Texas",Blue
C. McCord,J. Gordon,"Louisville, Kentucky",Blue/green
C. Mondragón,M. R. Lozano,Mexico City,green
C. Grammer,K. Grammer,California,Brown
C. Alves,M. McConaughey,Brazil,Brown
B. Decker,A. Roddick,"Kettering, Ohio",Blue
B. Weaver,S. Costa,"San Diego, California",Green
B. Gonzalez,J. Intal,Manila,Brown
B. Prinsloo,A. Levine,South-West Africa,Hazel
A. Lepere,J. Hack,Antwerp,blue
A. Valletta,C. McCaw,"Phoenix, Arizona",Green
A. Rose,W. Khalifa,Pennsylvania,Brown
A. Sutherland,L. Shanet,Australia,Blue
A. Curran,S. Gerrard,England,Blue
A. Deyn,G. Ribisi,England,Blue
A. Galisteu,R. Justus,São Paulo,Blue
A. Lima,M. Jaric,Bahia,Blue
A. Clancy,P. Crouch,Liverpool,Green
