col0,col1,col2,col3,col4
Y. Snigir,Russians,1983-06-02,1983-06-02,2006–present
Y. L. Bon,United Kingdom,1964-10-29,1964-10-29,1985–present
V. Hessler,Italian people,1988-01-21,1988-01-21,2005–present
V. Hegelmaier,Germany,1987-06-18,1987-06-18,2008&ndash;
V. Kapoor,Indian people,1988-08-23,1988-08-23,2010-present
T. Holliday,United States,1985-07-05,1985-07-05,2010–present
S. Y. Ali,United Kingdom,1982-09-15,1982-09-15,2010–present
S. Shaik,Australians,1991-02-11,1991-02-11,2008–present
S. Sampaio,Portuguese people,1991-07-21,1991-07-21,2007–present
R. Mercado,United States,1980-03-28,1980-03-28,2009–present
R. Garise,Zimbabwe,1986-01-18,1986-01-18,2004&ndash;
R. Vij,India,1998-12-14,1998-12-14,2013&ndash; Present
Patricia van der Vliet,Netherlands,1989-07-14,1989-07-14,2008&ndash;
P. Summers,United States,1976-07-21,1976-07-21,1994-2003
N. Dunsdon,Canadians,1970-1-1,1970-1-1,1995-present
N. McLean,Scotland,1984-04-21,1984-04-21,1999-present
N. Zaim,United States,1978-02-19,1978-02-19,2005- present
N. Preizler,Argentine,1991-10-12,1991-10-12,2006-present
N. Hutagalung,Indonesian Australian,1974-07-28,1974-07-28,1995 - present
M. S. Maria,Filipinos,1991-07-13,1991-07-13,2015–present
M. Khanna,India,1986-08-07,1986-08-07,2010–present
M. Bayón,Mexican people,1991-02-14,1991-02-14,2009&ndash;
L. Lamers,Netherlands,1995-0-0,1995-0-0,2015–present
L. Kennedy,Japan,1989-07-05,1989-07-05,2004-present
K. Knox,England,1984-1-1,1984-1-1,2008–present
K. L. Richards,United Kingdom,1994-10-26,1994-10-26,2012-present
K. Singh,India,1988-11-20,1988-11-20,2010 - Present
K. Seung-hyun,Koreans,1987-09-22,1987-09-22,2008&ndash;present
J. Amornkuldilok,Thai people,1985-12-18,1985-12-18,2013–present
J. Ş. Schaefer,Turkey,1984-02-09,1984-02-09,1999-present
J. Miles,Canadians,1988-1-1,1988-1-1,2012-present
I. Sharipova,Russia,1992-02-07,1992-02-07,2012–present
I. Lamy,Swedish people,1947-8-5,1947-8-5,1968&ndash;
H. Chan,Hong Kong,1989-07-06,1989-07-06,2012–present
H. Sams,England,1986-03-21,1986-03-21,2008-2014
H. Clauson,United States,1995-03-07,1995-03-07,2009–present
E. Riccobono,Italian people,1983-02-07,1983-02-07,Actress (2005–present)
E. Olumide,United Kingdom,1987-10-06,1987-10-06,2002–present
