col0,col1,col2,col3,col4,col5
Roman Catholic Diocese of Metuchen,List of the Catholic bishops of the United States,List of the Catholic bishops of the United States,List of the Catholic bishops of the United States,3688000000,3688000000
Roman Catholic Diocese of Merlo-Moreno,Roman Catholic Archdiocese of Buenos Aires,Roman Catholic Archdiocese of Buenos Aires,Roman Catholic Archdiocese of Buenos Aires,301000000,301000000
Roman Catholic Diocese of Mercedes,Roman Catholic Archdiocese of Montevideo,Roman Catholic Archdiocese of Montevideo,Roman Catholic Archdiocese of Montevideo,15000000000,15000000000
Roman Catholic Diocese of Menorca,Roman Catholic Archdiocese of Valencia in Spain,Roman Catholic Archdiocese of Valencia in Spain,Roman Catholic Archdiocese of Valencia in Spain,701000000,701000000
Roman Catholic Diocese of Menevia,Province of Cardiff,Province of Cardiff,Province of Cardiff,9310000000,9310000000
Roman Catholic Diocese of Mende,Roman Catholic Archdiocese of Montpellier,Roman Catholic Archdiocese of Montpellier,Roman Catholic Archdiocese of Montpellier,5180000000,5180000000
Roman Catholic Diocese of Melo,Roman Catholic Archdiocese of Montevideo,Roman Catholic Archdiocese of Montevideo,Roman Catholic Archdiocese of Montevideo,25000000000,25000000000
Roman Catholic Diocese of Melipilla,Roman Catholic Archdiocese of Santiago de Chile,Roman Catholic Archdiocese of Santiago de Chile,Roman Catholic Archdiocese of Santiago de Chile,6217000000,6217000000
Roman Catholic Diocese of Melfi-Rapolla-Venosa,Roman Catholic Archdiocese of Potenza-Muro Lucano-Marsico Nuovo,Roman Catholic Archdiocese of Potenza-Muro Lucano-Marsico Nuovo,Roman Catholic Archdiocese of Potenza-Muro Lucano-Marsico Nuovo,1316000000,1316000000
Roman Catholic Diocese of Meerut,Roman Catholic Archdiocese of Agra,Roman Catholic Archdiocese of Agra,Roman Catholic Archdiocese of Agra,28337000000,28337000000
Roman Catholic Diocese of Meaux,Roman Catholic Archdiocese of Paris,Roman Catholic Archdiocese of Paris,Roman Catholic Archdiocese of Paris,5931000000,5931000000
Roman Catholic Diocese of Meath,Roman Catholic Archdiocese of Armagh,Roman Catholic Archdiocese of Armagh,Roman Catholic Archdiocese of Armagh,5120406494,5120406494
Roman Catholic Diocese of Mazatlán,Roman Catholic Archdiocese of Durango,Roman Catholic Archdiocese of Durango,Roman Catholic Archdiocese of Durango,19111522266,19111522266
Roman Catholic Diocese of Mazara del Vallo,Roman Catholic Archdiocese of Palermo,Roman Catholic Archdiocese of Palermo,Roman Catholic Archdiocese of Palermo,1374000000,1374000000
Roman Catholic Diocese of Mawlamyine,Roman Catholic Archdiocese of Yangon,Roman Catholic Archdiocese of Yangon,Roman Catholic Archdiocese of Yangon,51780000000,51780000000
Roman Catholic Diocese of Maumere,Roman Catholic Archdiocese of Ende,Roman Catholic Archdiocese of Ende,Roman Catholic Archdiocese of Ende,1732000000,1732000000
Roman Catholic Diocese of Maturín,Roman Catholic Archdiocese of Ciudad Bolívar,Roman Catholic Archdiocese of Ciudad Bolívar,Roman Catholic Archdiocese of Ciudad Bolívar,28900000000,28900000000
Roman Catholic Diocese of Mati,Roman Catholic Archdiocese of Davao,Roman Catholic Archdiocese of Davao,Roman Catholic Archdiocese of Davao,5146000000,5146000000
Roman Catholic Diocese of Matehuala,Roman Catholic Archdiocese of San Luis Potosí,Roman Catholic Archdiocese of San Luis Potosí,Roman Catholic Archdiocese of San Luis Potosí,26920336418,26920336418
Roman Catholic Diocese of Matanzas,Roman Catholic Archdiocese of San Cristóbal de la Habana,Roman Catholic Archdiocese of San Cristóbal de la Habana,Roman Catholic Archdiocese of San Cristóbal de la Habana,8444000000,8444000000
Roman Catholic Diocese of Matamoros,Roman Catholic Archdiocese of Monterrey,Roman Catholic Archdiocese of Monterrey,Roman Catholic Archdiocese of Monterrey,19463760649,19463760649
Roman Catholic Diocese of Matagalpa,Roman Catholic Archdiocese of Managua,Roman Catholic Archdiocese of Managua,Roman Catholic Archdiocese of Managua,6794000000,6794000000
Roman Catholic Diocese of Massa Marittima-Piombino,Roman Catholic Archdiocese of Siena-Colle di Val d'Elsa-Montalcino,Roman Catholic Archdiocese of Siena-Colle di Val d'Elsa-Montalcino,Roman Catholic Archdiocese of Siena-Colle di Val d'Elsa-Montalcino,1200000000,1200000000
Roman Catholic Diocese of Massa Carrara-Pontremoli,Roman Catholic Archdiocese of Pisa,Roman Catholic Archdiocese of Pisa,Roman Catholic Archdiocese of Pisa,1186000000,1186000000
Roman Catholic Diocese of Masbate,Roman Catholic Archdiocese of Caceres,Roman Catholic Archdiocese of Caceres,Roman Catholic Archdiocese of Caceres,7000000000,7000000000
Roman Catholic Diocese of Masan,Roman Catholic Archdiocese of Daegu,Roman Catholic Archdiocese of Daegu,Roman Catholic Archdiocese of Daegu,9045000000,9045000000
Roman Catholic Diocese of Marília,Roman Catholic Archdiocese of Botucatu,Roman Catholic Archdiocese of Botucatu,Roman Catholic Archdiocese of Botucatu,11943000000,11943000000
Roman Catholic Diocese of Marquette,Archdiocese of Detroit,Archdiocese of Detroit,Archdiocese of Detroit,42167596424,42167596424
Roman Catholic Diocese of Margarita,Roman Catholic Archdiocese of Cumaná,Roman Catholic Archdiocese of Cumaná,Roman Catholic Archdiocese of Cumaná,1050000000,1050000000
Roman Catholic Diocese of Marbel,Roman Catholic Archdiocese of Cotabato,Roman Catholic Archdiocese of Cotabato,Roman Catholic Archdiocese of Cotabato,10000000000,10000000000
Roman Catholic Diocese of Maracay,Roman Catholic Archdiocese of Valencia en Venezuela,Roman Catholic Archdiocese of Valencia en Venezuela,Roman Catholic Archdiocese of Valencia en Venezuela,7014000000,7014000000
Roman Catholic Diocese of Marabá,Roman Catholic Archdiocese of Belém do Pará,Roman Catholic Archdiocese of Belém do Pará,Roman Catholic Archdiocese of Belém do Pará,81832000000,81832000000
Roman Catholic Diocese of Mar del Plata,Roman Catholic Archdiocese of La Plata in Argentina,Roman Catholic Archdiocese of La Plata in Argentina,Roman Catholic Archdiocese of La Plata in Argentina,22895000000,22895000000
Roman Catholic Diocese of Marília,Roman Catholic Archdiocese of Botucatu,Roman Catholic Archdiocese of Botucatu,Roman Catholic Archdiocese of Botucatu,11943000000,11943000000
Roman Catholic Diocese of Mao-Monte Cristi,Roman Catholic Archdiocese of Santiago de los Caballeros,Roman Catholic Archdiocese of Santiago de los Caballeros,Roman Catholic Archdiocese of Santiago de los Caballeros,4841000000,4841000000
Roman Catholic Diocese of Mantua,Roman Catholic Archdiocese of Milan,Roman Catholic Archdiocese of Milan,Roman Catholic Archdiocese of Milan,2080000000,2080000000
Roman Catholic Diocese of Mansa,Roman Catholic Archdiocese of Kasama,Roman Catholic Archdiocese of Kasama,Roman Catholic Archdiocese of Kasama,44000000000,44000000000
Roman Catholic Diocese of Manokwari–Sorong,Roman Catholic Archdiocese of Merauke,Roman Catholic Archdiocese of Merauke,Roman Catholic Archdiocese of Merauke,111835000000,111835000000
Roman Catholic Diocese of Mannar,Roman Catholic Archdiocese of Colombo,Roman Catholic Archdiocese of Colombo,Roman Catholic Archdiocese of Colombo,3998000000,3998000000
Roman Catholic Diocese of Mangalore,Roman Catholic Archdiocese of Bangalore,Roman Catholic Archdiocese of Bangalore,Roman Catholic Archdiocese of Bangalore,5924000000,5924000000
Roman Catholic Diocese of Mandeville,Roman Catholic Archdiocese of Kingston in Jamaica,Roman Catholic Archdiocese of Kingston in Jamaica,Roman Catholic Archdiocese of Kingston in Jamaica,3282000000,3282000000
Roman Catholic Diocese of Manchester,Roman Catholic Archdiocese of Boston,Roman Catholic Archdiocese of Boston,Roman Catholic Archdiocese of Boston,24099839366,24099839366
Roman Catholic Diocese of Manado,Roman Catholic Archdiocese of Makassar,Roman Catholic Archdiocese of Makassar,Roman Catholic Archdiocese of Makassar,90000000000,90000000000
Roman Catholic Diocese of Malolos,Roman Catholic Archdiocese of Manila,Roman Catholic Archdiocese of Manila,Roman Catholic Archdiocese of Manila,2672000000,2672000000
Roman Catholic Diocese of Maldonado-Punta del Este,Roman Catholic Archdiocese of Montevideo,Roman Catholic Archdiocese of Montevideo,Roman Catholic Archdiocese of Montevideo,13000000000,13000000000
Roman Catholic Diocese of Malaybalay,Roman Catholic Archdiocese of Cagayan de Oro,Roman Catholic Archdiocese of Cagayan de Oro,Roman Catholic Archdiocese of Cagayan de Oro,8293000000,8293000000
Roman Catholic Diocese of Malang,Roman Catholic Archdiocese of Semarang,Roman Catholic Archdiocese of Semarang,Roman Catholic Archdiocese of Semarang,24409000000,24409000000
Roman Catholic Diocese of Malacca-Johor,Roman Catholic Archdiocese of Kuala Lumpur,Roman Catholic Archdiocese of Kuala Lumpur,Roman Catholic Archdiocese of Kuala Lumpur,20364000000,20364000000
Roman Catholic Diocese of Makurdi,Roman Catholic Archdiocese of Abuja,Roman Catholic Archdiocese of Abuja,Roman Catholic Archdiocese of Abuja,24461000000,24461000000
Roman Catholic Diocese of Majorca,Roman Catholic Archdiocese of Valencia in Spain,Roman Catholic Archdiocese of Valencia in Spain,Roman Catholic Archdiocese of Valencia in Spain,3604000000,3604000000
Roman Catholic Diocese of Maiduguri,Roman Catholic Archdiocese of Jos,Roman Catholic Archdiocese of Jos,Roman Catholic Archdiocese of Jos,132000000000,132000000000
Roman Catholic Diocese of Magdeburg,Roman Catholic Archdiocese of Paderborn,Roman Catholic Archdiocese of Paderborn,Roman Catholic Archdiocese of Paderborn,23000000000,23000000000
Roman Catholic Diocese of Magangué,Roman Catholic Archdiocese of Cartagena,Roman Catholic Archdiocese of Cartagena,Roman Catholic Archdiocese of Cartagena,20165000000,20165000000
Roman Catholic Diocese of Madison,Archdiocese of Milwaukee,Archdiocese of Milwaukee,Archdiocese of Milwaukee,20901204050,20901204050
Roman Catholic Diocese of Mackenzie-Fort Smith,Roman Catholic Archdiocese of Grouard–McLennan,Roman Catholic Archdiocese of Grouard–McLennan,Roman Catholic Archdiocese of Grouard–McLennan,1523400000000,1523400000000
Roman Catholic Diocese of Machala,Roman Catholic Archdiocese of Cuenca,Roman Catholic Archdiocese of Cuenca,Roman Catholic Archdiocese of Cuenca,5819000000,5819000000
Roman Catholic Diocese of Macerata-Tolentino-Recanati-Cingoli-Treia,Roman Catholic Archdiocese of Fermo,Roman Catholic Archdiocese of Fermo,Roman Catholic Archdiocese of Fermo,745000000,745000000
Roman Catholic Diocese of Macapá,Roman Catholic Archdiocese of Belém do Pará,Roman Catholic Archdiocese of Belém do Pará,Roman Catholic Archdiocese of Belém do Pará,148000000000,148000000000
Roman Catholic Diocese of Maasin,Roman Catholic Archdiocese of Cebu,Roman Catholic Archdiocese of Cebu,Roman Catholic Archdiocese of Cebu,2505000000,2505000000
Roman Catholic Diocese of Mỹ Tho,Roman Catholic Archdiocese of Ho Chi Minh city,Roman Catholic Archdiocese of Ho Chi Minh city,Roman Catholic Archdiocese of Ho Chi Minh city,9262000000,9262000000
Roman Catholic Diocese of Münster,Roman Catholic Archdiocese of Cologne,Roman Catholic Archdiocese of Cologne,Roman Catholic Archdiocese of Cologne,15268000000,15268000000
Roman Catholic Diocese of Málaga–Soatá,Roman Catholic Archdiocese of Bucaramanga,Roman Catholic Archdiocese of Bucaramanga,Roman Catholic Archdiocese of Bucaramanga,7466000000,7466000000
Roman Catholic Diocese of Málaga,Roman Catholic Archdiocese of Granada,Roman Catholic Archdiocese of Granada,Roman Catholic Archdiocese of Granada,7283000000,7283000000
Roman Catholic Diocese of Lạng Sơn and Cao Bằng,Roman Catholic Archdiocese of Hanoi,Roman Catholic Archdiocese of Hanoi,Roman Catholic Archdiocese of Hanoi,17815000000,17815000000
Roman Catholic Diocese of Líbano–Honda,Roman Catholic Archdiocese of Ibagué,Roman Catholic Archdiocese of Ibagué,Roman Catholic Archdiocese of Ibagué,3477000000,3477000000
Roman Catholic Diocese of Luçon,Roman Catholic Archdiocese of Rennes,Roman Catholic Archdiocese of Rennes,Roman Catholic Archdiocese of Rennes,7015000000,7015000000
Roman Catholic Diocese of Luziânia,Roman Catholic Archdiocese of Brasília,Roman Catholic Archdiocese of Brasília,Roman Catholic Archdiocese of Brasília,16480000000,16480000000
Roman Catholic Diocese of Luz,Roman Catholic Archdiocese of Belo Horizonte,Roman Catholic Archdiocese of Belo Horizonte,Roman Catholic Archdiocese of Belo Horizonte,32976000000,32976000000
Roman Catholic Diocese of Lutsk,Roman Catholic Archdiocese of Lviv,Roman Catholic Archdiocese of Lviv,Roman Catholic Archdiocese of Lviv,40300000000,40300000000
Roman Catholic Diocese of Lurín,Roman Catholic Archdiocese of Lima,Roman Catholic Archdiocese of Lima,Roman Catholic Archdiocese of Lima,185000000,185000000
Roman Catholic Diocese of Luoyang,Roman Catholic Archdiocese of Kaifeng,Roman Catholic Archdiocese of Kaifeng,Roman Catholic Archdiocese of Kaifeng,25000000000,25000000000
Roman Catholic Diocese of Lugo,Roman Catholic Archdiocese of Santiago de Compostela,Roman Catholic Archdiocese of Santiago de Compostela,Roman Catholic Archdiocese of Santiago de Compostela,7780000000,7780000000
Roman Catholic Diocese of Lucknow,Roman Catholic Archdiocese of Agra,Roman Catholic Archdiocese of Agra,Roman Catholic Archdiocese of Agra,45125000000,45125000000
Roman Catholic Diocese of Lucera–Troia,Roman Catholic Archdiocese of Foggia-Bovino,Roman Catholic Archdiocese of Foggia-Bovino,Roman Catholic Archdiocese of Foggia-Bovino,1337000000,1337000000
Roman Catholic Diocese of Lucena,Roman Catholic Archdiocese of Lipa,Roman Catholic Archdiocese of Lipa,Roman Catholic Archdiocese of Lipa,2334000000,2334000000
Roman Catholic Diocese of Luçon,Roman Catholic Archdiocese of Rennes,Roman Catholic Archdiocese of Rennes,Roman Catholic Archdiocese of Rennes,7015000000,7015000000
Roman Catholic Diocese of Los Teques,Roman Catholic Archdiocese of Caracas,Roman Catholic Archdiocese of Caracas,Roman Catholic Archdiocese of Caracas,2295000000,2295000000
Roman Catholic Diocese of Lorena,Roman Catholic Archdiocese of Aparecida,Roman Catholic Archdiocese of Aparecida,Roman Catholic Archdiocese of Aparecida,5055000000,5055000000
Roman Catholic Diocese of Long Xuyên,Roman Catholic Archdiocese of Ho Chi Minh city,Roman Catholic Archdiocese of Ho Chi Minh city,Roman Catholic Archdiocese of Ho Chi Minh city,10243000000,10243000000
"Roman Catholic Diocese of London, Ontario",Ontario,Ontario,Ontario,21349000000,21349000000
Roman Catholic Diocese of Lomas de Zamora,Roman Catholic Archdiocese of Buenos Aires,Roman Catholic Archdiocese of Buenos Aires,Roman Catholic Archdiocese of Buenos Aires,1400000000,1400000000
Roman Catholic Diocese of Lokoja,Roman Catholic Archdiocese of Abuja,Roman Catholic Archdiocese of Abuja,Roman Catholic Archdiocese of Abuja,24750000000,24750000000
Roman Catholic Diocese of Loja,Roman Catholic Archdiocese of Cuenca,Roman Catholic Archdiocese of Cuenca,Roman Catholic Archdiocese of Cuenca,11476000000,11476000000
Roman Catholic Diocese of Loikaw,Roman Catholic Archdiocese of Taunggyi,Roman Catholic Archdiocese of Taunggyi,Roman Catholic Archdiocese of Taunggyi,11670000000,11670000000
Roman Catholic Diocese of Lodi,Roman Catholic Archdiocese of Milan,Roman Catholic Archdiocese of Milan,Roman Catholic Archdiocese of Milan,894000000,894000000
Roman Catholic Diocese of Locri-Gerace,Roman Catholic Archdiocese of Reggio Calabria-Bova,Roman Catholic Archdiocese of Reggio Calabria-Bova,Roman Catholic Archdiocese of Reggio Calabria-Bova,1248000000,1248000000
Roman Catholic Diocese of Lleida,Roman Catholic Archdiocese of Tarragona,Roman Catholic Archdiocese of Tarragona,Roman Catholic Archdiocese of Tarragona,2887000000,2887000000
Roman Catholic Diocese of Liège,Roman Catholic Archdiocese of Mechelen-Brussels,Roman Catholic Archdiocese of Mechelen-Brussels,Roman Catholic Archdiocese of Mechelen-Brussels,3862000000,3862000000
Roman Catholic Diocese of Livramento de Nossa Senhora,Roman Catholic Archdiocese of Vitória da Conquista,Roman Catholic Archdiocese of Vitória da Conquista,Roman Catholic Archdiocese of Vitória da Conquista,24890000000,24890000000
Roman Catholic Diocese of Livorno,Roman Catholic Archdiocese of Pisa,Roman Catholic Archdiocese of Pisa,Roman Catholic Archdiocese of Pisa,250000000,250000000
Roman Catholic Diocese of Lishui,Roman Catholic Archdiocese of Hangzhou,Roman Catholic Archdiocese of Hangzhou,Roman Catholic Archdiocese of Hangzhou,23484000000,23484000000
Roman Catholic Diocese of Linz,Archdiocese of Vienna,Archdiocese of Vienna,Archdiocese of Vienna,11909000000,11909000000
Roman Catholic Diocese of Lins,Roman Catholic Archdiocese of Botucatu,Roman Catholic Archdiocese of Botucatu,Roman Catholic Archdiocese of Botucatu,8429000000,8429000000
Roman Catholic Diocese of Lincoln,Archdiocese of Omaha,Archdiocese of Omaha,Archdiocese of Omaha,61755676502,61755676502
Roman Catholic Diocese of Linares,Roman Catholic Archdiocese of Monterrey,Roman Catholic Archdiocese of Monterrey,Roman Catholic Archdiocese of Monterrey,33465236373,33465236373
Roman Catholic Diocese of Linares,Roman Catholic Archdiocese of Santiago de Chile,Roman Catholic Archdiocese of Santiago de Chile,Roman Catholic Archdiocese of Santiago de Chile,15110000000,15110000000
Roman Catholic Diocese of Limón,Roman Catholic Archdiocese of San José de Costa Rica,Roman Catholic Archdiocese of San José de Costa Rica,Roman Catholic Archdiocese of San José de Costa Rica,10835000000,10835000000
Roman Catholic Diocese of Limoges,Roman Catholic Archdiocese of Poitiers,Roman Catholic Archdiocese of Poitiers,Roman Catholic Archdiocese of Poitiers,11085000000,11085000000
Roman Catholic Diocese of Limoeiro do Norte,Roman Catholic Archdiocese of Fortaleza,Roman Catholic Archdiocese of Fortaleza,Roman Catholic Archdiocese of Fortaleza,18316000000,18316000000
Roman Catholic Diocese of Limeira,Roman Catholic Archdiocese of Campinas,Roman Catholic Archdiocese of Campinas,Roman Catholic Archdiocese of Campinas,4958000000,4958000000
Roman Catholic Diocese of Limburg,Roman Catholic Archdiocese of Cologne,Roman Catholic Archdiocese of Cologne,Roman Catholic Archdiocese of Cologne,6182000000,6182000000
Roman Catholic Diocese of Limón,Roman Catholic Archdiocese of San José de Costa Rica,Roman Catholic Archdiocese of San José de Costa Rica,Roman Catholic Archdiocese of San José de Costa Rica,10835000000,10835000000
Roman Catholic Diocese of Liepāja,Roman Catholic Archdiocese of Riga,Roman Catholic Archdiocese of Riga,Roman Catholic Archdiocese of Riga,13210000000,13210000000
Roman Catholic Diocese of Libmanan,Roman Catholic Archdiocese of Caceres,Roman Catholic Archdiocese of Caceres,Roman Catholic Archdiocese of Caceres,1862000000,1862000000
Roman Catholic Diocese of Liège,Roman Catholic Archdiocese of Mechelen-Brussels,Roman Catholic Archdiocese of Mechelen-Brussels,Roman Catholic Archdiocese of Mechelen-Brussels,3862000000,3862000000
Roman Catholic Diocese of León in Spain,Archdiocese of Oviedo,Archdiocese of Oviedo,Archdiocese of Oviedo,9620000000,9620000000
Roman Catholic Diocese of León in Nicaragua,Roman Catholic Archdiocese of Managua,Roman Catholic Archdiocese of Managua,Roman Catholic Archdiocese of Managua,9862000000,9862000000
Roman Catholic Diocese of Les Gonaïves,Roman Catholic Archdiocese of Cap-Haïtien,Roman Catholic Archdiocese of Cap-Haïtien,Roman Catholic Archdiocese of Cap-Haïtien,4831000000,4831000000
Roman Catholic Diocese of Les Cayes,Roman Catholic Archdiocese of Port-au-Prince,Roman Catholic Archdiocese of Port-au-Prince,Roman Catholic Archdiocese of Port-au-Prince,4649000000,4649000000
Roman Catholic Diocese of Leopoldina,Roman Catholic Archdiocese of Juiz de Fora,Roman Catholic Archdiocese of Juiz de Fora,Roman Catholic Archdiocese of Juiz de Fora,8491000000,8491000000
Roman Catholic Diocese of Leiria-Fátima,Patriarchate of Lisbon,Patriarchate of Lisbon,Patriarchate of Lisbon,1700000000,1700000000
Roman Catholic Diocese of Legnica,Roman Catholic Archdiocese of Wrocław,Roman Catholic Archdiocese of Wrocław,Roman Catholic Archdiocese of Wrocław,8500000000,8500000000
Roman Catholic Diocese of Legazpi,Roman Catholic Archdiocese of Caceres,Roman Catholic Archdiocese of Caceres,Roman Catholic Archdiocese of Caceres,2552000000,2552000000
Roman Catholic Diocese of Leeds,Roman Catholic Archdiocese of Liverpool,Roman Catholic Archdiocese of Liverpool,Roman Catholic Archdiocese of Liverpool,4075000000,4075000000
Roman Catholic Diocese of Le Puy-en-Velay,Roman Catholic Archdiocese of Clermont,Roman Catholic Archdiocese of Clermont,Roman Catholic Archdiocese of Clermont,5001000000,5001000000
Roman Catholic Diocese of Le Mans,Roman Catholic Archdiocese of Rennes,Roman Catholic Archdiocese of Rennes,Roman Catholic Archdiocese of Rennes,6244000000,6244000000
Roman Catholic Diocese of Le Havre,Roman Catholic Archdiocese of Rouen,Roman Catholic Archdiocese of Rouen,Roman Catholic Archdiocese of Rouen,1902000000,1902000000
Roman Catholic Diocese of León in Spain,Archdiocese of Oviedo,Archdiocese of Oviedo,Archdiocese of Oviedo,9620000000,9620000000
Roman Catholic Diocese of León in Nicaragua,Roman Catholic Archdiocese of Managua,Roman Catholic Archdiocese of Managua,Roman Catholic Archdiocese of Managua,9862000000,9862000000
Roman Catholic Diocese of Laval,Roman Catholic Archdiocese of Rennes,Roman Catholic Archdiocese of Rennes,Roman Catholic Archdiocese of Rennes,5175000000,5175000000
Roman Catholic Diocese of Latina-Terracina-Sezze-Priverno,Holy See,Holy See,Holy See,1371000000,1371000000
Roman Catholic Diocese of Latacunga,Roman Catholic Archdiocese of Quito,Roman Catholic Archdiocese of Quito,Roman Catholic Archdiocese of Quito,5093000000,5093000000
Roman Catholic Diocese of Lashio,Roman Catholic Archdiocese of Mandalay,Roman Catholic Archdiocese of Mandalay,Roman Catholic Archdiocese of Mandalay,30000000000,30000000000
