col0,col1,col2,col3,col4
Patera clarki nantahala,Patera clarki,Helicoidea,LT,ESA
Northern riffleshell,Epioblasma torulosa,Unionidae,CR,iucn2.3
Kanab ambersnail,Oxyloma haydeni,Succineidae,CR,IUCN2.3
Aaadonta fuscozonata fuscozonata,Aaadonta fuscozonata,Punctoidea,CR,IUCN3.1
Aaadonta fuscozonata depressa,Aaadonta fuscozonata,Punctoidea,CR,IUCN3.1
Aaadonta constricta komakanensis,Aaadonta constricta,Punctoidea,PE,IUCN3.1
Aaadonta constricta constricta,Aaadonta constricta,Punctoidea,CR,IUCN3.1
Aaadonta constricta babelthuapi,Aaadonta constricta,Punctoidea,CR,IUCN3.1
