col0,col1,col2,col3
Gymnostomum boreale,Pottiaceae,LR/lc,IUCN2.3
Gradsteinia torrenticola,Amblystegiaceae,VU,IUCN2.3
Geothallus,Sphaerocarpaceae,CR,IUCN3.1
Fulfordianthus evansii,Lejeuneaceae,VU,IUCN2.3
Frullania polysticta,Jubulaceae,LR/lc,IUCN2.3
Fissidens hydropogon,Fissidentaceae,CR,IUCN2.3
Distichophyllum carinatum,Hookeriaceae,EN,IUCN3.1
Caudalejeunea grolleana,Lejeuneaceae,EN,IUCN2.3
Calypogeia rhynchophylla,Calypogeiaceae,VU,IUCN2.3
Calymperastrum,Pottiaceae,P2,DECF
Bryoxiphium madeirense,Bryoxiphiaceae,EN,IUCN2.3
Bryopteris gaudichaudii,Lejeuneaceae,CR,IUCN2.3
Bruchia bolanderi,Bruchiaceae,G2,TNC
Bazzania bhutanica,Lepidoziaceae,CR,IUCN2.3
Aschisma kansanum,Pottiaceae,VU,IUCN2.3
Archidium elatum,Archidiaceae,NT,IUCN3.1
Anthoceros neesii,Anthocerotaceae,EN,IUCN2.3
Andrewsianthus ferrugineus,Scapaniaceae,EN,IUCN2.3
Ambuchanania,Ambuchananiaceae,VU,IUCN2.3
Aitchisoniella,Exormothecaceae,EN,IUCN3.1
Acritodon nephophilus,Hypnaceae,CR,IUCN3.1
