col0,col1,col2,col3,col4
Henric Horn af Åminne,Stockholm,Stockholm,1947-12-06,1880-03-12
H. v. Schaik,Delft,Vermont,1991-8-19,1899-7-24
H. Fath,Germany,Germany,1993-06-19,1929-05-24
H. Mörner,Gothenburg,Uppsala,1962-1-5,1895-5-8
H. Pollay,Koszalin,Munich,1979-3-14,1908-2-4
H. Fleischmann,Germany,Germany,1963-12-25,1914-02-02
H. F. Baker,Port Adelaide,Perth,1986-6-8,1904-07-29
H. v. Rosen,Stockholm,Norrköping,1952-9-2,1888-8-8
H. Bühler,Winterthur,Berg am Irchel,1967-6-1,1893-04-12
G. Bartusch,Freiberg,Hohenstein-Ernstthal,1971-7-8,1933-4-13
G. Marsovszky,Budapest,Geneva,2004-12-17,1936-1-3
G. Dyrsch,Stockholm,Stockholm,1974-05-07,1890-08-28
G. Paci,Servigliano,Imola,1983-04-10,1949-12-27
G. Leoni,Castellucchio,Ferrara,1951-5-6,1915-7-14
G. Knapp,Poland,Belgium,2014-06-22,1979-03-18
G. Adlercreutz,Stockholm,Strömsholm,1944-06-03,1898-08-16
G. Walker,England,New Forest District,1962-9-7,1896-08-04
G. Polak,Kladruby nad Labem,Vienna,1942-7-5,1883-1-13
G. Guasco,New South Wales,New South Wales,1970-11-16,1940-11-24
G. Parlotti,Zero Branco,Isle of Man,1972-6-9,1940-9-17
G. Leoni,Como,Belfast,1951-8-15,1915-3-1
G. G. Trissino,Italy,Italy,1963-12-22,1877-07-22
G. Newton,England,Devon,1984-1-1,1913-01-27
G. v. Braun,Skara,Stockholm,1972-08-23,1886-03-21
G. Wahl,Koźle,"Kirchberg, St. Gallen",2013-11-4,1920-2-21
G. Meier,Mühldorf,Munich,1999-02-19,1910-1-1
G. Mardon,Christchurch,Christchurch,2015-08-06,1927-11-24
G. Duke,Lancashire,Isle of Man,2015-05-01,1923-03-29
G. Nixon,Oklahoma,"Baltimore, Maryland",2011-08-05,1941-01-25
G. Hocking,Caerleon,Durban,1962-12-21,1937-09-30
G. Bartusch,Freiberg,Hohenstein-Ernstthal,1971-7-8,1933-4-13
F. Ito,Tokyo,Florida,1991-03-10,1939-10-10
F. Rosencrantz,Tomelilla,Malmo,1957-04-15,1879-10-26
F. Williams,Wales,England,2013-01-20,1926-03-12
F. Frith,Grimsby,Grimsby,1988-5-24,1909-5-30
F. Dixon,Stockton-on-Tees,Reigate,1956-11-04,1892-04-21
F. Wilkinson,Leicestershire,Leicestershire,1978-9-1,1906-06-08
F. Varey,England,England,1988-1-1,1908-03-31
F. Shuter,New Zealand,California,1997-07-12,1943-06-17
F. Perris,Canada,Isle of Wight,2015-03-17,1931-05-28
F. Martin,Stockholm,Stockholm,1962-08-28,1885-12-30
F. Frantz,"Roanoke, Illinois","Tulsa, Oklahoma",1941-03-09,1872-05-07
F. Arthur,"Lismore, New South Wales",New South Wales,1972-09-11,1908-12-12
F. Libanori,Milan,Milan,2006-7-11,1934-6-14
F. Sandström,Alingsås,Lidingö,1962-08-18,1892-09-27
F. Frölén,Eskilstuna,Umeå,2002-06-11,1908-02-25
F. Camathias,San Gallo,Kent,1965-10-10,1924-03-23
F. Anderson,London Borough of Croydon,Belgium,1956-05-06,1909-02-09
E. Kluge,Germany,Germany,1964-08-19,1909-01-19
E. Lindenbauer,Wels,Vienna,1961-4-22,1881-11-18
E. Hallberg,Falkenberg,"Klippan, Scania",1944-04-28,1894-01-05
E. Degner,Gliwice,"Arona, Tenerife",1983-9-10,1931-9-22
