col0,col1,col2,col3,col4
E. Lyons,Ireland,County Kildare,2014-02-07,1914-03-05
E. Langton,Leeds,Australia,2001-1-1,1907-09-27
E. Fernihough,United Kingdom,Budapest,1938-04-23,1905-02-17
E. Lorenzetti,Rome,Milan,1989-8-8,1911-1-4
E. Mendogni,Parma,Desio,2008-2-10,1932-5-13
Emanuele Beraudo di Pralormo,Pralormo,Pralormo,1960-10-11,1887-7-13
D. Romboni,Italy,Italy,2013-11-30,1968-12-08
D. Dale,England,Bonn,1961-04-30,1927-04-25
D. Minter,Kent,Kent,2015-01-02,1932-04-27
D. Keeter,United States,"Torrance, California",1975-05-01,1944-10-15
