col0,col1,col2,col3,col4
D. Jefferies,England,Isle of Man,2003-05-29,1972-09-18
D. Simmonds,London,Rungis,1972-10-23,1939-10-25
D. Mirra,"Chittenango, New York","Greenville, North Carolina",2016-02-04,1974-04-04
D. Ambrosini,Cesena,Albi,1951-7-14,1918-3-7
D. Rivas,Spain,"Salinas, California",2015-07-19,1988-03-13
D. Searls,"Umina Beach, New South Wales",Australia,2011-11-25,1988-02-22
D. Kato,"Saitama, Saitama","Yokkaichi, Mie",2003-4-20,1976-7-4
D. Nätterqvist,Stockholm,Färjestaden,2009-11-20,1922-06-20
C. Roger,England,England,2015-05-26,1921-12-27
"C. "". Burton",England,England,1990-6-1,1908-01-16
C. Julian,Fraddon,England,1997-05-17,1937-03-04
C. Green,Upwell,Walsoken,1874-02-26,1820-0-0
