col0,col1,col2,col3,col4
É. Bayol,France,1995-5-25,0,1914-2-28
X. Perrot,Switzerland,2008-12-8,0,1932-2-1
W. Brown,United States,1951-7-29,0,1911-12-30
T. Webb,United States,1990-1-27,0,1910-10-8
T. d. Graffenried,Switzerland,2007-1-22,0,1914-5-18
T. Bettenhausen,United States,1961-5-12,0,1916-9-12
T. Pryce,United Kingdom,1977-3-5,0,1949-6-11
S. Templeman,United States,1962-8-24,0,1919-8-12
S. Summers,United Kingdom,1961-6-1,0,1936-6-23
S. Hanks,United States,1994-6-27,1,1914-7-13
R. Nuckey,United Kingdom,2000-6-29,0,1929-6-26
R. Ward,United States,2004-7-5,1,1921-1-10
R. Slotemaker,Netherlands,1979-9-16,0,1929-6-13
R. Paletti,Italy,1982-6-13,0,1958-6-15
R. Rodríguez,Mexico,1962-11-1,0,1942-2-14
R. Parnell,1962 British Grand Prix,1964-1-7,0,1911-7-2
P. Levegh,France,1955-6-11,0,1905-12-22
P. Étancelin,1931 French Grand Prix,1981-10-13,0,1896-12-28
P. Hill,United States,2008-8-28,3,1927-4-20
P. Ryan,Canadians,1962-7-2,0,1940-6-10
P. Revson,American people,1974-3-22,2,1939-2-27
P. Gethin,1970 British Grand Prix,2011-12-5,1,1940-2-21
P. Broeker,Canada,1980-11-4,0,1926-5-15
P. O'Connor,United States,1958-5-30,0,1928-10-9
