col0,col1,col2,col3
Y. Canutt,1895-11-29,Enos Edward Canutt,1986
W. Bourque,1879-3-0,Wilfred Bourque,1909
R. King,1965-04-02,Rodney Glen King III,2012
R. Cowell,1918-04-08,Robert Marshall Cowell,2011
P. Ramirez,1933-01-19,José del Rosario Ramírez de Arellano,2009
N. White,1931-02-26,Nolan White,2002
M. A. Avanzo,1889-02-05,Maria Antonietta Avanzo,1977
L. Walters,1949-04-19,Lawrence Richard Walters,1993
L. Reventlow,1936-02-24,Lawrence Graf von Haugwitz-Hardenberg-Reventlow,1972
K. Andrews,1940-05-17,Kathleen Smith,2013
J. Marcelo,1965-04-20,Edward Jovy J. Marcelo,1992
J. Snyder,1909-03-10,James L. Snyder,1939
J. Keene,1923-10-20,Jean Marie Hodgdon,2009
I. Letham,1899-05-23,Isabel Ramsay Letham,1995
H. F. Baker,1904-07-29,Harry Frederick Baker,1987
F. Roberts,1900-02-12,Floyd Marion Roberts,1939
E. Eldridge,1897-07-18,Ernest Arthur Douglas Eldridge,1937
C. Merz,1888-07-06,Charles Cleveland Merz,1952
C. Parkhurst,1812-1-1,Charlotte Darkey Parkhurst,1879
B. Hickman,1921-01-25,William Hickman,1986
A. Laurel,1931-12-14,Arsenio Hidalgo Laurel,1967
A. King,1884-08-14,Anna Keppen,1963
A. M. II,1921-11-23,Albert Krulac,1978
