col0,col1,col2,col3,col4
"Los Altos, California",47,16801252,16801252,0
"Lompoc, California",32,30237000,30036092,201000
"Loma Linda, California",355,19468940,19466350,2000
"Livermore, California",150,65204000,65197770,7000
"Little River, California",20,4330460,4330460,0
"Lee Vining, California",2066,13519737,13514000,5179
"Lake Elsinore, California",395,107968834,93778289,14190000
"Laguna Niguel, California",121,38551000,38417293,134000
"La Honda, California",217,11038000,10999000,38849
"La Habra, California",91,19103752,19088000,15539
"Kings Beach, California",1905,8906969,8906969,0
"Kenwood, California",128,13371000,13371000,0
"Kensington, California",178,2476028,2452718,23309
"Keeler, California",1097,3372164,3372164,0
"Julian, California",1288,20302916,20302916,0
"Jenner, California",3,6209000,5464000,745000
"Irwindale, California",142,24897000,22859000,2038000
"Irvine, California",17,172115000,171213754,901000
"Ione, California",91,12379000,12341000,38849
"Imperial Beach, California",6,11616000,10776940,838000
"Huron, California",113,4120671,4120671,0
"Huntington Beach, California",11,82574000,69277001,13296998
"Hopland, California",153,9254000,9129000,124319
"Hercules, California",24,47083393,16070876,31012000
"Healdsburg, California",32,11561000,11543000,18000
"Hayward, California",32,165106562,117386000,47720530
"Hamilton City, California",46,807000,807000,0
"Half Moon Bay, California",22,16689883,16638083,51799
"Grayson, California",15,6601879,6601879,0
"Graton, California",32,4089591,4089591,0
"Goleta, California",6,20654000,20467000,186479
"Glen Ellen, California",77,5446744,5444155,2589
"Gilroy, California",60,41843847,41817948,25899
"Galt, California",14,15394889,15361219,33669
