col0,col1,col2,col3,col4
"Port Dickinson, New York",263,1900000,1700000,200000
Plattsburgh,42,17000000,13100000,3884982
"Pine Bush, New York",117,5400000,5400000,0
"Piermont, New York",28,2848986,1700000,1200000
"Paris, New York",395,81500000,81325626,100000
"Painted Post, New York",287,3366984,3300000,200000
"Oswego, New York",86,29007866,7700000,3600000
"Olcott, New York",82,13726936,11900000,1812991
"New Scotland, New York",202,151200000,150400000,776996
"New Baltimore, New York",209,111600000,107700000,3884982
"Morrisville, New York",410,3000000,3000000,0
"Montague, New York",549,169100000,168500000,517997
"Minoa, New York",125,3107985,3107985,0
"Mexico, New York",121,121703541,119838749,1864791
"Medusa, New York",245,17767318,17586019,181299
"Mamaroneck, New York",0,36259833,17093921,19165912
"Malta, New York",99,81300000,72519667,8700000
"Keene, New York",413,405600000,403900000,1800000
"Hume, New York",420,99300000,98160549,1035995
Herkimer,117,6474970,6215971,258998
"Hamburg, New York",223,107100000,107000000,100000
"Greenville, Orange County, New York",299,78994637,78400000,700000
"French Creek, New York",430,93960000,93910000,50000
"Fenner, New York",451,80548630,80548630,0
"Falconer, New York",384,2800000,2800000,0
"Easton, New York",167,163600000,161300000,2330989
"Eagle, New York",583,94534566,94200000,258998
"Duanesburg, New York",390,186600000,183300000,3200000
"Dobbs Ferry, New York",64,8200000,6215971,1812991
"Dexter, New York",85,1294994,1035995,200000
"Delanson, New York",249,1600000,1600000,0
