col0,col1,col2,col3,col4
"Dansville, Livingston County, New York",214,6100000,6100000,0
"Croton-on-Hudson, New York",49,27971871,12172944,15700000
"Cortland, New York",344,10140000,10090000,50000
"Cooperstown, New York",373,4661978,4143980,500000
"Coeymans, New York",447,137500000,129900000,7510965
"Clymer, New York",451,93700000,93400000,200000
"Clay, New York",114,126391419,124300000,2000000
"Claverack, New York",159,124200000,123200000,1000000
"Catharine, New York",485,85200000,83656615,1500000
"Castleton-on-Hudson, New York",46,2071990,2071990,0
"Carlton, New York",74,115254470,113182480,2071990
"Buffalo, New York",182,135974375,105153517,30800000
"Bridgeport, New York",118,4661978,4661978,0
"Brewerton, New York",117,8546960,8200000,400000
"Blooming Grove, New York",113,91426580,90131586,1294994
"Binghamton, New York",259,28852467,27168975,1683492
"Berne, New York",409,167700000,166018237,1553992
"Berlin, New York",292,155140287,154500000,700000
"Ava, New York",416,97600000,97500000,0
"Arietta, New York",688,853142083,822580223,30561859
"Woodland Park, New Jersey",106,8067812,7676000,391088
