col0,col1,col2,col3,col4
"West Orange, New Jersey",156,31522000,31198000,323748
"Warren Township, New Jersey",155,50877000,50678000,199000
"Trenton, New Jersey",14,21121353,19808229,1313000
"Tenafly, New Jersey",66,13426498,11916535,1509963
"Summit, New Jersey",113,15659068,15526978,132089
"Ridgewood, New Jersey",25,15068550,14897611,170939
"Ridgefield Park, New Jersey",17,4970187,4462549,507000
"Plainfield, New Jersey",28,15626000,15599000,27000
"Paterson, New Jersey",34,22543256,21828419,714836
"Newark, New Jersey",3,67616819,62644000,4972777
"Middlesex, New Jersey",11,9168557,9111000,56979
"Marlboro Township, New Jersey",57,78919527,78634629,284898
"Little Ferry, New Jersey",0,4409000,3822000,587000
"Knowlton Township, New Jersey",160,65601808,64099615,1502193
"Keyport, New Jersey",7,3804692,3613033,191659
"Jersey City, New Jersey",6,54596000,38316000,16280665
"Hawthorne, New Jersey",25,8712720,8635020,77699
"Fredon Township, New Jersey",252,46617000,45894589,722000
"Franklin Lakes, New Jersey",159,25503612,24291498,1214000
"Fair Lawn, New Jersey",21,13470528,13309948,160579
"Edison, New Jersey",11,79351000,77543000,1807811
"Branchburg, New Jersey",49,52521000,51912000,608647
"Woodsville, New Hampshire",138,2340000,2280000,50000
"Franklin, New Hampshire",94,75400000,70700000,4800000
"Plattsmouth, Nebraska",299,8050000,8028963,25899
"Orleans, Nebraska",612,1550000,1550000,0
"Aurora, Nebraska",545,7536865,7510000,25899
"Ashland, Nebraska",331,2926686,2848986,77699
"Wahpeton, North Dakota",294,13700000,13700000,0
"Pembina, North Dakota",237,1990000,1990000,0
"Frontier, North Dakota",276,490000,490000,0
"Brampton Township, Sargent County, North Dakota",398,94000000,93900000,100000
"Stillwater, Minnesota",212,20668105,18026317,2640000
"Spruce Grove Township, Becker County, Minnesota",470,92400000,92100000,258998
"Savage, Minnesota",220,42605304,40480000,2120000
"Redwood Falls, Minnesota",316,13930000,13597437,336698
"Red Lake Falls, Minnesota",316,5257675,5257675,0
"Park Rapids, Minnesota",438,17637819,17068021,569797
"New Ulm, Minnesota",274,26570000,25690000,880000
"Mankato, Minnesota",238,47290000,46386687,906495
"Hendricks, Minnesota",544,2538188,2486388,50000
"Fridley, Minnesota",262,28200000,26340000,1860000
"Faribault, Minnesota",302,40585113,39678617,906495
"Climax, Minnesota",263,2950000,2950000,0
"Victor Township, Michigan",242,93100000,87900000,5300000
"Three Rivers, Michigan",245,14659332,13985935,670000
"Somerset Township, Michigan",326,91944577,86400000,5697973
"Portland, Michigan",221,7200000,6837568,360000
"Port Sheldon Township, Michigan",181,58533731,57900000,776996
"Plainfield Township, Kent County, Michigan",202,94534566,90908582,3600000
"Paw Paw, Michigan",223,7485065,6915268,569797
"New Buffalo, Michigan",195,6550000,6470000,77699
"Muskegon, Michigan",188,46930000,36800000,10126853
"Muir, Michigan",199,1968390,1838891,129499
"Monroe, Michigan",181,26390000,23750000,2640000
"Maple Ridge Township, Delta County, Michigan",284,280236713,280236713,0
"Ludington, Michigan",180,9608855,8728259,880000
"London Township, Michigan",202,92900000,92462575,258998
"Lansing, Michigan",262,95000000,93369071,1630000
"Hillsdale, Michigan",341,16030000,15330000,699296
"Grant Township, Newaygo County, Michigan",245,93400000,92980573,400000
"Grandville, Michigan",184,19865208,18829213,1035995
"Grand Haven, Michigan",201,19060000,14940000,4118081
"Galien, Michigan",203,1087795,1087795,0
"Detroit Beach, Michigan",174,1700000,1553992,0
"Dafter Township, Michigan",202,124100000,123800000,300000
"Clayton Township, Genesee County, Michigan",232,88577593,88700000,0
"Cheboygan, Michigan",180,18129916,17610000,517997
"Burt Township, Cheboygan County, Michigan",181,90900000,51100000,39800000
"Blackman Charter Township, Michigan",294,82361621,82361621,0
"Benton Township, Cheboygan County, Michigan",220,161600000,151900000,9700000
"Benton Harbor, Michigan",180,12120000,11470000,647497
"Ada Township, Michigan",231,95829560,93400000,2500000
"St. Francis, Maine",377,78630000,77490000,1139594
"Allagash, Maine",334,340376237,333098370,7277866
"Weymouth, Massachusetts",27,55943743,44029797,11900000
"Taunton, Massachusetts",9,125400000,121000000,4400000
"Stoneham, Massachusetts",47,17352920,15900000,1500000
"Spencer, Massachusetts",281,88200000,85100000,3100000
"Pittsfield, Massachusetts",316,110000000,104800000,5200000
"Otis, Massachusetts",371,98500000,92100000,6500000
"Newburyport, Massachusetts",11,27400000,21700000,5697973
"Lowell, Massachusetts",31,37554827,35700000,2000000
"Lexington, Massachusetts",64,42734803,42475805,258998
"Hopkinton, Massachusetts",124,72900000,68800000,4143980
"Holland, Massachusetts",226,33900000,32100000,1800000
"Hancock, Massachusetts",322,92600000,92400000,200000
"Dedham, Massachusetts",36,27453873,27100000,500000
"Conway, Massachusetts",188,98100000,97600000,500000
"Cheshire, Massachusetts",293,71300000,69400000,1800000
"Carver, Massachusetts",28,102900000,96900000,6000000
"Bedford, Massachusetts",41,35900000,35482837,258998
"Ashfield, Massachusetts",379,104300000,103600000,700000
"Starke County, Indiana",217,808620187,800643024,7951263
"New Durham Township, LaPorte County, Indiana",252,93394971,93135972,258998
"Michigan City, Indiana",191,59207128,50737867,8469261
"Logansport, Indiana",192,23230000,22660000,569797
"Huntertown, Indiana",255,9867854,9840000,25899
"East Chicago, Indiana",180,41850000,36490000,5360000
"Burns Harbor, Indiana",185,17586019,17275220,310000
"South Holland, Illinois",183,18855113,18829213,51799
"Gladstone Township, Henderson County, Illinois",167,127272015,121315043,5956972
Chicago,181,606057217,588704297,17870917
"Barrington Township, Cook County, Illinois",269,93300000,90200000,3000000
"Afton Township, DeKalb County, Illinois",267,91063981,90934482,155399
"Turin, Iowa",320,230000,230000,0
"Swea City, Iowa",359,1916591,1916591,0
"Stratford, Iowa",338,4946877,4946877,0
"Rake, Iowa",352,2097890,2097890,0
"Keokuk, Iowa",174,27402074,23646591,3755482
"Johnston, Iowa",252,47578081,44440000,3130000
"Doon, Iowa",395,1476293,1476293,0
"Des Moines, Iowa",291,213930000,230301742,4480000
"Creston, Iowa",399,13597437,13440000,155399
"Clarinda, Iowa",317,13519737,13440000,77699
"Burlington, Iowa",185,39470000,37500000,1968390
"Wolcott, Connecticut",259,54600000,52835757,1800000
"Windsor, Connecticut",16,80200000,76400000,3800000
"Waterbury, Connecticut",82,75000000,73900000,1100000
"Torrington, Connecticut",164,104600000,103081526,1553992
"Thompson, Connecticut",142,126100000,121470442,4400000
"Scotland, Connecticut",82,48400000,48173778,0
"Preston, Connecticut",53,82361621,80000000,2200000
"Old Saybrook, Connecticut",11,55900000,38800000,17000000
"Old Lyme, Connecticut",6,74591657,59800000,14762932
"Norwich, Connecticut",17,76400000,73296663,2848986
"North Branford, Connecticut",63,69152682,64490703,4402979
"New Hartford, Connecticut",266,98678547,95829560,2848986
"Montville, Connecticut",78,114400000,108700000,5800000
"Monroe, Connecticut",159,68100000,67598689,500000
"Middletown, Connecticut",11,109556497,105900000,3625983
"Lisbon, Connecticut",99,42993802,42100000,1000000
"Harwinton, Connecticut",242,80500000,79512634,776996
"Hartland, Connecticut",161,89600000,85700000,3900000
"Guilford, Connecticut",17,128700000,121900000,6900000
"Farmington, Connecticut",49,74500000,72600000,2000000
"Eastford, Connecticut",199,75600000,74800000,776996
"East Haddam, Connecticut",148,146593327,140636354,5697973
"Lenox, New York",118,94275567,94275567,0
"Derby, Connecticut",31,13985935,12900000,1000000
