col0,col1,col2,col3,col4
"Danielson, Connecticut",67,3107985,2848986,258998
"Revere, Massachusetts",6,25899881,15280929,10600000
"Brunswick, Missouri",198,3237485,3107985,129499
"Weston, West Virginia",310,5179976,5050000,129499
"West Union, West Virginia",239,980000,930000,50000
"Welch, West Virginia",402,15640000,15565828,77699
"Wayne, West Virginia",212,1860000,1860000,0
"Spencer, West Virginia",227,3315184,3260000,50000
"South Charleston, West Virginia",183,22040000,19709809,2330000
"Smithers, West Virginia",192,1290000,1290000,0
"Sand Fork, West Virginia",224,906495,850000,50000
"Salem, West Virginia",320,3470000,3470000,0
"Ripley, West Virginia",187,8495161,8210000,280000
"Reedy, West Virginia",206,517997,517997,0
"Ravenswood, West Virginia",185,4920000,4739678,180000
"Point Pleasant, West Virginia",173,8028963,6215971,1810000
"Pineville, West Virginia",395,2175590,2070000,100000
"Petersburg, West Virginia",284,4195780,4195780,0
"Parsons, West Virginia",502,3107985,2870000,230000
"Parkersburg, West Virginia",187,31986353,30610000,1370000
"Oceana, West Virginia",384,3440000,3340000,100000
"Oak Hill, West Virginia",613,12665041,12639141,25899
"New Martinsville, West Virginia",189,7018867,6915268,100000
"Mullens, West Virginia",431,4790000,4660000,129499
"Mount Carbon, West Virginia",195,624187,385908,238278
"Montrose, West Virginia",605,1630000,1630000,0
"Middlebourne, West Virginia",224,980000,930000,50000
"Marmet, West Virginia",185,3650000,3289284,360000
"Marlinton, West Virginia",648,6550000,6319570,230000
"Man, West Virginia",224,3000000,2848986,155399
"Lumberport, West Virginia",281,1290000,1290000,0
"Logan, West Virginia",206,3210000,2978486,230000
"Lester, West Virginia",620,1290000,1290000,0
"Hinton, West Virginia",445,7847663,5749773,2097890
"Hendricks, West Virginia",523,880000,880000,0
"Harts, West Virginia",192,24086889,23800000,258998
"Harpers Ferry, West Virginia",149,1579892,1370000,207199
