col0,col1,col2,col3,col4
"Villa Rica, Georgia",346,37300000,36900000,400000
"Rome, Georgia",187,81900000,80100000,1900000
"Fargo, Georgia",34,7140000,7110000,30000
"Vero Beach, Florida",3,33488546,28671168,4791478
"Tarpon Springs, Florida",7,43511800,23568891,19942908
"Tampa, Florida",14,441851971,290300000,151514304
"Shady Hills, Florida",15,70965674,67800000,3107985
"St. Marks, Florida",3,4920977,4920977,0
"Port Richey, Florida",3,6992967,5438975,1553992
"Ponce Inlet, Florida",3,37813826,11136948,26676877
"Ormond Beach, Florida",2,101000000,82700000,18300000
"Orlando, Florida",24,286711683,265214782,21496901
"Land O' Lakes, Florida",22,54648749,48173778,6474970
"Keystone Heights, Florida",42,2880000,2850000,30000
"Jacksonville, Florida",4,2265203601,1934721118,330482482
"DeBary, Florida",17,56461740,49209774,7251966
"Daytona Beach, Florida",3,165189441,151281205,13908236
"Branford, Florida",13,2071990,2071990,0
"Apopka, Florida",39,85987605,82361621,3625983
"Apalachicola, Florida",3,6800000,5000000,1800000
"Milton, Delaware",3,3000000,2700000,258998
"Felton, Delaware",17,1553992,1553992,0
"Okolona, Arkansas",113,2000000,2000000,0
"Mammoth Spring, Arkansas",160,3600000,3500000,0
"Fort Smith, Arkansas",141,167313231,159802266,10000000
"Clarendon, Arkansas",53,4920977,4661978,258998
"Black Rock, Arkansas",95,8900000,8500000,400000
"Arkadelphia, Arkansas",74,18900000,18800000,100000
"Mooresville, Alabama",174,200000,200000,0
"Montgomery, Alabama",73,404530000,402430000,2090000
"Mobile, Alabama",3,412844104,305359598,107484506
"Langston, Alabama",192,21237902,12949940,8287961
"Killen, Alabama",185,4920977,4920977,0
"Jackson, Alabama",71,41000000,40500000,500000
"Henagar, Alabama",441,57800000,57700000,100000
"Helena, Alabama",127,44288796,44200000,0
"Demopolis, Alabama",36,32115852,31597854,517997
Iquitos,104,1213409429,783730402,341878430
Oslo,23,480760000,454080000,26680000
Oslo,23,480760000,454080000,26680000
Vienna,150,414650000,395260000,19390000
Vienna,150,414650000,395260000,19390000
Vienna,150,414650000,395260000,19390000
Amsterdam,-2,219320000,165760000,53560000
Lagos,41,1171280000,999600000,171680000
"Zanesville, Ohio",206,31440000,30480000,958295
"Yuma, Arizona",42,276351731,276200000,200000
"Yuba City, California",17,37958865,37756846,201000
"Yountville, California",29,3965271,3965271,0
"Yerington, Nevada",1338,22300000,22300000,0
"Yankton, South Dakota",369,21885399,21260000,620000
"Yakutat, Alaska",21,24509000000,19810819055,4695648444
"Yakima, Washington",324,71716770,70395876,1320000
"Wyckoff, New Jersey",100,17112051,16956652,155399
"Woodsville, New Hampshire",138,2340000,2280000,50000
"Woodside, California",117,30385740,30385740,0
"Woodland Park, New Jersey",106,8067812,7676000,391088
"Woodland, California",21,39634000,39634000,0
"Woodlake, California",134,7159000,5821000,1338000
"Woodburn, Oregon",60,13908236,13908236,0
"Wolcott, Connecticut",259,54600000,52835757,1800000
"Wiseman, Alaska",359,202278071,202278071,0
"Winkelman, Arizona",600,1812991,1812991,0
"Windsor, Connecticut",16,80200000,76400000,3800000
"Willow Springs, Missouri",387,9190000,9140000,50000
"Willow, Alaska",64,1794500000,1773623857,20719904
"Willits, California",423,7259736,7246786,12949
"Williamsport, Pennsylvania",157,24604887,23000000,1700000
"Willamina, Oregon",68,2486388,2380000,100000
"Wilkes-Barre, Pennsylvania",160,18600000,17700000,776996
"Wichita, Kansas",395,423696154,412559206,11136948
"Whittier, California",111,37000000,37000000,41000
"Whitestown, New York",138,70400000,70400000,0
"Whitesboro, New York",128,2800000,2800000,0
"White Plains, New York",64,25600000,25300000,300000
"White Cloud, Kansas",269,1890000,1890000,0
"White Bird, Idaho",481,180000,180000,0
"Wheeling, West Virginia",209,41465709,35715936,5749773
"Weymouth, Massachusetts",27,55943743,44029797,11900000
"Wethersfield, New York",569,93498570,92721574,700000
"Westville, New Jersey",7,3568000,2652000,916000
"Westport, Oklahoma",269,21900000,10300000,11600000
"Weston, West Virginia",310,5179976,5050000,129499
"Westmore, Vermont",356,97000000,89354589,7510965
"Westerlo, New York",348,151600000,149900000,1700000
"West Union, West Virginia",239,980000,930000,50000
"West Orange, New Jersey",156,31522000,31198000,323748
"West Linn, Oregon",32,20849404,19140000,1709392
"West Haverstraw, New York",32,3884982,3884982,0
"Wenatchee, Washington",237,20800000,20120000,699296
"Welch, West Virginia",402,15640000,15565828,77699
"Weiser, Idaho",648,8750000,8750000,0
"Weed, California",1043,12417000,12405000,12000
"Waynesville, Missouri",245,16705423,16627723,77699
"Wayne, West Virginia",212,1860000,1860000,0
"Wawarsing, New York",366,346700000,338511446,8028963
"Wausau, Wisconsin",367,51900000,48639976,3260000
"Watsonville, California",8,17567889,17319000,248638
"Watsontown, Pennsylvania",146,2330989,1800000,517997
"Watkins Glen, New York",141,5697973,4800000,1000000
"Waterview, Maryland",2,1282044,1269094,12949
"Waterbury, Connecticut",82,75000000,73900000,1100000
"Washougal, Washington",24,16316925,14037735,2279189
"Washingtonville, New York",92,6474970,6474970,0
"Washington Township, Lycoming County, Pennsylvania",441,125614423,125700000,0
"Warrenton, Oregon",2,45739190,33070000,12665041
"Warren Township, New Jersey",155,50877000,50678000,199000
"Warren Township, Belmont County, Ohio",394,91300000,90400000,1000000
"Walnut Grove, California",3,28292000,26419000,1872000
"Wallula, Washington",128,258998,258998,0
"Waldport, Oregon",3,7820000,7170000,647497
"Wainwright, Alaska",7,109900000,45500000,64490703
"Wahpeton, North Dakota",294,13700000,13700000,0
"Voorheesville, New York",103,5438975,5438975,0
"Visalia, California",100,93928000,93876000,51200
"Virginia Beach, Virginia",3,1287224090,644907039,642317051
"Villa Rica, Georgia",346,37300000,36900000,400000
Vienna,150,414650000,395260000,19390000
"Victor Township, Michigan",242,93100000,87900000,5300000
"Victor, New York",233,93100000,92980573,25899
"Victor, Idaho",1894,8909559,8909559,0
"Veteran, New York",398,99600000,99300000,400000
"Vero Beach, Florida",3,33488546,28671168,4791478
"Vancouver, Washington",52,129136807,120330000,8805959
"Van Buren, Missouri",143,5179976,5179976,0
"Valley Ford, California",15,6842000,6842000,0
"Vallejo, California",21,128204411,79253636,48691776
"Vale, Oregon",683,2950000,2950000,0
"Valdez, Alaska",29,717600000,574900000,142700000
"Utopia, Texas",415,7600000,7600000,0
"Upper Pittsgrove Township, New Jersey",39,104857000,104449000,408000
"Unity, Oregon",1231,1680000,1657592,25899
"Unalakleet, Alaska",2,13208939,7400000,5900000
"Umpqua, Oregon",98,1812991,1800000,100000
"Umatilla, Oregon",98,11990000,11447747,540000
"Ugashik, Alaska",9,644100000,605798219,38072825
"Tyre, New York",131,85728606,77958642,7700000
"Twin Bridges, Montana",1410,2486388,2486388,0
"Turin, Iowa",320,230000,230000,0
"Tunkhannock Township, Wyoming County, Pennsylvania",291,82879619,80548630,2330989
"Tulare, California",88,54431190,54211041,220148
"Truckee, California",1773,87162000,83713000,3449000
"Troy, Montana",548,2020000,1968390,50000
"Troutdale, Virginia",953,8028963,8028963,0
"Troutdale, Oregon",9,15590000,15380000,207199
"Tropic, Utah",1922,21755900,21700000,0
"Trenton, New Jersey",14,21121353,19808229,1313000
"Traver, California",88,2183359,2183359,0
"Tracy, California",15,57339746,56987000,352000
"Touchet, Washington",135,3100000,3100000,0
"Torrington, Connecticut",164,104600000,103081526,1553992
"Tonkawa, Oklahoma",299,14500000,14500000,0
Tonawanda,174,10600000,9800000,776996
"Togiak, Alaska",0,586000000,115000000,470900000
"Tillamook, Oregon",7,4400000,4400000,0
Thunder Bay,199,447500000,328240000,119000000
"Three Rivers, Michigan",245,14659332,13985935,670000
"Three Rivers, Massachusetts",99,8800000,8287961,500000
"Thompson Falls, Montana",779,4480000,4480000,0
"Thompson, Connecticut",142,126100000,121470442,4400000
"The Dalles, Oregon",33,17119821,16446424,670000
"Terry, Montana",686,1838891,1838891,0
"Terminous, California",-2,2530418,2530418,0
"Terlingua, Texas",881,28500000,28500000,0
"Tenafly, New Jersey",66,13426498,11916535,1509963
"Temecula, California",309,78132171,78090731,41439
"Teller, Alaska",0,5438975,4920977,500000
"Taunton, Massachusetts",9,125400000,121000000,4400000
"Tarpon Springs, Florida",7,43511800,23568891,19942908
"Tanana, Alaska",63,40300000,29900000,10359952
"Tampa, Florida",14,441851971,290300000,151514304
"Taholah, Washington",2,5179976,4400000,776996
"Syracuse, New York",115,66400000,65000000,1400000
"Sylvan Beach, New York",113,2000000,1812991,0
"Sweet Home, Oregon",163,14890000,13726936,1165494
"Swea City, Iowa",359,1916591,1916591,0
"Susitna, Alaska",10,411290111,409736119,1553992
"Superior, Montana",841,3030000,2719487,310000
"Sunset Bay, New York",176,1800000,1700000,100000
"Sunriver, Oregon",1269,23200000,22900000,400000
"Sunol, California",81,71908429,71874000,33669
"Sunnyvale, California",38,58764240,56946068,1818000
