col0,col1,col2,col3,col4
"Sunbury, Pennsylvania",137,5697973,5438975,258998
"Sumpter, Oregon",1349,5646174,5646174,0
"Summit, New Jersey",113,15659068,15526978,132089
"Sultan, Washington",32,8158462,8158462,0
"Sublimity, Oregon",167,2408688,2408688,0
"Stratton, Vermont",975,121470442,120100000,1294994
"Stratford, Iowa",338,4946877,4946877,0
"Stonyford, California",360,7503195,7503195,0
"Stoneham, Massachusetts",47,17352920,15900000,1500000
"Stockton, California",3,167708000,159723000,7984933
"Stockport, New York",39,34100000,30200000,3900000
"Stockbridge, New York",192,82000000,82000000,0
"Stillwater, Pennsylvania",216,8170000,8060000,110000
"Stillwater, Minnesota",212,20668105,18026317,2640000
"Sterling, Kansas",499,4428879,4325280,100000
"Starke County, Indiana",217,808620187,800643024,7951263
"Starbuck, Washington",192,540000,540000,0
"Stanley, Idaho",1905,1605792,1579892,25899
"St. Paul, Oregon",51,750000,750000,0
"St. Marys, West Virginia",189,2640000,2640000,0
"St. Marks, Florida",3,4920977,4920977,0
"St. Joseph, Michigan",192,12430000,8339761,4090000
"St. Helens, Oregon",11,14270000,11730000,2538188
"St. Helena, California",77,13019000,12913000,106000
"St. George, Utah",871,168000000,162200000,1200000
"St. Francis, Maine",377,78630000,77490000,1139594
"St. Anthony, Idaho",1513,4010000,3960000,50000
"Spruce Grove Township, Becker County, Minnesota",470,92400000,92100000,258998
"Springville, California",312,10877950,10833920,44000
"Springfield Township, LaPorte County, Indiana",202,86531502,86220704,310798
"Springfield, Oregon",138,40790000,40766412,25899
"Spokane, Washington",561,155450000,153456795,1990000
"Spencer, West Virginia",227,3315184,3260000,50000
"Spencer, Massachusetts",281,88200000,85100000,3100000
"Spaulding Township, Michigan",180,70900000,68800000,2071990
"Spanish Lake, Missouri",164,19424910,19100000,400000
"South Lake Tahoe, California",1901,43001572,26316869,16684703
"South Holland, Illinois",183,18855113,18829213,51799
"South Gate, California",35,19044000,18741153,303000
"South Charleston, West Virginia",183,22040000,19709809,2330000
"Sonoma, California",25,7101747,7101747,0
"Somerset Township, Michigan",326,91944577,86400000,5697973
"Solon Springs, Wisconsin",341,5956972,4066281,1890000
"Solomons, Maryland",0,6000000,5200000,900000
"Solomon, Kansas",356,2200000,2200000,0
"Soledad, California",57,11825000,11432000,393000
"Solana Beach, California",21,9386000,9115000,269358
"Soda Springs, Idaho",1759,11888045,11758546,129499
"Socorro, New Mexico",1402,37295828,37295828,100000
"Smithville, Ohio",324,3237485,3210000,25899
"Smithfield, New York",402,62936711,62936711,0
"Smithers, West Virginia",192,1290000,1290000,0
"Smith River, California",15,10321000,10282252,38000
"Sleepy Hollow, New York",27,13200000,5900000,7251966
"Skagway, Alaska",10,1200000000,1170000000,30000000
"Sitka, Alaska",7,12460432798,7433265876,5027166922
"Silverton, Oregon",76,8987258,8880000,100000
"Shullsburg, Wisconsin",298,2870000,2870000,0
"Shrewsbury, Vermont",537,130000000,129600000,258998
"Shreveport, Louisiana",43,312900000,272900000,40000000
"Shickshinny, Pennsylvania",156,1300000,1200000,100000
"Shiawassee Township, Michigan",252,95570561,95052563,500000
"Shell Lake, Wisconsin",377,26417878,15047830,11370000
"Sheboygan Falls, Wisconsin",200,14010000,13675137,336698
"Shandaken, New York",410,310280575,310280575,0
"Shady Hills, Florida",15,70965674,67800000,3107985
"Seward, Alaska",0,55684744,37295828,18388915
"Sevierville, Tennessee",275,51799762,51500000,258998
"Severn, Maryland",49,45900000,45900000,0
"Seligman, Missouri",467,3237485,3237485,0
"Selawik, Alaska",0,8805959,6474970,2300000
"Seguin, Texas",159,49700000,49209774,400000
"Sebastopol, California",24,4799000,4799000,0
"Seaside, Oregon",5,10720000,10200000,517997
"Sea Ranch, California",32,41906007,41797228,108779
"Scranton, Pennsylvania",227,65889297,65330000,543897
"Scotland, Connecticut",82,48400000,48173778,0
"Scipio Township, Meigs County, Ohio",257,97000000,97000000,0
"Scio, Oregon",96,980000,980000,0
"Scarsdale, New York",66,17093921,17093921,0
"Scappoose, Oregon",18,7120000,7120000,0
"Sayre, Pennsylvania",235,5270000,5240000,40000
"Savage, Minnesota",220,42605304,40480000,2120000
Saugerties,46,5900000,4661978,1035995
"Saratoga, California",128,32069232,32069232,0
"Santa Rosa, California",49,107481000,106950000,530947
"Santa Ana, California",35,71271000,70628000,642317
"Sandy Township, Tuscarawas County, Ohio",346,62600000,62600000,0
"Sand Lake, New York",250,93498570,91167581,2330989
"Sand Fork, West Virginia",224,906495,850000,50000
"San Rafael, California",13,58072713,42657000,15415609
"San Pablo, California",15,6822000,6822000,0
"San Marcos, Texas",188,78600000,78300000,300000
"San Leon, Texas",3,13400000,12600000,700000
"San Jose, California",25,466109000,457200241,8906969
"San Gregorio, California",20,43252801,43252801,0
"San Carlos, California",10,14350000,14343000,7000
"San Andreas, California",309,21740360,21698920,41000
"Salmon Creek, California",14,2885246,2885246,0
"Salmon, Idaho",1202,6138271,6030000,100000
"Salem, West Virginia",320,3470000,3470000,0
"Salem, Oregon",46,125480000,124060000,1420000
"Sacramento, California",9,259270759,253598685,5672073
"Sabinal, Texas",291,3100000,3100000,0
"Rush Valley, Utah",1537,47396782,47396782,0
"Rupert, Pennsylvania",155,2400000,2300000,100000
"Ruby, Alaska",75,19600000,19600000,0
"Ross, California",10,4030021,4030021,0
"Rosman, North Carolina",672,1035995,1035995,0
"Rosedale, Maryland",6,18388915,17800000,517997
"Roseburg, Oregon",160,26417878,25925780,490000
"Rose Township, Carroll County, Ohio",302,91980000,91930000,50000
"Rose Lodge, Oregon",54,24800000,24800000,0
"Rome, Georgia",187,81900000,80100000,1900000
"Rollin Township, Michigan",317,93700000,87800000,5900000
"Rohnert Park, California",32,18149000,18136000,12949
"Rogue River, Oregon",306,2510000,2510000,0
"Rodeo, California",4,11996824,9704685,2291000
"Rocky River, Ohio",210,14529833,12276543,2250000
"Rockville, Maryland",137,35146138,34990000,155399
"Roan Mountain, Tennessee",786,17093921,17093921,0
"Ripon, California",21,14231984,13739000,492097
"Ripley, West Virginia",187,8495161,8210000,280000
"Riggins, Idaho",555,1165494,1110000,50000
"Rifton, New York",54,3100000,3100000,0
"Ridgewood, New Jersey",25,15068550,14897611,170939
"Ridgefield Park, New Jersey",17,4970187,4462549,507000
"Ridgefield, Washington",34,18596114,18337115,258998
"Richmond, New York",253,114736473,109815495,4900000
"Richmond, California",14,135922576,77875000,58046813
"Richland, Washington",117,101290000,92510000,8780000
"Richland, Oregon",680,207199,207199,0
"Richland, New York",117,155600000,148100000,7510965
"Rexburg, Idaho",1482,25485483,25278283,207199
"Revere, Massachusetts",6,25899881,15280929,10600000
"Reedy, West Virginia",206,517997,517997,0
"Reedsport, Oregon",3,5980000,5309475,670000
"Redwood Falls, Minnesota",316,13930000,13597437,336698
"Redwood City, California",6,89677000,50297000,39380000
"Redway, California",163,3291874,3237485,54389
"Red Lake Falls, Minnesota",316,5257675,5257675,0
"Ravenswood, West Virginia",185,4920000,4739678,180000
"Raleigh, North Carolina",96,375000000,369000000,2500000
"Rake, Iowa",352,2097890,2097890,0
"Radford, Virginia",640,26417878,25640882,776996
"Quinhagak, Alaska",4,13600000,12100000,1500000
"Quemado, Texas",238,258998,258998,0
"Prudhoe Bay, Alaska",9,1445213365,1078100000,367200000
"Provo, Utah",1387,114400000,107900000,6500000
"Providence, Rhode Island",22,53353755,47914780,5438975
"Prineville, Oregon",874,28280000,28280000,0
"Priest River, Idaho",651,9945554,9557056,388498
"Preston, Idaho",1437,17249320,17220000,25899
"Preston, Connecticut",53,82361621,80000000,2200000
"Presidio, Texas",786,6700000,6700000,0
"Prescott, Wisconsin",217,7666364,6708069,958295
"Prattsburgh, New York",591,133902385,133900000,0
"Powhattan, Kansas",366,360000,360000,0
"Powhatan Point, Ohio",207,4220000,3807282,410000
"Portola Valley, California",139,23550761,23547000,2589
"Portland, Oregon",15,375548275,344468418,30000000
"Portland, Michigan",221,7200000,6837568,360000
"Portage Township, St. Joseph County, Indiana",219,90131586,88980000,1150000
"Port Sheldon Township, Michigan",181,58533731,57900000,776996
"Port Richey, Florida",3,6992967,5438975,1553992
"Port Orford, Oregon",17,4169880,4040000,129499
"Port Heiden, Alaska",28,133000000,131300000,1700000
"Port Dickinson, New York",263,1900000,1700000,200000
"Ponce Inlet, Florida",3,37813826,11136948,26676877
"Ponce, Puerto Rico",15,501421698,297330635,204091063
"Point of Rocks, Maryland",76,2850000,2850000,0
