col0,col1,col2,col3,col4
"Coral Gables, Florida",5422200,96200000,34000000,-4
"Cook County, Illinois",9522434,4234630560,1787091796,-5
"Columbus, Ohio",2021632,577850000,15380000,-4
Cleveland,2064725,213596319,12350000,−4
Cincinnati,2137406,206007654,4140000,-4
Chicago,9551031,606057217,17870917,-5
"Chesapeake, Virginia",1672319,909085826,25899881,-4
"Brownsville, Texas",420392,378900000,36100000,-5
"Bridgeport, Connecticut",939904,50200000,8800000,-4
Boston,4628910,232140000,106730000,-4
"Bloomington, Indiana",175506,60500000,517997,-4
Baltimore,2797407,238537904,28748868,-4
"Albuquerque, New Mexico",907301,490900000,4700000,-6
