col0,col1,col2,col3,col4
"Pittsgrove Township, New Jersey",32,118919304,116764433,2154870
"Pittsfield, Massachusetts",316,110000000,104800000,5200000
"Pinole, California",7,35159088,13786506,21372000
"Pineville, West Virginia",395,2175590,2070000,100000
"Pineville, Missouri",274,8050000,8050000,0
"Pinehurst, Idaho",677,2719487,2719487,0
"Pine Bush, New York",117,5400000,5400000,0
"Pinconning Township, Michigan",184,108700000,95000000,13700000
"Pilot Rock, Oregon",498,3807282,3755482,50000
"Pillow, Pennsylvania",166,1280000,1280000,0
"Piermont, New York",28,2848986,1700000,1200000
"Philo, California",100,5275000,5275000,0
Philadelphia,11,366742316,347300000,19400000
Phelps,159,3000000,3000000,0
"Petersburg, West Virginia",284,4195780,4195780,0
