col0,col1,col2,col3,col4
"Petaluma, California",9,37526337,37249000,277128
"Peru, Vermont",502,96700000,96400000,300000
"Perry, Kansas",259,1990000,1990000,0
"Pennsville Township, New Jersey",4,63682627,55107177,8575000
"Pembina, North Dakota",237,1990000,1990000,0
"Pecos, New Mexico",2110,4402979,4402979,0
"Payette, Idaho",655,9997354,9970000,25899
"Pawtucket, Rhode Island",10,23309892,22532896,700000
"Paw Paw, Michigan",223,7485065,6915268,569797
"Paulden, Arizona",1343,162600000,162392254,200000
"Paterson, New Jersey",34,22543256,21828419,714836
"Pateros, Washington",245,1269094,1269094,0
"Patagonia, Arizona",1235,3300000,3300000,0
"Parsons, West Virginia",502,3107985,2870000,230000
"Parkersburg, West Virginia",187,31986353,30610000,1370000
"Park Rapids, Minnesota",438,17637819,17068021,569797
"Paris, New York",395,81500000,81325626,100000
"Palo Alto, California",9,66787000,61858000,4928747
"Palmer, Alaska",71,9700000,9700000,0
"Paintsville, Kentucky",187,13726936,13726936,0
"Painted Post, New York",287,3366984,3300000,200000
"Pacifica, California",24,32789000,32784000,5000
"Pacific City, Oregon",3,9841954,9582956,258998
"Pacheco, California",22,1916591,1916591,0
"Owyhee, Nevada",1645,585100000,583500000,1600000
"Ovid Township, Clinton County, Michigan",227,93200000,92800000,400000
"Ouray, Colorado",2375,2071990,2071990,0
"Otsego, New York",413,149600000,140377355,9300000
"Otis, Massachusetts",371,98500000,92100000,6500000
"Osyka, Mississippi",81,2589988,2589988,0
"Oswego, New York",86,29007866,7700000,3600000
Oslo,23,480760000,454080000,26680000
"Osceola, Missouri",228,2430000,2356889,77699
"Orting, Washington",57,7250000,7070000,180000
"Oroville, California",50,33698335,33651715,46619
"Ormond Beach, Florida",2,101000000,82700000,18300000
"Orleans, Vermont",363,1800000,1800000,0
"Orleans, Nebraska",612,1550000,1550000,0
"Orlando, Florida",24,286711683,265214782,21496901
"Orinda, California",150,32887000,32848000,38849
"Orick, California",7,12561000,12291000,269358
"Oregon City, Oregon",42,24060000,23439392,620000
"Orchards, Washington",68,14000000,14000000,0
"Orangetown, New York",28,81200000,62600000,18600000
"Oneida, Kentucky",237,5428615,5291345,137269
"Oma, Wisconsin",537,201242076,193472111,7769964
"Olive Township, Meigs County, Ohio",253,102500000,100700000,1800000
"Olive, New York",214,168608225,151900000,16800000
"Old Saybrook, Connecticut",11,55900000,38800000,17000000
"Old Lyme, Connecticut",6,74591657,59800000,14762932
"Old Forge, Lackawanna County, Pennsylvania",223,9064958,9064958,0
"Olcott, New York",82,13726936,11900000,1812991
"Okolona, Arkansas",113,2000000,2000000,0
"Oceanside, Oregon",45,2589988,2589988,0
"Oceanside, California",20,109230158,106798000,2431998
"Oceana, West Virginia",384,3440000,3340000,100000
"Occidental, California",181,12861880,12861880,0
"Oberlin, Kansas",780,4946877,4946877,0
"Oakridge, Oregon",377,5697973,5438975,258998
"Oakland, California",13,202024000,144485000,57539175
"Oakhurst, California",693,15555468,15537000,18129
"Oakdale, California",47,15784000,15655000,129000
"Oak Hill, West Virginia",613,12665041,12639141,25899
"Nuiqsut, Alaska",7,23827890,23827890,0
"Novato, California",9,72407000,71068000,1339000
"Norwich, Connecticut",17,76400000,73296663,2848986
"Northway Junction, Alaska",516,22200000,21900000,258998
"North San Juan, California",662,6272000,6272000,0
"North Powder, Oregon",992,1657592,1657592,0
"North Platte, Nebraska",854,34679940,34187843,490000
"North Branford, Connecticut",63,69152682,64490703,4402979
"Nondalton, Alaska",79,22700000,21600000,1000000
"Nome, Alaska",6,55900000,32374851,23500000
Newport,208,19683909,15539928,4100000
"Newport, Oregon",40,27427974,23439392,3988581
"Newman, California",27,5444000,5444000,0
"Newburyport, Massachusetts",11,27400000,21700000,5697973
"Newark, New Jersey",3,67616819,62644000,4972777
"New Ulm, Minnesota",274,26570000,25690000,880000
"New Scotland, New York",202,151200000,150400000,776996
"New Meadows, Idaho",1178,1370000,1346793,25899
"New Martinsville, West Virginia",189,7018867,6915268,100000
"New Hartford, Connecticut",266,98678547,95829560,2848986
"New Durham Township, LaPorte County, Indiana",252,93394971,93135972,258998
"New Castle, New York",170,60605721,60000000,700000
"New Cambria, Kansas",363,569797,569797,0
"New Buffalo, Michigan",195,6550000,6470000,77699
"New Braunfels, Texas",192,116400000,115100000,1300000
"New Bern, North Carolina",3,76900000,73100000,3700000
"New Berlin, Texas",174,7251966,7251966,0
"New Baltimore, New York",209,111600000,107700000,3884982
"Neodesha, Kansas",246,3600000,3496483,100000
"Nenana, Alaska",106,15798927,15539928,100000
"Nelsonville, Ohio",206,12949940,12665041,280000
"Nehalem, Oregon",3,620000,620000,0
"Needles, California",150,81001878,79792353,1209000
"National City, California",20,23609000,18847000,4762000
"Napa, California",6,47000000,46202797,797000
"Nanticoke, Pennsylvania",212,9323957,9064958,258998
"Nahma Township, Michigan",205,489200000,430456023,58533731
"Myrtle Point, Oregon",39,4195780,4169880,25899
"Myrtle Creek, Oregon",201,6500000,6500000,0
"Muskegon, Michigan",188,46930000,36800000,10126853
"Murray, Utah",1310,24863885,24863885,0
"Munson Township, Geauga County, Ohio",369,67080692,66200000,776996
"Muncy Township, Lycoming County, Pennsylvania",156,40800000,40403814,400000
"Muncy Creek Township, Lycoming County, Pennsylvania",160,53612753,52058761,1500000
"Mullens, West Virginia",431,4790000,4660000,129499
"Muleshoe, Texas",1156,8805959,8805959,0
"Muir Beach, California",95,1276000,1276000,0
"Muir, Michigan",199,1968390,1838891,129499
"Mud Lake, Idaho",1459,410000,410000,0
"Moyie Springs, Idaho",675,3936781,3936781,0
"Mountlake Terrace, Washington",138,10800000,10515351,280000
"Mountain View, California",32,31786924,31066907,720000
"Mountain Mesa, California",804,2152280,2152280,0
"Mount Vernon, Maryland",2,41180810,33928844,7200000
"Mount Pleasant Township, Wayne County, Pennsylvania",434,149000000,146000000,2800000
Mount Morris,192,5179976,5179976,0
"Mount Holly, Vermont",515,128400000,127400000,1000000
"Mount Forest Township, Michigan",205,93040000,93010000,30000
"Mount Carbon, West Virginia",195,624187,385908,238278
"Mount Calm, Texas",184,2071990,2071990,0
"Mount Airy, Maryland",238,10700000,10670000,30000
"Morton, Washington",288,2149690,2120000,25899
"Morrisville, New York",410,3000000,3000000,0
"Morgan Hill, California",106,33363000,33363000,0
"Moreland Township, Lycoming County, Pennsylvania",365,61900715,61900715,0
"Moosic, Pennsylvania",249,17093921,16834922,258998
"Moorpark, California",156,33149000,32579460,569000
"Mooresville, Alabama",174,200000,200000,0
"Mooreland, Indiana",346,360000,360000,0
"Moore, Texas",202,15800000,15800000,0
"Montville, Connecticut",78,114400000,108700000,5800000
"Montrose, West Virginia",605,1630000,1630000,0
"Montoursville, Pennsylvania",163,10800000,10359952,300000
"Montgomery, Alabama",73,404530000,402430000,2090000
"Monte Rio, California",13,5119000,4930000,189000
"Montague, New York",549,169100000,168500000,517997
"Monroe, Washington",21,15820000,15669428,155399
"Monroe, Michigan",181,26390000,23750000,2640000
"Monroe, Connecticut",159,68100000,67598689,500000
"Mono City, California",2062,14048000,14048000,0
"Monmouth, Oregon",65,5800000,5800000,0
"Mobile, Alabama",3,412844104,305359598,107484506
"Minoa, New York",125,3107985,3107985,0
"Minerva, Ohio",321,5775673,5775673,0
"Minden, Nevada",1439,11100000,11100000,0
"Milwaukie, Oregon",13,12560000,12480000,77699
"Milton-Freewater, Oregon",326,5150000,5150000,0
"Milton, Pennsylvania",153,9700000,9000000,700000
"Milton, Delaware",3,3000000,2700000,258998
"Milpitas, California",6,35328000,35200000,128000
"Millville, California",155,21271572,20839000,432528
"Millstone Township, New Jersey",67,96539000,94767000,1771551
"Millington, Maryland",6,1787091,1735292,50000
"Millersport, Ohio",274,2330000,2250000,77699
"Millersburg, Pennsylvania",131,1970000,1970000,0
"Mill Village, Pennsylvania",367,2380000,2380000,0
"Miles City, Montana",722,8650000,8650000,0
"Middletown, Connecticut",11,109556497,105900000,3625983
"Middlesex, New Jersey",11,9168557,9111000,56979
"Middleport, Ohio",173,4920000,4660000,258998
"Middlebury, New York",479,92462575,92400000,0
"Middlebourne, West Virginia",224,980000,930000,50000
"Michigan City, Indiana",191,59207128,50737867,8469261
"Mexico, New York",121,121703541,119838749,1864791
"Mendota, California",53,8497750,8489981,7769
"Mendocino, California",46,19217711,5845603,13372108
"Mehama, Oregon",192,1294994,1200000,0
"Medusa, New York",245,17767318,17586019,181299
"Medford, Oregon",421,66666293,66640000,25899
"Mecca, California",-57,18023000,18023000,0
"McMinnville, Oregon",47,27400000,27400000,0
"Maupin, Oregon",409,3755482,3625983,129499
"Martinez, California",7,34019000,31419145,2600000
"Marshfield, Missouri",455,13027640,13027640,0
"Marshall, Virginia",208,7490000,7470000,20000
"Marshall, Alaska",35,12172944,12172944,0
"Marmet, West Virginia",185,3650000,3289284,360000
"Marlinton, West Virginia",648,6550000,6319570,230000
"Marlboro Township, New Jersey",57,78919527,78634629,284898
"Marion, Kansas",399,7740000,7718164,25899
"Marina, California",13,25286053,23006864,2279189
"Maricopa, California",269,3890000,3890000,0
"Marblemount, Washington",96,6400000,6100000,258998
"Marana, Arizona",606,313600000,312611564,1812991
"Maple Ridge Township, Delta County, Michigan",284,280236713,280236713,0
"Manton, California",612,45899769,45832429,67000
"Mansfield, Connecticut",195,117800000,115200000,2589988
"Mankato, Minnesota",238,47290000,46386687,906495
"Manhattan, Kansas",310,48665876,48588176,77699
