col0,col1,col2,col3,col4
"Man, West Virginia",224,3000000,2848986,155399
"Mammoth Spring, Arkansas",160,3600000,3500000,0
"Mamaroneck, New York",0,36259833,17093921,19165912
"Malta, New York",99,81300000,72519667,8700000
"Malibu, California",32,51354000,51242000,111369
"Malad City, Idaho",1387,4299380,4299380,0
"Madison, Kansas",334,1579892,1579892,0
"Lyle, Washington",61,8800000,8800000,0
"Lumberport, West Virginia",281,1290000,1290000,0
"Ludington, Michigan",180,9608855,8728259,880000
"Lucas Valley-Marinwood, California",188,14832000,14832000,0
"Lubbock, Texas",992,320000000,317040000,2960000
"Lowell, Oregon",226,3080000,2250000,828796
"Lowell, Massachusetts",31,37554827,35700000,2000000
"Lovell, Wyoming",1167,2848986,2848986,0
"Louisiana, Missouri",148,8857759,8106662,750000
"Louisa, Kentucky",178,3600000,3366984,0
"Loudonville, Ohio",294,6785768,6730000,50000
"Lostine, Oregon",975,776996,776996,0
"Los Altos Hills, California",89,22797000,22797000,0
"Los Altos, California",47,16801252,16801252,0
"Lorain, Ohio",185,62520000,61305018,1217294
"Longview, Washington",6,38305924,37528927,776996
"Londonderry, Vermont",583,92900000,92400000,500000
"London Township, Michigan",202,92900000,92462575,258998
"Lompoc, California",32,30237000,30036092,201000
"Loma Linda, California",355,19468940,19466350,2000
"Logansport, Indiana",192,23230000,22660000,569797
"Logan, West Virginia",206,3210000,2978486,230000
"Logan, Utah",1381,48000000,46500000,1500000
Lockport,192,115772468,115513469,200000
"Livermore, California",150,65204000,65197770,7000
"Little River, California",20,4330460,4330460,0
"Little Ferry, New Jersey",0,4409000,3822000,587000
"Lisbon, Connecticut",99,42993802,42100000,1000000
"Linglestown, Pennsylvania",164,9900000,9900000,0
"Lincoln City, Oregon",1,14710000,14630000,77699
"Lincoln, Vilas County, Wisconsin",499,96200000,84300000,11900000
"Lexington, Massachusetts",64,42734803,42475805,258998
"Lewiston, Idaho",227,46723385,44625495,2097890
"Lester, West Virginia",620,1290000,1290000,0
"Leslie Township, Michigan",288,90800000,90600000,100000
"Lenox, New York",118,94275567,94275567,0
"Lenoir City, Tennessee",249,16057926,16057926,0
"Lee Vining, California",2066,13519737,13514000,5179
"Lee Township, Athens County, Ohio",238,65500000,64500000,1000000
"Leadville, Colorado",3094,2848986,2848986,0
"Lawrence Township, Mercer County, New Jersey",24,57142907,56482460,660000
"Larned, Kansas",611,6190000,6190000,0
"Lansing, Michigan",262,95000000,93369071,1630000
"Langston, Alabama",192,21237902,12949940,8287961
"Langlois, Oregon",27,3690000,3690000,0
"Land O' Lakes, Florida",22,54648749,48173778,6474970
"Lakin, Kansas",915,2538188,2538188,0
"Lakeside, Oregon",7,5930000,5179976,750000
"Lake Oswego, Oregon",75,29396365,27660000,1735292
"Lake Forest Park, Washington",21,9450000,9140000,310000
