col0,col1,col2,col3,col4
"Easton, Pennsylvania",64,12000000,11000000,1000000
"Easton, New York",167,163600000,161300000,2330989
"Eastlake, Ohio",188,16910000,16575923,336698
"Eastford, Connecticut",199,75600000,74800000,776996
"East Palo Alto, California",6,6765048,6487920,277128
"East Lyme, Connecticut",64,108779500,88059595,20460906
"East Haddam, Connecticut",148,146593327,140636354,5697973
"East Chicago, Indiana",180,41850000,36490000,5360000
"Eagle Point, Oregon",399,7666364,7666364,0
"Eagle, New York",583,94534566,94200000,258998
"Duryea, Pennsylvania",189,14900000,14400000,500000
"Durham, Oregon",60,1060000,1060000,0
"Durham, North Carolina",123,280400000,278100000,2400000
"Durbin, West Virginia",836,1476293,1476293,0
"Dupont, Pennsylvania",219,3900000,3900000,0
"Dunmore, Pennsylvania",305,23309892,23050894,258998
"Dublin, California",111,38621902,38611000,10359
"Duanesburg, New York",390,186600000,183300000,3200000
"Drain, Oregon",88,1579892,1579892,0
"Dover, Ohio",267,14996031,14737032,258998
"Dos Palos, California",35,3496000,3496000,0
"Doon, Iowa",395,1476293,1476293,0
"Dobbs Ferry, New York",64,8200000,6215971,1812991
"Dillingham, Alaska",28,94100000,86900000,7200000
"Diamond Bluff, Wisconsin",316,47396782,43200000,4300000
"Dexter, New York",85,1294994,1035995,200000
"Detroit Beach, Michigan",174,1700000,1553992,0
"Desert Aire, Washington",173,15500000,8500000,6992967
"Des Moines, Iowa",291,213930000,230301742,4480000
"Derby, Vermont",307,149183315,128463410,20700000
"Derby, Connecticut",31,13985935,12900000,1000000
"Demopolis, Alabama",36,32115852,31597854,517997
"Delta, Utah",1413,8200000,8200000,0
"Delta, Colorado",1486,36300000,35600000,700000
"Delmar, Maryland",14,4480000,4450000,25899
"Delanson, New York",249,1600000,1600000,0
"Delano, California",96,37179279,37044000,134679
"Deering, Alaska",2,13600000,13208939,258998
"Dedham, Massachusetts",36,27453873,27100000,500000
"DeBary, Florida",17,56461740,49209774,7251966
"Dayville, Oregon",722,1370000,1370000,0
"Daytona Beach, Florida",3,165189441,151281205,13908236
"Dayton, Washington",505,3700000,3700000,0
"Dayton, Oregon",48,2175590,2175590,0
"Dayton, Ohio",224,146330000,144130000,2200000
"Darrington, Washington",168,4325280,4270000,50000
"Danville, California",109,46692305,46692305,0
"Dansville, Livingston County, New York",214,6100000,6100000,0
"Danielson, Connecticut",67,3107985,2848986,258998
"Dafter Township, Michigan",202,124100000,123800000,300000
"Crownsville, Maryland",36,13200000,13200000,0
"Croton-on-Hudson, New York",49,27971871,12172944,15700000
"Crockett, California",39,2745387,2745387,0
"Creston, Iowa",399,13597437,13440000,155399
"Craftsbury, Vermont",272,102822527,101700000,1035995
"Cove, Oregon",874,1990000,1990000,0
"Cottonwood, California",128,5993000,5993000,0
"Cottage Grove, Oregon",195,9760000,9738355,25899
"Cotati, California",34,4876947,4869000,7769
"Coshocton, Ohio",235,21237902,20927103,310000
"Corvallis, Oregon",71,37036829,36596531,440000
"Cortland, New York",344,10140000,10090000,50000
"Corte Madera, California",11,11410000,8193000,3216000
"Coos Bay, Oregon",7,41180000,27450000,13726936
"Cooperstown, New York",373,4661978,4143980,500000
"Conway, Massachusetts",188,98100000,97600000,500000
"Concrete, Washington",84,3210000,3159785,50000
"Colusa, California",14,4750038,4750038,0
"Columbus, Ohio",274,577850000,562467717,15380000
"Columbus, Indiana",192,72230000,71220000,1010000
"Columbia Township, Jackson County, Michigan",306,101700000,94700000,6992967
"Columbia, South Carolina",89,349389396,342396428,6992967
"Columbia, Connecticut",167,56979738,55300000,1553992
"Cold Bay, Alaska",42,183630157,140800000,42900000
"Colchester, Connecticut",167,128981407,127100000,1812991
"Coeymans, New York",447,137500000,129900000,7510965
"Coburg, Oregon",121,2460000,2460000,0
"Coalinga, California",205,15927000,15847000,80000
"Clymer, New York",451,93700000,93400000,200000
"Cloverdale, California",102,6857000,6857000,0
"Clinton Township, Wayne County, Pennsylvania",437,102000000,98937545,3000000
"Clinton Township, Lycoming County, Pennsylvania",202,74500000,72400000,2071990
"Clinton, Dutchess County, New York",167,100500000,98800000,1700000
"Climax, Minnesota",263,2950000,2950000,0
"Clemson, South Carolina",220,20500000,19300000,1200000
"Clearlake, California",431,27404000,26233989,1170000
"Clayton Township, Genesee County, Michigan",232,88577593,88700000,0
"Clayton, California",120,9935000,9935000,0
"Clay, New York",114,126391419,124300000,2000000
"Claverack, New York",159,124200000,123200000,1000000
"Clatskanie, Oregon",17,3080000,3080000,0
"Clarksburg, West Virginia",302,25226484,25226484,0
"Clarinda, Iowa",317,13519737,13440000,77699
"Clarendon, Vermont",163,81700000,81700000,0
"Clarendon, Arkansas",53,4920977,4661978,258998
"Clallam Bay, Washington",9,1460000,1460000,0
"Church Creek, Maryland",0,880000,880000,0
"Chula Vista, California",20,134922840,128543699,6379140
"Chuathbaluk, Alaska",46,13400000,9000000,4500000
"Chino, California",221,76798327,76764657,33000
"Chiloquin, Oregon",1274,2120000,2120000,0
"Chicken, Alaska",511,298884627,298884627,0
Chicago,181,606057217,588704297,17870917
"Chester Township, Meigs County, Ohio",188,117844459,117844459,0
"Cheshire, Massachusetts",293,71300000,69400000,1800000
"Chesapeake, Ohio",168,1450000,1217294,230000
Cherry Valley,409,1500000,1500000,0
"Cheboygan, Michigan",180,18129916,17610000,517997
"Charleston, West Virginia",181,84589011,81636425,2950000
"Chamberlain, South Dakota",427,20305506,17197521,3107985
"Ceredo, West Virginia",167,5850000,3960000,1890000
"Centreville, Maryland",14,6345470,6345470,0
"Central Point, Oregon",387,10100000,10100000,0
"Centerville, Utah",1334,15539928,15539928,0
"Cawker City, Kansas",455,2589988,2589988,0
"Cave Junction, Oregon",480,4710000,4687878,25899
"Catlettsburg, Kentucky",168,4300000,3300000,1000000
"Catharine, New York",485,85200000,83656615,1500000
"Catawissa, Pennsylvania",158,1390000,1330000,60000
"Castleton-on-Hudson, New York",46,2071990,2071990,0
"Castleford, Idaho",1179,230000,230000,0
"Castle Rock, Washington",17,5670000,5154076,492097
"Cassoday, Kansas",448,1010000,1010000,0
"Cascade, Idaho",1450,12587342,10800000,1787091
"Carver, Massachusetts",28,102900000,96900000,6000000
"Carson City, Nevada",1463,406628133,375548275,33669845
"Carrolltown, Pennsylvania",648,1800000,1800000,0
"Carpinteria, California",10,24012000,6697000,17315000
"Carney, Maryland",107,18100000,18100000,0
"Carlton, New York",74,115254470,113182480,2071990
"Cardwell, Montana",1306,5956972,5900000,0
"Canyonville, Oregon",228,2510000,2510000,0
"Cantua Creek, California",89,9833000,9833000,0
"Canton, North Carolina",797,9841954,9841954,0
"Canby, Oregon",46,9816054,9710000,100000
"Canadohta Lake, Pennsylvania",425,3800000,3100000,700000
"Camdenton, Missouri",317,14190000,14190000,0
"Cambridge, Ohio",252,16446424,16446424,0
"Camas, Washington",22,39497318,34938939,4558379
"Calhoun Falls, South Carolina",160,9000000,8800000,200000
"Caldwell, Idaho",723,57260000,57135137,129499
"Cairo, West Virginia",199,1240000,1217294,25899
"Cabool, Missouri",391,10100000,9945554,155399
"Butte, Montana",1687,1856503477,1854690485,1700000
"Burt Township, Cheboygan County, Michigan",181,90900000,51100000,39800000
"Burnsville, West Virginia",246,2820000,2745387,77699
"Burns Harbor, Indiana",185,17586019,17275220,310000
"Burns, Oregon",1264,9190000,9190000,0
"Burlington, Iowa",185,39470000,37500000,1968390
"Burley, Idaho",1268,16679523,15850000,828796
"Burbank, Washington",113,38800000,34400000,4400000
