col0,col1,col2,col3,col4
"Buffalo, New York",182,135974375,105153517,30800000
"Brunswick, Missouri",198,3237485,3107985,129499
"Brownington, Vermont",312,73555662,73296663,258998
"Broome, New York",351,124500000,123800000,700000
"Brookings, Oregon",39,10200000,10020000,180000
"Brook Park, Ohio",242,19500000,19500000,0
"Broadus, Montana",922,880000,880000,0
"Brisbane, California",32,51999000,8017000,43980588
"Bridgewater Township, New Jersey",42,84200000,82974000,1225064
"Bridgewater Township, New Jersey",42,84200000,82974000,1225064
"Bridgeport, Ohio",199,3570000,3548283,25899
"Bridgeport, New York",118,4661978,4661978,0
"Bridgeport, Connecticut",0,50200000,41400000,8800000
"Briar Creek, Pennsylvania",150,4800000,4300000,500000
"Brewster, Washington",248,3080000,3080000,0
"Brewerton, New York",117,8546960,8200000,400000
"Branford, Florida",13,2071990,2071990,0
"Branchburg, New Jersey",49,52521000,51912000,608647
"Brampton Township, Sargent County, North Dakota",398,94000000,93900000,100000
"Brady Township, Lycoming County, Pennsylvania",200,22273897,22273897,0
"Bradley, Wisconsin",440,164600000,144262337,20201907
"Bowden, West Virginia",675,321158,321158,0
"Boulder Creek, California",145,19455000,19455000,0
"Boonville, California",116,14353714,14353714,0
"Boone, North Carolina",1015,15720000,15720000,0
"Bolton, Connecticut",221,38072825,37295828,700000
"Bolt, West Virginia",605,14118025,14102485,15539
"Bolinas, California",10,15089270,15089270,0
"Bodega Bay, California",17,32436000,21613000,10823000
"Bluefield, West Virginia",795,22947294,22947294,0
"Blue River, Colorado",3058,5956972,5697973,258998
"Blowing Rock, North Carolina",1086,7900000,7800000,100000
"Bloomsburg, Pennsylvania",161,12140000,11270000,880000
"Blooming Grove, New York",113,91426580,90131586,1294994
"Bloomfield Township, Jackson County, Ohio",241,100400000,100232539,0
"Bloomfield, California",17,21091000,21074000,17000
"Bladensburg, Maryland",15,2615887,2589988,25899
"Blackman Charter Township, Michigan",294,82361621,82361621,0
"Blackfoot, Idaho",1370,15720000,15099630,620000
"Black Rock, New Mexico",1966,4402979,4400000,200000
"Black Rock, Arkansas",95,8900000,8500000,400000
"Black Mountain, North Carolina",733,17400000,17360000,40000
"Bismarck, North Dakota",513,80885328,79900000,980000
"Binghamton, New York",259,28852467,27168975,1683492
"Biggs Junction, Oregon",67,2071990,2071990,0
"Bigfork, Montana",907,96600000,80900000,15700000
"Big Piney, Wyoming",2079,1165494,1165494,0
"Big Delta, Alaska",302,158248273,142967343,15280929
"Bethlehem Township, Stark County, Ohio",310,86505602,86246604,200000
"Bethlehem, New York",60,128400000,126391419,2000000
"Bethel Township, Posey County, Indiana",116,51333564,49416973,1916591
"Bethel, Alaska",0,126100000,111800000,14300000
"Berne, New York",409,167700000,166018237,1553992
"Berlin, New York",292,155140287,154500000,700000
