col0,col1,col2,col3,col4
Joss Pass,British Columbia,British Columbia,British Columbia,British Columbia
Jarvis Pass,British Columbia,British Columbia,British Columbia,British Columbia
Heckman Pass,British Columbia,British Columbia,British Columbia,British Columbia
Hard Knott,Cumbria,Cumbria,Cumbria,Cumbria
Griswold Pass,British Columbia,British Columbia Interior,British Columbia Interior,British Columbia
Fraser Pass,British Columbia,British Columbia,British Columbia,British Columbia
Forrest Pass,Marie Byrd Land,Marie Byrd Land,Marie Byrd Land,Marie Byrd Land
Eagle Pass,British Columbia,British Columbia,British Columbia,British Columbia
Col de la Vanoise,France,France,Savoie,France
Cayoosh Pass,British Columbia,British Columbia,British Columbia,British Columbia
Carcajou Pass,British Columbia,British Columbia,British Columbia,British Columbia
Bush Pass,British Columbia,British Columbia,British Columbia,British Columbia
Bonanza Pass,British Columbia,British Columbia,British Columbia,British Columbia
Balchunas Pass,Marie Byrd Land,Marie Byrd Land,Marie Byrd Land,Marie Byrd Land
Amphu Labtsa pass,Nepal,Nepal,Nepal,Nepal
Allison Pass,British Columbia,British Columbia,British Columbia,British Columbia
Abbot Pass,British Columbia,British Columbia,British Columbia,British Columbia
