col0,col1,col2,col3,col4,col5
Öræfajökull,Iceland,Iceland,Iceland,Iceland,2109
Xueshan,Taiwan,Taiwan,Taichung,Taiwan,3886
Waputik Range,British Columbia,British Columbia,British Columbia,British Columbia,3284
Walton Mountains,Antarctica,Antarctica,Antarctica,Antarctica,1450
Waianae Range,Hawaii,Hawaii,Hawaii,Oahu,1226
Vignemale,Hautes-Pyrénées,Aragon,Aragon,Spain,3298
Trachyte Hills,British Columbia,British Columbia,British Columbia,British Columbia,1603
Thudaka Range,British Columbia,British Columbia,British Columbia,British Columbia,2748
Tavan Bogd,Mongolia,Mongolia,Mongolia,Bayan-Olgii Province,4374
Sulaiman Mountains,Afghanistan,Kandahar Province,Afghanistan,Kandahar Province,3487
Staccato Peaks,Antarctica,Antarctica,Antarctica,Antarctica,940
Spanish Peaks,Colorado,Colorado,Colorado,Colorado,4153
Slieve Bloom Mountains,County Laois,County Laois,County Laois,County Laois,527
Sir Sandford Range,British Columbia,British Columbia,British Columbia,British Columbia Interior,3519
Sierra de Segura,Spain,Spain,Spain,Spain,1993
Siachen Muztagh,China,Pakistan,China,India,7462
Serra del Tallat,Catalonia,Catalonia,Catalonia,Catalonia,802
Serra del Montsià,Montsià,Montsià,Montsià,Montsià,764
Serra de la Mussara,Catalonia,Catalonia,Catalonia,Catalonia,1055
Serra de la Llena,Garrigues,Conca de Barberà,Catalonia,Garrigues,1021
Serra de Montsant,Catalonia,Catalonia,Catalonia,Catalonia,1163
Serra de Llaberia,Catalonia,Catalonia,Catalonia,Catalonia,918
Serra de Collserola,Barcelonès,Barcelonès,Barcelonès,Barcelonès,516
Serra Calderona,Alt Palància,Camp de Túria,Alt Palància,Alt Palància,907
"Schneeberg, Saxony",Erzgebirgskreis,Erzgebirgskreis,Erzgebirgskreis,Erzgebirgskreis,470
Schesaplana,Austria,Austria,Vorarlberg,Switzerland,2964
Sant Llorenç del Munt,Catalonia,Catalonia,Catalonia,Vallès Occidental,1104
Samuel Black Range,British Columbia,British Columbia,British Columbia,British Columbia,2120
Rouen Mountains,Antarctica,Alexander Island,Alexander Island,Antarctica,2800
Rock of Gibraltar,Gibraltar,Gibraltar,Gibraltar,Gibraltar,426
Rimutaka Range,Wellington,Wellington,New Zealand,Wairarapa,940
Rainbow Range,British Columbia,British Columbia,British Columbia,British Columbia,3954
President Range,British Columbia,British Columbia,British Columbia,British Columbia,3138
Prades Mountains,Conca de Barberà,Conca de Barberà,Catalonia,Catalonia,1203
Pinal Mountains,"Gila County, Arizona","Gila County, Arizona","Gila County, Arizona","Gila County, Arizona",2392
Parnitha,Athens,Greece,Athens,Greece,1413
Pagasarri,Spain,Bilbao,Bilbao,Bilbao,673
Northfield Mountain,"Northfield, Massachusetts","Northfield, Massachusetts","Northfield, Massachusetts","Erving, Massachusetts",367
North River Mountain,United States,United States,"Hampshire County, West Virginia","Hampshire County, West Virginia",655
Nanga Parbat,Pakistan,Gilgit–Baltistan,Gilgit–Baltistan,Gilgit–Baltistan,8126
Muskwa Ranges,British Columbia,British Columbia,British Columbia,British Columbia,3024
Mount Sefuri,Japan,Japan,"Fukuoka, Fukuoka","Kanzaki, Saga",1054
Mount Fairweather,Alaska,Alaska,Alaska,Alaska,4671
Montserrat,Anoia,Catalonia,Bages,Catalonia,1236
Monti della Meta,Molise,Italy,Molise,Abruzzo,2249
Montcalm Massif,France,Ariège,Spain,Pallars Sobirà,3077
Mont Blanc,Italy,Aosta Valley,Aosta Valley,France,4808
Moel Hebog,Wales,Wales,Wales,Wales,783
Masherbrum,Pakistan,Northern Areas,Ghanche District,Northern Areas,7821
Luoxiao Mountains,Hunan,Hubei,Hubei,Hubei,2120
Lomond Hills,Scotland,Scotland,Scotland,Fife,461
Lewis Hills,Newfoundland and Labrador,Newfoundland and Labrador,Newfoundland and Labrador,Newfoundland and Labrador,814
Level Mountain Range,British Columbia,British Columbia,British Columbia,British Columbia,2166
Laguna Caldera,Philippines,Philippines,Philippines,Philippines,743
Köýtendag Range,Turkmenistan,Turkmenistan,Turkmenistan,Turkmenistan,3139
Kittatinny Mountain,New Jersey,New Jersey,New Jersey,New Jersey,549
Kabir Kuh,Ilam Province,Ilam Province,Ilam Province,Ilam Province,3050
Köýtendag Range,Turkmenistan,Turkmenistan,Turkmenistan,Turkmenistan,3139
Hyblaean Mountains,Italy,Italy,Italy,Province of Ragusa,986
Hochkönig,Austria,Salzburg,Salzburg,Salzburg,2941
Hira Mountains,Honshu,Honshu,Kyoto Prefecture,Japan,1214
Hahnenkamm,Bavaria,Bavaria,Bavaria,Bavaria,656
Guilleries,Catalonia,Catalonia,Catalonia,Catalonia,1202
Garraf Massif,Catalonia,Garraf,Garraf,Garraf,657
Esjan,Iceland,Iceland,Reykjavík,Iceland,914
Elk Range,British Columbia Interior,British Columbia Interior,British Columbia Interior,British Columbia Interior,2941
Driftwood Range,British Columbia,British Columbia Interior,British Columbia,British Columbia,2027
Cuilcagh,Northern Ireland,Republic of Ireland,Northern Ireland,Republic of Ireland,665
Crowsnest Range,British Columbia,British Columbia Interior,British Columbia,British Columbia,2812
Comeragh Mountains,Republic of Ireland,County Waterford,Ireland,Ireland,792
Clinch Mountain,Tennessee,Tennessee,Tennessee,Virginia,1429
Clark Range,British Columbia,British Columbia,British Columbia,British Columbia,2982
Chota Nagpur Plateau,Ranchi,Ranchi,Ranchi,Ranchi,620
Chaîne des Puys,France,France,France,France,1464
Cerro de la Neblina,Brazil,Brazil,Amazonas,Brazil,2994
