col0,col1,col2,col3,col4,col5
Cassiar Mountains,British Columbia,British Columbia,British Columbia,British Columbia,2748
Cadair Idris,Gwynedd,Gwynedd,Gwynedd,Gwynedd,893
Cabeço Gordo,Azores,Azores,Portugal,Azores,1043
Bōsō Hill Range,Honshu,Honshu,Honshu,Honshu,408
Big Bend Ranges,British Columbia,British Columbia,British Columbia,British Columbia,3519
Ben Lomond,Australia,Tasmania,Australia,Australia,1572
Belknap Mountains,United States,United States,United States,United States,726
Beaverfoot Range,British Columbia,British Columbia Interior,British Columbia Interior,British Columbia,2722
Ball Range,British Columbia,British Columbia,British Columbia,British Columbia,3311
Bait Range,British Columbia,British Columbia,British Columbia,British Columbia,2286
Bōsō Hill Range,Honshu,Honshu,Honshu,Honshu,408
Atna Range,British Columbia,British Columbia,British Columbia,British Columbia,2588
Aran Fawddwy,UK,UK,UK,UK,905
Annieopsquotch Mountains,Newfoundland and Labrador,Newfoundland and Labrador,Newfoundland and Labrador,Newfoundland and Labrador,687
Andia,Spain,Spain,Spain,Spain,1493
Alagalla Mountain Range,Sri Lanka,Sri Lanka,Sri Lanka,Sri Lanka,1140
Öræfajökull,Iceland,Iceland,Iceland,Iceland,2109
