col0,col1,col2,col3,col4
W. Bum-kon,First Republic of South Korea,Woo Bum-kon,1955-02-24,1955-02-24
V. Taneski,Tetovo,Vlado Taneski,1952-1-1,1952-1-1
T. Ratzmann,"Brookfield, Wisconsin",Terry Michael Ratzmann,1960-0-0,1960-0-0
R. Pleil,West Germany,Rudolf Pleil,1924-07-07,1924-07-07
R. G. Simmons,Arkansas,Ronald Gene Simmons,1940-07-15,1940-07-15
R. Vereș,Romania,Romulus Vereș,1929-01-23,1929-01-23
M. Silka,Alaska,Michael Allen Silka,1958-08-20,1958-08-20
M. O. Barton,United States,Mark Orrin Barton,1955-04-02,1955-04-02
M. Essex,New Orleans,Mark James Robert Essex,1949-08-12,1949-08-12
L. G. Ashbrook,United States,Larry Gene Ashbrook,1952-07-10,1952-07-10
K. Gill,Montreal,Kimveer Singh Gill,1981-07-09,1981-07-09
J. F. Nordlund,Sweden,John Filip Nordlund,1875-03-23,1875-03-23
J. E. Pough,"Jacksonville, Florida",James Edward Pough,1948-02-16,1948-02-16
H. F. Clines,Arkansas,Hoyt Franklin Clines,1956-11-18,1956-11-18
H. Unruh,"Trenton, New Jersey",Howard Barton Unruh,1921-01-21,1921-01-21
G. Köhler,Munich,Gundolf Köhler,1959-08-27,1959-08-27
C. E. Delgado,Bogotá,Campo Elías Delgado Morales,1934-05-14,1934-05-14
A. Hall,England,Archibald Thomson Hall,1924-06-17,1924-06-17
