col0,col1,col2,col3,col4,col5
Flexor digiti minimi brevis muscle,Deep branch of ulnar nerve,12549047,m_22,126,464
Flexor digiti minimi brevis muscle,Superficial branch of lateral plantar nerve,12549056,m_22,131,494
Flexor carpi ulnaris muscle,Muscular branches of ulnar nerve,12549030,m_22,125,447
Flexor carpi radialis muscle,Median nerve,12549030,m_22,125,446
Fibularis brevis,Superficial fibular nerve,12546596,m_22,129,487
External obturator muscle,Lumbar nerves,12549920,m_22,128,477
External intercostal muscles,Intercostal nerves,12549368,m_22,117,403
External anal sphincter,Pudendal nerve,12550801,m_22,120,425
Extensor pollicis longus muscle,Posterior interosseous nerve,12548955,m_22,125,455
Extensor pollicis brevis muscle,Posterior interosseous nerve,12548946,m_22,125,455
Extensor indicis muscle,Posterior interosseous nerve,12548933,m_22,125,456
Extensor hallucis longus muscle,Deep fibular nerve,12548925,m_22,129,481
Extensor hallucis brevis muscle,Deep fibular nerve,12548920,m_22,129,490
Extensor digitorum muscle,Radial nerve,12548891,m_22,125,451
Extensor digitorum longus muscle,Deep fibular nerve,12548912,m_22,129,481
Extensor digitorum brevis muscle,Deep fibular nerve,12548900,m_22,131,490
Extensor digiti minimi muscle,Posterior interosseous nerve,12548878,m_22,125,451
Extensor carpi radialis longus muscle,Radial nerve,12548862,m_22,125,452
Erector spinae muscles,Posterior branch of spinal nerve,12550616,m_22,115,397
Dorsal interossei of the foot,Lateral plantar nerve,12549397,m_22,131,495
Dilator naris muscle,Buccal branch of the facial nerve,12297582,d_19,107,382
Digastric muscle,Facial nerve,12548801,m_22,112,391
Detrusor urinae muscle,Pelvic splanchnic nerves,13962371,m_22,255,1233
Depressor septi nasi muscle,Buccal branch,12548771,m_22,107,382
Depressor labii inferioris muscle,Facial nerve,12548762,m_22,108,383
Depressor anguli oris muscle,Mandibular branch,12548753,m_22,108,383
Deltoid muscle,Axillary nerve,12548745,m_22,123,439
Dartos,Genital branch of genitofemoral nerve,12280192,d_02,258,1238
Cricothyroid muscle,External laryngeal nerve,12548712,m_22,236,1081
Cremaster muscle,Genital branch of genitofemoral nerve,12548678,m_22,118,414
Corrugator supercilii muscle,Facial nerve,12548671,m_22,106,381
Coracobrachialis muscle,Musculocutaneous nerve,12548663,m_22,124,443
Coccygeus muscle,Pudendal nerve,12548603,m_22,119,424
Ciliary muscle,Oculomotor nerve,12548589,m_22,225,1011
Bulbospongiosus muscle,Pudendal nerve,12548543,m_22,120,428
Buccinator muscle,Buccal branch of the facial nerve,12548520,m_22,108,384
Brachioradialis,Radial nerve,12548506,m_22,125,451
Brachialis muscle,Musculocutaneous nerve,12548498,m_22,124,444
Biceps femoris muscle,Common fibular nerve,12548483,m_22,128,478
Aryepiglottic muscle,Inferior laryngeal nerve,12616305,p_07,236,1082
Articularis genus muscle,Femoral nerve,12548413,m_22,128,471
Articularis cubiti muscle,Radial nerve,12548404,m_22,124,445
Antitragicus,Facial nerve,12548383,m_22,229,1035
Anterior auricular muscle,Temporal branches of the facial nerve,12548449,m_22,229,1035
Anconeus muscle,Radial nerve,12548375,m_22,125,454
Adductor magnus muscle,Tibial nerve,12548349,m_22,128,473
Adductor hallucis muscle,Lateral plantar nerve,12548332,m_22,131,493
Abductor pollicis longus muscle,Deep branch of radial nerve,12548315,m_22,125,455
Abductor hallucis muscle,Medial plantar nerve,12548299,m_22,131,491
Abductor digiti minimi muscle of hand,Deep branch of ulnar nerve,12548273,m_22,126,463
Abductor digiti minimi muscle of foot,Lateral plantar nerve,12548282,m_22,131,492
Abdominal external oblique muscle,Subcostal nerve,12549865,m_22,118,409
