col0,col1,col2,col3
Znayu Ya,Peter Gabriel,Ruslana,Ruslana
Wooden Ships,1969 in music,David Crosby,S. Stills
Wind Song,Peter Gabriel,Ruslana,Ruslana
Why This Kolaveri Di,Chennai,Anirudh Ravichander,Dhanush
Who Needs the Peace Corps?,Capitol Studios,Frank Zappa,F. Zappa
What's the Ugliest Part of Your Body?,Capitol Studios,Frank Zappa,F. Zappa
We Care a Lot,"Cotati, California",Faith No More,R. Bottum
Venus in Furs,Hollywood,Andy Warhol,L. Reed
Uncle John's Band,California,Grateful Dead,R. Hunter
Too Much Rain,London,Nigel Godrich,P. McCartney
This Is Halloween,1993 in film,Danny Elfman,D. Elfman
The Gift,Manhattan,Tom Wilson,L. Reed
The Eleven,"San Mateo, California",Grateful Dead,R. Hunter
Sweet Thing,New York City,Lewis Merenstein,V. Morrison
Starless,1974 in music,King Crimson,J. Wetton
Spoon,California,Steve Lillywhite,D. Matthews
Slim Slow Slider,New York City,Lewis Merenstein,V. Morrison
Science Fiction/Double Feature,London,Lou Adler,R. O'Brien
Say Goodbye,New York,Steve Lillywhite,D. Matthews
Run Run Run,Manhattan,Andy Warhol,L. Reed
Ramakadha,Chennai,Pranavam Arts,K. D. Namboothiri
Raining Blood,"Los Angeles, California",Rick Rubin,K. King
Planta,Buenos Aires,Gustavo Cerati,G. Cerati
Pig,California,Steve Lillywhite,B. Tinsley
Patience,Los Angeles,The Underdogs,H. Krieger
Pantala Naga Pampa,California,Steve Lillywhite,D. Matthews
Our Prayer,Sunset Sound Recorders,The Beach Boys,B. Wilson
New Religion,London,Colin Thurston,R. Taylor
Motorpsycho Nitemare,New York,Tom Wilson,B. Dylan
Mississippi Goddam,Carnegie Hall,Hal Mooney,N. Simone
Million Miles Away,Record Plant,Bob Ezrin,B. Ezrin
Madame George,New York City,Lewis Merenstein,V. Morrison
Love to Say Dada,Brian Wilson's home studio,Brian Wilson,B. Wilson
Listen to the Lion,San Francisco,Van Morrison,V. Morrison
Lady of the Island,1969 in music,Graham Nash,G. Nash
Ja Tebe Ljublu,Peter Gabriel,Ruslana,Ruslana
Into the Mystic,New York City,Van Morrison,V. Morrison
I Heard Her Call My Name,Manhattan,Tom Wilson,L. Reed
I'm Waiting for the Man,"Hollywood, California",Andy Warhol,L. Reed
Heroin,"Hollywood, California",Andy Warhol,L. Reed
Heresy,Quebec,Rush,N. Peart
Halloween,California,Steve Lillywhite,D. Matthews
Guinnevere,1969 in music,David Crosby,D. Crosby
Go Limp,Carnegie Hall,Hal Mooney,A. Comfort
Glad Tidings,New York City,Van Morrison,V. Morrison
Erk Gah,Germany,Henry Cow,T. Hodgkinson
Dystopia,Morrisound Recording,Morrisound Recording,J. Schaffer
"Dva Puti, Dva Shliakhy",Ukraine,Ruslana,O. Ksenofontov
Dante's Inferno,Florida,Jon Schaffer,J. Schaffer
China Cat Sunflower,California,Grateful Dead,R. Hunter
