col0,col1,col2,col3
Halloweentown II: Kalabar's Revenge,M. Mothersbaugh,Halloweentown High,Halloweentown
Halloween with the New Addams Family,V. Mizzy,The Addams Family,The Addams Family
Halloween,D. M. Band,The Stone,Stay
Gunshi Kanbei,Y. Kanno,Hana Moyu,Yae no Sakura
Gul-e-Rana,W. Ali,Udaari,Mol
Guapas,F. Bertotti,Noche y día,Farsantes
"Graduados, historias que no se olvidan",F. Páez,Las 2 Carolinas,La Sexóloga
Gochisōsan,Y. Kanno,Hanako to Anne,Amachan
GoGo Sentai Boukenger,K. Nakagawa,Juken Sentai Gekiranger,Mahou Sentai Magiranger
Gidget Grows Up,S. Rogers,Gidget Gets Married,Gidget
Gidget Gets Married,J. Keller,Gidget's Summer Reunion,Gidget Grows Up
Gidget's Summer Reunion,G. Tipton,The New Gidget,Gidget Gets Married
George of the Jungle,S. Allman,George of the Jungle,George of the Jungle
Genseishin Justirisers,Y. Takanashi,Chousei Kantai Sazer-X,Chouseishin Gransazer
Gekisou Sentai Carranger,T. Sahashi,Denji Sentai Megaranger,Chōriki Sentai Ohranger
Garfield on the Town,L. Rawls,Garfield in the Rough,Here Comes Garfield
Garfield in the Rough,L. Music,Garfield's Halloween Adventure,Garfield on the Town
Garfield in Paradise,L. Music,Garfield Goes Hollywood,Garfield's Halloween Adventure
Garfield Goes Hollywood,L. Music,A Garfield Christmas,Garfield in Paradise
Garfield's Thanksgiving,L. Rawls,Garfield's Feline Fantasies,Garfield's Babes and Bullets
Garfield's Halloween Adventure,L. Rawls,Garfield in Paradise,Garfield in the Rough
Garfield's Babes and Bullets,L. Rawls,Garfield's Thanksgiving,Garfield: His 9 Lives
Gangsta?,K. D. III,In My System,Take the World
Galaxy Goof-Ups,H. Curtin,Yogi's Treasure Hunt,Yogi's Space Race
Galactica 1980,S. Phillips,Battlestar Galactica,Battlestar Galactica
Gabriel y Gabriela,B. Silvetti,Cuando los hijos se van,El derecho de nacer
Fuego en la sangre,V. Fernández,Mañana es para siempre,Pasión
Frozen Planet,G. Fenton,Africa,Planet Earth
Friend of the Devil,J. Garcia,Sugar Magnolia,Box of Rain
Freddie Freeloader,M. Davis,Blue in Green,So What
Fred Flintstone and Friends,H. Curtin,The New Fred and Barney Show,The Flintstone Comedy Hour
Fireball XL5,B. Gray,Stingray,Supercar
Finding John Christmas,P. Williams,When Angels Come to Town,A Town Without Christmas
Farsantes,Vicentico,Guapas,Sos mi hombre
Famous,K. D. III,In My System,Take the World
Eva Luna,J. Rivera,Teresa,Sacrificio de mujer
Esperança,A. Sanz,Mulheres Apaixonadas,O Clone
Esperanza mía,L. Espósito,Los ricos no piden permiso,Guapas
Esperança,L. Pausini,Mulheres Apaixonadas,O Clone
Encadenados,B. Silvetti,Lo blanco y lo negro,El pecado de Oyuki
En nombre del amor,L. Pausini,Mi pecado,Querida Enemiga
Emperatriz,J. A. Lührs,A Corazón Abierto,Prófugas del Destino
Em Família,T. Jobim,Império,Amor à Vida
Elizabeth R: A Year in the Life of the Queen,R. Portman,Monarchy: The Royal Family at Work,Royal Family
El fantasma de Elena,P. Manterola,Los herederos del Monte,Perro amor
El Privilegio de Amar,J. Avendaño,Rosalinda,La usurpadora
El Camino Secreto,J. Gabriel,El precio de la fama,La gloria y el infierno
Duelo de Pasiones,A. Villarreal,Amar Sin Limites,Barrera de amor
