col0,col1,col2,col3
Assassin,M. Bellamy,Exo-Politics,Invincible
Asa ga Kita,Y. Hayashi,Toto Neechan,Mare
Aquele Beijo,A. C. Jobim,Cheias de Charme,Morde & Assopra
Aqua Teen Hunger Force,J. Homme,Soul Quest Overdrive,Space Ghost Coast to Coast
Apuesta por un amor,C. Velázquez,Contra viento y marea,Rubí
Anne of Green Gables: The Continuing Story,P. Breiner,Anne of Green Gables: A New Beginning,Anne of Avonlea
Anne of Avonlea,H. Hardy,Anne of Green Gables: The Continuing Story,Anne of Green Gables
Angry Boys,C. Lilley,Ja'mie: Private School Girl,Summer Heights High
Andes to Amazon,N. Hooper,Congo,Land of the Tiger
América,I. Sangalo,Belíssima,Senhora do Destino
Amores con trampa,J. Sebastian,Antes muerta que Lichita,Mi corazón es tuyo
Amorcito corazón,M. Esperón,Cachito de cielo,Ni contigo ni sin ti
