col0,col1,col2,col3
Amor en silencio,M. A. Solís,Pasión y poder,Quinceañera
Amor cautivo,S. C. Marini,La otra cara del alma,A Corazón Abierto
Amarte es mi Pecado,R. Montaner,Rubí,Velo de novia
Amachan,O. Yoshihide,Gochisōsan,Jun to Ai
América,I. Sangalo,Belíssima,Senhora do Destino
Alvin and the Chipmunks,S. Rucker,Alvin and the Chipmunks,The Alvin Show
All Dogs Go to Heaven: The Series,M. Watters,An All Dogs Christmas Carol,All Dogs Go to Heaven 2
All Blues,M. Davis,Flamenco Sketches,Blue in Green
Aladdin,M. Watters,Aladdin and the King of Thieves,The Return of Jafar
Aik Thi Misaal,W. Ali,Lagaao,Muqaddas
Aathira,Dhina,Naagini,Sakthi
A que no me dejas,A. Sanz,Corazón que miente,Que te perdone Dios
A Very Brady Christmas,F. D. Vol,The Bradys,The Brady Bunch
