col0,col1,col2,col3
A Tale of 2 Cities,J. S. II,Be Happy,Prosperity
A Real American Hero,W. Scharf,Walking Tall,Walking Tall: Final Chapter
A Pup Named Scooby-Doo,J. Debney,"What's New, Scooby-Doo?",The 13 Ghosts of Scooby-Doo
A Garfield Christmas,L. Rawls,"Happy Birthday, Garfield",Garfield Goes Hollywood
A Favorita,Bajofondo,Caminho das Índias,Duas Caras
A Charlie Brown Valentine,V. Guaraldi,Charlie Brown's Christmas Tales,"It's the Pied Piper, Charlie Brown"
A Charlie Brown Thanksgiving,V. Guaraldi,"It's a Mystery, Charlie Brown","There's No Time for Love, Charlie Brown"
A Charlie Brown Christmas,V. Guaraldi,Charlie Brown's All-Stars,A Boy Named Charlie Brown
A Charlie Brown Celebration,E. Bogas,"Is This Goodbye, Charlie Brown?","Someday You'll Find Her, Charlie Brown"
24: Redemption,S. Callery,24,24
1:a gången,M. Uggla,Jånni Balle,Dansar aldrig nykter
101 Dalmatians: The Series,Various,PB&J Otter,Doug
Ángela,K. Santander,Tres mujeres,La Mentira
