col0,col1,col2,col3,col4
T. Jegede,"London, England",Irish people,1972-01-28,1972-01-28
S. Mangshatabam,Manipur,Meitei people,1995-12-08,1995-12-08
S. S. Rao,Chennai,Telugu people,1931-09-21,1931-09-21
S. Ghoshal,India,Bengali people,1984-03-12,1984-03-12
S. Kurup,Bangalore,Malayalam,1990-04-05,1990-04-05
S. Maletić,"Belgrade, Serbia",Serbs of Bosnia and Herzegovina,1973-04-27,1973-04-27
Sade,Gloucestershire,British Nigerian,1959-01-16,1959-01-16
R. Banna,Israel,Palestinian people,1966-12-08,1966-12-08
Rabadaba,Uganda,Muganda,1987-02-05,1987-02-05
O. N. V. Kurup,Kerala,Malayalam,1931-05-27,1931-05-27
M. L. Piraquive,United States,Mestizo,1949-02-10,1949-02-10
L. Stansfield,"Dublin, Ireland",English people,1966-04-11,1966-04-11
K. Madovi,Manchester,Jamaican,1997-11-10,1997-11-10
J. Kanyomozi,Uganda,Toro Kingdom,1980-11-27,1980-11-27
J. Paredes,Manila,Filipino people,1951-08-31,1951-08-31
J. Herman,Florida,Russian Jewish,1931-07-10,1931-07-10
J. Chandiru,Uganda,Lugbara people,1984-09-13,1984-09-13
I. Dasgupta,India,Bengali people,1973-01-17,1973-01-17
H. Ssewanyana,Uganda,Ganda people,1955-0-0,1955-0-0
H. Basudde,Uganda,Ganda people,1958-0-0,1958-0-0
H. Betti,Neuilly-sur-Seine,French people,1917-07-24,1917-07-24
H. Luv,California,Kurds,1988-11-16,1988-11-16
E. Contessa,Banyuwangi Regency,Pakistanis in Indonesia,1957-09-23,1957-09-23
D. Bajraktarević,Denmark,Bosniak,1953-03-19,1953-03-19
D. Matić,Belgrade,Serbs,1978-04-26,1978-04-26
D. Pritzker,"Kentfield, California",Jewish,1959-0-0,1959-0-0
C. Simpson,England,Irish people,1975-1-1,1975-1-1
C. Evans,"Kampala, Uganda",Ganda people,1987-0-0,1987-0-0
B. Herschensohn,"Washington, D.C.",Jewish American,1932-09-10,1932-09-10
B. Wine,Uganda,Buganda Kingdom,1982-02-12,1982-02-12
B. Robinson,"Summit, New Jersey",African-American,1929-02-14,1929-02-14
B. Thirumala,Kerala,Malayalam,1941-02-13,1941-02-13
B. Buell,"Nashville, Tennessee",German American,1953-07-14,1953-07-14
A. Chin,England,Jamaican people,1982-08-21,1982-08-21
A. Hornez,"Faverolles, Eure-et-Loir",French people,1905-05-12,1905-05-12
A. Khan,England,Bengali people,1974-07-29,1974-07-29
