col0,col1,col2,col3
T. Koppel,Assistens Cemetery,A. Koppel,2006-02-25
S. Foster,Pennsylvania,M. Foster,1864-01-13
R. Clooney,"Maysville, Kentucky",G. Clooney,2002-06-29
R. Mitchum,Cremains,J. Mitchum,1997-07-01
R. Phoenix,"Micanopy, Florida",J. Phoenix,1993-10-31
M. J. Hill,Cave Hill Cemetery,P. Hill,1916-06-05
M. Pickford,"Forest Lawn Memorial Park, Glendale",J. Pickford,1979-05-29
L. Morse,New York,G. H. Taylor,1954-12-16
I. Pilus,"Jasin, Malacca",A. AF7,2012-01-21
H. Nelson,Forest Lawn Memorial Park,T. Nelson,1994-10-02
B. Hope,San Fernando Mission Cemetery,J. Hope,2003-07-27
B. Grable,Inglewood Park Cemetery,1916,1973-07-02
A. G. Gaye,California,B. Gordy,2014-01-31
A. Sabri,Karachi,M. A. Sabri,2016-06-22
A. Newman,"Forest Lawn Memorial Park, Glendale",R. Newman,1970-02-17
A. Caselotti,"Newport Beach, California",L. Caselotti,1997-01-18
Aaliyah,New York,B. Hankerson,2001-08-25
