col0,col1,col2,col3
X. Montsalvatge,Barcelona,Girona,http://dbpedia.org/resource/Emphysema
W. Boyd,"Laguna Beach, California",Ohio,http://dbpedia.org/resource/Heart_failure
W. Houston,"Beverly Hills, California","Newark, New Jersey",http://dbpedia.org/resource/Drowning
W. Richard,London,Middlesbrough,http://dbpedia.org/resource/Metastatic_breast_cancer
W. O. Williams,"Storrs, Connecticut","Rochester, New York",http://dbpedia.org/resource/Suicide_methods
W. Casey,Chicago,New York,http://dbpedia.org/resource/AIDS
W. Brennan,"Oxnard, California","Lynn, Massachusetts",http://dbpedia.org/resource/Emphysema
V. Dandridge,Seattle,Cleveland,http://dbpedia.org/resource/Stroke
V. Price,California,"St. Louis, Missouri",http://dbpedia.org/resource/Lung_cancer
V. S. Murthy,Andhra Pradesh,Andhra Pradesh,http://dbpedia.org/resource/Pulmonary_hemorrhage
V. Meader,"Auburn, Maine","Waterville, Maine",http://dbpedia.org/resource/Chronic_obstructive_pulmonary_disease
Vanity,"Fremont, California",Canada,http://dbpedia.org/resource/Renal_failure
T. Smith,Los Angeles,Pennsylvania,http://dbpedia.org/resource/Laryngeal_cancer
T. Jay,Los Angeles,England,http://dbpedia.org/resource/Endoscopy
T. Geiss,New York,New York,http://dbpedia.org/resource/Fall_(accident)
T. Leonetti,Texas,New Jersey,http://dbpedia.org/resource/Cancer
T. Graeff,"La Mesa, California","Ray, Arizona",http://dbpedia.org/resource/Carbon_monoxide_poisoning
T. McIntire,California,California,http://dbpedia.org/resource/Congestive_heart_failure
T. Koppel,Puerto Rico,Sweden,http://dbpedia.org/resource/Cardiac_arrest
T. v. Gogh,Amsterdam,The Hague,http://dbpedia.org/resource/Assassination
T. Savalas,"Universal City, California","Garden City, New York",http://dbpedia.org/resource/Bladder_cancer
T. Masud,Manikganj,East Pakistan,http://dbpedia.org/resource/Road_accident
T. F. Messner,"Loch Lloyd, Missouri","International Falls, Minnesota",http://dbpedia.org/resource/Colon_Cancer
S. Tamim,United Arab Emirates,Beirut,http://dbpedia.org/resource/Murder
S. Freberg,"Santa Monica, California","Pasadena, California",http://dbpedia.org/resource/Pneumonia
S. Fields,Los Angeles,Brooklyn,http://dbpedia.org/resource/Heart_attack
S. Guyse,"Honolulu, Hawaii","Forest, Mississippi",http://dbpedia.org/resource/Alzheimer's_disease
S. Lewis,California,New York,http://dbpedia.org/resource/Uterine_Cancer
S. Gainsbourg,Paris,Paris,http://dbpedia.org/resource/Heart_attack
Selena,"Corpus Christi, Texas","Lake Jackson, Texas",http://dbpedia.org/resource/Ballistic_trauma
S. Crothers,"Van Nuys, California",Indiana,http://dbpedia.org/resource/Lung_cancer
S. D. Jr.,California,New York City,http://dbpedia.org/resource/Head_and_neck_cancer
S. A. Katrib,Lebanon,Lebanon,http://dbpedia.org/resource/Cerebral_hemorrhage
S. Ismail,Malaysia,Singapore,http://dbpedia.org/resource/Jaundice
R. Valentino,New York,Apulia,http://dbpedia.org/resource/Peritonitis
R. Keeler,"Rancho Mirage, California",Canada,http://dbpedia.org/resource/Kidney_cancer
R. Clooney,"Beverly Hills, California","Maysville, Kentucky",http://dbpedia.org/resource/Lung_cancer
R. Cash,Los Angeles,"Atlantic City, New Jersey",http://dbpedia.org/resource/Cancer
R. Miller,California,"Fort Worth, Texas",http://dbpedia.org/resource/Lung_cancer
R. Mitchum,Billboard Hot 100,Billboard Hot 100,http://dbpedia.org/resource/Lung_cancer
R. Goulet,Los Angeles,"Lawrence, Massachusetts",http://dbpedia.org/resource/Idiopathic_pulmonary_fibrosis
R. Phoenix,"West Hollywood, California","Madras, Oregon",http://dbpedia.org/resource/Combined_drug_intoxication
R. Stone,California,Philadelphia,http://dbpedia.org/resource/Pancreatic_cancer
R. Harris,London,Ireland,http://dbpedia.org/resource/Hodgkin's_Lymphoma
R. Burton,Switzerland,Pontrhydyfen,http://dbpedia.org/resource/Cerebral_haemorrhage
R. Allen,"Tucson, Arizona","Willcox, Arizona",http://dbpedia.org/resource/Road_accident
R. Resnik,Manhattan,New York City,http://dbpedia.org/resource/Stroke
R. Jessel,"Studio City, California",Cardiff,http://dbpedia.org/resource/Natural_causes
R. Bumatai,Honolulu,Offenbach am Main,http://dbpedia.org/resource/Brain_tumor
R. Wright,United States,United States,http://dbpedia.org/resource/Heart_attack
R. W. Fassbinder,Munich,Bad Wörishofen,http://dbpedia.org/resource/Barbiturate
R. D. Burman,Bombay,British India,http://dbpedia.org/resource/Heart_attack
P. Neutrino,Louisiana,California,http://dbpedia.org/resource/Congestive_heart_failure
P. Harris,"Rancho Mirage, California",Indiana,http://dbpedia.org/resource/Heart_attack
P. Cook,London,Devon,http://dbpedia.org/resource/Gastrointestinal_bleeding
P. Lee,"Bel Air, Los Angeles","Jamestown, North Dakota",http://dbpedia.org/resource/Diabetes
P. Bailey,Pennsylvania,"Southampton County, Virginia",http://dbpedia.org/resource/Arteriosclerotic
P. Smith,"Glendale, California","Calumet, Michigan",http://dbpedia.org/resource/Alzheimer's_Disease
P. Frees,United States,Chicago,http://dbpedia.org/resource/Heart_failure
O. Welles,Los Angeles,"Kenosha, Wisconsin",http://dbpedia.org/resource/Myocardial_infarction
O. Bryjak,Prads-Haute-Bléone,Kazakh Soviet Socialist Republic,http://dbpedia.org/resource/Germanwings_Flight_9525
O. Haza,Israel,Israel,http://dbpedia.org/resource/AIDS
N. M. McKinney,New York,"Lancaster, South Carolina",http://dbpedia.org/resource/Myocardial_infarction
N. Carter,"Beverly Hills, California","Birmingham, Alabama",http://dbpedia.org/resource/Heart_disease
N. Cole,California,California,http://dbpedia.org/resource/Congestive_heart_failure
M. Wilson,Los Angeles,"Hutchinson, Kansas",http://dbpedia.org/resource/Myocardial_infarction
M. Ali,"Scottsdale, Arizona","Louisville, Kentucky",http://dbpedia.org/resource/Septic_shock
M. D. Jr.,Los Angeles,Los Angeles,http://dbpedia.org/resource/Lung_cancer
M. Amsterdam,California,Chicago,http://dbpedia.org/resource/Myocardial_infarction
M. Matsuki,Tokyo,"Kure, Hiroshima",http://dbpedia.org/resource/Lymphoma
M. Green,"Huntington Beach, California",The Bronx,http://dbpedia.org/resource/Cancer
M. Hedberg,New Jersey,Minnesota,http://dbpedia.org/resource/Drug_overdose
M. Berle,California,New York,http://dbpedia.org/resource/Colon_cancer
M. Goodman,"Santa Monica, California",California,http://dbpedia.org/resource/Heart_attack
M. Callen,California,"Rising Sun, Indiana",http://dbpedia.org/resource/HIV/AIDS
M. Griffin,Los Angeles,"San Mateo, California",http://dbpedia.org/resource/Prostate_cancer
M. Blanc,California,California,http://dbpedia.org/resource/Cardiovascular_disease
M. Wagner,California,Torreón,http://dbpedia.org/resource/Heart_attack
M. Blokzijl,The Hague,Leeuwarden,http://dbpedia.org/resource/Execution_by_firing_squad
M. Pickford,"Santa Monica, California",Toronto,http://dbpedia.org/resource/Cerebral_hemorrhage
M. Martin,"Rancho Mirage, California",Texas,http://dbpedia.org/resource/Colorectal_cancer
