col0,col1,col2,col3
M. Hutton,"Kirkland, Washington","Battle Creek, Michigan",http://dbpedia.org/resource/Cancer
M. Maxwell,"Beverly Hills, California","Clarinda, Iowa",http://dbpedia.org/resource/Heart_attack
M. Aryan,Belgium,France,http://dbpedia.org/resource/Cardiac_arrest
M. Escobar,Spain,Spain,http://dbpedia.org/resource/Colon_Cancer
Mandoza,South Africa,South Africa,http://dbpedia.org/resource/Head_and_neck_cancer
M. Mohan,India,Baghdad,http://dbpedia.org/resource/Cirrhosis
M. S. Viswanathan,Chennai,British India,http://dbpedia.org/resource/Kidney_cancer
L. Brooks,"Rochester, New York","Cherryvale, Kansas",http://dbpedia.org/resource/Myocardial_infarction
L. Armstrong,New York,Louisiana,http://dbpedia.org/resource/Heart_attack
L. Geller,Los Angeles,Oregon,http://dbpedia.org/resource/Heart_failure
L. Greene,"Santa Monica, California",Ontario,http://dbpedia.org/resource/Pneumonia
L. Randolph,Los Angeles,"Knoxville, Tennessee",http://dbpedia.org/resource/Cancer
L. Gore,Manhattan,Brooklyn,http://dbpedia.org/resource/Lung_cancer
L. Nimoy,"Bel Air, Los Angeles",Boston,http://dbpedia.org/resource/Chronic_obstructive_pulmonary_disease
L. Horne,New York,"Bedford–Stuyvesant, Brooklyn",http://dbpedia.org/resource/Congestive_Heart_Failure
L. Marvin,Arizona,New York,http://dbpedia.org/resource/Myocardial_infarction
L. Welk,California,North Dakota,http://dbpedia.org/resource/Bronchopneumonia
L. Hovis,"Austin, Texas",United States,http://dbpedia.org/resource/Esophageal_cancer
L. R. Hubbard,"Creston, California","Tilden, Nebraska",http://dbpedia.org/resource/Stroke
K. Ri-se,Suwon,Japan,http://dbpedia.org/resource/Traffic_collision
K. Cisyk,Manhattan,Queens,http://dbpedia.org/resource/Breast_cancer
K. Yamada,"Tokyo, Japan","Tokyo, Japan",http://dbpedia.org/resource/Heart_attack
K. Carlisle,Manhattan,Louisiana,http://dbpedia.org/resource/Congestive_heart_failure
K. Baker,United States,United States,http://dbpedia.org/resource/Heart_attack
K. Lane,United States,Brooklyn,http://dbpedia.org/resource/Emphysema
K. Curtis,"Fresno, California",Colorado,http://dbpedia.org/resource/Heart_Attack
K. Monteno,Croatia,Sarajevo,http://dbpedia.org/resource/Pneumonia
K. Black,California,Illinois,http://dbpedia.org/resource/Ampullary_cancer
J. Ichikawa,Japan,Japan,http://dbpedia.org/resource/Cerebral_hemorrhage
J. Vega,Philippines,Philippines,http://dbpedia.org/resource/Pneumonia
J. London,"Encino, Los Angeles","Santa Rosa, California",http://dbpedia.org/resource/Cardiac_arrest
J. Holliday,New York City,New York City,http://dbpedia.org/resource/Breast_cancer
J. Garland,"Chelsea, London",Minnesota,http://dbpedia.org/resource/Barbiturate_overdose
J. Baker,"Paris, France","St. Louis, Missouri",http://dbpedia.org/resource/Cerebral_hemorrhage
J. Cash,"Nashville, Tennessee","Kingsland, Arkansas",http://dbpedia.org/resource/Diabetes
J. Trudell,"Santa Clara, California",Nebraska,http://dbpedia.org/resource/Terminal_cancer
J. Lennon,Manhattan,Liverpool,http://dbpedia.org/resource/Death_of_John_Lennon
J. Ford,California,"Cape Elizabeth, Maine",http://dbpedia.org/resource/Stomach_cancer
J. Collins,California,Alabama,http://dbpedia.org/resource/Cancer
J. Heesters,Starnberg,Amersfoort,http://dbpedia.org/resource/Stroke
J. O'Neill,"West Hollywood, California","Enid, Oklahoma",http://dbpedia.org/resource/Diabetes
J. Durante,California,Manhattan,http://dbpedia.org/resource/Pneumonia
J. Boyd,"Santa Monica, California","McComb, Mississippi",http://dbpedia.org/resource/Cancer
J. Jones,Guyana,Indiana,http://dbpedia.org/resource/Suicide
J. Henson,New York,United States,http://dbpedia.org/resource/Pneumonia
J. Franco,Málaga,Madrid,http://dbpedia.org/resource/Stroke
J. Orbach,New York City,New York City,http://dbpedia.org/resource/Prostate_cancer
J. Rivera,Monterrey,"Long Beach, California",http://dbpedia.org/resource/Plane_crash
J. Mansfield,"St. Tammany Parish, Louisiana","Bryn Mawr, Pennsylvania",http://dbpedia.org/resource/Car_crash
J. Blair,California,"Altoona, Pennsylvania",http://dbpedia.org/resource/Pneumonia
J. Brown,Atlanta,"Barnwell, South Carolina",http://dbpedia.org/resource/Pneumonia
J. Brel,Bobigny,Belgium,http://dbpedia.org/resource/Lung_cancer
J. Gleason,"Fort Lauderdale, Florida",Brooklyn,http://dbpedia.org/resource/Colorectal_cancer
J. Lemmon,Los Angeles,"Newton, Massachusetts",http://dbpedia.org/resource/Bladder_cancer
J. Lawrence,"Redding, Connecticut",Brooklyn,http://dbpedia.org/resource/Accidental_fall
J. Kevorkian,"Royal Oak, Michigan","Pontiac, Michigan",http://dbpedia.org/resource/Thrombosis
J. Carson,California,"Carman, Manitoba",http://dbpedia.org/resource/Stomach_cancer
J. Benny,Los Angeles,Chicago,http://dbpedia.org/resource/Pancreatic_cancer
J. P. O'Malley,"San Juan Capistrano, California",England,http://dbpedia.org/resource/Cardiovascular_disease
I. Pilus,Selangor,Malacca,http://dbpedia.org/resource/Leptospirosis
I. Haglund,Seattle,Seattle,http://dbpedia.org/resource/Myocardial_infarction
H. Avendaño,Mexico,Mexico,http://dbpedia.org/resource/Pancreatic_cancer
H. Ashman,New York,Baltimore,http://dbpedia.org/resource/AIDS
H. Stevens,"South Yarra, Victoria","Prahran, Victoria",http://dbpedia.org/resource/Coronary_occlusion
H. Woodlawn,Los Angeles,"Juana Díaz, Puerto Rico",http://dbpedia.org/resource/Brain_cancer
H. Greene,New York City,Brooklyn,http://dbpedia.org/resource/Myocardial_infarction
H. Caldera,Sri Lanka,Sri Lanka,http://dbpedia.org/resource/Cancer
H. Betti,France,France,http://dbpedia.org/resource/Natural_causes
H. Nelson,"Laguna Beach, California","Des Moines, Iowa",http://dbpedia.org/resource/Heart_failure
G. Béart,France,Cairo,http://dbpedia.org/resource/Myocardial_infarction
G. Hines,California,New York,http://dbpedia.org/resource/Hepatocellular_carcinoma
G. MacRae,"Lincoln, Nebraska",New Jersey,http://dbpedia.org/resource/Oral_cancer
G. Piserchio,New York,"Orange, New Jersey",http://dbpedia.org/resource/AIDS
G. Carlin,"Santa Monica, California",Manhattan,http://dbpedia.org/resource/Heart_failure
G. B. Shea,"Montreat, North Carolina",Ontario,http://dbpedia.org/resource/Stroke
G. Workman,"Aurora, Colorado",Liverpool,http://dbpedia.org/resource/Liver_failure
G. Crosby,"Burbank, California",Los Angeles,http://dbpedia.org/resource/Lung_cancer
G. Moore,United States,Baltimore,http://dbpedia.org/resource/Emphysema
F. Mercury,Kensington,Sultanate of Zanzibar,http://dbpedia.org/resource/Bronchopneumonia
F. Randall,"Palm Springs, California","Passaic, New Jersey",http://dbpedia.org/resource/Lung_cancer
F. Zappa,Los Angeles,Baltimore,http://dbpedia.org/resource/Prostate_cancer
F. Morgan,"Beverly Hills, California",New York City,http://dbpedia.org/resource/Myocardial_infarction
Floyd Red Crow Westerman,Los Angeles,South Dakota,http://dbpedia.org/resource/Leukemia
F. Sutro,New York,England,http://dbpedia.org/resource/Pleurisy
E. Merman,Manhattan,New York City,http://dbpedia.org/resource/Brain_cancer
E. Gold,"Santa Monica, California",Vienna,http://dbpedia.org/resource/Stroke
E. Kelly,"Sarasota, Florida","Sedan, Kansas",http://dbpedia.org/resource/Myocardial_infarction
E. Fitzgerald,"Beverly Hills, California","Newport News, Virginia",http://dbpedia.org/resource/Diabetes_mellitus
E. Grieg,Bergen,Bergen,http://dbpedia.org/resource/Heart_failure
E. Khil,Russia,Russian Soviet Federative Socialist Republic,http://dbpedia.org/resource/Stroke
E. Massey,California,New York,http://dbpedia.org/resource/Diabetes
E. Carroll,United States,Canada,http://dbpedia.org/resource/Brain_tumor
E. Nelson,"Greensboro, North Carolina",Louisiana,http://dbpedia.org/resource/Heart_failure
D. Farnum,New York City,"Hampton Beach, New Hampshire",http://dbpedia.org/resource/Kidney_failure
D. Mitchell,California,"Farrell, Pennsylvania",http://dbpedia.org/resource/Lung_cancer
D. Moore,"Plainfield, New Jersey",London,http://dbpedia.org/resource/Pneumonia
D. Provine,"Bremerton, Washington","Deadwood, South Dakota",http://dbpedia.org/resource/Emphysema
D. Grady,California,California,http://dbpedia.org/resource/Cancer
Divine,California,Baltimore,http://dbpedia.org/resource/Cardiomegaly
D. Darrell,Ohio,Texas,http://dbpedia.org/resource/Homicide
D. Shawn,San Diego,"Buffalo, New York",http://dbpedia.org/resource/Myocardial_infarction
D. Haymes,Billboard Hot 100,Argentina,http://dbpedia.org/resource/Lung_cancer
D. Griffey,Los Angeles,"Nashville, Tennessee",http://dbpedia.org/resource/Coronary_artery_bypass_surgery
D. Day,Los Angeles,New York,http://dbpedia.org/resource/Amyotrophic_lateral_sclerosis
Death of Sean Rigg,Brixton,Birmingham,http://dbpedia.org/resource/Asphyxia
D. Martin,"Beverly Hills, California","Steubenville, Ohio",http://dbpedia.org/resource/Acute_respiratory_failure
D. Elliott,California,"Madison, Wisconsin",http://dbpedia.org/resource/Alzheimer's_disease
D. Tomlinson,England,England,http://dbpedia.org/resource/Stroke
D. Bowie,Manhattan,London,http://dbpedia.org/resource/Liver_cancer
Dalida,Paris,Cairo,http://dbpedia.org/resource/Barbiturate_overdose
Daisy and Violet Hilton,"Charlotte, North Carolina",Sussex,http://dbpedia.org/resource/Hong_Kong_flu
C. Monteith,Vancouver,Calgary,http://dbpedia.org/resource/Drug_overdose
C. Haines,"Clearwater Beach, Florida","Savannah, Georgia",http://dbpedia.org/resource/Myasthenia_gravis
C. Dunn,Portugal,England,http://dbpedia.org/resource/Complication_(medicine)
C. Edwards,Hollywood,"Hannibal, Missouri",http://dbpedia.org/resource/Arteriosclerosis
C. Schumann,Frankfurt,Leipzig,http://dbpedia.org/resource/Stroke
C. Black,Estepona,England,http://dbpedia.org/resource/Stroke
Chyna,"Redondo Beach, California","Rochester, New York",http://dbpedia.org/resource/Drug_overdose
Chrisye,Dutch East Indies,Dutch East Indies,http://dbpedia.org/resource/Lung_cancer
C. Grimmie,"Orlando, Florida","Marlton, New Jersey",http://dbpedia.org/resource/Gunshot_wounds
C. Marx,Hollywood,New York City,http://dbpedia.org/resource/Arteriosclerosis
C. Chase,Hollywood,Baltimore,http://dbpedia.org/resource/Myocardial_infarction
C. Miranda,"Beverly Hills, California",Kingdom of Portugal,http://dbpedia.org/resource/Heart_Attack
C. Anderson,California,Virginia,http://dbpedia.org/resource/Leukemia
B. Ives,"Anacortes, Washington","Jasper County, Illinois",http://dbpedia.org/resource/Oral_cancer
B. Ebsen,California,"Belleville, Illinois",http://dbpedia.org/resource/Respiratory_failure
