col0,col1,col2,col3
T. Jay,Pinner County Grammar School,British people,2006
S. Unwin,Regent Street Polytechnic,English people,2002
S. Ray,University of Calcutta,Indian people,1992
R. Nelson,Stern conservatory,Germany,1960
R. Cash,City College of New York,United States,1995
R. E. Dolan,Loyola College,United States,1972
P. Gbeho,Achimota School,Ghanaian,1976
P. Bonneau,Conservatoire de Paris,French nationality,1995
O. N. V. Kurup,Master of Arts,Indian people,2016
N. A. Tuiteleleapaga,Bachelor of Laws,American Samoa,1988
M. Rooney,Hollywood High School,Americans,2014
