col0,col1,col2,col3
M. Perrier,École du Louvre,France,2012
M. Ochoa,Madrid Royal Conservatory,Cuba,2006
L. Horne,Boys and Girls High School,United States,2010
K. Black,Northwestern University,United States,2013
J. Sablon,Lycée Charlemagne,French nationality,1994
I. Mykolaichuk,"National University of Theatre, Film and TV in Kiev",Ukrainians,1987
I. Lake,Royal College of Music,United Kingdom,2004
H. Betti,Conservatoire de Paris,French nationality law,2005
G. Calvi,Conservatoire de Paris,France,2015
G. Kapuge,University of the Visual & Performing Arts,Sri Lanka,2003
G. Kumar,Delhi University,India,1997
G. Calvi,Conservatoire de Paris,France,2015
D. Kirshner,Upsala College,Americans,2011
Daniel Toscan du Plantier,Institut d'Etudes Politiques,French nationality law,2003
C. Wijewardena,"Hatton, Sri Lanka",Sri Lanka,1996
B. Collins,University of Florida,United States,2000
B. Abrahamian,University of Chicago,United States,2014
B. McPeek,University of Toronto,Canadians,1981
Abu Hena Mustafa Kamal,University of London,Bangladesh,1989
