col0,col1,col2,col3,col4,col5
Pretty Little Baby,Clarence Paul,"Detroit, Michigan",M. Gaye,I'll Be Doggone,0007-11-05
Pretty Fly for a Rabbi,"""Weird Al"" Yankovic",1999 in music,""". A. Yankovic","List of ""Weird Al"" Yankovic polka medleys",1999-04-20
Precious Angel,Jerry Wexler,Muscle Shoals Sound Studios,B. Dylan,Gotta Serve Somebody,1979-05-01
Power to the People,John Lennon,Tittenhurst Park,J. Lennon,Mother,1971-02-09
Porpoise Song,Gerry Goffin,Hollywood,C. King,D. W. Washburn,1968-02-28
Porch,Pearl Jam,Seattle,E. Vedder,Oceans,1991-04-26
Pop Life,Prince,Sunset Sound,Prince,Raspberry Beret,1984-02-19
Please Please Me,George Martin,Abbey Road Studios,Lennon–McCartney,Love Me Do,1962-11-26
Please Mr. Postman,George Martin,Abbey Road Studios,B. Holland,I Won't Last a Day Without You,1963-07-30
Please Come Home for Christmas,Jimmy Iovine,"Coconut Grove, Florida",C. Brown,Life in the Fast Lane,1960-09-21
Pleasant Valley Sunday,Chip Douglas,Hollywood,C. King,"A Little Bit Me, a Little Bit You",1967-06-11
Playboy,Brian Holland,"Detroit, Michigan",G. Horton,Twistin' Postman,1961-11-22
Pinball Wizard,Kit Lambert,England,P. Townshend,Magic Bus,1969-02-07
Pictures of Lily,Kit Lambert,United Kingdom,P. Townshend,Happy Jack,1967-04-05
Perfect Day,David Bowie,London,L. Reed,I Dreamed a Dream,1972-08-31
Penny Lane,George Martin,Abbey Road Studios,Lennon–McCartney,Yellow Submarine,1966-12-29
Peggy Sue,Norman Petty,"Clovis, New Mexico",B. Holly,That'll Be the Day,1957-07-01
Peace on Earth/Little Drummer Boy,David Bowie,Elstree Studios,K. K. Davis,Cat People,1977-09-11
Paperback Writer,George Martin,Abbey Road Studios,Lennon–McCartney,We Can Work It Out,1966-04-14
Paper Roses,Sonny James,1960 in music,J. Torre,Till There Was You,1973-06-07
Papa Don't Take No Mess,James Brown,"Augusta, GA",F. Wesley,My Thang,1973-08-23
Paint It Black,Andrew Loog Oldham,"Hollywood, California",Jagger/Richards,19th Nervous Breakdown,1966-03-08
P.S. I Love You,Ron Richards,Abbey Road Studios,Lennon–McCartney,Can't Buy Me Love,1962-09-11
Ooo Baby Baby,Smokey Robinson,Hitsville U.S.A.,S. Robinson,Back in the U.S.A.,1965-01-21
Only Sixteen,Ron Haffkine,California,S. Cooke,Everybody Loves to Cha Cha Cha,1959-01-04
One More Heartache,Smokey Robinson,Hitsville USA,R. White,Ain't That Peculiar,0008-11-06
On the Banks of the Old Ponchartrain,Fred Rose,Nashville,H. Williams,Move It On Over,1947-08-04
On a Carousel,Ron Richards,Abbey Road Studios,A. Clarke,Stop Stop Stop,1967-01-13
Old Town,The Corrs,County Wicklow,J. Bain,Radio,1999-10-05
