col0,col1,col2,col3,col4,col5
Old John Robertson,Gary Usher,"Hollywood, California",C. Hillman,Have You Seen Her Face,1967-06-21
Old Brown Shoe,George Martin,Abbey Road Studios,G. Harrison,Get Back,1969-04-18
Oh My My,Jeff Barry,New York City,J. Barry,Good Clean Fun,1970-02-07
Oh Love,Green Day,"Oakland, California",M. Dirnt,Don't Want to Know If You Are Lonely,2012-06-26
"Oh, Boy!",Norman Petty,"Clovis, New Mexico",N. Petty,That'll Be the Day,1957-07-01
Oh! Darling,George Martin,Los Angeles,Lennon-McCartney,August October,1969-08-11
Odorono,Kit Lambert,IBC Studios,P. Townshend,Mary Anne with the Shaky Hand,1967-10-11
Oceans,Pearl Jam,England,E. Vedder,Jeremy,1991-04-26
"Ob-La-Di, Ob-La-Da",George Martin,Abbey Road Studios,Lennon–McCartney,Got to Get You into My Life,1968-07-03
Nowhere to Run,Lamont Dozier,Hitsville U.S.A.,Holland–Dozier–Holland,Wild One,1964-10-21
Nothing but Heartaches,Lamont Dozier,Hitsville U.S.A.,Holland–Dozier–Holland,Back in My Arms Again,1965-05-17
Nothing Else Matters,James Hetfield,California,J. Hetfield,"Die, Die My Darling",1991-06-16
Nothing Can Change This Love,Hugo & Luigi,California,S. Cooke,Bring It on Home to Me,1962-08-23
No Spare Parts,Jagger/Richards,Paris,Jagger/Richards,Plundered My Soul,1977-12-21
No Particular Place to Go,Leonard Chess,Chicago,C. Berry,Nadine,1964-03-25
No Milk Today,Mickie Most,De Lane Lea Studios,G. Gouldman,This Door Swings Both Ways,1966-08-13
Nights on Broadway,Arif Mardin,Criteria Studios,"Barry, Robin & Maurice Gibb",Jive Talkin',1975-01-30
Never Before,Deep Purple,Switzerland,I. Gillan,Fireball,1971-12-21
Natural High,Charlie Bauerfeind,Brazil,J. Cans,Blood Bound,2003-05-17
Nathan Jones,Frank Wilson,Hitsville U.S.A.,K. Wakefield,River Deep – Mountain High,1970-12-17
My World,Bee Gees,IBC Studios,B. Gibb,Don't Wanna Live Inside Myself,1971-10-13
My Woman's Good to Me,Billy Sherrill,Englewood Cliffs,B. Sherrill,Where Love Used to Live,1969-05-20
My Thang,James Brown,"New York, NY",J. Brown,The Payback,1973-11-27
My Sweet Love Ain't Around,Fred Rose,Nashville,H. Williams,On the Banks of the Old Ponchartrain,1947-11-07
My Son Calls Another Man Daddy,Fred Rose,"Nashville, Tennessee",H. Williams,I Just Don't Like This Kind of Living,1950-01-09
My Heart Would Know,Fred Rose,Nashville,H. Williams,Howlin' At the Moon,1951-03-16
My Heart Will Go On,James Horner,70th Academy Awards,J. Horner,The Reason,1997-05-22
My Generation,Shel Talmy,London,P. Townshend,"Anyway, Anyhow, Anywhere",1965-10-13
My Baby,Smokey Robinson,Hitsville USA,S. Robinson,Since I Lost My Baby,1965-08-11
Mrs. Robinson,Art Garfunkel,New York City,P. Simon,Scarborough Fair/Canticle,1968-02-02
"Mrs. Brown, You've Got a Lovely Daughter",Mickie Most,De Lane Lea Studios,T. Peacock,Silhouettes,1964-12-01
Mr. Natural,Arif Mardin,London,B. Gibb,Wouldn't I Be Someone,1974-01-08
Mozambique,Don DeVito,New York City,B. Dylan,Hurricane,1975-07-30
Move It On Over,Fred Rose,Nashville,H. Williams,Pan American,1947-04-21
Move It,Brian May,Abbey Road Studios,I. Samwell,Yesterday Once More,1958-07-24
Mountains,Prince,Minneapolis,L. Coleman,Kiss,1985-11-30
Mother Popcorn,James Brown,"Cincinnati, OH",A. Ellis,The Popcorn,1969-05-13
Mother Dear,Lamont Dozier,Hitsville U.S.A.,Holland–Dozier–Holland,Back in My Arms Again,1965-06-21
More Love,Smokey Robinson,"Los Angeles, California",S. Robinson,The Love I Saw in You Was Just a Mirage,1967-04-26
Monkey Gone to Heaven,Gil Norton,Connecticut,B. Francis,Gigantic,1988-12-04
Money,Pink Floyd,Abbey Road Studios,R. Waters,Free Four,1972-06-07
Moanin' the Blues,Fred Rose,"Nashville, Tennessee",H. Williams,Why Should We Try Anymore,1950-08-31
Mistletoe and Holly,Voyle Gilmore,Capitol Records,F. Sinatra,Witchcraft,1957-07-17
Miss You Nights,Bruce Welch,Abbey Road Studios,D. Townsend,Honky Tonk Angel,1975-09-09
Miss You,Jagger/Richards,Paris,Jagger/Richards,Hot Stuff,1977-12-21
Mind Your Own Business,Fred Rose,"Nashville, Tennessee",H. Williams,Wedding Bells,1949-03-01
Memory of a Free Festival,Tony Visconti,Trident Studios,D. Bowie,The Prettiest Star,0003-03-23
Melissa,Tom Dowd,Criteria Studios,G. Allman,Ain't Wastin' Time No More,1971-12-09
Maybe Baby,Norman Petty,"Clovis, New Mexico",N. Petty,"Oh, Boy!",1957-10-15
Massachusetts,Bee Gees,Portland Place,B. Gibb,Holiday,1967-08-17
Marigold,Gil Norton,"Arlington County, Virginia",D. Grohl,Walking After You,1990-12-23
Mannish Boy,Leonard Chess,Chicago,M. Waters,I'm Ready,1955-05-24
Man Gave Names to All the Animals,Jerry Wexler,Muscle Shoals Sound Studios,B. Dylan,Forever Young,1979-05-04
Mamma,Norman Newell,Abbey Road Studios,C. A. Bixio,God Bless America,1959-08-25
Mama Said,James Hetfield,"Sausalito, California",J. Hetfield,Hero of the Day,1995-05-01
Make Me Smile,Alan Parsons,London,S. Harley,Solsbury Hill,1982-11-16
Magic Bus,Kit Lambert,London Records,P. Townshend,Dogs,1968-05-29
Lucky Lips,Norrie Paramor,New York City,M. Stoller,Summer Holiday,1956-09-25
Lowdown Popcorn,James Brown,"Miami, FL",J. Brown,Mother Popcorn,1969-06-12
Lovesick Blues,Fred Rose,Cincinnati,I. Mills,A Mansion on the Hill,1948-12-22
Lovely Rita,George Martin,Abbey Road Studios,Lennon–McCartney,When I'm Sixty-Four,1967-03-21
Love in Motion,Iva Davies,London,I. Davies,Icehouse,1981-07-15
Love So Right,Bee Gees,Criteria Studios,"Barry, Robin & Maurice Gibb",You Should Be Dancing,0008-01-18
Love Isn't Easy,Benny Andersson,Stockholm,B. Andersson,Ring Ring,1973-03-14
Love Is Here and Now You're Gone,Lamont Dozier,Los Angeles,Holland–Dozier–Holland,You Keep Me Hangin' On,1966-08-12
Love Child,Frank Wilson,Hitsville U.S.A.,D. Richards,Some Things You Never Get Used To,1968-09-20
Love,Lamont Dozier,Hitsville U.S.A.,Holland–Dozier–Holland,Nowhere to Run,1964-04-10
"Love, Reign o'er Me",The Who,Atlanta,P. Townshend,5:15,1973-06-08
Lost Someone,James Brown,Apollo Theater,B. Byrd,I Got You,1961-02-09
"Lord, Mr. Ford",Chet Atkins,"Nashville, Tennessee",D. Feller,You Took All the Ramblin' Out of Me,1973-01-09
