col0,col1,col2,col3,col4,col5
Congratulations,Norrie Paramor,London,P. Coulter,All My Love,1968-02-03
Common People,Chris Thomas,Townhouse Studios,N. Banks,The Sisters EP,1995-01-24
Come Together,George Martin,Abbey Road Studios,Lennon–McCartney,The Ballad of John and Yoko,1969-07-30
Come See About Me,Lamont Dozier,Hitsville U.S.A.,Holland–Dozier–Holland,Baby Love,1964-07-13
Come On in My Kitchen,Don Law,"San Antonio, Texas",R. Johnson,Cross Road Blues,1936-11-23
Come Get to This,Marvin Gaye,"Hollywood, California",M. Gaye,Let's Get It On,1970-11-03
Come Back to What You Know,Martin Glover,Indiana,D. McNamara,All You Good Good People,2001-05-09
Color of the Blues,Pappy Daily,Tennessee,G. Jones,A New Baby for Christmas,2007-06-05
Coldblooded,James Brown,"New York, NY",J. Brown,Funky President,1974-03-24
Cold Turkey,Yoko Ono,London,J. Lennon,Give Peace a Chance,1969-09-30
Cloud Nine,RIAA,1968 in music,N. Whitfield,Please Return Your Love To Me,1968-10-01
Closer to the Heart,Rush,South Wales,A. Lifeson,Fly by Night,1977-06-23
Cleaning Windows,Van Morrison,Record Plant Studios,V. Morrison,You Make Me Feel So Free,1981-07-27
City Lights,Eddie Kilroy,1974 in country music,B. Anderson,I Overlooked an Orchid,1958-05-29
Cinnamon Girl,David Briggs,California,N. Young,Down by the River,1969-03-20
Christmas Time,George Martin,Abbey Road Studios,G. Harrison,Baby It's You,1967-11-28
Choosey Beggar,Smokey Robinson,Hitsville USA,S. Robinson,My Girl Has Gone,1965-03-09
Chip Away the Stone,Jack Douglas,Long View Farm,R. Supa,Come Together,1978-04-08
Check Yourself,Berry Gordy,Hitsville USA,B. G. Jr.,Oh Mother of Mine,1961-10-28
Check My Brain,Nick Raskulinecz,"Northridge, Los Angeles, California",J. Cantrell,A Looking in View,2008-10-23
Chain Gang,Terry Cashman,New York City,S. Cooke,Workin' at the Car Wash Blues,1960-01-25
Carrie Anne,Ron Richards,Abbey Road Studios,A. Clarke,On a Carousel,1967-05-01
Can I Get a Witness,Lamont Dozier,Detroit,Holland–Dozier–Holland,Pride and Joy,1963-07-17
Can't You Hear My Heartbeat,Mickie Most,De Lane Lea Studios,J. Carter,I'm into Something Good,1964-12-01
Can't Help Thinking About Me,Tony Hatch,London,D. Bowie,You've Got a Habit of Leaving,1965-12-10
Can't Help Falling in Love,UB40,California,H. Peretti,Little Sister,1961-03-23
Can't Buy Me Love,George Martin,Abbey Road Studios,Lennon–McCartney,I Want to Hold Your Hand,1964-01-29
California Girls,Brian Wilson,United Western Recorders,B. Wilson,"Help Me, Rhonda",1965-06-04
California Dreamin',Terry Melcher,"Hollywood, California",J. Phillips,Rock 'n' Roll to the Rescue,1965-11-04
Butcher's Tale,The Zombies,Abbey Road Studios,C. White,Care of Cell 44,1967-07-20
Bus Stop,Ron Richards,Abbey Road Studios,G. Gouldman,I Can't Let Go,1966-05-18
Burning Love,Felton Jarvis,"Hollywood, California",D. Linde,An American Trilogy,1972-03-28
Brown Sugar,Jimmy Miller,Alabama,Jagger/Richards,Honky Tonk Women,1969-12-04
Brown Eyed Handsome Man,Norman Petty,Chicago,C. Berry,Maybellene,1956-04-16
Bring It On Home to Me,Mickie Most,California,S. Cooke,Don't Let Me Be Misunderstood,1962-04-26
Bridge Burning,Butch Vig,Dave Grohl,P. Smear,These Days,2010-12-21
Breath,Pearl Jam,Seattle,E. Vedder,Alice in Chains,1990-10-23
Breaking Glass,Tony Visconti,Boston,D. Bowie,Beauty and the Beast,1978-05-06
Born in the U.S.A.,Bruce Springsteen,New York City,B. Springsteen,Cover Me,1982-04-01
Bo Diddley,Bo Diddley,"Chicago, Illinois",B. Diddley,Brown Eyed Handsome Man,1955-03-02
Blue Suede Shoes,Sam Phillips,Sun Studio,C. Perkins,"Shake, Rattle and Roll",1955-12-19
Blue Heartache,Gail Davies,"Nashville, Tennessee",P. Craft,Someone Is Looking for Someone Like You,1972-05-10
Blowin' in the Wind,Albert Grossman,New York,B. Dylan,As Tears Go By,1962-07-09
Blood Bound,Charlie Bauerfeind,Denmark,J. Cans,Hearts on Fire,2003-05-23
Bleeding Heart,Jimi Hendrix,Record Plant Studios,E. James,Valleys of Neptune,1969-04-24
Black Country Rock,Tony Visconti,London,D. Bowie,All the Madmen,1970-05-22
Bittersweet Me,Scott Litt,"Memphis, Tennessee",M. Stipe,E-Bow the Letter,1995-11-07
Birds of a Feather,Andy Wallace,"Bearsville, New York",M. Gordon,Character Zero,1997-10-02
