col0,col1,col2,col3,col4,col5
7 and 7 Is,Jac Holzman,Hollywood,A. Lee,My Little Red Book,1966-06-20
409,Murry Wilson,United Western Recorders,B. Wilson,Surfin',1962-04-19
(Sittin' On) The Dock of the Bay,Steve Cropper,"Memphis, Tennessee",O. Redding,Knock on Wood,1967-12-07
(Let Me Be Your) Teddy Bear,Walter Scharf,"Hollywood, California",K. Mann,All Shook Up,1957-01-22
(I Know) I'm Losing You,Rod Stewart,Hitsville USA,N. Whitfield,Reason to Believe,1966-09-16
(I Heard That) Lonesome Whistle,Fred Rose,Nashville,H. Williams,Hey Good Lookin',1951-07-25
(I Can't Help You) I'm Falling Too,Chet Atkins,"Nashville, Tennessee",S. Davis,Am I That Easy to Forget,1960-05-13
(I Can't Get No) Satisfaction,Brian Eno,RCA Records,Jagger/Richards,Mongoloid,1965-05-12
(Come 'Round Here) I'm the One You Need,Lamont Dozier,Hitsville U.S.A.,Holland–Dozier–Holland,Whole Lot Of Shakin' In My Heart,1966-09-13
'Til I Die,The Beach Boys,Brian Wilson's home studio,B. Wilson,Long Promised Road,1970-08-15
'Til I Can Make It on My Own,Billy Sherrill,"Nashville, Tennessee",T. Wynette,She Believes in Me,1975-12-15
