col0,col1,col2,col3,col4
W. Wilson,"Mobile, Alabama",1925-10-8,1994-9-13,1925-10-8
T. Ruttman,Oklahoma,1930-3-11,1997-5-19,1930-3-11
T. Richmond,"Ashland, Ohio",1955-6-7,1989-8-13,1955-6-7
T. Flock,"Fort Payne, Alabama",1924-5-11,1998-3-31,1924-5-11
S. Fox,"Janesville, Wisconsin",1952-7-7,2000-12-18,1952-7-7
S. Clark,Las Vegas,1987-1-29,2006-5-21,1987-1-29
S. Rollins,"Granbury, Texas",1929-4-3,1998-12-28,1929-4-3
R. Bouchard,"Fitchburg, Massachusetts",1948-11-23,2015-12-10,1948-11-23
R. Moroso,"Madison, Connecticut",1968-9-26,1990-9-30,1968-9-26
R. Byron,Colorado,1915-3-12,1960-11-11,1915-3-12
R. Hendrick,"Richmond, Virginia",1929-4-1,1990-9-28,1929-4-1
R. Baker,Los Angeles,1958-5-14,1998-8-21,1958-5-14
R. Earnhardt,North Carolina,1928-2-23,1973-9-26,1928-2-23
P. Kirkwood,Texas,1927-12-22,2001-2-9,1927-12-22
N. Stacy,Kentucky,1921-12-28,1986-05-14,1921-12-28
M. Teague,"Daytona Beach, Florida",1922-2-22,1959-2-11,1922-2-22
L. Pond,"Ettrick, Virginia",1940-8-11,2016-2-10,1940-8-11
L. Petty,North Carolina,1914-3-14,2000-4-5,1914-3-14
L. Phillips,"Springfield, Missouri",1942-7-3,2004-9-21,1942-7-3
J. Mantz,"Hebron, Indiana",1918-9-18,1972-10-25,1918-9-18
J. Weatherly,"Norfolk, Virginia",1922-5-29,1964-1-19,1922-5-29
J. Massey,"Mebane, North Carolina",1929-12-11,2015-8-21,1929-12-11
J. Crawford,Georgia,1944-7-12,2007-5-6,1944-7-12
J. Leffler,"Long Beach, California",1975-9-16,2013-6-12,1975-9-16
J. Smith,"Metropolis, Illinois",1924-5-24,2001-10-17,1924-5-24
J. Bowsher,Ohio,1930-10-02,2006-04-08,1930-10-02
J. Thomas,"Christiansburg, Virginia",1930-5-12,2015-6-4,1930-5-12
I. Katona,"Toledo, Ohio",1916-08-16,2003-12-04,1916-08-16
H. Thomas,North Carolina,1923-4-6,2000-8-9,1923-4-6
