col0,col1,col2,col3,col4
F. Mundy,Atlanta,1918-6-18,2009-5-15,1918-6-18
F. Flock,"Fort Payne, Alabama",1920-3-21,1972-7-5,1920-3-21
F. Roberts,Florida,1929-1-20,1964-7-2,1929-1-20
F. Harris,Kentucky,1940-10-8,2000-5-7,1940-10-8
E. Langley,"Landover, Maryland",1928-8-21,1996-11-21,1928-8-21
D. Trickle,"Wisconsin Rapids, Wisconsin",1941-10-27,2013-5-16,1941-10-27
D. Rathmann,Los Angeles,1924-1-6,2000-2-1,1924-1-6
D. Bruce-Brown,New York City,1887-8-13,1912-10-1,1887-8-13
D. Earnhardt,"Kannapolis, North Carolina",1951-4-29,2001-2-18,1951-4-29
C. Turner,Virginia,1924-4-12,1970-10-4,1924-4-12
C. Lynn,Virginia,1936-3-3,1996-11-1,1936-3-3
C. Ballot-Léna,Paris,1936-8-4,1999-11-9,1936-8-4
C. Stevenson,"Sidney, Montana",1919-10-15,1995-8-21,1919-10-15
C. Elder,"Bloomington, Minnesota",1968-12-6,2007-8-12,1968-12-6
C. Tidwell,"Lizella, Georgia",1921-2-3,1990-5-4,1921-2-3
B. Hartman,United States,1940-05-11,1994-12-21,1940-05-11
B. Blackburn,"Fayetteville, North Carolina",1936-4-22,2006-2-28,1936-4-22
B. Baker,"Florence, South Carolina",1941-1-25,2015-8-10,1941-1-25
B. Baker,South Carolina,1919-3-4,2002-4-14,1919-3-4
B. Clauson,"Carmichael, California",1989-6-15,2016-8-7,1989-6-15
B. Derrington,Houston,1930-11-22,2011-10-14,1930-11-22
B. Rexford,New York,1927-3-14,1994-4-18,1927-3-14
B. Parsons,"Wilkes County, North Carolina",1941-7-12,2007-1-16,1941-7-12
A. Kulwicki,"Greenfield, Wisconsin",1954-12-14,1993-4-1,1954-12-14
A. Petty,"Trenton, New Jersey",1980-7-10,2000-5-12,1980-7-10
