col0,col1,col2,col3,col4
W. Foulke,Shropshire,Chelsea F.C.,1916-05-01,1874-04-12
T. Revill,England,Stoke City F.C.,1979-3-29,1892-5-9
S. McMillan,Leicester,Chelsea F.C.,1963-09-27,1896-09-17
N. Cantwell,Cork,Manchester United F.C.,2005-09-08,1932-02-28
K. Hough,Australia,Australia national football team,2009-09-20,1928-10-24
G. Brice,Bedford,Fulham F.C.,2003-1-1,1924-05-04
G. Brann,Eastbourne,England national football team,1954-06-14,1865-04-23
F. Gardner,Coventry,Birmingham City F.C.,1979-01-12,1922-06-04
F. Guttridge,Nottingham,Nottingham Forest F.C.,1918-06-13,1866-04-12
E. Burgin,Pitsmoor,Sheffield United F.C.,2012-11-16,1924-01-04
A. Holt,Southampton,Southampton F.C.,1994-07-28,1911-04-08
