col0,col1,col2,col3,col4
W. Roettger,"St. Louis, Missouri",1902-08-28,1902-08-28,1951-09-14
T. Churchill,"Blair, Oklahoma",1908-1-1,1908-1-1,1963-1-1
S. Port,"Chicago, Illinois",1911-03-07,1911-03-07,2007-06-11
S. Polk,"Hanford, California",1983-03-27,1983-03-27,2005-09-26
R. Andrews,"Dallas, TX",1923-03-01,1923-03-01,2008-01-21
R. Edwards,"Weston, West Virginia",1904-03-15,1904-03-15,1981-12-22
P. Campbell,"Olney, Texas",1926-03-11,1926-03-11,2005-02-10
N. Reed,"Hot Springs, Arkansas",1975-11-29,1975-11-29,2012-07-26
M. Courey,"Watertown, South Dakota",1959-08-11,1959-08-11,2007-12-11
L. Witte,"Swanton, Nebraska",1911-04-02,1911-04-02,1973-12-23
J. Cunningham,"Buffalo, New York",1935-1-1,1935-1-1,1991-12-17
J. Brady,Oklahoma,1907-08-11,1907-08-11,1984-01-12
J. Lambert,"Arkadelphia, Arkansas",1971-05-29,1971-05-29,2007-08-11
J. Street,"Longview, Texas",1948-08-02,1948-08-02,2013-09-30
J. Crain,"Nocona, Texas",1920-01-07,1920-01-07,1994-10-22
H. Benedict,Netherlands,1983-06-30,1983-06-30,2008-03-23
H. Walker,United States,1914-08-08,1914-08-08,1990-12-18
C. Applegran,"Chicago, Illinois",1893-11-06,1893-11-06,1960-05-06
C. Mullins,"Russellville, Alabama",1969-07-08,1969-07-08,1991-05-06
C. Carmichael,"Durham, North Carolina",1902-12-05,1902-12-05,1960-12-12
B. Kotsores,New York City,1924-09-18,1924-09-18,1971-6-1
B. Cowden,"San Francisco, California",1920-09-06,1920-09-06,2007-10-17
