col0,col1,col2,col3
Wood Lake,British Columbia,British Columbia,34
Tatla Lake,British Columbia,British Columbia,38
Taseko Lakes,British Columbia,British Columbia,110
Skaha Lake,British Columbia,British Columbia,56
Quesnel Lake,British Columbia,British Columbia,610
Pavilion Lake,British Columbia,British Columbia,65
Nimpo Lake,British Columbia,British Columbia,27
Ness Lake,British Columbia,British Columbia,18
Muncho Lake,British Columbia,British Columbia,223
Howard Lake,British Columbia,British Columbia,33
Gun Lake,British Columbia,British Columbia,100
Grand Lake,Newfoundland and Labrador,Newfoundland and Labrador,475
Gander Lake,Newfoundland and Labrador,Newfoundland and Labrador,288
François Lake,British Columbia,British Columbia,244
Eagle Lake,British Columbia,British Columbia,48
Charlotte Lake,British Columbia,British Columbia,100
Canim Lake,British Columbia,British Columbia,208
Badin Lake,North Carolina,North Carolina,57
Anderson Lake,British Columbia,British Columbia,215
