col0,col1,col2,col3,col4
Upper subscapular nerve,Posterior cord,Subscapularis,n_05,934
Ulnar nerve,Cervical spinal nerve 8,Adductor pollicis,n_05,939
Tibial nerve,Sacral plexus,Abductor digiti minimi muscle,n_05,960
Thoracodorsal nerve,Posterior cord,Latissimus dorsi muscle,n_05,934
Suprascapular nerve,Brachial plexus,Infraspinatus muscle,n_05,932
Superior gluteal nerve,Sacral plexus,Gluteus minimus,n_05,959
Superior cardiac nerve,Superior cervical ganglion,Heart,n_05,979
Superficial branch of ulnar nerve,Ulnar nerve,Palmaris brevis muscle,r_02,942
Subclavian nerve,Brachial plexus,Subclavius muscle,n_05,933
Sciatic nerve,Sacral plexus,Lateral rotator group,n_05,960
Recurrent laryngeal nerve,Vagus nerve,Esophagus,n_05,912
Radial nerve,Posterior cord,Posterior compartment of the arm,n_05,943
Pulmonary branches of vagus nerve,Vagus nerve,Bronchi,r_02,913
Posterior interosseous nerve,Deep branch of the radial nerve,Extensor digitorum,n_05,944
Posterior ethmoidal nerve,Nasociliary nerve,Ethmoidal sinus,n_05,888
Posterior branch of obturator nerve,Obturator nerve,Adductor magnus muscle,r_02,954
Posterior auricular nerve,Facial nerve,Posterior auricular muscle,n_05,905
