col0,col1,col2,col3,col4
External laryngeal nerve,Superior laryngeal nerve,Cricothyroid muscle,r_02,912
Dorsal scapular nerve,Brachial plexus,Levator scapulae muscle,n_05,932
Dorsal nerve of clitoris,Pudendal nerve,Clitoris,n_05,968
Deep temporal nerves,Mandibular nerve,Temporalis,n_05,895
Deep peroneal nerve,Common peroneal nerve,Anterior compartment of leg,n_05,965
Deep branch of ulnar nerve,Palmar branch of ulnar nerve,Dorsal interossei of the hand,r_02,942
Common peroneal nerve,Sacral plexus,Extensor digitorum brevis,n_05,964
Buccal nerve,Mandibular nerve,Cheek,n_05,895
Buccal branches of the facial nerve,Facial nerve,Cheek,r_02,905
Axillary nerve,Posterior cord,Deltoid muscle,n_05,934
