col0,col1,col2,col3
W. Bum-kon,South Gyeongsang Province,1982-04-27,Woo Bum-kon
V. Taneski,SFR Yugoslavia,2008-06-23,Vlado Taneski
V. Tcaciuc,Romania,1935-0-0,Vasile Tcaciuc
T. Ratzmann,"New Berlin, Wisconsin",2005-03-12,Terry Michael Ratzmann
S. murders,England,2002-08-04,Holly Marie Wells
S. Mirza,Karachi,2015-05-12,Saulat Ali Khan
R. Pleil,Weimar Republic,1958-02-18,Rudolf Pleil
R. G. Simmons,Chicago,1990-06-25,Ronald Gene Simmons
R. Vereș,Romania,1993-12-13,Romulus Vereș
P. Diehl,"Rock Island, Illinois",1888-1-1,Charles Ray Diehl
Murder of Yeardley Love,"Baltimore, Maryland",2010-05-03,Yeardley Reynolds Love
Murder of Victoria Climbié,Ivory Coast,2000-02-25,Victoria Adjo Climbié
Murder of Travis Alexander,"Riverside, California",2008-06-04,Travis Victor Alexander
