col0,col1,col2,col3
W. Odonic,Hedwig,Poznań,"Archcathedral Basilica of St. Peter and St. Paul, Poznań"
W. G. Branicki,R. Potocka,Saint Petersburg,Biała Cerkiew
"Wolfgang, Count Palatine of Zweibrücken",A. o. Hesse,Zweibrücken,Meisenheim
"William V, Landgrave of Hesse-Kassel",Amalie Elisabeth von Hanau-Münzenberg,Landgraviate of Hesse-Kassel,"Martinskirche, Kassel"
"William Parr, 1st Marquess of Northampton","Elisabeth Parr, Marchioness of Northampton",London,Warwick
"William Marshal, 1st Earl of Pembroke","Isabel de Clare, 4th Countess of Pembroke",Wiltshire,Temple Church
"William Louis, Count of Nassau-Dillenburg",A. o. Nassau,Dillenburg,Leeuwarden
"William II, Landgrave of Hesse-Wanfried-Rheinfels",Countess Palatine Ernestine of Sulzbach,Bad Schwalbach,Paris
"William Douglas, 1st Earl of Douglas","Margaret, Countess of Mar",Scotland,Melrose Abbey
"William, Duke of Austria",Joanna II of Naples,Vienna,Vienna
W. Odonic,Hedwig,Poznań,"Archcathedral Basilica of St. Peter and St. Paul, Poznań"
W. G. Branicki,R. Potocka,Saint Petersburg,Biała Cerkiew
"Vratislaus I, Duke of Bohemia",Drahomíra,Levý Hradec,"St. George's Basilica, Prague"
U. o. Brandenburg,"Henry V, Duke of Mecklenburg",Berlin,Doberan Minster
"Ulrich, Duke of Pomerania",H. o. Brunswick-Wolfenbüttel,"Barth, Germany",Stettin
"Thomas Seymour, 1st Baron Seymour of Sudeley",C. Parr,Wiltshire,Tower of London
"Thomas Holland, 2nd Earl of Kent",A. FitzAlan,England,Lincolnshire
"Thomas Butler, 7th Earl of Ormond",A. Hankford,Kilkenny,London
T. Elssler,Prince Adalbert of Prussia,Vienna,Invalidenfriedhof
S. o. Winzenburg,A. t. Bear,Hanover,Ballenstedt
"Sophie of Thuringia, Duchess of Brabant","Henry II, Duke of Brabant",Marburg,Villers Abbey
Sophie Hedwig of Brunswick-Wolfenbüttel,"Ernst Ludwig, Duke of Pomerania",Hessen,Wolgast
Sophie Elisabeth of Brandenburg,"Frederick William II, Duke of Saxe-Altenburg",Halle,Altenburg
Sophie Christiane of Wolfstein,"Christian Heinrich, Margrave of Brandenburg-Bayreuth-Kulmbach","Mühlhausen, Upper Palatinate",Roskilde Cathedral
"Sophie, Duchess of Hohenberg",Archduke Franz Ferdinand of Austria,Kingdom of Württemberg,Austria
"Simon de Montfort, 6th Earl of Leicester",E. o. Leicester,Montfort-l'Amaury,Evesham Abbey
S. o. Jülich-Cleves-Berg,"Charles, Margrave of Burgau",Kleve,Günzburg
S. o. Brandenburg,"William IV, Duke of Jülich-Berg",Ansbach,Altenberg Abbey
S. d. Neufmarché,"Miles de Gloucester, 1st Earl of Hereford",Wales,Llanthony Secunda
"Rupert II, Elector Palatine","Beatrice of Sicily, Electress Palatine",Amberg,Heidelberg
"Rudolf I, Duke of Saxe-Wittenberg",K. o. Poland,Wittenberg,Wittenberg
"Roger Mortimer, 1st Earl of March","Joan de Geneville, 2nd Baroness Geneville",Wigmore Castle,Wigmore Abbey
R. Guiscard,Sikelgaita,Hauteville-la-Guichard,Venosa
R. o. Bavaria,"Otto I, Count of Guelders",Kelheim,Roermond
R. f. Gilbert,R. Giffard,France,England
R. o. Chalon,A. o. Lorraine,Breda,Grote Kerk
"Reinhard IV, Count of Hanau-Münzenberg",K. o. Schwarzburg-Blankenburg,Hanau,Hanau
"Ramon Borrell, Count of Barcelona",E. o. Carcassonne,Girona,Barcelona Cathedral
"Ramon Berenguer IV, Count of Barcelona",P. o. Aragon,Barcelona,Santa Maria de Ripoll
"Ramon Berenguer III, Count of Barcelona",D. o. Provence,Rodez,Santa Maria de Ripoll
"Ralph de Stafford, 1st Earl of Stafford",M. d. Audley,Stafford Castle,Tonbridge Priory
"Ralph Neville, 2nd Earl of Westmorland",L. E. Percy,Cumberland,"Durham, England"
P. M. Cantacuzène,Julia Dent Cantacuzène Spiransky-Grant,Imperial Russia,Sarasota
Prince Christian Charles of Schleswig-Holstein-Sonderburg-Plön-Norburg,Dorothea Christina of Aichelberg,Magdeburg,Norburg
"Philipp Wolfgang, Count of Hanau-Lichtenberg",Dorothea Diana of Salm,"Bouxwiller, Bas-Rhin","Lichtenberg, Bas-Rhin"
"Philipp V, Count of Hanau-Lichtenberg",Ludowika Margaretha of Zweibrücken-Bitsch,"Bouxwiller, Bas-Rhin","Lichtenberg, Bas-Rhin"
"Philipp Moritz, Count of Hanau-Münzenberg",Sibylle Christine of Anhalt-Dessau,Hanau,Hanau
"Philipp Ludwig I, Count of Hanau-Münzenberg",Countess Magdalena of Waldeck,Hanau,Hanau
"Philipp IV, Count of Hanau-Lichtenberg",E. o. Fürstenberg,Babenhausen,"Lichtenberg, Bas-Rhin"
"Philipp III, Count of Hanau-Lichtenberg",S. o. Baden,Babenhausen,Babenhausen
"Philipp II, Count of Hanau-Münzenberg",J. o. Stolberg,Hanau,Hanau
"Philipp I, Count of Nassau-Weilburg",E. o. Lorraine-Vaudémont,Weilburg,Klarenthal Abbey
P. Sidney,F. Walsingham,Kent,St Paul's Cathedral
"Philip Herbert, 4th Earl of Pembroke",S. d. Vere,Wiltshire,Salisbury Cathedral
"Philip Ernest, Count of Hohenlohe-Langenburg",Anna Maria of Solms-Sonnewalde,Langenburg,Langenburg
P. Zrinski,K. Zrinska,Vrbovec,Croatia
O. Tudor,C. o. Valois,Anglesey,Herefordshire
"Otto II, Duke of Bavaria",Agnes of the Palatinate,Kelheim,Scheyern Abbey
"Mikołaj ""the Red"" Radziwiłł",Katarzyna Tomicka z Iwna,Kiev,Lithuania
"Maud de Ufford, Countess of Oxford","Thomas de Vere, 8th Earl of Oxford",Ireland,Suffolk
"Maud de Badlesmere, Countess of Oxford","John de Vere, 7th Earl of Oxford",Kent,Colne Priory
M. Green,S. T. Parr,England,England
"María del Rosario de Silva, Duchess of Alba","Jacobo Fitz-James Stuart, 17th Duke of Alba",Madrid,Monastery of Inmaculada Concepción
M. FitzAlan,"Thomas Howard, 4th Duke of Norfolk",Exeter,England
Marie Hedwig of Hesse-Darmstadt,"Bernhard I, Duke of Saxe-Meiningen",Giessen,Meiningen
Maria Antonia Koháry de Csábrág,Prince Ferdinand of Saxe-Coburg and Gotha,Buda,Coburg
Maria Amalia of Courland,"Charles I, Landgrave of Hesse-Kassel",Jelgava,"Martinskirche, Kassel"
"Margaret of Saxony, Duchess of Brunswick-Lüneburg",Henry I of Lüneburg,Meissen,"St. Peter und Paul, Weimar"
"Margaret of Savoy, Vicereine of Portugal","Francis IV, Duke of Mantua",Turin,Abbey of Santa María la Real de Las Huelgas
M. d. Clare,"Hugh de Audley, 1st Earl of Gloucester",Kent,Tonbridge Priory
"Margaret de Bohun, Countess of Devon","Hugh de Courtenay, 2nd Earl of Devon",Northampton,Exeter Cathedral
"Margaret, Countess of Tyrol","John Henry, Margrave of Moravia",South Tyrol,Vienna
Marcian,Pulcheria,Thrace,Constantinople
"María del Rosario de Silva, Duchess of Alba","Jacobo Fitz-James Stuart, 17th Duke of Alba",Madrid,Monastery of Inmaculada Concepción
"Magdalena of Brandenburg, Countess of Hohenzollern","Eitel Frederick II, Count of Hohenzollern",Tangermünde,Hechingen
M. Barberini,O. Giustiniani,Rome,Palestrina
Ludowika Margaretha of Zweibrücken-Bitsch,"Philip V, Count of Hanau-Lichtenberg",Ingwiller,Ingwiller
L. d. Mérode,"Carlo Emmanuele dal Pozzo, 5th Prince of Cisterna",Belgium,Reano
"Louis William, Margrave of Baden-Baden",Duchess Sibylle of Saxe-Lauenburg,France,Baden-Baden
"Louis IV, Landgrave of Thuringia",E. o. Hungary,Duchy of Thuringia,Reinhardsbrunn
"Louis IV, Elector Palatine","Margaret of Savoy, Countess Palatine of the Rhine",Heidelberg,Heidelberg
"Louis II, Count Palatine of Zweibrücken",E. o. Hesse,Zweibrücken,Zweibrücken
"Louis George, Margrave of Baden-Baden",Maria Anna of Schwarzenberg,Germany,Baden-Baden
"Leopold IV, Duke of Austria",C. o. Burgundy,Vienna,Vienna
"Leopold III, Duke of Austria",V. Visconti,Vienna,"Saint Paul's Abbey, Lavanttal"
"Leopold I, Margrave of Austria",R. o. Sualafeldgau,Würzburg,Melk Abbey
L. M. Fox,C. R. Fox,Teddington,Kensal Green Cemetery
L. C. Grey,"Edward Seymour, 1st Earl of Hertford",Leicester,Salisbury Cathedral
"Katherine Neville, Baroness Hastings","William Hastings, 1st Baron Hastings",England,Leicestershire
"Katherine FitzGerald, Viscountess Grandison",E. FitzGerald-Villiers,County Waterford,Westminster Abbey
J. o. Brittany,"Richard II, Duke of Normandy",Duchy of Brittany,"Bernay, Eure"
Juan López de Padilla,M. Pacheco,Crown of Castile,"Olmedo, Valladolid"
"John de Mowbray, 3rd Baron Mowbray",J. o. Lancaster,Yorkshire,Bedford
J. J. Guest,L. C. Guest,Wales,"St John's Church, Dowlais"
"John I, Count Palatine of Zweibrücken",M. o. Jülich-Cleves-Berg,Meisenheim,Zweibrücken
"John Beaufort, 1st Earl of Somerset","Margaret Holland, Duchess of Clarence",Montmorency-Beaufort,Canterbury Cathedral
Johann V of Nassau-Vianden-Dietz,E. o. Hesse-Marburg,Breda,Siegen
"Johann VII, Duke of Mecklenburg",S. o. Schleswig-Holstein-Gottorp,Güstrow,Schwerin Cathedral
"Johann Reinhard II, Count of Hanau-Lichtenberg","Anna Magdalena, Countess Palatine of Birkenfeld-Bischweiler","Bouxwiller, Bas-Rhin",Château de Lichtenberg
"Joan FitzAlan, Baroness Bergavenny","William de Beauchamp, 1st Baron Bergavenny",England,England
"Joan Beaufort, Countess of Westmorland","Ralph de Neville, 1st Earl of Westmorland",Anjou,Lincolnshire
"Jean Gordon, Countess of Bothwell","James Hepburn, 4th Earl of Bothwell",Huntly Castle,Dornoch
"Jasper Tudor, Duke of Bedford","Catherine Woodville, Duchess of Buckingham and Bedford","Hatfield, Hertfordshire",Somerset
"Jane Dudley, Duchess of Northumberland","John Dudley, 1st Duke of Northumberland",Kent,Chelsea Old Church
J. Dormer,"Gómez Suárez de Figueroa y Córdoba, 1st Duke of Feria",Buckinghamshire,Zafra
"Jane Boleyn, Viscountess Rochford","George Boleyn, 2nd Viscount Rochford",England,Tower of London
"James Douglas, 9th Earl of Douglas","Margaret Douglas, Fair Maid of Galloway",Scotland,Lindores Abbey
"James Butler, 4th Earl of Ormond","Joan Butler, Countess of Ormond","Kilkenny, Ireland","St. Mary's Abbey, Dublin"
J. Sobieski,Z. T. Daniłowicz,Polish–Lithuanian Commonwealth,"St. Lawrence's Church, Zhovkva"
"Jacobo Fitz-James Stuart, 17th Duke of Alba","María del Rosario de Silva, Duchess of Alba",Madrid,Monastery of Inmaculada Concepción
Ingelger,A. o. Amboise,Rennes,Châteauneuf-sur-Sarthe
"Humphrey Stafford, 1st Duke of Buckingham","Anne Stafford, Duchess of Buckingham",Stafford,Northampton
H. o. Cleves,Louis I of Gonzaga-Nevers,France,Nevers Cathedral
H. d'Oultremont,William I of the Netherlands,Maastricht,Soumagne
Henrietta Maria of Brandenburg-Schwedt,Crown Prince Friedrich Ludwig,Berlin,Köpenick Palace
"Henri, Duke of Rohan",M. d. Béthune,Château de Blain,Geneva
Hedwig of the Palatinate-Sulzbach,"Sigismund Francis, Archduke of Austria",Sulzbach-Rosenberg,Ostrov
H. o. Brunswick-Wolfenbüttel,"Ulrich, Duke of Pomerania",Wolfenbüttel,Rügenwalde
"Harriet Windsor-Clive, 13th Baroness Windsor",R. Clive,London,"Bromfield, Shropshire"
"Günther XLI, Count of Schwarzburg-Arnstadt",C. o. Nassau-Dillenburg,Sondershausen,Sondershausen
"Godfrey I, Count of Louvain",C. o. Burgundy,Leuven,Affligem Abbey
G. Kastrioti,V. Tripalda,Mat District,Mount Athos
Gisela Agnes of Rath,"Emmanuel Lebrecht, Prince of Anhalt-Köthen",Köthen,Köthen
G. o. Brunswick,Katlenburg-Lindau,Braunschweig,Brunswick Cathedral
"Gerald FitzGerald, 9th Earl of Kildare","Elizabeth Grey, Countess of Kildare",Ireland,St. Peter ad Vincula
"George Talbot, 4th Earl of Shrewsbury","Anne Hastings, Countess of Shrewsbury",Shropshire,South Yorkshire
"George Boleyn, 2nd Viscount Rochford","Jane Boleyn, Viscountess Rochford",Norfolk,Tower of London
"Geoffrey de Geneville, 1st Baron Geneville","Maud de Lacy, Baroness Geneville",Champagne,"Trim, County Meath"
"Günther XLI, Count of Schwarzburg-Arnstadt",C. o. Nassau-Dillenburg,Sondershausen,Sondershausen
F. Kettler,Elisabeth Magdalena of Pomerania,Duchy of Courland and Semigallia,Jelgava Palace
"Friedrich Casimir, Count of Hanau-Lichtenberg",Sibylle Christine of Anhalt-Dessau,"Bouxwiller, Bas-Rhin",Hanau
"Frederick II, Duke of Austria",A. o. Merania,Wiener Neustadt,Heiligenkreuz Abbey
"Frederick Casimir, Count Palatine of Zweibrücken-Landsberg",Emilia Antwerpiana of Nassau,Zweibrücken,Zweibrücken
"Frederick, Landgrave of Hesse-Eschwege",Countess Palatine Eleonora Catherine of Zweibrücken,Kassel,Eschwege
"Frederick, Duke of Mecklenburg-Grabow",Christine Wilhelmine of Hesse-Homburg,Schwerin,Schwerin
"Frances Seymour, Duchess of Somerset","William Seymour, 2nd Duke of Somerset",England,Wiltshire
"Frances Grey, Duchess of Suffolk","Henry Grey, 1st Duke of Suffolk",England,Westminster Abbey
Ferencz József Koháry de Csábrág,Maria Antoinetta Josefa von Waldstein-Wartenburg,Vienna,Hronský Beňadik
Ferdinand Maria Innocenz of Bavaria,Countess Palatine Maria Anna of Neuburg,Brussels,"Theatine Church, Munich"
E. Hańska,H. d. Balzac,Russian Empire,Père Lachaise Cemetery
"Ernest, Duke of Bavaria",E. Visconti,Munich,Munich
Erdmuthe Dorothea of Saxe-Zeitz,"Christian II, Duke of Saxe-Merseburg",Naumburg,Merseburg Cathedral
Engelbert I of Nassau,J. v. Polanen,Dillenburg,Breda
"Elizabeth le Despenser, Baroness Berkeley","Maurice de Berkeley, 4th Baron Berkeley",England,England
"Elizabeth de Vere, Countess of Derby",L. o. Mann,Theobalds House,Westminster Abbey
"Elizabeth de Berkeley, Countess of Warwick","Richard de Beauchamp, 13th Earl of Warwick","Berkeley, Gloucestershire",Kingswood Abbey
"Elizabeth Trentham, Countess of Oxford","Edward de Vere, 17th Earl of Oxford",Staffordshire,"Hackney, London"
"Elizabeth Tilney, Countess of Surrey","Thomas Howard, 2nd Duke of Norfolk",Norfolk,Aldgate
"Elizabeth Stanley, Countess of Huntingdon","Henry Hastings, 5th Earl of Huntingdon",Knowsley Hall,Ashby-de-la-Zouch
"Elizabeth Stafford, Duchess of Norfolk","Thomas Howard, 3rd Duke of Norfolk",Abergavenny,Surrey
"Elizabeth Russell, Duchess of Bedford","Francis Russell, 9th Duke of Bedford","Bourne, Lincolnshire",Buckinghamshire
"Elizabeth Home, Countess of Home","William Home, 8th Earl of Home",Jamaica,Westminster Abbey
"Elizabeth Boleyn, Countess of Wiltshire","Thomas Boleyn, 1st Earl of Wiltshire",Norfolk,Garden Museum
E. o. Hesse-Marburg,John V of Nassau-Dillenburg,Marburg,Siegen
