col0,col1,col2,col3
E. o. Brunswick-Wolfenbüttel,"Christopher, Duke of Brunswick-Harburg",Hessen,"Harburg, Hamburg"
"Elisabeth of Brunswick-Lüneburg, Duchess of Guelders","Charles II, Duke of Guelders",Celle,Geldern
E. o. Brandenburg-Ansbach-Kulmbach,"Ernest, Margrave of Baden-Durlach",Ansbach,"Stiftskirche, Stuttgart"
"Elisabeth of Brandenburg, Duchess of Brunswick-Calenberg-Göttingen","Eric I, Duke of Brunswick-Lüneburg",Cölln,Schleusingen
E. o. Anhalt-Zerbst,"John George, Elector of Brandenburg",Zerbst,Berlin
Eleonore Marie of Anhalt-Bernburg,"John Albert II, Duke of Mecklenburg",Amberg,Güstrow
E. o. Prussia,"Joachim Frederick, Elector of Brandenburg",Königsberg,Berlin Cathedral
E. d. Guzmán,Alfonso XI of Castile,Seville,Talavera de la Reina
"Eleanor Brandon, Countess of Cumberland","Henry Clifford, 2nd Earl of Cumberland",England,Kingdom of England
"Edmund Stafford, 5th Earl of Stafford",A. o. Gloucester,Staffordshire,Order of Saint Augustine
"Eberhard II, Duke of Württemberg","Elisabeth of Brandenburg, Duchess of Württemberg",Waiblingen,Heidelberg
Duchess Sabine of Württemberg,"William IV, Landgrave of Hesse-Kassel",Montbéliard,"Martinskirche, Kassel"
"Dorothea of Brandenburg, Duchess of Mecklenburg","Henry IV, Duke of Mecklenburg",Berlin,Gadebusch
Dorothea Hedwig of Brunswick-Wolfenbüttel,"Rudolph, Prince of Anhalt-Zerbst",Wolfenbüttel,Zerbst
Dorothea Diana of Salm,"Philip Wolfgang, Count of Hanau-Lichtenberg",Créhange,"Bouxwiller, Bas-Rhin"
Dorothea Christina of Aichelberg,Prince Christian Charles of Schleswig-Holstein-Sonderburg-Plön-Norburg,Plön,Plön Castle
Domitian,D. Longina,Rome,Rome
C. o. Masovia,"Ernest, Duke of Austria",Warsaw,Lilienfeld Abbey
Countess Palatine Magdalene Catherine of Zweibrücken,"Christian I, Count Palatine of Birkenfeld-Bischweiler",Zweibrücken,Bischwiller
Countess Palatine Ernestine of Sulzbach,"William II, Landgrave of Hesse-Wanfried-Rheinfels",Sulzbach-Rosenberg,Kingdom of Bavaria
Countess Palatine Anna Magdalena of Birkenfeld-Bischweiler,Johann Reinhard II of Hanau-Lichtenberg,Strasbourg,Hanau
Count Palatine Joseph Charles of Sulzbach,Countess Palatine Elizabeth Augusta Sophie of Neuburg,Sulzbach-Rosenberg,"St. Michael's Church, Munich"
C. o. Brunswick-Wolfenbüttel,"Philip II, Duke of Brunswick-Grubenhagen",Wolfenbüttel,Osterode am Harz
"Christopher, Duke of Mecklenburg",Princess Elizabeth of Sweden,Augsburg,Schwerin Cathedral
Christina Magdalena of the Palatinate-Zweibrücken,"Frederick VI, Margrave of Baden-Durlach",Nyköping Municipality,Pforzheim
"Christian I, Count Palatine of Birkenfeld-Bischweiler","Magdalene Catherine, Countess Palatine of Zweibrücken",Birkenfeld,Bischwiller
"Charles I, Count Palatine of Zweibrücken-Birkenfeld",D. o. Brunswick-Lüneburg,Neuburg an der Donau,Meisenheim
"Charles Beauclerk, 1st Duke of St Albans","Diana Beauclerk, Duchess of St Albans",United Kingdom,Westminster Abbey
"Charles, Margrave of Burgau",S. o. Jülich-Cleves-Berg,Velký Vřešťov,Günzburg
C. Borgia,C. o. Albret,Papal States,"Viana, Spain"
C. o. Austria,"Charles I, Margrave of Baden-Baden",Wiener Neustadt,Baden-Baden
C. o. Bourbon,"Adolf II, Duke of Guelders",Liège,Nijmegen
Casimir I the Restorer,Maria Dobroniega of Kiev,Kraków,"Archcathedral Basilica of St. Peter and St. Paul, Poznań"
"Carlo Emmanuele dal Pozzo, 5th Prince of Cisterna",L. d. Mérode,Turin,Reano
"Bridget de Vere, Countess of Berkshire","Francis Norris, 1st Earl of Berkshire",Theobalds House,London
Bolesław I the Brave,E. o. Lusatia,Poznań,Poznań
B. I. Wrymouth,S. o. Berg,Kraków,Poland
Bolesław I the Brave,J. o. Hungary,Poznań,Poznań
B. I. Wrymouth,S. o. Berg,Kraków,Poland
B. o. Laon,P. t. Short,Laon,Saint Denis Basilica
B. o. Brandenburg-Ansbach-Kulmbach,"George III, Landgrave of Leuchtenberg",Ansbach,Pfreimd
"Aymon, Count of Savoy",Yolande Palaeologina of Montferrato,Chambéry,Hautecombe Abbey
"Arnold III, Count of Bentheim-Steinfurt-Tecklenburg-Limburg",M. o. Neuenahr-Alpen,Neuenhaus,Bad Bentheim
"Archibald Douglas, 3rd Earl of Douglas",Bothwell,Scotland,Bothwell
"Anne Seymour, Duchess of Somerset","Edward Seymour, 1st Duke of Somerset","Sudbury, Suffolk",London
