col0,col1,col2,col3
"Anne Parr, Countess of Pembroke","William Herbert, 1st Earl of Pembroke",London,City of London
"Anne Morgan, Baroness Hunsdon","Henry Carey, 1st Baron Hunsdon",Herefordshire,Westminster Abbey
"Anne Braye, Baroness Cobham","George Brooke, 9th Baron Cobham",Bedfordshire,Kent
A. o. Brunswick-Lüneburg,"Barnim XI, Duke of Pomerania",Celle,Szczecin
"Anna of Brandenburg, Duchess of Mecklenburg","Albrecht VII, Duke of Mecklenburg",Berlin,Schwerin Cathedral
Anna Sophia of Prussia,"John Albert I, Duke of Mecklenburg",Königsberg,Schwerin Cathedral
Anna Maria of Solms-Sonnewalde,"Philip Ernest, Count of Hohenlohe-Langenburg",Sonnewalde,Langenburg
Anna Maria of Hesse-Kassel,"Louis II, Count of Nassau-Weilburg",Kassel,Saarbrücken
Anna Maria of Brandenburg-Ansbach,"Christoph, Duke of Württemberg",Krnov,"St. George's Collegiate Church, Tübingen"
Anna Eleonore of Stolberg-Wernigerode,"Emmanuel, Prince of Anhalt-Köthen",Ilsenburg,Köthen
Ana Francisca de Borja y Doria,G. o. Spain,Gandia,"Madrid, Spain"
