col0,col1,col2,col3
"Amadeus III, Count of Savoy",M. o. Albon,Carignano,Nicosia
A. Orsini,Piero di Lorenzo de' Medici,Naples,Basilica of Santa Maria del Popolo
"Albert III, Duke of Bavaria",A. o. Brunswick-Grubenhagen-Einbeck,Munich,Andechs
"Albert III, Duke of Austria",B. o. Nuremberg,Vienna,"St. Stephen's Cathedral, Vienna"
"Albert II, Margrave of Brandenburg-Ansbach",C. o. Baden-Durlach,Ansbach,Ansbach
"Agnes Keith, Countess of Moray","James Stewart, 1st Earl of Moray",Dunnottar Castle,Edinburgh
Agatha Christine of Hanau-Lichtenberg,"Leopold Louis, Count Palatine of Veldenz","Bouxwiller, Bas-Rhin",La Petite-Pierre
A. o. Nassau-Dillenburg,"Philip I, Count of Hanau-Münzenberg",Dillenburg,Hanau
A. o. Susa,O. o. Savoy,Turin,Canischio
A. o. Huntingdon,"Floris III, Count of Holland",Huntingdon,Abbey of Middelburg
