col0,col1,col2,col3
İ. İnönü,Anıtkabir,E. İnönü,1884-09-24
Z. A. Bhutto,Pakistan,B. Bhutto,1928-01-05
Z. Taylor,"Louisville, Kentucky",R. Taylor,1784-11-24
Z. A. Suleri,List of cemeteries in Karachi,S. Suleri,1913-1-1
W. Wilson,Washington National Cathedral,M. W. Wilson,1856-12-28
"William Slim, 1st Viscount Slim",St Paul's Cathedral,"John Slim, 2nd Viscount Slim",1891-08-06
W. P. Howland,Toronto,O. A. Howland,1811-05-29
W. Mgimwa,Iringa Region,G. Mgimwa,1950-01-20
W. McKinley,"Canton, Ohio",K. McKinley,1843-01-29
W. J. Street,Connecticut,W. C. Street,1784-06-16
W. H. Harrison,"North Bend, Ohio",J. S. Harrison,1773-02-09
W. Goforth,Spring Grove Cemetery,W. Goforth,1731-04-01
W. C. Schenck,"Franklin, Ohio",J. F. Schenck,1773-01-11
"William Cecil, 1st Baron Burghley",Lincolnshire,Elizabeth,1520-09-13
William Campbell Preston Breckinridge,Lexington Cemetery,D. Breckinridge,1837-08-28
W. M. Abbitt,"Appomattox, Virginia",W. A. Jr.,1908-05-21
W. G. Harding,"Marion, Ohio",E. A. Blaesing,1865-11-02
W. Annenberg,Sunnylands,W. Annenberg,1908-03-13
V. I. Borromeo,Milan,F. Borromeo,1390-0-0
V. B. Vargas,Central Cemetery of Bogotá,C. B. Isakson,1921-09-17
U. S. Grant,Manhattan,F. D. Grant,1822-04-27
T. Corrigan,Melbourne General Cemetery,S. Corrigan,1884-02-17
T. Ruggles,"Wilmot, Nova Scotia",B. Ruggles,1711-10-20
T. Armstrong,Christchurch,T. Armstrong,1875-09-28
T. W. Hislop,Wellington,T. Hislop,1850-04-08
T. T. Crittenden,"Kansas City, Missouri","Thomas T. Crittenden, Jr.",1832-01-01
T. Rice,"Waterville, Maine",T. Rice,1768-03-30
T. More,England,M. Roper,1478-02-07
T. Jefferson,Monticello,M. J. Randolph,1743-04-13
T. Cromwell,Tower of London,"Gregory Cromwell, 1st Baron Cromwell",1485-1-1
"Thomas Boleyn, 1st Earl of Wiltshire",Kent,A. Boleyn,1477-1-1
T. Roosevelt,New York,A. R. Longworth,1858-10-27
T. Kennedy,"Arlington County, Virginia",P. J. Kennedy,1932-02-22
T. Sherman,Connecticut,C. R. Sherman,1758-09-05
"Sir John Hynde Cotton, 3rd Baronet",Cambridgeshire,"Sir John Hynde Cotton, 4th Baronet",1686-1-1
S. B. Buckner,"Frankfort, Kentucky","Simon Bolivar Buckner, Jr.",1823-04-01
S. Ramgoolam,Sir Seewoosagur Ramgoolam Botanical Garden,D. N. Ramgoolam,1900-09-18
S. Smith,Connecticut,J. Lockwood,1646-1-1
S. Hayes,Connecticut,M. Seymour,1641-1-1
R. B. Hayes,Ohio,W. Hayes,1822-10-04
R. W. Daniel,Hollywood Cemetery,R. Daniel,1884-09-11
R. T. Lincoln,"Arlington County, Virginia",A. L. II,1843-08-01
R. Olmsted,Connecticut,J. Olmsted,1612-02-20
"Richard Grosvenor, 2nd Marquess of Westminster",Cheshire,"Richard Grosvenor, 1st Baron Stalbridge",1795-01-27
P. Trudeau,Quebec,A. Trudeau,1919-10-18
P. Gemayel,Bikfaya,B. Gemayel,1905-11-06
P. Nixon,Richard Nixon Presidential Library and Museum,J. N. Eisenhower,1912-03-16
P. Chung-hee,Seoul National Cemetery,P. Geun-hye,1917-11-14
O. Cromwell,London,Lord Deputy of Ireland,1599-04-25
N. L. II,Spring Grove Cemetery,N. Longworth,1844-06-16
M. Ertegun,Constantinople,A. Ertegün,1883-1-1
M. Fillmore,"Buffalo, New York",M. P. Fillmore,1800-01-07
Miguel Primo de Rivera,Jerez de la Frontera,Miguel Primo de Rivera y Sáenz de Heredia,1870-01-08
M. Aurangzeb,Saidu Sharif,M. A. Aurangzeb,1928-05-28
M. Bundy,Mount Auburn Cemetery,W. P. Bundy,1919-03-30
M. Hartt,Montreal,S. Hartt,1895-04-15
M. V. Buren,Kinderhook Cemetery,A. V. Buren,1782-12-05
M. Trafton,"Springfield, Massachusetts",A. Trafton,1810-08-01
L. B. Johnson,Texas,L. B. Johnson,1908-08-27
L. Day,"Ravenna, Ohio",W. R. Day,1813-07-09
L. C. Galán,Central Cemetery of Bogotá,Juan Manuel Galán Pachón,1943-09-29
L. B. Pearson,"Wakefield, Quebec",G. Pearson,1897-04-23
L. Isitt,"Linwood Cemetery, Christchurch",L. M. Isitt,1855-01-04
Lawrence Arthur Dumoulin Cannon,Cimetière Notre-Dame-de-Belmont,C. D. Cannon,1877-04-28
"Laurence Hyde, 1st Earl of Rochester",Westminster Abbey,"Henry Hyde, 4th Earl of Clarendon",1641-3-1
L. Kossuth,Kerepesi Cemetery,F. Kossuth,1802-09-19
K. Malima,Tanzania,A. Malima,1938-12-15
K. M. Landis,Oak Woods Cemetery,R. G. Landis,1866-11-20
K. Demirchyan,Yerevan,S. Demirchyan,1932-04-17
J. V. Zrinski,Croatia,P. Zrinski,1599-01-31
Juan Manuel de Rosas,Buenos Aires,M. Rosas,1793-03-30
J. B. Tito,Belgrade,Aleksandar,1892-05-07
J. Gilman,Brooklyn,B. I. Gilman,1738-05-05
J. Chamberlain,Birmingham,A. Chamberlain,1836-07-08
J. Cahill,Rookwood Cemetery,T. Cahill,1891-01-21
J. Belcher,"Cambridge, Massachusetts",J. Belcher,1682-01-08
J. Young,Royal Mausoleum of Hawaii,F. Kekelaokalani,1742-03-17
J. Tyler,"Richmond, Virginia",L. G. Tyler,1790-03-29
"John Stuart, 3rd Earl of Bute",Isle of Bute,C. Stuart,1713-05-25
"John P. Poe, Sr.",Green Mount Cemetery,E. A. Poe,1836-08-22
J. Lemmon,Springvale Botanical Cemetery,N. Lemmon,1875-07-15
J. Holman,Karrakatta Cemetery,M. Holman,1872-02-26
J. H. Addams,"Cedarville, Illinois",J. Addams,1822-07-12
J. Gregory,Connecticut,J. Benedict,1612-1-1
J. Davis,"Worcester, Massachusetts",H. Davis,1787-01-13
J. C. Molteno,Cape Town,P. Molteno,1814-06-05
J. Breckinridge,Lexington Cemetery,C. Breckinridge,1760-12-02
J. B. Jr.,Connecticut,T. Betts,1692-11-17
J. Adams,"Quincy, Massachusetts",J. Q. Adams,1735-10-19
J. Adams,South Carolina,J. A. II,1750-02-04
J. Appiah,Kumasi,K. A. Appiah,1918-11-16
J. Colbert,"Saint-Eustache, Paris",J. N. Colbert,1619-08-29
J. v. Riebeeck,Dutch East Indies,A. v. Riebeeck,1619-04-21
J. Menzies,"Box Hill, Victoria",R. Menzies,1862-08-09
J. Madison,Montpelier,J. P. Todd,1750-3-5
J. G. Stewart,Ohio,P. Stewart,1880-11-17
J. G. Gregory,Connecticut,A. Gregory,1843-05-12
J. A. Garfield,Cleveland,H. A. Garfield,1831-11-19
J. Layton,Toronto Islands,M. Layton,1950-07-18
I. Stevens,"Newport, Rhode Island",Virginia,1818-03-25
I. Tsuyoshi,Japan,T. Inukai,1855-06-04
"Hugh Percy, 1st Duke of Northumberland",Westminster Abbey,J. Smithson,1715-1-1
H. Raster,Graceland Cemetery,W. B. Raster,1827-05-06
H. Hoover,Iowa,A. Hoover,1874-08-10
H. Lippitt,Swan Point Cemetery,C. W. Lippitt,1818-10-09
H. Holland,"Linwood Cemetery, Christchurch",S. Holland,1859-12-07
H. Grattan,Westminster Abbey,H. Grattan,1746-07-03
H. S. Truman,"Independence, Missouri",M. Truman,1884-05-08
H. C. Drew,Minden Cemetery,"R. Harmon Drew, Sr.",1889-02-16
