col0,col1,col2,col3,col4
T. Kennedy,K. family,Edward Moore Kennedy,Ted Kennedy Signature 2.svg,1932-02-22
S. Shriver,K. Schwarzenegger,Robert Sargent Shriver Jr.,Sargent Shriver Signature.svg,1915-11-09
N. Rockefeller,R. family,Nelson Aldrich Rockefeller,Nelson A Rockefeller Signature.svg,1908-07-08
M. A. Jinnah,J. family,Mahomedali Jinnahbhai,Jinnah Sign.gif,1876-12-25
M. Khatami,Z. Eshraghi,Seyyed Mohammad Khatami,Mohammad Khatami signature.svg,1943-09-29
M. Enríquez-Ominami,M. Enríquez,Marco Antonio Enríquez Gumucio,Firma de Marco Enríquez-Ominami.png,1973-06-12
M. L. Quezon,M. Quezon,Manuel Luis Molina Quezon Sr.,Manuel Quezon Signature.svg,1878-08-19
J. Connally,M. Connally,"John Bowden Connally, Jr.",John B Connally sig.jpg,1917-02-27
J. Chrétien,R. Chrétien,Joseph Jacques Jean Chrétien,Jean Chretien Signature 2.svg,1934-01-11
J. Layton,R. Layton,John Gilbert Layton,Jack Layton Signature 2.svg,1950-07-18
G. Cleveland,P. Foot,Stephen Grover Cleveland,GroverCleveland Signature.png,1837-03-18
F. W. de Klerk,J. d. Klerk,Frederik Willem de Klerk,FW DeKlerk sign.png,1936-03-18
A. W. Barkley,D. M. II,Willie Alben Barkley,Alben W Barkley Signature2.svg,1877-11-24
