col0,col1,col2,col3
É. d. Valera,S. d. Valera,Sinn Féin,1975-08-29
Z. Rahman,I. Rahman,Grand Alliance,2013-03-20
V. Havel,D. Havlová,Green Party,2011-12-18
V. Holubovych,T. Kardynalovska,Ukrainian Revolutionary Party,1939-05-16
V. Vynnychenko,R. Vynnychenko,Ukrainian Social Democratic Labour Party,1951-03-06
V. Lenin,N. Krupskaya,League of Struggle for the Emancipation of the Working Class,1924-01-21
V. Yogeswaran,S. Yogeswaran,Tamil United Liberation Front,1989-07-13
V. Havel,D. Havlová,Green Party,2011-12-18
U. M. Yar'Adua,T. Yar'Adua,Social Democratic Party,2010-05-05
S. Yat-sen,S. Ching-ling,Chinese Revolutionary Party,1925-03-12
S. Thurmond,"United States presidential election, 1968",Dixiecrat,2003-06-26
S. Mei-ling,C. Kai-shek,Republican Party,2003-10-23
S. M. Rahman,S. F. Mujib,All-India Muslim League,1975-08-15
S. Colfax,E. M. Colfax,Whig Party,1885-01-13
S. Allende,H. Bussi,Popular Unity,1973-09-11
S. Hussein,S. Talfah,National Progressive Front,2006-12-30
R. B. Hayes,L. W. Hayes,Whig Party,1893-01-17
R. Reagan,J. Wyman,Democratic Party,2004-06-05
R. Roco,S. Roco,Laban ng Demokratikong Pilipino,2005-08-05
"Priscilla Buchan, Baroness Tweedsmuir","John Buchan, 2nd Baron Tweedsmuir",Unionist Party,1978-03-11
P. Brown,B. L. Brown,Republican Party,1996-02-16
O. Mosley,D. Mitford,National Party of Europe,1980-12-03
N. Kirchner,Cristina Fernández de Kirchner,Front for Victory,2010-10-27
N. Mandela,G. Machel,South African Communist Party,2013-12-05
N. T. Rama Rao,L. Parvathi,National Front,1996-01-18
N. Kirchner,Cristina Fernández de Kirchner,Front for Victory,2010-10-27
M. Currier,H. S. Currier,Democratic Party,1898-08-23
M. Rajai,A. Sediqi,People's Mujahedin of Iran,1981-08-30
M. Zenawi,A. Mesfin,Tigrayan People's Liberation Front,2012-08-20
M. Moreno,M. G. Cuenca,Martín de Álzaga,1811-03-04
M. Honecker,E. Honecker,Communist Party of Germany,2016-05-06
M. MacDonald,J. Sillars,Scottish National Party,2014-04-04
M. Zedong,J. Qing,Kuomintang,1976-09-09
M. Roxas,T. Roxas,Nacionalista Party,1948-04-15
M. L. Quezon,A. Quezon,Democratic Party,1944-08-01
M. Dandavate,P. Dandavate,Praja Socialist Party,2005-11-12
Luis Humberto Gómez Gallo,Z. J. Corrales,National Salvation Movement,2013-12-25
L. Kaczyński,M. Kaczyńska,Law and Justice,2010-04-10
K. Carstens,V. Carstens,Nazi Party,1992-05-30
J. Ridsdale,P. Ridsdale,National Liberal Party,2004-07-21
J. P. Laurel,P. Laurel,KALIBAPI,1959-11-06
"John Simon, 1st Viscount Simon","Kathleen Simon, Viscountess Simon",National Liberal Party,1954-01-11
J. Appiah,P. Cripps,United Party,1990-07-08
J. Thorn,M. Thorn,Social Democratic Party,1956-11-21
J. Fernandopulle,S. Fernandopulle,United People's Freedom Alliance,2008-04-06
J. Tallien,T. Tallien,The Mountain,1820-11-16
J. B. Longley,H. Longley,Democratic Party,1980-08-16
J. A. Rahim,E. Rahim,Pakistan Communist Party,1977-1-1
J. Hébert,Marie Marguerite Françoise Hébert,The Mountain,1794-03-24
I. Hatoyama,K. Hatoyama,Rikken Seiyūkai,1959-03-07
H. Onn,S. Noah,United Malays National Organisation,1990-05-28
H. Chávez,Marisabel Rodríguez de Chávez,Great Patriotic Pole,2013-03-05
H. Humphrey,M. H. Brown,Minnesota Democratic–Farmer–Labor Party,1978-01-13
H. d. Camps,M. Germán,Dominican Revolutionary Party,2016-08-26
H. Janmaat,W. Schuurman,Independent,2002-06-09
H. al-Assad,A. Makhlouf,Ba'ath Party,2000-06-10
H. Bourguiba,Divorce,Neo Destour,2000-04-06
G. H. Wyne,B. M. Wyne,Pakistan Muslim League,1993-09-29
G. Pyatakov,Y. Bosch,Communist Party,1937-01-30
G. Danton,A. G. Danton,The Mountain,1794-04-05
G. Wallace,L. Wallace,American Independent Party,1998-09-13
F. Moores,J. Johnson,Progressive Conservative Party of Newfoundland and Labrador,2005-07-10
F. Tuđman,Née,League of Communists of Yugoslavia,1999-12-10
F. W. Pickens,L. Pickens,Nullifier Party,1869-01-25
F. Marcos,I. Marcos,Liberal Party,1989-09-28
F. Dzerzhinsky,S. S. Dzerzhinskaya,Social Democratic Party of Lithuania,1926-07-20
E. Lussu,J. Lussu,Italian Socialist Party,1975-03-05
C. Aquino,B. A. Jr.,United Nationalist Democratic Organization,2009-08-01
C. C. O'Brien,Máire Mhac an tSaoi,UK Unionist Party,2008-12-18
C. A. Arthur,"United States presidential election, 1880",Whig Party,1886-11-18
B. Yeltsin,N. Yeltsina,Communist Party of the Soviet Union,2007-04-23
B. w. Mutharika,C. Chimombo,United Democratic Front,2012-04-05
B. Harrison,"United States presidential election, 1892",Whig Party,1901-03-13
B. Mussolini,R. Guidi,Fasci d'Azione Rivoluzionaria,1945-04-28
B. A. Jr.,C. Aquino,Nacionalista Party,1983-08-21
A. Sadat,J. Sadat,Arab Socialist Union,1981-10-06
A. Ratwatte,Née,United National Party,2011-11-24
A. Moonesinghe,J. Hoban,Sri Lanka Freedom Party,2002-12-08
A. J. Donelson,E. Donelson,Constitutional Union Party,1871-06-26
A. Jackson,R. Jackson,Democratic-Republican Party,1845-06-08
A. Pauker,M. Pauker,Socialist Party of Romania,1960-06-03
A. Douglas-Home,"Elizabeth Douglas-Home, Baroness Home of the Hirsel",Unionist Party,1995-10-09
A. J. Beveridge,C. E. Beveridge,Progressive Party,1927-04-27
A. Hitler,E. Braun,German Workers' Party,1945-04-30
A. Lincoln,M. T. Lincoln,National Union Party,1865-04-15
A. R. Hussein,R. Noah,Labour Party,1976-01-14
É. d. Valera,S. d. Valera,Sinn Féin,1975-08-29
