col0,col1,col2,col3,col4
Wrestling at the 2012 Summer Olympics – Women's freestyle 63 kg,S. Battsetseg,Wrestling at the 2008 Summer Olympics – Women's freestyle 63 kg,J. Ruixue,Wrestling at the 2016 Summer Olympics – Women's freestyle 63 kg
Wrestling at the 2012 Summer Olympics – Women's freestyle 48 kg,C. Huynh,Wrestling at the 2008 Summer Olympics – Women's freestyle 48 kg,M. Stadnik,Wrestling at the 2016 Summer Olympics – Women's freestyle 48 kg
Wrestling at the 2012 Summer Olympics – Men's freestyle 96 kg,G. Gogshelidze,Wrestling at the 2008 Summer Olympics – Men's freestyle 96 kg,V. Andriytsev,Wrestling at the 2016 Summer Olympics – Men's freestyle 97 kg
Wrestling at the 2012 Summer Olympics – Men's freestyle 84 kg,D. Marsagishvili,Wrestling at the 2008 Summer Olympics – Men's freestyle 84 kg,J. Espinal,Wrestling at the 2016 Summer Olympics – Men's freestyle 86 kg
Wrestling at the 2012 Summer Olympics – Men's freestyle 74 kg,G. Hatos,Wrestling at the 2008 Summer Olympics – Men's freestyle 74 kg,S. Goudarzi,Wrestling at the 2016 Summer Olympics – Men's freestyle 74 kg
Wrestling at the 2012 Summer Olympics – Men's freestyle 66 kg,A. Tanatarov,Wrestling at the 2008 Summer Olympics – Men's freestyle 66 kg,S. Kumar,Wrestling at the 2016 Summer Olympics – Men's freestyle 65 kg
Wrestling at the 2012 Summer Olympics – Men's freestyle 55 kg,Y. Kyong-il,Wrestling at the 2008 Summer Olympics – Men's freestyle 55 kg,V. Khinchegashvili,Wrestling at the 2016 Summer Olympics – Men's freestyle 57 kg
Wrestling at the 2012 Summer Olympics – Men's Greco-Roman 96 kg,A. Aleksanyan,Wrestling at the 2008 Summer Olympics – Men's Greco-Roman 96 kg,R. Totrov,Wrestling at the 2016 Summer Olympics – Men's Greco-Roman 98 kg
Wrestling at the 2012 Summer Olympics – Men's Greco-Roman 74 kg,A. Kazakevič,Wrestling at the 2008 Summer Olympics – Men's Greco-Roman 74 kg,A. Julfalakyan,Wrestling at the 2016 Summer Olympics – Men's Greco-Roman 75 kg
Wrestling at the 2012 Summer Olympics – Men's Greco-Roman 66 kg,M. Tskhadaia,Wrestling at the 2008 Summer Olympics – Men's Greco-Roman 66 kg,T. Lőrincz,Wrestling at the 2016 Summer Olympics – Men's Greco-Roman 66 kg
Wrestling at the 2012 Summer Olympics – Men's Greco-Roman 55 kg,P. Módos,Wrestling at the 2008 Summer Olympics – Men's Greco-Roman 55 kg,R. Bayramov,Wrestling at the 2016 Summer Olympics – Men's Greco-Roman 59 kg
Wrestling at the 2012 Summer Olympics – Men's Greco-Roman 120 kg,R. Kayaalp,Wrestling at the 2008 Summer Olympics – Men's Greco-Roman 120 kg,H. Nabi,Wrestling at the 2016 Summer Olympics – Men's Greco-Roman 130 kg
Wrestling at the 2012 Summer Olympics – Women's freestyle 63 kg,S. Battsetseg,Wrestling at the 2008 Summer Olympics – Women's freestyle 63 kg,J. Ruixue,Wrestling at the 2016 Summer Olympics – Women's freestyle 63 kg
Wrestling at the 2012 Summer Olympics – Women's freestyle 48 kg,C. Huynh,Wrestling at the 2008 Summer Olympics – Women's freestyle 48 kg,M. Stadnik,Wrestling at the 2016 Summer Olympics – Women's freestyle 48 kg
Wrestling at the 2012 Summer Olympics – Men's freestyle 96 kg,G. Gogshelidze,Wrestling at the 2008 Summer Olympics – Men's freestyle 96 kg,V. Andriytsev,Wrestling at the 2016 Summer Olympics – Men's freestyle 97 kg
Wrestling at the 2012 Summer Olympics – Men's freestyle 84 kg,D. Marsagishvili,Wrestling at the 2008 Summer Olympics – Men's freestyle 84 kg,J. Espinal,Wrestling at the 2016 Summer Olympics – Men's freestyle 86 kg
Wrestling at the 2012 Summer Olympics – Men's freestyle 74 kg,G. Hatos,Wrestling at the 2008 Summer Olympics – Men's freestyle 74 kg,S. Goudarzi,Wrestling at the 2016 Summer Olympics – Men's freestyle 74 kg
Wrestling at the 2012 Summer Olympics – Men's freestyle 66 kg,A. Tanatarov,Wrestling at the 2008 Summer Olympics – Men's freestyle 66 kg,S. Kumar,Wrestling at the 2016 Summer Olympics – Men's freestyle 65 kg
Wrestling at the 2012 Summer Olympics – Men's freestyle 55 kg,Y. Kyong-il,Wrestling at the 2008 Summer Olympics – Men's freestyle 55 kg,V. Khinchegashvili,Wrestling at the 2016 Summer Olympics – Men's freestyle 57 kg
Wrestling at the 2012 Summer Olympics – Men's Greco-Roman 96 kg,A. Aleksanyan,Wrestling at the 2008 Summer Olympics – Men's Greco-Roman 96 kg,R. Totrov,Wrestling at the 2016 Summer Olympics – Men's Greco-Roman 98 kg
Wrestling at the 2012 Summer Olympics – Men's Greco-Roman 74 kg,A. Kazakevič,Wrestling at the 2008 Summer Olympics – Men's Greco-Roman 74 kg,A. Julfalakyan,Wrestling at the 2016 Summer Olympics – Men's Greco-Roman 75 kg
Wrestling at the 2012 Summer Olympics – Men's Greco-Roman 66 kg,M. Tskhadaia,Wrestling at the 2008 Summer Olympics – Men's Greco-Roman 66 kg,T. Lőrincz,Wrestling at the 2016 Summer Olympics – Men's Greco-Roman 66 kg
Wrestling at the 2012 Summer Olympics – Men's Greco-Roman 55 kg,P. Módos,Wrestling at the 2008 Summer Olympics – Men's Greco-Roman 55 kg,R. Bayramov,Wrestling at the 2016 Summer Olympics – Men's Greco-Roman 59 kg
Wrestling at the 2012 Summer Olympics – Men's Greco-Roman 120 kg,R. Kayaalp,Wrestling at the 2008 Summer Olympics – Men's Greco-Roman 120 kg,H. Nabi,Wrestling at the 2016 Summer Olympics – Men's Greco-Roman 130 kg
Wrestling at the 2008 Summer Olympics – Women's freestyle 72 kg,K. Hamaguchi,Wrestling at the 2004 Summer Olympics – Women's freestyle 72 kg,S. Zlateva,Wrestling at the 2012 Summer Olympics – Women's freestyle 72 kg
Wrestling at the 2008 Summer Olympics – Women's freestyle 63 kg,Y. Shalygina,Wrestling at the 2004 Summer Olympics – Women's freestyle 63 kg,A. Kartashova,Wrestling at the 2012 Summer Olympics – Women's freestyle 63 kg
Wrestling at the 2008 Summer Olympics – Women's freestyle 55 kg,T. Verbeek,Wrestling at the 2004 Summer Olympics – Women's freestyle 55 kg,X. Li,Wrestling at the 2012 Summer Olympics – Women's freestyle 55 kg
Wrestling at the 2008 Summer Olympics – Women's freestyle 48 kg,M. Stadnik,Wrestling at the 2004 Summer Olympics – Women's freestyle 48 kg,C. Icho,Wrestling at the 2012 Summer Olympics – Women's freestyle 48 kg
Wrestling at the 2008 Summer Olympics – Men's freestyle 96 kg,G. Gogshelidze,Wrestling at the 2004 Summer Olympics – Men's freestyle 96 kg,T. Tigiyev,Wrestling at the 2012 Summer Olympics – Men's freestyle 96 kg
Wrestling at the 2008 Summer Olympics – Men's freestyle 84 kg,T. Danko,Wrestling at the 2004 Summer Olympics – Men's freestyle 84 kg,Y. Abdusalomov,Wrestling at the 2012 Summer Olympics – Men's freestyle 84 kg
Wrestling at the 2008 Summer Olympics – Men's freestyle 74 kg,M. Gaidarov,Wrestling at the 2004 Summer Olympics – Men's freestyle 74 kg,S. Tigiev,Wrestling at the 2012 Summer Olympics – Men's freestyle 74 kg
Wrestling at the 2008 Summer Olympics – Men's freestyle 66 kg,O. Tushishvili,Wrestling at the 2004 Summer Olympics – Men's freestyle 66 kg,A. Stadnik,Wrestling at the 2012 Summer Olympics – Men's freestyle 66 kg
Wrestling at the 2008 Summer Olympics – Men's freestyle 60 kg,K. Yumoto,Wrestling at the 2004 Summer Olympics – Men's freestyle 60 kg,V. Fedoryshyn,Wrestling at the 2012 Summer Olympics – Men's freestyle 60 kg
Wrestling at the 2008 Summer Olympics – Men's freestyle 55 kg,R. Velikov,Wrestling at the 2004 Summer Olympics – Men's freestyle 55 kg,T. Matsunaga,Wrestling at the 2012 Summer Olympics – Men's freestyle 55 kg
Wrestling at the 2008 Summer Olympics – Men's freestyle 120 kg,D. Musuľbes,Wrestling at the 2004 Summer Olympics – Men's freestyle 120 kg,B. Akhmedov,Wrestling at the 2012 Summer Olympics – Men's freestyle 120 kg
Wrestling at the 2008 Summer Olympics – Men's Greco-Roman 96 kg,A. Wheeler,Wrestling at the 2004 Summer Olympics – Men's Greco-Roman 96 kg,M. Englich,Wrestling at the 2012 Summer Olympics – Men's Greco-Roman 96 kg
Wrestling at the 2008 Summer Olympics – Men's Greco-Roman 84 kg,N. Avluca,Wrestling at the 2004 Summer Olympics – Men's Greco-Roman 84 kg,Z. Fodor,Wrestling at the 2012 Summer Olympics – Men's Greco-Roman 84 kg
Wrestling at the 2008 Summer Olympics – Men's Greco-Roman 74 kg,Y. Yanakiev,Wrestling at the 2004 Summer Olympics – Men's Greco-Roman 74 kg,C. Yongxiang,Wrestling at the 2012 Summer Olympics – Men's Greco-Roman 74 kg
Wrestling at the 2008 Summer Olympics – Men's Greco-Roman 66 kg,A. Vardanyan,Wrestling at the 2004 Summer Olympics – Men's Greco-Roman 66 kg,K. Begaliev,Wrestling at the 2012 Summer Olympics – Men's Greco-Roman 66 kg
Wrestling at the 2008 Summer Olympics – Men's Greco-Roman 60 kg,R. Tyumenbayev,Wrestling at the 2004 Summer Olympics – Men's Greco-Roman 60 kg,V. Rahimov,Wrestling at the 2012 Summer Olympics – Men's Greco-Roman 60 kg
Wrestling at the 2008 Summer Olympics – Men's Greco-Roman 55 kg,R. Amoyan,Wrestling at the 2004 Summer Olympics – Men's Greco-Roman 55 kg,R. Bayramov,Wrestling at the 2012 Summer Olympics – Men's Greco-Roman 55 kg
Wrestling at the 2008 Summer Olympics – Men's Greco-Roman 120 kg,M. Mizgaitis,Wrestling at the 2004 Summer Olympics – Men's Greco-Roman 120 kg,K. Baroyev,Wrestling at the 2012 Summer Olympics – Men's Greco-Roman 120 kg
Wrestling at the 2008 Summer Olympics – Women's freestyle 72 kg,K. Hamaguchi,Wrestling at the 2004 Summer Olympics – Women's freestyle 72 kg,S. Zlateva,Wrestling at the 2012 Summer Olympics – Women's freestyle 72 kg
Wrestling at the 2008 Summer Olympics – Women's freestyle 63 kg,Y. Shalygina,Wrestling at the 2004 Summer Olympics – Women's freestyle 63 kg,A. Kartashova,Wrestling at the 2012 Summer Olympics – Women's freestyle 63 kg
Wrestling at the 2008 Summer Olympics – Women's freestyle 55 kg,T. Verbeek,Wrestling at the 2004 Summer Olympics – Women's freestyle 55 kg,X. Li,Wrestling at the 2012 Summer Olympics – Women's freestyle 55 kg
Wrestling at the 2008 Summer Olympics – Women's freestyle 48 kg,M. Stadnik,Wrestling at the 2004 Summer Olympics – Women's freestyle 48 kg,C. Icho,Wrestling at the 2012 Summer Olympics – Women's freestyle 48 kg
Wrestling at the 2008 Summer Olympics – Men's freestyle 96 kg,G. Gogshelidze,Wrestling at the 2004 Summer Olympics – Men's freestyle 96 kg,T. Tigiyev,Wrestling at the 2012 Summer Olympics – Men's freestyle 96 kg
Wrestling at the 2008 Summer Olympics – Men's freestyle 84 kg,T. Danko,Wrestling at the 2004 Summer Olympics – Men's freestyle 84 kg,Y. Abdusalomov,Wrestling at the 2012 Summer Olympics – Men's freestyle 84 kg
Wrestling at the 2008 Summer Olympics – Men's freestyle 74 kg,M. Gaidarov,Wrestling at the 2004 Summer Olympics – Men's freestyle 74 kg,S. Tigiev,Wrestling at the 2012 Summer Olympics – Men's freestyle 74 kg
Wrestling at the 2008 Summer Olympics – Men's freestyle 66 kg,O. Tushishvili,Wrestling at the 2004 Summer Olympics – Men's freestyle 66 kg,A. Stadnik,Wrestling at the 2012 Summer Olympics – Men's freestyle 66 kg
Wrestling at the 2008 Summer Olympics – Men's freestyle 60 kg,K. Yumoto,Wrestling at the 2004 Summer Olympics – Men's freestyle 60 kg,V. Fedoryshyn,Wrestling at the 2012 Summer Olympics – Men's freestyle 60 kg
Wrestling at the 2008 Summer Olympics – Men's freestyle 55 kg,R. Velikov,Wrestling at the 2004 Summer Olympics – Men's freestyle 55 kg,T. Matsunaga,Wrestling at the 2012 Summer Olympics – Men's freestyle 55 kg
Wrestling at the 2008 Summer Olympics – Men's freestyle 120 kg,D. Musuľbes,Wrestling at the 2004 Summer Olympics – Men's freestyle 120 kg,B. Akhmedov,Wrestling at the 2012 Summer Olympics – Men's freestyle 120 kg
Wrestling at the 2008 Summer Olympics – Men's Greco-Roman 96 kg,A. Wheeler,Wrestling at the 2004 Summer Olympics – Men's Greco-Roman 96 kg,M. Englich,Wrestling at the 2012 Summer Olympics – Men's Greco-Roman 96 kg
Wrestling at the 2008 Summer Olympics – Men's Greco-Roman 84 kg,N. Avluca,Wrestling at the 2004 Summer Olympics – Men's Greco-Roman 84 kg,Z. Fodor,Wrestling at the 2012 Summer Olympics – Men's Greco-Roman 84 kg
Wrestling at the 2008 Summer Olympics – Men's Greco-Roman 74 kg,Y. Yanakiev,Wrestling at the 2004 Summer Olympics – Men's Greco-Roman 74 kg,C. Yongxiang,Wrestling at the 2012 Summer Olympics – Men's Greco-Roman 74 kg
Wrestling at the 2008 Summer Olympics – Men's Greco-Roman 66 kg,A. Vardanyan,Wrestling at the 2004 Summer Olympics – Men's Greco-Roman 66 kg,K. Begaliev,Wrestling at the 2012 Summer Olympics – Men's Greco-Roman 66 kg
Wrestling at the 2008 Summer Olympics – Men's Greco-Roman 60 kg,R. Tyumenbayev,Wrestling at the 2004 Summer Olympics – Men's Greco-Roman 60 kg,V. Rahimov,Wrestling at the 2012 Summer Olympics – Men's Greco-Roman 60 kg
Wrestling at the 2008 Summer Olympics – Men's Greco-Roman 55 kg,R. Amoyan,Wrestling at the 2004 Summer Olympics – Men's Greco-Roman 55 kg,R. Bayramov,Wrestling at the 2012 Summer Olympics – Men's Greco-Roman 55 kg
Wrestling at the 2008 Summer Olympics – Men's Greco-Roman 120 kg,M. Mizgaitis,Wrestling at the 2004 Summer Olympics – Men's Greco-Roman 120 kg,K. Baroyev,Wrestling at the 2012 Summer Olympics – Men's Greco-Roman 120 kg
Wrestling at the 2004 Summer Olympics – Men's freestyle 96 kg,A. Heidari,Wrestling at the 2000 Summer Olympics – Men's freestyle 97 kg,M. A. Ibragimov,Wrestling at the 2008 Summer Olympics – Men's freestyle 96 kg
Wrestling at the 2004 Summer Olympics – Men's freestyle 84 kg,S. Sazhidov,Wrestling at the 2000 Summer Olympics – Men's freestyle 85 kg,M. Eui-jae,Wrestling at the 2008 Summer Olympics – Men's freestyle 84 kg
Wrestling at the 2004 Summer Olympics – Men's freestyle 74 kg,I. Fundora,Wrestling at the 2000 Summer Olympics – Men's freestyle 76 kg,G. Laliyev,Wrestling at the 2008 Summer Olympics – Men's freestyle 74 kg
Wrestling at the 2004 Summer Olympics – Men's freestyle 66 kg,M. Murtazaliev,Wrestling at the 2000 Summer Olympics – Men's freestyle 69 kg,J. Kelly,Wrestling at the 2008 Summer Olympics – Men's freestyle 66 kg
Wrestling at the 2004 Summer Olympics – Men's freestyle 60 kg,K. Inoue,Wrestling at the 2000 Summer Olympics – Men's freestyle 63 kg,M. Mostafa-Jokar,Wrestling at the 2008 Summer Olympics – Men's freestyle 60 kg
Wrestling at the 2004 Summer Olympics – Men's freestyle 55 kg,C. Tanabe,Wrestling at the 2000 Summer Olympics – Men's freestyle 58 kg,S. Abas,Wrestling at the 2008 Summer Olympics – Men's freestyle 55 kg
Wrestling at the 2004 Summer Olympics – Men's freestyle 120 kg,A. Polatçı,Wrestling at the 2000 Summer Olympics – Men's freestyle 130 kg,A. Rezaei,Wrestling at the 2008 Summer Olympics – Men's freestyle 120 kg
Wrestling at the 2004 Summer Olympics – Men's Greco-Roman 96 kg,M. Özal,Wrestling at the 2000 Summer Olympics – Men's Greco-Roman 97 kg,R. Nozadze,Wrestling at the 2008 Summer Olympics – Men's Greco-Roman 96 kg
Wrestling at the 2004 Summer Olympics – Men's Greco-Roman 84 kg,V. Makaranka,Wrestling at the 2000 Summer Olympics – Men's Greco-Roman 85 kg,A. Abrahamian,Wrestling at the 2008 Summer Olympics – Men's Greco-Roman 84 kg
Wrestling at the 2004 Summer Olympics – Men's Greco-Roman 74 kg,V. Samurgashev,Wrestling at the 2000 Summer Olympics – Men's Greco-Roman 76 kg,M. Yli-Hannuksela,Wrestling at the 2008 Summer Olympics – Men's Greco-Roman 74 kg
Wrestling at the 2004 Summer Olympics – Men's Greco-Roman 66 kg,M. Manukyan,Wrestling at the 2000 Summer Olympics – Men's Greco-Roman 69 kg,Ş. Eroğlu,Wrestling at the 2008 Summer Olympics – Men's Greco-Roman 66 kg
Wrestling at the 2004 Summer Olympics – Men's Greco-Roman 60 kg,A. Nazaryan,Wrestling at the 2000 Summer Olympics – Men's Greco-Roman 63 kg,R. Monzón,Wrestling at the 2008 Summer Olympics – Men's Greco-Roman 60 kg
Wrestling at the 2004 Summer Olympics – Men's Greco-Roman 55 kg,A. Kiouregkian,Wrestling at the 2000 Summer Olympics – Men's Greco-Roman 58 kg,G. Mamedaliyev,Wrestling at the 2008 Summer Olympics – Men's Greco-Roman 55 kg
Wrestling at the 2004 Summer Olympics – Men's Greco-Roman 120 kg,R. Gardner,Wrestling at the 2000 Summer Olympics – Men's Greco-Roman 130 kg,G. Tsurtsumia,Wrestling at the 2008 Summer Olympics – Men's Greco-Roman 120 kg
Wrestling at the 2004 Summer Olympics – Men's freestyle 96 kg,A. Heidari,Wrestling at the 2000 Summer Olympics – Men's freestyle 97 kg,M. A. Ibragimov,Wrestling at the 2008 Summer Olympics – Men's freestyle 96 kg
Wrestling at the 2004 Summer Olympics – Men's freestyle 84 kg,S. Sazhidov,Wrestling at the 2000 Summer Olympics – Men's freestyle 85 kg,M. Eui-jae,Wrestling at the 2008 Summer Olympics – Men's freestyle 84 kg
Wrestling at the 2004 Summer Olympics – Men's freestyle 74 kg,I. Fundora,Wrestling at the 2000 Summer Olympics – Men's freestyle 76 kg,G. Laliyev,Wrestling at the 2008 Summer Olympics – Men's freestyle 74 kg
Wrestling at the 2004 Summer Olympics – Men's freestyle 66 kg,M. Murtazaliev,Wrestling at the 2000 Summer Olympics – Men's freestyle 69 kg,J. Kelly,Wrestling at the 2008 Summer Olympics – Men's freestyle 66 kg
Wrestling at the 2004 Summer Olympics – Men's freestyle 60 kg,K. Inoue,Wrestling at the 2000 Summer Olympics – Men's freestyle 63 kg,M. Mostafa-Jokar,Wrestling at the 2008 Summer Olympics – Men's freestyle 60 kg
Wrestling at the 2004 Summer Olympics – Men's freestyle 55 kg,C. Tanabe,Wrestling at the 2000 Summer Olympics – Men's freestyle 58 kg,S. Abas,Wrestling at the 2008 Summer Olympics – Men's freestyle 55 kg
Wrestling at the 2004 Summer Olympics – Men's freestyle 120 kg,A. Polatçı,Wrestling at the 2000 Summer Olympics – Men's freestyle 130 kg,A. Rezaei,Wrestling at the 2008 Summer Olympics – Men's freestyle 120 kg
Wrestling at the 2004 Summer Olympics – Men's Greco-Roman 96 kg,M. Özal,Wrestling at the 2000 Summer Olympics – Men's Greco-Roman 97 kg,R. Nozadze,Wrestling at the 2008 Summer Olympics – Men's Greco-Roman 96 kg
Wrestling at the 2004 Summer Olympics – Men's Greco-Roman 84 kg,V. Makaranka,Wrestling at the 2000 Summer Olympics – Men's Greco-Roman 85 kg,A. Abrahamian,Wrestling at the 2008 Summer Olympics – Men's Greco-Roman 84 kg
Wrestling at the 2004 Summer Olympics – Men's Greco-Roman 74 kg,V. Samurgashev,Wrestling at the 2000 Summer Olympics – Men's Greco-Roman 76 kg,M. Yli-Hannuksela,Wrestling at the 2008 Summer Olympics – Men's Greco-Roman 74 kg
Wrestling at the 2004 Summer Olympics – Men's Greco-Roman 66 kg,M. Manukyan,Wrestling at the 2000 Summer Olympics – Men's Greco-Roman 69 kg,Ş. Eroğlu,Wrestling at the 2008 Summer Olympics – Men's Greco-Roman 66 kg
Wrestling at the 2004 Summer Olympics – Men's Greco-Roman 60 kg,A. Nazaryan,Wrestling at the 2000 Summer Olympics – Men's Greco-Roman 63 kg,R. Monzón,Wrestling at the 2008 Summer Olympics – Men's Greco-Roman 60 kg
Wrestling at the 2004 Summer Olympics – Men's Greco-Roman 55 kg,A. Kiouregkian,Wrestling at the 2000 Summer Olympics – Men's Greco-Roman 58 kg,G. Mamedaliyev,Wrestling at the 2008 Summer Olympics – Men's Greco-Roman 55 kg
Wrestling at the 2004 Summer Olympics – Men's Greco-Roman 120 kg,R. Gardner,Wrestling at the 2000 Summer Olympics – Men's Greco-Roman 130 kg,G. Tsurtsumia,Wrestling at the 2008 Summer Olympics – Men's Greco-Roman 120 kg
Wrestling at the 1924 Summer Olympics – Men's freestyle welterweight,O. Müller,Wrestling at the 1904 Summer Olympics – Men's freestyle welterweight,E. Leino,Wrestling at the 1928 Summer Olympics – Men's freestyle welterweight
Wrestling at the 1924 Summer Olympics – Men's freestyle middleweight,V. Pekkala,Wrestling at the 1920 Summer Olympics – Men's freestyle middleweight,P. Ollivier,Wrestling at the 1928 Summer Olympics – Men's freestyle middleweight
Wrestling at the 1924 Summer Olympics – Men's freestyle lightweight,A. Haavisto,Wrestling at the 1920 Summer Olympics – Men's freestyle lightweight,V. Wikström,Wrestling at the 1928 Summer Olympics – Men's freestyle lightweight
Wrestling at the 1924 Summer Olympics – Men's freestyle light heavyweight,C. Courant,Wrestling at the 1920 Summer Olympics – Men's freestyle light heavyweight,R. Svensson,Wrestling at the 1928 Summer Olympics – Men's freestyle light heavyweight
Wrestling at the 1924 Summer Olympics – Men's freestyle heavyweight,A. McDonald,Wrestling at the 1920 Summer Olympics – Men's freestyle heavyweight,H. Wernli,Wrestling at the 1928 Summer Olympics – Men's freestyle heavyweight
Wrestling at the 1924 Summer Olympics – Men's freestyle featherweight,K. Naito,Wrestling at the 1920 Summer Olympics – Men's freestyle featherweight,C. Newton,Wrestling at the 1928 Summer Olympics – Men's freestyle featherweight
Wrestling at the 1924 Summer Olympics – Men's freestyle bantamweight,B. Hines,Wrestling at the 1908 Summer Olympics – Men's freestyle bantamweight,K. Mäkinen,Wrestling at the 1928 Summer Olympics – Men's freestyle bantamweight
Wrestling at the 1924 Summer Olympics – Men's Greco-Roman middleweight,R. Steinberg,Wrestling at the 1920 Summer Olympics – Men's Greco-Roman middleweight,A. Lindfors,Wrestling at the 1928 Summer Olympics – Men's Greco-Roman middleweight
Wrestling at the 1924 Summer Olympics – Men's Greco-Roman lightweight,K. Westerlund,Wrestling at the 1920 Summer Olympics – Men's Greco-Roman lightweight,L. Keresztes,Wrestling at the 1928 Summer Olympics – Men's Greco-Roman lightweight
Wrestling at the 1924 Summer Olympics – Men's Greco-Roman light heavyweight,O. Pellinen,Wrestling at the 1920 Summer Olympics – Men's Greco-Roman light heavyweight,R. Svensson,Wrestling at the 1928 Summer Olympics – Men's Greco-Roman light heavyweight
Wrestling at the 1924 Summer Olympics – Men's Greco-Roman heavyweight,R. Badó,Wrestling at the 1920 Summer Olympics – Men's Greco-Roman heavyweight,E. Rosenqvist,Wrestling at the 1928 Summer Olympics – Men's Greco-Roman heavyweight
Wrestling at the 1924 Summer Olympics – Men's Greco-Roman featherweight,E. Malmberg,Wrestling at the 1920 Summer Olympics – Men's Greco-Roman featherweight,A. Toivola,Wrestling at the 1928 Summer Olympics – Men's Greco-Roman featherweight
Wrestling at the 1924 Summer Olympics – Men's freestyle welterweight,O. Müller,Wrestling at the 1904 Summer Olympics – Men's freestyle welterweight,E. Leino,Wrestling at the 1928 Summer Olympics – Men's freestyle welterweight
Wrestling at the 1924 Summer Olympics – Men's freestyle middleweight,V. Pekkala,Wrestling at the 1920 Summer Olympics – Men's freestyle middleweight,P. Ollivier,Wrestling at the 1928 Summer Olympics – Men's freestyle middleweight
Wrestling at the 1924 Summer Olympics – Men's freestyle lightweight,A. Haavisto,Wrestling at the 1920 Summer Olympics – Men's freestyle lightweight,V. Wikström,Wrestling at the 1928 Summer Olympics – Men's freestyle lightweight
Wrestling at the 1924 Summer Olympics – Men's freestyle light heavyweight,C. Courant,Wrestling at the 1920 Summer Olympics – Men's freestyle light heavyweight,R. Svensson,Wrestling at the 1928 Summer Olympics – Men's freestyle light heavyweight
Wrestling at the 1924 Summer Olympics – Men's freestyle heavyweight,A. McDonald,Wrestling at the 1920 Summer Olympics – Men's freestyle heavyweight,H. Wernli,Wrestling at the 1928 Summer Olympics – Men's freestyle heavyweight
Wrestling at the 1924 Summer Olympics – Men's freestyle featherweight,K. Naito,Wrestling at the 1920 Summer Olympics – Men's freestyle featherweight,C. Newton,Wrestling at the 1928 Summer Olympics – Men's freestyle featherweight
Wrestling at the 1924 Summer Olympics – Men's freestyle bantamweight,B. Hines,Wrestling at the 1908 Summer Olympics – Men's freestyle bantamweight,K. Mäkinen,Wrestling at the 1928 Summer Olympics – Men's freestyle bantamweight
Wrestling at the 1924 Summer Olympics – Men's Greco-Roman middleweight,R. Steinberg,Wrestling at the 1920 Summer Olympics – Men's Greco-Roman middleweight,A. Lindfors,Wrestling at the 1928 Summer Olympics – Men's Greco-Roman middleweight
Wrestling at the 1924 Summer Olympics – Men's Greco-Roman lightweight,K. Westerlund,Wrestling at the 1920 Summer Olympics – Men's Greco-Roman lightweight,L. Keresztes,Wrestling at the 1928 Summer Olympics – Men's Greco-Roman lightweight
Wrestling at the 1924 Summer Olympics – Men's Greco-Roman light heavyweight,O. Pellinen,Wrestling at the 1920 Summer Olympics – Men's Greco-Roman light heavyweight,R. Svensson,Wrestling at the 1928 Summer Olympics – Men's Greco-Roman light heavyweight
Wrestling at the 1924 Summer Olympics – Men's Greco-Roman heavyweight,R. Badó,Wrestling at the 1920 Summer Olympics – Men's Greco-Roman heavyweight,E. Rosenqvist,Wrestling at the 1928 Summer Olympics – Men's Greco-Roman heavyweight
Wrestling at the 1924 Summer Olympics – Men's Greco-Roman featherweight,E. Malmberg,Wrestling at the 1920 Summer Olympics – Men's Greco-Roman featherweight,A. Toivola,Wrestling at the 1928 Summer Olympics – Men's Greco-Roman featherweight
Wrestling at the 1920 Summer Olympics – Men's freestyle middleweight,C. Johnson,Wrestling at the 1908 Summer Olympics – Men's freestyle middleweight,V. Penttala,Wrestling at the 1924 Summer Olympics – Men's freestyle middleweight
Wrestling at the 1920 Summer Olympics – Men's freestyle lightweight,P. Wright,Wrestling at the 1908 Summer Olympics – Men's freestyle lightweight,G. Svensson,Wrestling at the 1924 Summer Olympics – Men's freestyle lightweight
Wrestling at the 1920 Summer Olympics – Men's freestyle heavyweight,F. Meyer,Wrestling at the 1908 Summer Olympics – Men's freestyle heavyweight,N. Pendleton,Wrestling at the 1924 Summer Olympics – Men's freestyle heavyweight
Wrestling at the 1920 Summer Olympics – Men's freestyle featherweight,P. Bernard,Wrestling at the 1908 Summer Olympics – Men's freestyle featherweight,S. Gerson,Wrestling at the 1924 Summer Olympics – Men's freestyle featherweight
Wrestling at the 1920 Summer Olympics – Men's Greco-Roman middleweight,M. Perttilä,Wrestling at the 1912 Summer Olympics – Men's Greco-Roman middleweight,A. Lindfors,Wrestling at the 1924 Summer Olympics – Men's Greco-Roman middleweight
Wrestling at the 1920 Summer Olympics – Men's Greco-Roman lightweight,F. Andersen,Wrestling at the 1912 Summer Olympics – Men's Greco-Roman lightweight,T. Tamminen,Wrestling at the 1924 Summer Olympics – Men's Greco-Roman lightweight
Wrestling at the 1920 Summer Olympics – Men's Greco-Roman light heavyweight,J. Eriksen,Wrestling at the 1912 Summer Olympics – Men's Greco-Roman light heavyweight,E. Rosenqvist,Wrestling at the 1924 Summer Olympics – Men's Greco-Roman light heavyweight
Wrestling at the 1920 Summer Olympics – Men's Greco-Roman heavyweight,M. Nieminen,Wrestling at the 1912 Summer Olympics – Men's Greco-Roman heavyweight,P. Hansen,Wrestling at the 1924 Summer Olympics – Men's Greco-Roman heavyweight
Wrestling at the 1920 Summer Olympics – Men's Greco-Roman featherweight,F. Svensson,Wrestling at the 1912 Summer Olympics – Men's Greco-Roman featherweight,H. Kähkönen,Wrestling at the 1924 Summer Olympics – Men's Greco-Roman featherweight
Wrestling at the 1920 Summer Olympics – Men's freestyle middleweight,C. Johnson,Wrestling at the 1908 Summer Olympics – Men's freestyle middleweight,V. Penttala,Wrestling at the 1924 Summer Olympics – Men's freestyle middleweight
Wrestling at the 1920 Summer Olympics – Men's freestyle lightweight,P. Wright,Wrestling at the 1908 Summer Olympics – Men's freestyle lightweight,G. Svensson,Wrestling at the 1924 Summer Olympics – Men's freestyle lightweight
Wrestling at the 1920 Summer Olympics – Men's freestyle heavyweight,F. Meyer,Wrestling at the 1908 Summer Olympics – Men's freestyle heavyweight,N. Pendleton,Wrestling at the 1924 Summer Olympics – Men's freestyle heavyweight
Wrestling at the 1920 Summer Olympics – Men's freestyle featherweight,P. Bernard,Wrestling at the 1908 Summer Olympics – Men's freestyle featherweight,S. Gerson,Wrestling at the 1924 Summer Olympics – Men's freestyle featherweight
Wrestling at the 1920 Summer Olympics – Men's Greco-Roman middleweight,M. Perttilä,Wrestling at the 1912 Summer Olympics – Men's Greco-Roman middleweight,A. Lindfors,Wrestling at the 1924 Summer Olympics – Men's Greco-Roman middleweight
Wrestling at the 1920 Summer Olympics – Men's Greco-Roman lightweight,F. Andersen,Wrestling at the 1912 Summer Olympics – Men's Greco-Roman lightweight,T. Tamminen,Wrestling at the 1924 Summer Olympics – Men's Greco-Roman lightweight
Wrestling at the 1920 Summer Olympics – Men's Greco-Roman light heavyweight,J. Eriksen,Wrestling at the 1912 Summer Olympics – Men's Greco-Roman light heavyweight,E. Rosenqvist,Wrestling at the 1924 Summer Olympics – Men's Greco-Roman light heavyweight
Wrestling at the 1920 Summer Olympics – Men's Greco-Roman heavyweight,M. Nieminen,Wrestling at the 1912 Summer Olympics – Men's Greco-Roman heavyweight,P. Hansen,Wrestling at the 1924 Summer Olympics – Men's Greco-Roman heavyweight
Wrestling at the 1920 Summer Olympics – Men's Greco-Roman featherweight,F. Svensson,Wrestling at the 1912 Summer Olympics – Men's Greco-Roman featherweight,H. Kähkönen,Wrestling at the 1924 Summer Olympics – Men's Greco-Roman featherweight
Wrestling at the 1912 Summer Olympics – Men's Greco-Roman middleweight,A. Asikainen,Wrestling at the 1908 Summer Olympics – Men's Greco-Roman middleweight,M. Klein,Wrestling at the 1920 Summer Olympics – Men's Greco-Roman middleweight
Wrestling at the 1912 Summer Olympics – Men's Greco-Roman lightweight,E. Mattiasson,Wrestling at the 1908 Summer Olympics – Men's Greco-Roman lightweight,G. Malmström,Wrestling at the 1920 Summer Olympics – Men's Greco-Roman lightweight
Wrestling at the 1912 Summer Olympics – Men's Greco-Roman light heavyweight,B. Varga,Wrestling at the 1908 Summer Olympics – Men's Greco-Roman light heavyweight,A. Ahlgren,Wrestling at the 1920 Summer Olympics – Men's Greco-Roman light heavyweight
Wrestling at the 1912 Summer Olympics – Men's Greco-Roman middleweight,A. Asikainen,Wrestling at the 1908 Summer Olympics – Men's Greco-Roman middleweight,M. Klein,Wrestling at the 1920 Summer Olympics – Men's Greco-Roman middleweight
Wrestling at the 1912 Summer Olympics – Men's Greco-Roman lightweight,E. Mattiasson,Wrestling at the 1908 Summer Olympics – Men's Greco-Roman lightweight,G. Malmström,Wrestling at the 1920 Summer Olympics – Men's Greco-Roman lightweight
Wrestling at the 1912 Summer Olympics – Men's Greco-Roman light heavyweight,B. Varga,Wrestling at the 1908 Summer Olympics – Men's Greco-Roman light heavyweight,A. Ahlgren,Wrestling at the 1920 Summer Olympics – Men's Greco-Roman light heavyweight
Wrestling at the 1908 Summer Olympics – Men's freestyle lightweight,A. Gingell,Wrestling at the 1904 Summer Olympics – Men's freestyle lightweight,W. Wood,Wrestling at the 1920 Summer Olympics – Men's freestyle lightweight
Wrestling at the 1908 Summer Olympics – Men's freestyle heavyweight,E. Barrett,Wrestling at the 1904 Summer Olympics – Men's freestyle heavyweight,J. Gundersen,Wrestling at the 1920 Summer Olympics – Men's freestyle heavyweight
Wrestling at the 1908 Summer Olympics – Men's freestyle featherweight,W. McKie,Wrestling at the 1904 Summer Olympics – Men's freestyle featherweight,J. Slim,Wrestling at the 1920 Summer Olympics – Men's freestyle featherweight
Wrestling at the 1908 Summer Olympics – Men's freestyle bantamweight,A. Coté,Wrestling at the 1904 Summer Olympics – Men's freestyle bantamweight,W. Press,Wrestling at the 1924 Summer Olympics – Men's freestyle bantamweight
Wrestling at the 1908 Summer Olympics – Men's freestyle lightweight,A. Gingell,Wrestling at the 1904 Summer Olympics – Men's freestyle lightweight,W. Wood,Wrestling at the 1920 Summer Olympics – Men's freestyle lightweight
Wrestling at the 1908 Summer Olympics – Men's freestyle heavyweight,E. Barrett,Wrestling at the 1904 Summer Olympics – Men's freestyle heavyweight,J. Gundersen,Wrestling at the 1920 Summer Olympics – Men's freestyle heavyweight
Wrestling at the 1908 Summer Olympics – Men's freestyle featherweight,W. McKie,Wrestling at the 1904 Summer Olympics – Men's freestyle featherweight,J. Slim,Wrestling at the 1920 Summer Olympics – Men's freestyle featherweight
Wrestling at the 1908 Summer Olympics – Men's freestyle bantamweight,A. Coté,Wrestling at the 1904 Summer Olympics – Men's freestyle bantamweight,W. Press,Wrestling at the 1924 Summer Olympics – Men's freestyle bantamweight
Weightlifting at the 2012 Summer Olympics – Women's 75 kg,I. Kulesha,Weightlifting at the 2008 Summer Olympics – Women's 75 kg,N. Zabolotnaya,Weightlifting at the 2016 Summer Olympics – Women's 75 kg
Weightlifting at the 2012 Summer Olympics – Women's 69 kg,M. Shkermankova,Weightlifting at the 2008 Summer Olympics – Women's 69 kg,R. Cocoș,Weightlifting at the 2016 Summer Olympics – Women's 69 kg
Weightlifting at the 2012 Summer Olympics – Women's 63 kg,C. Girard,Weightlifting at the 2008 Summer Olympics – Women's 63 kg,S. Tsarukayeva,Weightlifting at the 2016 Summer Olympics – Women's 63 kg
Weightlifting at the 2012 Summer Olympics – Women's 58 kg,S. Gulnoi,Weightlifting at the 2008 Summer Olympics – Women's 58 kg,P. Sirikaew,Weightlifting at the 2016 Summer Olympics – Women's 58 kg
Weightlifting at the 2012 Summer Olympics – Women's 53 kg,C. Iovu,Weightlifting at the 2008 Summer Olympics – Women's 53 kg,H. Shu-ching,Weightlifting at the 2016 Summer Olympics – Women's 53 kg
Weightlifting at the 2012 Summer Olympics – Women's 48 kg,R. Chun-hwa,Weightlifting at the 2008 Summer Olympics – Women's 48 kg,H. Miyake,Weightlifting at the 2016 Summer Olympics – Women's 48 kg
Weightlifting at the 2012 Summer Olympics – Women's +75 kg,H. Khurshudyan,Weightlifting at the 2008 Summer Olympics – Women's +75 kg,T. Kashirina,Weightlifting at the 2016 Summer Olympics – Women's +75 kg
Weightlifting at the 2012 Summer Olympics – Men's 94 kg,T. Zieliński,Weightlifting at the 2008 Summer Olympics – Men's 94 kg,K. Min-jae,Weightlifting at the 2016 Summer Olympics – Men's 94 kg
Weightlifting at the 2012 Summer Olympics – Men's 85 kg,T. Yehia,Weightlifting at the 2008 Summer Olympics – Men's 85 kg,K. Rostami,Weightlifting at the 2016 Summer Olympics – Men's 85 kg
Weightlifting at the 2012 Summer Olympics – Men's 77 kg,I. Cambar,Weightlifting at the 2008 Summer Olympics – Men's 77 kg,L. Haojie,Weightlifting at the 2016 Summer Olympics – Men's 77 kg
Weightlifting at the 2012 Summer Olympics – Men's 69 kg,R. Martin,Weightlifting at the 2008 Summer Olympics – Men's 69 kg,Triyatno,Weightlifting at the 2016 Summer Olympics – Men's 69 kg
Weightlifting at the 2012 Summer Olympics – Men's 62 kg,E. Y. Irawan,Weightlifting at the 2008 Summer Olympics – Men's 62 kg,Ó. Figueroa,Weightlifting at the 2016 Summer Olympics – Men's 62 kg
Weightlifting at the 2012 Summer Olympics – Men's 56 kg,V. Hristov,Weightlifting at the 2008 Summer Olympics – Men's 56 kg,W. Jingbiao,Weightlifting at the 2016 Summer Olympics – Men's 56 kg
Weightlifting at the 2012 Summer Olympics – Men's 105 kg,B. Bonk,Weightlifting at the 2008 Summer Olympics – Men's 105 kg,N. Nassirshalal,Weightlifting at the 2016 Summer Olympics – Men's 105 kg
Weightlifting at the 2012 Summer Olympics – Men's +105 kg,R. Albegov,Weightlifting at the 2008 Summer Olympics – Men's +105 kg,S. Anoushiravani,Weightlifting at the 2016 Summer Olympics – Men's +105 kg
Weightlifting at the 2012 Summer Olympics – Women's 75 kg,I. Kulesha,Weightlifting at the 2008 Summer Olympics – Women's 75 kg,N. Zabolotnaya,Weightlifting at the 2016 Summer Olympics – Women's 75 kg
Weightlifting at the 2012 Summer Olympics – Women's 69 kg,M. Shkermankova,Weightlifting at the 2008 Summer Olympics – Women's 69 kg,R. Cocoș,Weightlifting at the 2016 Summer Olympics – Women's 69 kg
Weightlifting at the 2012 Summer Olympics – Women's 63 kg,C. Girard,Weightlifting at the 2008 Summer Olympics – Women's 63 kg,S. Tsarukayeva,Weightlifting at the 2016 Summer Olympics – Women's 63 kg
Weightlifting at the 2012 Summer Olympics – Women's 58 kg,S. Gulnoi,Weightlifting at the 2008 Summer Olympics – Women's 58 kg,P. Sirikaew,Weightlifting at the 2016 Summer Olympics – Women's 58 kg
Weightlifting at the 2012 Summer Olympics – Women's 53 kg,C. Iovu,Weightlifting at the 2008 Summer Olympics – Women's 53 kg,H. Shu-ching,Weightlifting at the 2016 Summer Olympics – Women's 53 kg
Weightlifting at the 2012 Summer Olympics – Women's 48 kg,R. Chun-hwa,Weightlifting at the 2008 Summer Olympics – Women's 48 kg,H. Miyake,Weightlifting at the 2016 Summer Olympics – Women's 48 kg
Weightlifting at the 2012 Summer Olympics – Women's +75 kg,H. Khurshudyan,Weightlifting at the 2008 Summer Olympics – Women's +75 kg,T. Kashirina,Weightlifting at the 2016 Summer Olympics – Women's +75 kg
Weightlifting at the 2012 Summer Olympics – Men's 94 kg,T. Zieliński,Weightlifting at the 2008 Summer Olympics – Men's 94 kg,K. Min-jae,Weightlifting at the 2016 Summer Olympics – Men's 94 kg
Weightlifting at the 2012 Summer Olympics – Men's 85 kg,T. Yehia,Weightlifting at the 2008 Summer Olympics – Men's 85 kg,K. Rostami,Weightlifting at the 2016 Summer Olympics – Men's 85 kg
Weightlifting at the 2012 Summer Olympics – Men's 77 kg,I. Cambar,Weightlifting at the 2008 Summer Olympics – Men's 77 kg,L. Haojie,Weightlifting at the 2016 Summer Olympics – Men's 77 kg
Weightlifting at the 2012 Summer Olympics – Men's 69 kg,R. Martin,Weightlifting at the 2008 Summer Olympics – Men's 69 kg,Triyatno,Weightlifting at the 2016 Summer Olympics – Men's 69 kg
Weightlifting at the 2012 Summer Olympics – Men's 62 kg,E. Y. Irawan,Weightlifting at the 2008 Summer Olympics – Men's 62 kg,Ó. Figueroa,Weightlifting at the 2016 Summer Olympics – Men's 62 kg
Weightlifting at the 2012 Summer Olympics – Men's 56 kg,V. Hristov,Weightlifting at the 2008 Summer Olympics – Men's 56 kg,W. Jingbiao,Weightlifting at the 2016 Summer Olympics – Men's 56 kg
