col0,col1,col2,col3,col4
Weightlifting at the 1924 Summer Olympics – Men's 67.5 kg,B. Durdis,Weightlifting at the 1920 Summer Olympics – Men's 67.5 kg,A. Zwerina,Weightlifting at the 1928 Summer Olympics – Men's 67.5 kg
Weightlifting at the 1924 Summer Olympics – Men's 60 kg,A. Reinmann,Weightlifting at the 1920 Summer Olympics – Men's 60 kg,A. Stadler,Weightlifting at the 1928 Summer Olympics – Men's 60 kg
Weightlifting at the 1924 Summer Olympics – Men's +82.5 kg,H. Tammer,Weightlifting at the 1920 Summer Olympics – Men's +82.5 kg,F. Aigner,Weightlifting at the 1928 Summer Olympics – Men's +82.5 kg
Water polo at the 1920 Summer Olympics,Sweden men's national water polo team,Water polo at the 1912 Summer Olympics,Belgium men's national water polo team,Water polo at the 1924 Summer Olympics
Water polo at the 1912 Summer Olympics,Belgium men's national water polo team,Water polo at the 1908 Summer Olympics,Sweden men's national water polo team,Water polo at the 1920 Summer Olympics
Tug of war at the 1908 Summer Olympics,M. P. Service,Tug of war at the 1904 Summer Olympics,Liverpool,Tug of war at the 1912 Summer Olympics
Triathlon at the 2012 Summer Olympics – Women's,E. Densham,Triathlon at the 2008 Summer Olympics – Women's,L. Nordén,Triathlon at the 2016 Summer Olympics – Women's
Triathlon at the 2012 Summer Olympics – Men's,J. Brownlee,Triathlon at the 2008 Summer Olympics – Men's,Francisco Javier Gómez Noya,Triathlon at the 2016 Summer Olympics – Men's
Triathlon at the 2012 Summer Olympics – Women's,E. Densham,Triathlon at the 2008 Summer Olympics – Women's,L. Nordén,Triathlon at the 2016 Summer Olympics – Women's
Triathlon at the 2012 Summer Olympics – Men's,J. Brownlee,Triathlon at the 2008 Summer Olympics – Men's,Francisco Javier Gómez Noya,Triathlon at the 2016 Summer Olympics – Men's
Triathlon at the 2008 Summer Olympics – Women's,E. Moffatt,Triathlon at the 2004 Summer Olympics – Women's,V. Fernandes,Triathlon at the 2012 Summer Olympics – Women's
Triathlon at the 2008 Summer Olympics – Men's,B. Docherty,Triathlon at the 2004 Summer Olympics – Men's,S. Whitfield,Triathlon at the 2012 Summer Olympics – Men's
Triathlon at the 2008 Summer Olympics – Women's,E. Moffatt,Triathlon at the 2004 Summer Olympics – Women's,V. Fernandes,Triathlon at the 2012 Summer Olympics – Women's
Triathlon at the 2008 Summer Olympics – Men's,B. Docherty,Triathlon at the 2004 Summer Olympics – Men's,S. Whitfield,Triathlon at the 2012 Summer Olympics – Men's
Triathlon at the 2004 Summer Olympics – Women's,S. Williams,Triathlon at the 2000 Summer Olympics – Women's,L. Harrop,Triathlon at the 2008 Summer Olympics – Women's
Triathlon at the 2004 Summer Olympics – Men's,S. Riederer,Triathlon at the 2000 Summer Olympics – Men's,B. Docherty,Triathlon at the 2008 Summer Olympics – Men's
Triathlon at the 2004 Summer Olympics – Women's,S. Williams,Triathlon at the 2000 Summer Olympics – Women's,L. Harrop,Triathlon at the 2008 Summer Olympics – Women's
Triathlon at the 2004 Summer Olympics – Men's,S. Riederer,Triathlon at the 2000 Summer Olympics – Men's,B. Docherty,Triathlon at the 2008 Summer Olympics – Men's
Tennis at the 2012 Summer Olympics – Women's singles,V. Azarenka,Tennis at the 2008 Summer Olympics – Women's singles,M. Sharapova,Tennis at the 2016 Summer Olympics – Women's singles
Tennis at the 2012 Summer Olympics – Women's doubles,M. Kirilenko,Tennis at the 2008 Summer Olympics – Women's doubles,A. Hlaváčková,Tennis at the 2016 Summer Olympics – Women's Doubles
Tennis at the 2012 Summer Olympics – Mixed doubles,L. Raymond,Tennis at the 1924 Summer Olympics – Mixed doubles,A. Murray,Tennis at the 2016 Summer Olympics – Mixed doubles
Tennis at the 2012 Summer Olympics – Men's singles,Juan Martín del Potro,Tennis at the 2008 Summer Olympics – Men's singles,R. Federer,Tennis at the 2016 Summer Olympics – Men's singles
Tennis at the 2012 Summer Olympics – Men's doubles,R. Gasquet,Tennis at the 2008 Summer Olympics – Men's doubles,J. Tsonga,Tennis at the 2016 Summer Olympics – Men's Doubles
Tennis at the 2012 Summer Olympics – Women's singles,V. Azarenka,Tennis at the 2008 Summer Olympics – Women's singles,M. Sharapova,Tennis at the 2016 Summer Olympics – Women's singles
Tennis at the 2012 Summer Olympics – Women's doubles,M. Kirilenko,Tennis at the 2008 Summer Olympics – Women's doubles,A. Hlaváčková,Tennis at the 2016 Summer Olympics – Women's Doubles
Tennis at the 2012 Summer Olympics – Mixed doubles,L. Raymond,Tennis at the 1924 Summer Olympics – Mixed doubles,A. Murray,Tennis at the 2016 Summer Olympics – Mixed doubles
Tennis at the 2012 Summer Olympics – Men's singles,Juan Martín del Potro,Tennis at the 2008 Summer Olympics – Men's singles,R. Federer,Tennis at the 2016 Summer Olympics – Men's singles
Tennis at the 2012 Summer Olympics – Men's doubles,R. Gasquet,Tennis at the 2008 Summer Olympics – Men's doubles,J. Tsonga,Tennis at the 2016 Summer Olympics – Men's Doubles
Tennis at the 2008 Summer Olympics – Women's singles,V. Zvonareva,Tennis at the 2004 Summer Olympics – Women's singles,D. Safina,Tennis at the 2012 Summer Olympics – Women's singles
Tennis at the 2008 Summer Olympics – Women's doubles,Y. Zi,Tennis at the 2004 Summer Olympics – Women's doubles,A. M. Garrigues,Tennis at the 2012 Summer Olympics – Women's doubles
Tennis at the 2008 Summer Olympics – Men's singles,N. Djokovic,Tennis at the 2004 Summer Olympics – Men's singles,F. González,Tennis at the 2012 Summer Olympics – Men's singles
Tennis at the 2008 Summer Olympics – Men's doubles,B. Bryan,Tennis at the 2004 Summer Olympics – Men's doubles,T. Johansson,Tennis at the 2012 Summer Olympics – Men's doubles
Tennis at the 2008 Summer Olympics – Women's singles,V. Zvonareva,Tennis at the 2004 Summer Olympics – Women's singles,D. Safina,Tennis at the 2012 Summer Olympics – Women's singles
Tennis at the 2008 Summer Olympics – Women's doubles,Y. Zi,Tennis at the 2004 Summer Olympics – Women's doubles,V. R. Pascual,Tennis at the 2012 Summer Olympics – Women's doubles
Tennis at the 2008 Summer Olympics – Men's singles,N. Djokovic,Tennis at the 2004 Summer Olympics – Men's singles,F. González,Tennis at the 2012 Summer Olympics – Men's singles
Tennis at the 2008 Summer Olympics – Men's doubles,B. Bryan,Tennis at the 2004 Summer Olympics – Men's doubles,T. Johansson,Tennis at the 2012 Summer Olympics – Men's doubles
Tennis at the 2004 Summer Olympics – Women's singles,A. Molik,Tennis at the 2000 Summer Olympics – Women's singles,A. Mauresmo,Tennis at the 2008 Summer Olympics – Women's singles
Tennis at the 2004 Summer Olympics – Women's doubles,P. Suárez,Tennis at the 2000 Summer Olympics – Women's doubles,C. Martínez,Tennis at the 2008 Summer Olympics – Women's doubles
Tennis at the 2004 Summer Olympics – Women's singles,A. Molik,Tennis at the 2000 Summer Olympics – Women's singles,A. Mauresmo,Tennis at the 2008 Summer Olympics – Women's singles
Tennis at the 2004 Summer Olympics – Women's doubles,P. Tarabini,Tennis at the 2000 Summer Olympics – Women's doubles,C. Martínez,Tennis at the 2008 Summer Olympics – Women's doubles
Tennis at the 2000 Summer Olympics – Women's singles,M. Seles,Tennis at the 1996 Summer Olympics – Women's singles,E. Dementieva,Tennis at the 2004 Summer Olympics – Women's singles
Tennis at the 1924 Summer Olympics – Women's singles,K. McKane,Tennis at the 1920 Summer Olympics – Women's singles,J. Vlasto,Tennis at the 1988 Summer Olympics – Women's singles
Tennis at the 1924 Summer Olympics – Women's doubles,D. Shepherd-Barron,Tennis at the 1920 Summer Olympics – Women's doubles,K. McKane,Tennis at the 1988 Summer Olympics – Women's doubles
Tennis at the 1924 Summer Olympics – Mixed doubles,H. Timmer,Tennis at the 1920 Summer Olympics – Mixed doubles,M. Jessup,Tennis at the 2012 Summer Olympics – Mixed doubles
Tennis at the 1924 Summer Olympics – Men's singles,U. D. Morpurgo,Tennis at the 1920 Summer Olympics – Men's singles,H. Cochet,Tennis at the 1988 Summer Olympics – Men's singles
Tennis at the 1924 Summer Olympics – Men's doubles,R. Lacoste,Tennis at the 1920 Summer Olympics – Men's doubles,J. Brugnon,Tennis at the 1988 Summer Olympics – Men's doubles
Tennis at the 1924 Summer Olympics – Women's singles,K. McKane,Tennis at the 1920 Summer Olympics – Women's singles,J. Vlasto,Tennis at the 1988 Summer Olympics – Women's singles
Tennis at the 1924 Summer Olympics – Women's doubles,D. Shepherd-Barron,Tennis at the 1920 Summer Olympics – Women's doubles,K. McKane,Tennis at the 1988 Summer Olympics – Women's doubles
Tennis at the 1924 Summer Olympics – Mixed doubles,H. Timmer,Tennis at the 1920 Summer Olympics – Mixed doubles,M. Jessup,Tennis at the 2012 Summer Olympics – Mixed doubles
Tennis at the 1924 Summer Olympics – Men's singles,U. D. Morpurgo,Tennis at the 1920 Summer Olympics – Men's singles,H. Cochet,Tennis at the 1988 Summer Olympics – Men's singles
Tennis at the 1924 Summer Olympics – Men's doubles,J. Borotra,Tennis at the 1920 Summer Olympics – Men's doubles,J. Brugnon,Tennis at the 1988 Summer Olympics – Men's doubles
Tennis at the 1920 Summer Olympics – Women's singles,K. McKane,Tennis at the 1912 Summer Olympics – Women's outdoor singles,D. Holman,Tennis at the 1924 Summer Olympics – Women's singles
Tennis at the 1920 Summer Olympics – Mixed doubles,L. Žemla,Tennis at the 1912 Summer Olympics – Mixed outdoor doubles,M. Woosnam,Tennis at the 1924 Summer Olympics – Mixed doubles
Tennis at the 1920 Summer Olympics – Men's singles,C. Winslow,Tennis at the 1912 Summer Olympics – Men's outdoor singles,I. Kumagae,Tennis at the 1924 Summer Olympics – Men's singles
Tennis at the 1920 Summer Olympics – Men's doubles,M. Décugis,Tennis at the 1912 Summer Olympics – Men's outdoor doubles,S. Kashio,Tennis at the 1924 Summer Olympics – Men's doubles
Tennis at the 1920 Summer Olympics – Women's singles,K. McKane,Tennis at the 1912 Summer Olympics – Women's outdoor singles,D. Holman,Tennis at the 1924 Summer Olympics – Women's singles
Tennis at the 1920 Summer Olympics – Mixed doubles,L. Žemla,Tennis at the 1912 Summer Olympics – Mixed outdoor doubles,M. Woosnam,Tennis at the 1924 Summer Olympics – Mixed doubles
Tennis at the 1920 Summer Olympics – Men's singles,C. Winslow,Tennis at the 1912 Summer Olympics – Men's outdoor singles,I. Kumagae,Tennis at the 1924 Summer Olympics – Men's singles
Tennis at the 1920 Summer Olympics – Men's doubles,M. Décugis,Tennis at the 1912 Summer Olympics – Men's outdoor doubles,S. Kashio,Tennis at the 1924 Summer Olympics – Men's doubles
Tennis at the 1912 Summer Olympics – Women's outdoor singles,M. Bjurstedt,Tennis at the 1908 Summer Olympics – Women's singles,D. Koring,Tennis at the 1920 Summer Olympics – Women's singles
Tennis at the 1912 Summer Olympics – Mixed outdoor doubles,M. Broquedis,Tennis at the 1900 Summer Olympics – Mixed doubles,G. Setterwall,Tennis at the 1920 Summer Olympics – Mixed doubles
Tennis at the 1912 Summer Olympics – Men's outdoor singles,O. Kreuzer,Tennis at the 1908 Summer Olympics – Men's singles,H. Kitson,Tennis at the 1920 Summer Olympics – Men's singles
Tennis at the 1912 Summer Olympics – Men's outdoor doubles,A. Canet,Tennis at the 1908 Summer Olympics – Men's doubles,F. Pipes,Tennis at the 1920 Summer Olympics – Men's doubles
Tennis at the 1912 Summer Olympics – Women's outdoor singles,M. Bjurstedt,Tennis at the 1908 Summer Olympics – Women's singles,D. Koring,Tennis at the 1920 Summer Olympics – Women's singles
Tennis at the 1912 Summer Olympics – Mixed outdoor doubles,M. Broquedis,Tennis at the 1900 Summer Olympics – Mixed doubles,G. Setterwall,Tennis at the 1920 Summer Olympics – Mixed doubles
Tennis at the 1912 Summer Olympics – Men's outdoor singles,O. Kreuzer,Tennis at the 1908 Summer Olympics – Men's singles,H. Kitson,Tennis at the 1920 Summer Olympics – Men's singles
Tennis at the 1912 Summer Olympics – Men's outdoor doubles,A. Canet,Tennis at the 1908 Summer Olympics – Men's doubles,F. Pipes,Tennis at the 1920 Summer Olympics – Men's doubles
Tennis at the 1908 Summer Olympics – Women's singles,R. Winch,Tennis at the 1900 Summer Olympics – Women's singles,D. Boothby,Tennis at the 1912 Summer Olympics – Women's outdoor singles
Tennis at the 1908 Summer Olympics – Men's singles,W. Eaves,Tennis at the 1904 Summer Olympics – Men's singles,O. Froitzheim,Tennis at the 1912 Summer Olympics – Men's outdoor singles
Tennis at the 1908 Summer Olympics – Men's doubles,C. Cazalet,Tennis at the 1904 Summer Olympics – Men's doubles,J. Ritchie,Tennis at the 1912 Summer Olympics – Men's outdoor doubles
Tennis at the 1908 Summer Olympics – Women's singles,R. Winch,Tennis at the 1900 Summer Olympics – Women's singles,D. Boothby,Tennis at the 1912 Summer Olympics – Women's outdoor singles
Tennis at the 1908 Summer Olympics – Men's singles,W. Eaves,Tennis at the 1904 Summer Olympics – Men's singles,O. Froitzheim,Tennis at the 1912 Summer Olympics – Men's outdoor singles
Tennis at the 1908 Summer Olympics – Men's doubles,C. Cazalet,Tennis at the 1904 Summer Olympics – Men's doubles,J. Ritchie,Tennis at the 1912 Summer Olympics – Men's outdoor doubles
Tennis at the 1904 Summer Olympics – Men's singles,A. Bell,Tennis at the 1900 Summer Olympics – Men's singles,R. LeRoy,Tennis at the 1908 Summer Olympics – Men's singles
Tennis at the 1904 Summer Olympics – Men's doubles,A. Wear,Tennis at the 1900 Summer Olympics – Men's doubles,R. LeRoy,Tennis at the 1908 Summer Olympics – Men's doubles
Tennis at the 1904 Summer Olympics – Men's singles,A. Bell,Tennis at the 1900 Summer Olympics – Men's singles,R. LeRoy,Tennis at the 1908 Summer Olympics – Men's singles
Tennis at the 1904 Summer Olympics – Men's doubles,A. Wear,Tennis at the 1900 Summer Olympics – Men's doubles,R. LeRoy,Tennis at the 1908 Summer Olympics – Men's doubles
Tennis at the 1900 Summer Olympics – Men's singles,R. Doherty,Tennis at the 1896 Summer Olympics – Men's singles,H. Mahony,Tennis at the 1904 Summer Olympics – Men's singles
Tennis at the 1900 Summer Olympics – Men's doubles,A. Prévost,Tennis at the 1896 Summer Olympics – Men's doubles,Basil Spalding de Garmendia,Tennis at the 1904 Summer Olympics – Men's doubles
Tennis at the 1900 Summer Olympics – Men's singles,R. Doherty,Tennis at the 1896 Summer Olympics – Men's singles,H. Mahony,Tennis at the 1904 Summer Olympics – Men's singles
Tennis at the 1900 Summer Olympics – Men's doubles,A. Prévost,Tennis at the 1896 Summer Olympics – Men's doubles,Basil Spalding de Garmendia,Tennis at the 1904 Summer Olympics – Men's doubles
Taekwondo at the 2012 Summer Olympics – Women's 67 kg,P. McPherson,Taekwondo at the 2008 Summer Olympics – Women's 67 kg,N. Tatar,Taekwondo at the 2016 Summer Olympics – Women's 67 kg
Taekwondo at the 2012 Summer Olympics – Women's 57 kg,M. Harnois,Taekwondo at the 2008 Summer Olympics – Women's 57 kg,H. Yuzhuo,Taekwondo at the 2016 Summer Olympics – Women's 57 kg
Taekwondo at the 2012 Summer Olympics – Women's 49 kg,C. Sonkham,Taekwondo at the 2008 Summer Olympics – Women's 49 kg,B. Yagüe,Taekwondo at the 2016 Summer Olympics – Women's 49 kg
Taekwondo at the 2012 Summer Olympics – Women's +67 kg,A. Baryshnikova,Taekwondo at the 2008 Summer Olympics – Women's +67 kg,A. Graffe,Taekwondo at the 2016 Summer Olympics – Women's +67 kg
Taekwondo at the 2012 Summer Olympics – Men's 80 kg,L. Muhammad,Taekwondo at the 2008 Summer Olympics – Men's 80 kg,N. García,Taekwondo at the 2016 Summer Olympics – Men's 80 kg
Taekwondo at the 2012 Summer Olympics – Men's 68 kg,T. Jennings,Taekwondo at the 2008 Summer Olympics – Men's 68 kg,M. B. Motamed,Taekwondo at the 2016 Summer Olympics – Men's 68 kg
Taekwondo at the 2012 Summer Olympics – Men's 58 kg,Ó. M. Oviedo,Taekwondo at the 2008 Summer Olympics – Men's 58 kg,L. Dae-Hoon,Taekwondo at the 2016 Summer Olympics – Men's 58 kg
Taekwondo at the 2012 Summer Olympics – Men's +80 kg,R. Despaigne,Taekwondo at the 2008 Summer Olympics – Men's +80 kg,A. Obame,Taekwondo at the 2016 Summer Olympics – Men's +80 kg
Taekwondo at the 2012 Summer Olympics – Women's 67 kg,P. McPherson,Taekwondo at the 2008 Summer Olympics – Women's 67 kg,N. Tatar,Taekwondo at the 2016 Summer Olympics – Women's 67 kg
Taekwondo at the 2012 Summer Olympics – Women's 57 kg,M. Harnois,Taekwondo at the 2008 Summer Olympics – Women's 57 kg,H. Yuzhuo,Taekwondo at the 2016 Summer Olympics – Women's 57 kg
Taekwondo at the 2012 Summer Olympics – Women's 49 kg,C. Sonkham,Taekwondo at the 2008 Summer Olympics – Women's 49 kg,B. Yagüe,Taekwondo at the 2016 Summer Olympics – Women's 49 kg
Taekwondo at the 2012 Summer Olympics – Women's +67 kg,A. Baryshnikova,Taekwondo at the 2008 Summer Olympics – Women's +67 kg,A. Graffe,Taekwondo at the 2016 Summer Olympics – Women's +67 kg
Taekwondo at the 2012 Summer Olympics – Men's 80 kg,L. Muhammad,Taekwondo at the 2008 Summer Olympics – Men's 80 kg,N. García,Taekwondo at the 2016 Summer Olympics – Men's 80 kg
Taekwondo at the 2012 Summer Olympics – Men's 68 kg,T. Jennings,Taekwondo at the 2008 Summer Olympics – Men's 68 kg,M. B. Motamed,Taekwondo at the 2016 Summer Olympics – Men's 68 kg
Taekwondo at the 2012 Summer Olympics – Men's 58 kg,Ó. M. Oviedo,Taekwondo at the 2008 Summer Olympics – Men's 58 kg,L. Dae-Hoon,Taekwondo at the 2016 Summer Olympics – Men's 58 kg
Taekwondo at the 2012 Summer Olympics – Men's +80 kg,R. Despaigne,Taekwondo at the 2008 Summer Olympics – Men's +80 kg,A. Obame,Taekwondo at the 2016 Summer Olympics – Men's +80 kg
Taekwondo at the 2008 Summer Olympics – Women's 67 kg,S. Šarić,Taekwondo at the 2004 Summer Olympics – Women's 67 kg,K. Sergerie,Taekwondo at the 2012 Summer Olympics – Women's 67 kg
Taekwondo at the 2008 Summer Olympics – Women's 57 kg,D. López,Taekwondo at the 2004 Summer Olympics – Women's 57 kg,A. Tanrıkulu,Taekwondo at the 2012 Summer Olympics – Women's 57 kg
Taekwondo at the 2008 Summer Olympics – Women's 49 kg,D. Montejo,Taekwondo at the 2004 Summer Olympics – Women's 49 kg,B. Puedpong,Taekwondo at the 2012 Summer Olympics – Women's 49 kg
Taekwondo at the 2008 Summer Olympics – Women's +67 kg,S. Stevenson,Taekwondo at the 2004 Summer Olympics – Women's +67 kg,N. Solheim,Taekwondo at the 2012 Summer Olympics – Women's +67 kg
Taekwondo at the 2008 Summer Olympics – Men's 80 kg,Z. Guo,Taekwondo at the 2004 Summer Olympics – Men's 80 kg,M. Sarmiento,Taekwondo at the 2012 Summer Olympics – Men's 80 kg
