col0,col1,col2,col3,col4
Swimming at the 1988 Summer Olympics – Men's 400 metre freestyle,A. Wojdat,Swimming at the 1984 Summer Olympics - Men's 400 metre freestyle,D. Armstrong,Swimming at the 1992 Summer Olympics - Men's 400 metre freestyle
Swimming at the 1988 Summer Olympics – Men's 200 metre freestyle,M. Biondi,Swimming at the 1984 Summer Olympics – Men's 200 metre freestyle,A. Holmertz,Swimming at the 1992 Summer Olympics – Men's 200 metre freestyle
Swimming at the 1988 Summer Olympics – Men's 1500 metre freestyle,U. Daßler,Swimming at the 1984 Summer Olympics - Men's 1500 metre freestyle,S. Pfeiffer,Swimming at the 1992 Summer Olympics - Men's 1500 metre freestyle
Swimming at the 1988 Summer Olympics – Men's 100 metre freestyle,S. Caron,Swimming at the 1984 Summer Olympics – Men's 100 metre freestyle,C. Jacobs,Swimming at the 1992 Summer Olympics – Men's 100 metre freestyle
Swimming at the 1988 Summer Olympics – Women's 800 metre freestyle,J. McDonald,Swimming at the 1984 Summer Olympics - Women's 800 metre freestyle,A. Strauss,Swimming at the 1992 Summer Olympics - Women's 800 metre freestyle
Swimming at the 1988 Summer Olympics – Women's 200 metre breaststroke,A. Frenkeva,Swimming at the 1984 Summer Olympics – Women's 200 metre breaststroke,H. Xiaomin,Swimming at the 1992 Summer Olympics – Women's 200 metre breaststroke
Swimming at the 1988 Summer Olympics – Men's 400 metre freestyle,A. Wojdat,Swimming at the 1984 Summer Olympics - Men's 400 metre freestyle,D. Armstrong,Swimming at the 1992 Summer Olympics - Men's 400 metre freestyle
Swimming at the 1988 Summer Olympics – Men's 200 metre freestyle,M. Biondi,Swimming at the 1984 Summer Olympics – Men's 200 metre freestyle,A. Holmertz,Swimming at the 1992 Summer Olympics – Men's 200 metre freestyle
Swimming at the 1988 Summer Olympics – Men's 1500 metre freestyle,U. Daßler,Swimming at the 1984 Summer Olympics - Men's 1500 metre freestyle,S. Pfeiffer,Swimming at the 1992 Summer Olympics - Men's 1500 metre freestyle
Swimming at the 1988 Summer Olympics – Men's 100 metre freestyle,S. Caron,Swimming at the 1984 Summer Olympics – Men's 100 metre freestyle,C. Jacobs,Swimming at the 1992 Summer Olympics – Men's 100 metre freestyle
Swimming at the 1984 Summer Olympics – Women's 800 metre freestyle,S. Hardcastle,Swimming at the 1980 Summer Olympics - Women's 800 metre freestyle,M. Richardson,Swimming at the 1988 Summer Olympics - Women's 800 metre freestyle
Swimming at the 1984 Summer Olympics – Women's 400 metre freestyle,J. Croft,Swimming at the 1980 Summer Olympics - Women's 400 metre freestyle,S. Hardcastle,Swimming at the 1988 Summer Olympics - Women's 400 metre freestyle
Swimming at the 1984 Summer Olympics – Women's 200 metre freestyle,A. Verstappen,Swimming at the 1980 Summer Olympics - Women's 200 metre freestyle,C. Woodhead,Swimming at the 1988 Summer Olympics - Women's 200 metre freestyle
Swimming at the 1984 Summer Olympics – Women's 200 metre breaststroke,I. Lempereur,Swimming at the 1980 Summer Olympics – Women's 200 metre breaststroke,S. Rapp,Swimming at the 1988 Summer Olympics – Women's 200 metre breaststroke
Swimming at the 1984 Summer Olympics – Men's 400 metre freestyle,J. Lemberg,Swimming at the 1980 Summer Olympics - Men's 400 metre freestyle,J. Mykkanen,Swimming at the 1988 Summer Olympics - Men's 400 metre freestyle
Swimming at the 1984 Summer Olympics – Men's 200 metre freestyle,T. Fahrner,Swimming at the 1980 Summer Olympics - Men's 200 metre freestyle,M. Heath,Swimming at the 1988 Summer Olympics - Men's 200 metre freestyle
Swimming at the 1984 Summer Olympics – Men's 1500 metre freestyle,S. Pfeiffer,Swimming at the 1980 Summer Olympics - Men's 1500 metre freestyle,G. DiCarlo,Swimming at the 1988 Summer Olympics - Men's 1500 metre freestyle
Swimming at the 1984 Summer Olympics – Men's 100 metre freestyle,P. Johansson,Swimming at the 1980 Summer Olympics – Men's 100 metre freestyle,M. Stockwell,Swimming at the 1988 Summer Olympics – Men's 100 metre freestyle
Swimming at the 1984 Summer Olympics – Women's 800 metre freestyle,S. Hardcastle,Swimming at the 1980 Summer Olympics - Women's 800 metre freestyle,M. Richardson,Swimming at the 1988 Summer Olympics - Women's 800 metre freestyle
Swimming at the 1984 Summer Olympics – Women's 400 metre freestyle,J. Croft,Swimming at the 1980 Summer Olympics - Women's 400 metre freestyle,S. Hardcastle,Swimming at the 1988 Summer Olympics - Women's 400 metre freestyle
Swimming at the 1984 Summer Olympics – Women's 200 metre freestyle,A. Verstappen,Swimming at the 1980 Summer Olympics - Women's 200 metre freestyle,C. Woodhead,Swimming at the 1988 Summer Olympics - Women's 200 metre freestyle
Swimming at the 1984 Summer Olympics – Women's 200 metre breaststroke,I. Lempereur,Swimming at the 1980 Summer Olympics – Women's 200 metre breaststroke,S. Rapp,Swimming at the 1988 Summer Olympics – Women's 200 metre breaststroke
Swimming at the 1984 Summer Olympics – Men's 400 metre freestyle,J. Lemberg,Swimming at the 1980 Summer Olympics - Men's 400 metre freestyle,J. Mykkanen,Swimming at the 1988 Summer Olympics - Men's 400 metre freestyle
Swimming at the 1984 Summer Olympics – Men's 200 metre freestyle,T. Fahrner,Swimming at the 1980 Summer Olympics - Men's 200 metre freestyle,M. Heath,Swimming at the 1988 Summer Olympics - Men's 200 metre freestyle
Swimming at the 1984 Summer Olympics – Men's 1500 metre freestyle,S. Pfeiffer,Swimming at the 1980 Summer Olympics - Men's 1500 metre freestyle,G. DiCarlo,Swimming at the 1988 Summer Olympics - Men's 1500 metre freestyle
Swimming at the 1984 Summer Olympics – Men's 100 metre freestyle,P. Johansson,Swimming at the 1980 Summer Olympics – Men's 100 metre freestyle,M. Stockwell,Swimming at the 1988 Summer Olympics – Men's 100 metre freestyle
Swimming at the 1980 Summer Olympics – Women's 800 metre freestyle,H. Dähne,Swimming at the 1976 Summer Olympics - Women's 800 metre freestyle,I. Diers,Swimming at the 1984 Summer Olympics - Women's 800 metre freestyle
Swimming at the 1980 Summer Olympics – Women's 400 metre freestyle,C. Schmidt,Swimming at the 1976 Summer Olympics - Women's 400 metre freestyle,P. Schneider,Swimming at the 1984 Summer Olympics - Women's 400 metre freestyle
Swimming at the 1980 Summer Olympics – Women's 200 metre freestyle,C. Schmidt,Swimming at the 1976 Summer Olympics - Women's 200 metre freestyle,I. Diers,Swimming at the 1984 Summer Olympics - Women's 200 metre freestyle
Swimming at the 1980 Summer Olympics – Women's 200 metre breaststroke,Y. Bogdanova,Swimming at the 1976 Summer Olympics – Women's 200 metre breaststroke,S. Varganova,Swimming at the 1984 Summer Olympics – Women's 200 metre breaststroke
Swimming at the 1980 Summer Olympics – Women's 100 metre freestyle,I. Diers,Swimming at the 1976 Summer Olympics - Women's 100 metre freestyle,C. Metschuck,Swimming at the 1984 Summer Olympics - Women's 100 metre freestyle
Swimming at the 1980 Summer Olympics – Men's 4 × 100 metre medley relay,D. Goodhew,Swimming at the 1976 Summer Olympics – Men's 4 x 100 metre medley relay,V. Kuznetsov,Swimming at the 1984 Summer Olympics – Men's 4 × 100 metre medley relay
Swimming at the 1980 Summer Olympics – Men's 400 metre freestyle,I. Stukolkin,Swimming at the 1976 Summer Olympics - Men's 400 metre freestyle,A. Krylov,Swimming at the 1984 Summer Olympics - Men's 400 metre freestyle
Swimming at the 1980 Summer Olympics – Men's 200 metre freestyle,G. Brewer,Swimming at the 1976 Summer Olympics - Men's 200 metre freestyle,A. Krylov,Swimming at the 1984 Summer Olympics - Men's 200 metre freestyle
Swimming at the 1980 Summer Olympics – Men's 1500 metre freestyle,M. Metzker,Swimming at the 1976 Summer Olympics - Men's 1500 metre freestyle,A. Chayev,Swimming at the 1984 Summer Olympics - Men's 1500 metre freestyle
Swimming at the 1980 Summer Olympics – Men's 100 metre freestyle,P. Johansson,Swimming at the 1976 Summer Olympics – Men's 100 metre freestyle,P. Holmertz,Swimming at the 1984 Summer Olympics – Men's 100 metre freestyle
Swimming at the 1980 Summer Olympics – Women's 800 metre freestyle,H. Dähne,Swimming at the 1976 Summer Olympics - Women's 800 metre freestyle,I. Diers,Swimming at the 1984 Summer Olympics - Women's 800 metre freestyle
Swimming at the 1980 Summer Olympics – Women's 400 metre freestyle,C. Schmidt,Swimming at the 1976 Summer Olympics - Women's 400 metre freestyle,P. Schneider,Swimming at the 1984 Summer Olympics - Women's 400 metre freestyle
Swimming at the 1980 Summer Olympics – Women's 200 metre freestyle,C. Schmidt,Swimming at the 1976 Summer Olympics - Women's 200 metre freestyle,I. Diers,Swimming at the 1984 Summer Olympics - Women's 200 metre freestyle
Swimming at the 1980 Summer Olympics – Women's 200 metre breaststroke,Y. Bogdanova,Swimming at the 1976 Summer Olympics – Women's 200 metre breaststroke,S. Varganova,Swimming at the 1984 Summer Olympics – Women's 200 metre breaststroke
Swimming at the 1980 Summer Olympics – Women's 100 metre freestyle,I. Diers,Swimming at the 1976 Summer Olympics - Women's 100 metre freestyle,C. Metschuck,Swimming at the 1984 Summer Olympics - Women's 100 metre freestyle
Swimming at the 1980 Summer Olympics – Men's 4 × 100 metre medley relay,G. Abraham,Swimming at the 1976 Summer Olympics – Men's 4 x 100 metre medley relay,V. Kuznetsov,Swimming at the 1984 Summer Olympics – Men's 4 × 100 metre medley relay
Swimming at the 1980 Summer Olympics – Men's 400 metre freestyle,I. Stukolkin,Swimming at the 1976 Summer Olympics - Men's 400 metre freestyle,A. Krylov,Swimming at the 1984 Summer Olympics - Men's 400 metre freestyle
Swimming at the 1980 Summer Olympics – Men's 200 metre freestyle,G. Brewer,Swimming at the 1976 Summer Olympics - Men's 200 metre freestyle,A. Krylov,Swimming at the 1984 Summer Olympics - Men's 200 metre freestyle
Swimming at the 1980 Summer Olympics – Men's 1500 metre freestyle,M. Metzker,Swimming at the 1976 Summer Olympics - Men's 1500 metre freestyle,A. Chayev,Swimming at the 1984 Summer Olympics - Men's 1500 metre freestyle
Swimming at the 1980 Summer Olympics – Men's 100 metre freestyle,P. Johansson,Swimming at the 1976 Summer Olympics – Men's 100 metre freestyle,P. Holmertz,Swimming at the 1984 Summer Olympics – Men's 100 metre freestyle
Swimming at the 1976 Summer Olympics – Women's 800 metre freestyle,W. Weinberg,Swimming at the 1972 Summer Olympics,S. Babashoff,Swimming at the 1980 Summer Olympics - Women's 800 metre freestyle
Swimming at the 1976 Summer Olympics – Women's 400 metre freestyle,S. Smith,Swimming at the 1972 Summer Olympics,S. Babashoff,Swimming at the 1980 Summer Olympics - Women's 400 metre freestyle
Swimming at the 1976 Summer Olympics – Women's 200 metre freestyle,E. Brigitha,Swimming at the 1972 Summer Olympics,S. Babashoff,Swimming at the 1980 Summer Olympics - Women's 200 metre freestyle
Swimming at the 1976 Summer Olympics – Women's 200 metre breaststroke,L. Rusanova,Swimming at the 1972 Summer Olympics – Women's 200 metre breaststroke,M. Yurchenya,Swimming at the 1980 Summer Olympics – Women's 200 metre breaststroke
Swimming at the 1976 Summer Olympics – Women's 100 metre freestyle,E. Brigitha,Swimming at the 1976 Summer Olympics - Women's 100 metre freestyle,P. Priemer,Swimming at the 1980 Summer Olympics - Women's 100 metre freestyle
Swimming at the 1976 Summer Olympics – Men's 400 metre freestyle,V. Raskatov,Swimming at the 1972 Summer Olympics,T. Shaw,Swimming at the 1980 Summer Olympics - Men's 400 metre freestyle
Swimming at the 1976 Summer Olympics – Men's 200 metre freestyle,J. Montgomery,Swimming at the 1972 Summer Olympics,J. Naber,Swimming at the 1980 Summer Olympics - Men's 200 metre freestyle
Swimming at the 1976 Summer Olympics – Men's 1500 metre freestyle,S. Holland,Swimming at the 1972 Summer Olympics – Men's 1500 metre freestyle,B. Hackett,Swimming at the 1980 Summer Olympics – Men's 1500 metre freestyle
Swimming at the 1976 Summer Olympics – Men's 100 metre freestyle,P. Nocke,Swimming at the 1972 Summer Olympics,J. Babashoff,Swimming at the 1980 Summer Olympics – Men's 100 metre freestyle
Swimming at the 1976 Summer Olympics – Women's 800 metre freestyle,W. Weinberg,Swimming at the 1972 Summer Olympics,S. Babashoff,Swimming at the 1980 Summer Olympics - Women's 800 metre freestyle
Swimming at the 1976 Summer Olympics – Women's 400 metre freestyle,S. Smith,Swimming at the 1972 Summer Olympics,S. Babashoff,Swimming at the 1980 Summer Olympics - Women's 400 metre freestyle
Swimming at the 1976 Summer Olympics – Women's 200 metre freestyle,E. Brigitha,Swimming at the 1972 Summer Olympics,S. Babashoff,Swimming at the 1980 Summer Olympics - Women's 200 metre freestyle
Swimming at the 1976 Summer Olympics – Women's 200 metre breaststroke,L. Rusanova,Swimming at the 1972 Summer Olympics – Women's 200 metre breaststroke,M. Yurchenya,Swimming at the 1980 Summer Olympics – Women's 200 metre breaststroke
Swimming at the 1976 Summer Olympics – Women's 100 metre freestyle,E. Brigitha,Swimming at the 1976 Summer Olympics - Women's 100 metre freestyle,P. Priemer,Swimming at the 1980 Summer Olympics - Women's 100 metre freestyle
Swimming at the 1976 Summer Olympics – Men's 400 metre freestyle,V. Raskatov,Swimming at the 1972 Summer Olympics,T. Shaw,Swimming at the 1980 Summer Olympics - Men's 400 metre freestyle
Swimming at the 1976 Summer Olympics – Men's 200 metre freestyle,J. Montgomery,Swimming at the 1972 Summer Olympics,J. Naber,Swimming at the 1980 Summer Olympics - Men's 200 metre freestyle
Swimming at the 1976 Summer Olympics – Men's 1500 metre freestyle,S. Holland,Swimming at the 1972 Summer Olympics – Men's 1500 metre freestyle,B. Hackett,Swimming at the 1980 Summer Olympics – Men's 1500 metre freestyle
Swimming at the 1976 Summer Olympics – Men's 100 metre freestyle,P. Nocke,Swimming at the 1972 Summer Olympics,J. Babashoff,Swimming at the 1980 Summer Olympics – Men's 100 metre freestyle
Swimming at the 1972 Summer Olympics – Women's 200 metre breaststroke,G. Prozumenshchikova,Swimming at the 1968 Summer Olympics – Women's 200 metre breaststroke,D. Schoenfield,Swimming at the 1976 Summer Olympics – Women's 200 metre breaststroke
Swimming at the 1968 Summer Olympics – Women's 200 metre breaststroke,G. Prozumenshchikova,Swimming at the 1964 Summer Olympics – Women's 200 metre breaststroke,Đ. Bjedov,Swimming at the 1972 Summer Olympics – Women's 200 metre breaststroke
Swimming at the 1964 Summer Olympics – Women's 200 metre breaststroke,S. Babanina,Swimming at the 1960 Summer Olympics – Women's 200 metre breaststroke,C. Kolb,Swimming at the 1968 Summer Olympics – Women's 200 metre breaststroke
Swimming at the 1960 Summer Olympics – Women's 200 metre breaststroke,B. Göbel,Swimming at the 1956 Summer Olympics – Women's 200 metre breaststroke,W. Urselmann,Swimming at the 1964 Summer Olympics – Women's 200 metre breaststroke
Swimming at the 1956 Summer Olympics – Women's 200 metre breaststroke,E. t. Elsen,Swimming at the 1952 Summer Olympics – Women's 200 metre breaststroke,É. Székely,Swimming at the 1960 Summer Olympics – Women's 200 metre breaststroke
Swimming at the 1956 Summer Olympics – Women's 100 metre freestyle,F. Leech,Swimming at the 1952 Summer Olympics – Women's 100 metre freestyle,L. Crapp,Swimming at the 1960 Summer Olympics – Women's 100 metre freestyle
Swimming at the 1956 Summer Olympics – Women's 200 metre breaststroke,E. t. Elsen,Swimming at the 1952 Summer Olympics – Women's 200 metre breaststroke,É. Székely,Swimming at the 1960 Summer Olympics – Women's 200 metre breaststroke
Swimming at the 1956 Summer Olympics – Women's 100 metre freestyle,F. Leech,Swimming at the 1952 Summer Olympics – Women's 100 metre freestyle,L. Crapp,Swimming at the 1960 Summer Olympics – Women's 100 metre freestyle
Swimming at the 1952 Summer Olympics – Women's 200 metre breaststroke,E. Gordon,Swimming at the 1948 Summer Olympics – Women's 200 metre breaststroke,É. Novák-Gerard,Swimming at the 1956 Summer Olympics – Women's 200 metre breaststroke
Swimming at the 1948 Summer Olympics – Women's 200 metre breaststroke,É. Novák-Gerard,Swimming at the 1936 Summer Olympics – Women's 200 metre breaststroke,N. Lyons,Swimming at the 1952 Summer Olympics – Women's 200 metre breaststroke
Swimming at the 1936 Summer Olympics – Women's 200 metre breaststroke,I. Sørensen,Swimming at the 1932 Summer Olympics – Women's 200 metre breaststroke,M. Genenger,Swimming at the 1948 Summer Olympics – Women's 200 metre breaststroke
Swimming at the 1924 Summer Olympics – Women's 4 × 100 metre freestyle relay,W. Pettersson,Swimming at the 1920 Summer Olympics – Women's 4 × 100 metre freestyle relay,C. Jeans,Swimming at the 1928 Summer Olympics – Women's 4 × 100 metre freestyle relay
Swimming at the 1924 Summer Olympics – Women's 100 metre freestyle,G. Ederle,Swimming at the 1920 Summer Olympics – Women's 100 metre freestyle,M. Wehselau,Swimming at the 1928 Summer Olympics – Women's 100 metre freestyle
Swimming at the 1924 Summer Olympics – Men's 4 × 200 metre freestyle relay,O. Trolle,Swimming at the 1920 Summer Olympics – Men's 4 × 200 metre freestyle relay,B. Charlton,Swimming at the 1928 Summer Olympics – Men's 4 × 200 metre freestyle relay
Swimming at the 1924 Summer Olympics – Men's 400 metre freestyle,B. Charlton,Swimming at the 1920 Summer Olympics – Men's 400 metre freestyle,A. Borg,Swimming at the 1928 Summer Olympics – Men's 400 metre freestyle
Swimming at the 1924 Summer Olympics – Men's 200 metre breaststroke,B. Kirschbaum,Swimming at the 1920 Summer Olympics – Men's 200 metre breaststroke,J. D. Combe,Swimming at the 1928 Summer Olympics – Men's 200 metre breaststroke
Swimming at the 1924 Summer Olympics – Men's 1500 metre freestyle,F. Beaurepaire,Swimming at the 1920 Summer Olympics – Men's 1500 metre freestyle,A. Borg,Swimming at the 1928 Summer Olympics – Men's 1500 metre freestyle
Swimming at the 1924 Summer Olympics – Men's 100 metre freestyle,S. Kahanamoku,Swimming at the 1920 Summer Olympics – Men's 100 metre freestyle,D. Kahanamoku,Swimming at the 1928 Summer Olympics – Men's 100 metre freestyle
Swimming at the 1924 Summer Olympics – Men's 100 metre backstroke,K. Bartha,Swimming at the 1920 Summer Olympics – Men's 100 metre backstroke,P. Wyatt,Swimming at the 1928 Summer Olympics – Men's 100 metre backstroke
Swimming at the 1924 Summer Olympics – Women's 4 × 100 metre freestyle relay,W. Pettersson,Swimming at the 1920 Summer Olympics – Women's 4 × 100 metre freestyle relay,C. Jeans,Swimming at the 1928 Summer Olympics – Women's 4 × 100 metre freestyle relay
Swimming at the 1924 Summer Olympics – Women's 100 metre freestyle,G. Ederle,Swimming at the 1920 Summer Olympics – Women's 100 metre freestyle,M. Wehselau,Swimming at the 1928 Summer Olympics – Women's 100 metre freestyle
Swimming at the 1924 Summer Olympics – Men's 4 × 200 metre freestyle relay,Å. Borg,Swimming at the 1920 Summer Olympics – Men's 4 × 200 metre freestyle relay,E. Henry,Swimming at the 1928 Summer Olympics – Men's 4 × 200 metre freestyle relay
Swimming at the 1924 Summer Olympics – Men's 400 metre freestyle,B. Charlton,Swimming at the 1920 Summer Olympics – Men's 400 metre freestyle,A. Borg,Swimming at the 1928 Summer Olympics – Men's 400 metre freestyle
Swimming at the 1924 Summer Olympics – Men's 200 metre breaststroke,B. Kirschbaum,Swimming at the 1920 Summer Olympics – Men's 200 metre breaststroke,J. D. Combe,Swimming at the 1928 Summer Olympics – Men's 200 metre breaststroke
Swimming at the 1924 Summer Olympics – Men's 1500 metre freestyle,F. Beaurepaire,Swimming at the 1920 Summer Olympics – Men's 1500 metre freestyle,A. Borg,Swimming at the 1928 Summer Olympics – Men's 1500 metre freestyle
Swimming at the 1924 Summer Olympics – Men's 100 metre freestyle,S. Kahanamoku,Swimming at the 1920 Summer Olympics – Men's 100 metre freestyle,D. Kahanamoku,Swimming at the 1928 Summer Olympics – Men's 100 metre freestyle
Swimming at the 1924 Summer Olympics – Men's 100 metre backstroke,K. Bartha,Swimming at the 1920 Summer Olympics – Men's 100 metre backstroke,P. Wyatt,Swimming at the 1928 Summer Olympics – Men's 100 metre backstroke
Swimming at the 1920 Summer Olympics – Women's 4 × 100 metre freestyle relay,A. Berg,Swimming at the 1912 Summer Olympics – Women's 4 × 100 metre freestyle relay,C. Jeans,Swimming at the 1924 Summer Olympics – Women's 4 × 100 metre freestyle relay
Swimming at the 1920 Summer Olympics – Women's 100 metre freestyle,F. Schroth,Swimming at the 1912 Summer Olympics – Women's 100 metre freestyle,I. Guest,Swimming at the 1924 Summer Olympics – Women's 100 metre freestyle
Swimming at the 1920 Summer Olympics – Men's 4 × 200 metre freestyle relay,H. Taylor,Swimming at the 1912 Summer Olympics – Men's 4 × 200 metre freestyle relay,F. Beaurepaire,Swimming at the 1924 Summer Olympics – Men's 4 × 200 metre freestyle relay
Swimming at the 1920 Summer Olympics – Men's 400 metre freestyle,G. Vernot,Swimming at the 1912 Summer Olympics – Men's 400 metre freestyle,L. Langer,Swimming at the 1924 Summer Olympics – Men's 400 metre freestyle
Swimming at the 1920 Summer Olympics – Men's 200 metre breaststroke,A. Aaltonen,Swimming at the 1912 Summer Olympics – Men's 200 metre breaststroke,T. Henning,Swimming at the 1924 Summer Olympics – Men's 200 metre breaststroke
Swimming at the 1920 Summer Olympics – Men's 1500 metre freestyle,F. Beaurepaire,Swimming at the 1912 Summer Olympics – Men's 1500 metre freestyle,G. Vernot,Swimming at the 1924 Summer Olympics – Men's 1500 metre freestyle
Swimming at the 1920 Summer Olympics – Men's 100 metre freestyle,B. Harris,Swimming at the 1912 Summer Olympics – Men's 100 metre freestyle,P. Kealoha,Swimming at the 1924 Summer Olympics – Men's 100 metre freestyle
Swimming at the 1920 Summer Olympics – Men's 100 metre backstroke,G. Blitz,Swimming at the 1912 Summer Olympics – Men's 100 metre backstroke,R. Kegeris,Swimming at the 1924 Summer Olympics – Men's 100 metre backstroke
Swimming at the 1920 Summer Olympics – Women's 4 × 100 metre freestyle relay,E. Machnow,Swimming at the 1912 Summer Olympics – Women's 4 × 100 metre freestyle relay,C. Radcliffe,Swimming at the 1924 Summer Olympics – Women's 4 × 100 metre freestyle relay
Swimming at the 1920 Summer Olympics – Women's 100 metre freestyle,F. Schroth,Swimming at the 1912 Summer Olympics – Women's 100 metre freestyle,I. Guest,Swimming at the 1924 Summer Olympics – Women's 100 metre freestyle
Swimming at the 1920 Summer Olympics – Men's 4 × 200 metre freestyle relay,E. Peter,Swimming at the 1912 Summer Olympics – Men's 4 × 200 metre freestyle relay,F. Beaurepaire,Swimming at the 1924 Summer Olympics – Men's 4 × 200 metre freestyle relay
Swimming at the 1920 Summer Olympics – Men's 400 metre freestyle,G. Vernot,Swimming at the 1912 Summer Olympics – Men's 400 metre freestyle,L. Langer,Swimming at the 1924 Summer Olympics – Men's 400 metre freestyle
Swimming at the 1920 Summer Olympics – Men's 200 metre breaststroke,A. Aaltonen,Swimming at the 1912 Summer Olympics – Men's 200 metre breaststroke,T. Henning,Swimming at the 1924 Summer Olympics – Men's 200 metre breaststroke
Swimming at the 1920 Summer Olympics – Men's 1500 metre freestyle,F. Beaurepaire,Swimming at the 1912 Summer Olympics – Men's 1500 metre freestyle,G. Vernot,Swimming at the 1924 Summer Olympics – Men's 1500 metre freestyle
Swimming at the 1920 Summer Olympics – Men's 100 metre freestyle,B. Harris,Swimming at the 1912 Summer Olympics – Men's 100 metre freestyle,P. Kealoha,Swimming at the 1924 Summer Olympics – Men's 100 metre freestyle
Swimming at the 1920 Summer Olympics – Men's 100 metre backstroke,G. Blitz,Swimming at the 1912 Summer Olympics – Men's 100 metre backstroke,R. Kegeris,Swimming at the 1924 Summer Olympics – Men's 100 metre backstroke
Swimming at the 1912 Summer Olympics – Men's 4 × 200 metre freestyle relay,H. Taylor,Swimming at the 1908 Summer Olympics – Men's 4 × 200 metre freestyle relay,D. Kahanamoku,Swimming at the 1920 Summer Olympics – Men's 4 × 200 metre freestyle relay
Swimming at the 1912 Summer Olympics – Men's 400 metre freestyle,H. Hardwick,Swimming at the 1908 Summer Olympics – Men's 400 metre freestyle,J. Hatfield,Swimming at the 1920 Summer Olympics – Men's 400 metre freestyle
Swimming at the 1912 Summer Olympics – Men's 400 metre breaststroke,P. Courtman,Swimming at the 1904 Summer Olympics – Men's 440 yard breaststroke,T. Henning,Swimming at the 1920 Summer Olympics – Men's 400 metre breaststroke
Swimming at the 1912 Summer Olympics – Men's 200 metre breaststroke,P. Malisch,Swimming at the 1908 Summer Olympics – Men's 200 metre breaststroke,W. Lützow,Swimming at the 1920 Summer Olympics – Men's 200 metre breaststroke
Swimming at the 1912 Summer Olympics – Men's 1500 metre freestyle,H. Hardwick,Swimming at the 1908 Summer Olympics – Men's 1500 metre freestyle,J. Hatfield,Swimming at the 1920 Summer Olympics – Men's 1500 metre freestyle
Swimming at the 1912 Summer Olympics – Men's 100 metre freestyle,K. Huszagh,Swimming at the 1908 Summer Olympics – Men's 100 metre freestyle,C. Healy,Swimming at the 1920 Summer Olympics – Men's 100 metre freestyle
Swimming at the 1912 Summer Olympics – Men's 100 metre backstroke,P. Kellner,Swimming at the 1908 Summer Olympics – Men's 100 metre backstroke,O. Fahr,Swimming at the 1920 Summer Olympics – Men's 100 metre backstroke
Swimming at the 1912 Summer Olympics – Men's 4 × 200 metre freestyle relay,T. Battersby,Swimming at the 1908 Summer Olympics – Men's 4 × 200 metre freestyle relay,D. Kahanamoku,Swimming at the 1920 Summer Olympics – Men's 4 × 200 metre freestyle relay
Swimming at the 1912 Summer Olympics – Men's 400 metre freestyle,H. Hardwick,Swimming at the 1908 Summer Olympics – Men's 400 metre freestyle,J. Hatfield,Swimming at the 1920 Summer Olympics – Men's 400 metre freestyle
Swimming at the 1912 Summer Olympics – Men's 400 metre breaststroke,P. Courtman,Swimming at the 1904 Summer Olympics – Men's 440 yard breaststroke,T. Henning,Swimming at the 1920 Summer Olympics – Men's 400 metre breaststroke
Swimming at the 1912 Summer Olympics – Men's 200 metre breaststroke,P. Malisch,Swimming at the 1908 Summer Olympics – Men's 200 metre breaststroke,W. Lützow,Swimming at the 1920 Summer Olympics – Men's 200 metre breaststroke
Swimming at the 1912 Summer Olympics – Men's 1500 metre freestyle,H. Hardwick,Swimming at the 1908 Summer Olympics – Men's 1500 metre freestyle,J. Hatfield,Swimming at the 1920 Summer Olympics – Men's 1500 metre freestyle
Swimming at the 1912 Summer Olympics – Men's 100 metre freestyle,K. Huszagh,Swimming at the 1908 Summer Olympics – Men's 100 metre freestyle,C. Healy,Swimming at the 1920 Summer Olympics – Men's 100 metre freestyle
Swimming at the 1912 Summer Olympics – Men's 100 metre backstroke,P. Kellner,Swimming at the 1908 Summer Olympics – Men's 100 metre backstroke,O. Fahr,Swimming at the 1920 Summer Olympics – Men's 100 metre backstroke
Swimming at the 1908 Summer Olympics – Men's 400 metre freestyle,O. Scheff,Swimming at the 1904 Summer Olympics – Men's 440 yard freestyle,F. Beaurepaire,Swimming at the 1912 Summer Olympics – Men's 400 metre freestyle
Swimming at the 1908 Summer Olympics – Men's 1500 metre freestyle,F. Beaurepaire,Swimming at the 1904 Summer Olympics – Men's 1 mile freestyle,T. Battersby,Swimming at the 1912 Summer Olympics – Men's 1500 metre freestyle
Swimming at the 1908 Summer Olympics – Men's 100 metre freestyle,H. Julin,Swimming at the 1904 Summer Olympics – Men's 100 yard freestyle,Z. Halmay,Swimming at the 1912 Summer Olympics – Men's 100 metre freestyle
Swimming at the 1908 Summer Olympics – Men's 100 metre backstroke,H. Haresnape,Swimming at the 1904 Summer Olympics – Men's 100 yard backstroke,L. Dam,Swimming at the 1912 Summer Olympics – Men's 100 metre backstroke
Swimming at the 1908 Summer Olympics – Men's 400 metre freestyle,O. Scheff,Swimming at the 1904 Summer Olympics – Men's 440 yard freestyle,F. Beaurepaire,Swimming at the 1912 Summer Olympics – Men's 400 metre freestyle
Swimming at the 1908 Summer Olympics – Men's 1500 metre freestyle,F. Beaurepaire,Swimming at the 1904 Summer Olympics – Men's 1 mile freestyle,T. Battersby,Swimming at the 1912 Summer Olympics – Men's 1500 metre freestyle
Swimming at the 1908 Summer Olympics – Men's 100 metre freestyle,H. Julin,Swimming at the 1904 Summer Olympics – Men's 100 yard freestyle,Z. Halmay,Swimming at the 1912 Summer Olympics – Men's 100 metre freestyle
Swimming at the 1908 Summer Olympics – Men's 100 metre backstroke,H. Haresnape,Swimming at the 1904 Summer Olympics – Men's 100 yard backstroke,L. Dam,Swimming at the 1912 Summer Olympics – Men's 100 metre backstroke
Swimming at the 1904 Summer Olympics – Men's 220 yard freestyle,E. Rausch,Swimming at the 1900 Summer Olympics – Men's 200 metre freestyle,F. Gailey,Swimming at the 1968 Summer Olympics – Men's 200 metre freestyle
Swimming at the 1904 Summer Olympics – Men's 100 yard freestyle,S. Leary,Swimming at the 1896 Summer Olympics – Men's 100 metre freestyle,C. Daniels,Swimming at the 1908 Summer Olympics – Men's 100 metre freestyle
Swimming at the 1904 Summer Olympics – Men's 220 yard freestyle,E. Rausch,Swimming at the 1900 Summer Olympics – Men's 200 metre freestyle,F. Gailey,Swimming at the 1968 Summer Olympics – Men's 200 metre freestyle
Swimming at the 1904 Summer Olympics – Men's 100 yard freestyle,S. Leary,Swimming at the 1896 Summer Olympics – Men's 100 metre freestyle,C. Daniels,Swimming at the 1908 Summer Olympics – Men's 100 metre freestyle
Speed skating at the 2010 Winter Olympics – Women's team pursuit,K. Woźniak,Speed skating at the 2006 Winter Olympics – Women's team pursuit,N. Kodaira,Speed skating at the 2014 Winter Olympics – Women's team pursuit
Speed skating at the 2010 Winter Olympics – Women's 500 metres,W. Beixing,Speed skating at the 2006 Winter Olympics – Women's 500 metres,J. Wolf,Speed skating at the 2014 Winter Olympics – Women's 500 metres
Speed skating at the 2010 Winter Olympics – Women's 5000 metres,C. Hughes,Speed skating at the 2006 Winter Olympics – Women's 5000 metres,S. Beckert,Speed skating at the 2014 Winter Olympics – Women's 5000 metres
Speed skating at the 2010 Winter Olympics – Women's 3000 metres,K. Groves,Speed skating at the 2006 Winter Olympics – Women's 3000 metres,S. Beckert,Speed skating at the 2014 Winter Olympics – Women's 3000 metres
Speed skating at the 2010 Winter Olympics – Women's 1500 metres,M. Sáblíková,Speed skating at the 2006 Winter Olympics – Women's 1500 metres,K. Groves,Speed skating at the 2014 Winter Olympics – Women's 1500 metres
Speed skating at the 2010 Winter Olympics – Women's 1000 metres,L. v. Riessen,Speed skating at the 2006 Winter Olympics – Women's 1000 metres,A. Gerritsen,Speed skating at the 2014 Winter Olympics – Women's 1000 metres
Speed skating at the 2010 Winter Olympics – Men's team pursuit,J. Blokhuijsen,Speed skating at the 2006 Winter Olympics – Men's team pursuit,C. Hedrick,Speed skating at the 2014 Winter Olympics – Men's team pursuit
Speed skating at the 2010 Winter Olympics – Men's 500 metres,J. Kato,Speed skating at the 2006 Winter Olympics – Men's 500 metres,K. Nagashima,Speed skating at the 2014 Winter Olympics – Men's 500 metres
Speed skating at the 2010 Winter Olympics – Men's 5000 metres,I. Skobrev,Speed skating at the 2006 Winter Olympics – Men's 5000 metres,L. Seung-hoon,Speed skating at the 2014 Winter Olympics – Men's 5000 metres
Speed skating at the 2010 Winter Olympics – Men's 1500 metres,H. Bøkko,Speed skating at the 2006 Winter Olympics – Men's 1500 metres,S. Davis,Speed skating at the 2014 Winter Olympics – Men's 1500 metres
Speed skating at the 2010 Winter Olympics – Men's 1000 metres,C. Hedrick,Speed skating at the 2006 Winter Olympics – Men's 1000 metres,M. Tae-bum,Speed skating at the 2014 Winter Olympics – Men's 1000 metres
"Speed skating at the 2010 Winter Olympics – Men's 10,000 metres",B. d. Jong,"Speed skating at the 2006 Winter Olympics – Men's 10,000 metres",I. Skobrev,"Speed skating at the 2014 Winter Olympics – Men's 10,000 metres"
Speed skating at the 2010 Winter Olympics – Women's team pursuit,K. Woźniak,Speed skating at the 2006 Winter Olympics – Women's team pursuit,M. Hozumi,Speed skating at the 2014 Winter Olympics – Women's team pursuit
Speed skating at the 2010 Winter Olympics – Women's 500 metres,W. Beixing,Speed skating at the 2006 Winter Olympics – Women's 500 metres,J. Wolf,Speed skating at the 2014 Winter Olympics – Women's 500 metres
Speed skating at the 2010 Winter Olympics – Women's 5000 metres,C. Hughes,Speed skating at the 2006 Winter Olympics – Women's 5000 metres,S. Beckert,Speed skating at the 2014 Winter Olympics – Women's 5000 metres
Speed skating at the 2010 Winter Olympics – Women's 3000 metres,K. Groves,Speed skating at the 2006 Winter Olympics – Women's 3000 metres,S. Beckert,Speed skating at the 2014 Winter Olympics – Women's 3000 metres
Speed skating at the 2010 Winter Olympics – Women's 1500 metres,M. Sáblíková,Speed skating at the 2006 Winter Olympics – Women's 1500 metres,K. Groves,Speed skating at the 2014 Winter Olympics – Women's 1500 metres
Speed skating at the 2010 Winter Olympics – Women's 1000 metres,L. v. Riessen,Speed skating at the 2006 Winter Olympics – Women's 1000 metres,A. Gerritsen,Speed skating at the 2014 Winter Olympics – Women's 1000 metres
Speed skating at the 2010 Winter Olympics – Men's team pursuit,J. Blokhuijsen,Speed skating at the 2006 Winter Olympics – Men's team pursuit,C. Hedrick,Speed skating at the 2014 Winter Olympics – Men's team pursuit
Speed skating at the 2010 Winter Olympics – Men's 500 metres,J. Kato,Speed skating at the 2006 Winter Olympics – Men's 500 metres,K. Nagashima,Speed skating at the 2014 Winter Olympics – Men's 500 metres
Speed skating at the 2010 Winter Olympics – Men's 5000 metres,I. Skobrev,Speed skating at the 2006 Winter Olympics – Men's 5000 metres,L. Seung-hoon,Speed skating at the 2014 Winter Olympics – Men's 5000 metres
Speed skating at the 2010 Winter Olympics – Men's 1500 metres,H. Bøkko,Speed skating at the 2006 Winter Olympics – Men's 1500 metres,S. Davis,Speed skating at the 2014 Winter Olympics – Men's 1500 metres
Speed skating at the 2010 Winter Olympics – Men's 1000 metres,C. Hedrick,Speed skating at the 2006 Winter Olympics – Men's 1000 metres,M. Tae-bum,Speed skating at the 2014 Winter Olympics – Men's 1000 metres
"Speed skating at the 2010 Winter Olympics – Men's 10,000 metres",B. d. Jong,"Speed skating at the 2006 Winter Olympics – Men's 10,000 metres",I. Skobrev,"Speed skating at the 2014 Winter Olympics – Men's 10,000 metres"
Speed skating at the 2006 Winter Olympics – Women's 500 metres,R. Hui,Speed skating at the 2002 Winter Olympics – Women's 500 metres,W. Manli,Speed skating at the 2010 Winter Olympics – Women's 500 metres
Speed skating at the 2006 Winter Olympics – Women's 5000 metres,C. Klassen,Speed skating at the 2002 Winter Olympics – Women's 5000 metres,C. Pechstein,Speed skating at the 2010 Winter Olympics – Women's 5000 metres
Speed skating at the 2006 Winter Olympics – Women's 3000 metres,C. Klassen,Speed skating at the 2002 Winter Olympics – Women's 3000 metres,R. Groenewold,Speed skating at the 2010 Winter Olympics – Women's 3000 metres
Speed skating at the 2006 Winter Olympics – Women's 1500 metres,I. Wüst,Speed skating at the 2002 Winter Olympics – Women's 1500 metres,K. Groves,Speed skating at the 2010 Winter Olympics – Women's 1500 metres
