col0,col1,col2,col3,col4
Speed skating at the 2006 Winter Olympics – Women's 1000 metres,A. Friesinger-Postma,Speed skating at the 2002 Winter Olympics – Women's 1000 metres,C. Klassen,Speed skating at the 2010 Winter Olympics – Women's 1000 metres
Speed skating at the 2006 Winter Olympics – Men's 500 metres,L. Kang-seok,Speed skating at the 2002 Winter Olympics – Men's 500 metres,D. Dorofeyev,Speed skating at the 2010 Winter Olympics – Men's 500 metres
Speed skating at the 2006 Winter Olympics – Men's 5000 metres,E. Fabris,Speed skating at the 2002 Winter Olympics – Men's 5000 metres,S. Kramer,Speed skating at the 2010 Winter Olympics – Men's 5000 metres
Speed skating at the 2006 Winter Olympics – Men's 1500 metres,C. Hedrick,Speed skating at the 2002 Winter Olympics – Men's 1500 metres,S. Davis,Speed skating at the 2010 Winter Olympics – Men's 1500 metres
Speed skating at the 2006 Winter Olympics – Men's 1000 metres,E. Wennemars,Speed skating at the 2002 Winter Olympics – Men's 1000 metres,J. Cheek,Speed skating at the 2010 Winter Olympics – Men's 1000 metres
"Speed skating at the 2006 Winter Olympics – Men's 10,000 metres",C. Verheijen,"Speed skating at the 2002 Winter Olympics – Men's 10,000 metres",C. Hedrick,"Speed skating at the 2010 Winter Olympics – Men's 10,000 metres"
Speed skating at the 2006 Winter Olympics – Women's 500 metres,R. Hui,Speed skating at the 2002 Winter Olympics – Women's 500 metres,W. Manli,Speed skating at the 2010 Winter Olympics – Women's 500 metres
Speed skating at the 2006 Winter Olympics – Women's 5000 metres,C. Klassen,Speed skating at the 2002 Winter Olympics – Women's 5000 metres,C. Pechstein,Speed skating at the 2010 Winter Olympics – Women's 5000 metres
Speed skating at the 2006 Winter Olympics – Women's 3000 metres,C. Klassen,Speed skating at the 2002 Winter Olympics – Women's 3000 metres,R. Groenewold,Speed skating at the 2010 Winter Olympics – Women's 3000 metres
Speed skating at the 2006 Winter Olympics – Women's 1500 metres,I. Wüst,Speed skating at the 2002 Winter Olympics – Women's 1500 metres,K. Groves,Speed skating at the 2010 Winter Olympics – Women's 1500 metres
Speed skating at the 2006 Winter Olympics – Women's 1000 metres,A. Friesinger-Postma,Speed skating at the 2002 Winter Olympics – Women's 1000 metres,C. Klassen,Speed skating at the 2010 Winter Olympics – Women's 1000 metres
Speed skating at the 2006 Winter Olympics – Men's 500 metres,L. Kang-seok,Speed skating at the 2002 Winter Olympics – Men's 500 metres,D. Dorofeyev,Speed skating at the 2010 Winter Olympics – Men's 500 metres
Speed skating at the 2006 Winter Olympics – Men's 5000 metres,E. Fabris,Speed skating at the 2002 Winter Olympics – Men's 5000 metres,S. Kramer,Speed skating at the 2010 Winter Olympics – Men's 5000 metres
Speed skating at the 2006 Winter Olympics – Men's 1500 metres,C. Hedrick,Speed skating at the 2002 Winter Olympics – Men's 1500 metres,S. Davis,Speed skating at the 2010 Winter Olympics – Men's 1500 metres
Speed skating at the 2006 Winter Olympics – Men's 1000 metres,E. Wennemars,Speed skating at the 2002 Winter Olympics – Men's 1000 metres,J. Cheek,Speed skating at the 2010 Winter Olympics – Men's 1000 metres
"Speed skating at the 2006 Winter Olympics – Men's 10,000 metres",C. Verheijen,"Speed skating at the 2002 Winter Olympics – Men's 10,000 metres",C. Hedrick,"Speed skating at the 2010 Winter Olympics – Men's 10,000 metres"
Speed skating at the 2002 Winter Olympics – Women's 500 metres,S. Völker,Speed skating at the 1998 Winter Olympics – Women's 500 metres,M. Garbrecht-Enfeldt,Speed skating at the 2006 Winter Olympics – Women's 500 metres
Speed skating at the 2002 Winter Olympics – Women's 5000 metres,C. Hughes,Speed skating at the 1998 Winter Olympics – Women's 5000 metres,G. Smit,Speed skating at the 2006 Winter Olympics – Women's 5000 metres
Speed skating at the 2002 Winter Olympics – Women's 3000 metres,C. Klassen,Speed skating at the 1998 Winter Olympics – Women's 3000 metres,R. Groenewold,Speed skating at the 2006 Winter Olympics – Women's 3000 metres
Speed skating at the 2002 Winter Olympics – Women's 1500 metres,J. Rodriguez,Speed skating at the 1998 Winter Olympics – Women's 1500 metres,S. Völker,Speed skating at the 2006 Winter Olympics – Women's 1500 metres
Speed skating at the 2002 Winter Olympics – Women's 1000 metres,J. Rodriguez,Speed skating at the 1998 Winter Olympics – Women's 1000 metres,S. Völker,Speed skating at the 2006 Winter Olympics – Women's 1000 metres
Speed skating at the 2002 Winter Olympics – Men's 500 metres,K. Carpenter,Speed skating at the 1998 Winter Olympics – Men's 500 metres,H. Shimizu,Speed skating at the 2006 Winter Olympics – Men's 500 metres
Speed skating at the 2002 Winter Olympics – Men's 5000 metres,J. Boden,Speed skating at the 1998 Winter Olympics – Men's 5000 metres,D. Parra,Speed skating at the 2006 Winter Olympics – Men's 5000 metres
Speed skating at the 2002 Winter Olympics – Men's 1500 metres,Å. Søndrål,Speed skating at the 1998 Winter Olympics – Men's 1500 metres,J. Uytdehaage,Speed skating at the 2006 Winter Olympics – Men's 1500 metres
Speed skating at the 2002 Winter Olympics – Men's 1000 metres,J. Cheek,Speed skating at the 1998 Winter Olympics – Men's 1000 metres,J. Bos,Speed skating at the 2006 Winter Olympics – Men's 1000 metres
"Speed skating at the 2002 Winter Olympics – Men's 10,000 metres",L. Sætre,"Speed skating at the 1998 Winter Olympics – Men's 10,000 metres",G. Romme,"Speed skating at the 2006 Winter Olympics – Men's 10,000 metres"
Speed skating at the 2002 Winter Olympics – Women's 500 metres,S. Völker,Speed skating at the 1998 Winter Olympics – Women's 500 metres,M. Garbrecht-Enfeldt,Speed skating at the 2006 Winter Olympics – Women's 500 metres
Speed skating at the 2002 Winter Olympics – Women's 5000 metres,C. Hughes,Speed skating at the 1998 Winter Olympics – Women's 5000 metres,G. Smit,Speed skating at the 2006 Winter Olympics – Women's 5000 metres
Speed skating at the 2002 Winter Olympics – Women's 3000 metres,C. Klassen,Speed skating at the 1998 Winter Olympics – Women's 3000 metres,R. Groenewold,Speed skating at the 2006 Winter Olympics – Women's 3000 metres
Speed skating at the 2002 Winter Olympics – Women's 1500 metres,J. Rodriguez,Speed skating at the 1998 Winter Olympics – Women's 1500 metres,S. Völker,Speed skating at the 2006 Winter Olympics – Women's 1500 metres
Speed skating at the 2002 Winter Olympics – Women's 1000 metres,J. Rodriguez,Speed skating at the 1998 Winter Olympics – Women's 1000 metres,S. Völker,Speed skating at the 2006 Winter Olympics – Women's 1000 metres
Speed skating at the 2002 Winter Olympics – Men's 500 metres,K. Carpenter,Speed skating at the 1998 Winter Olympics – Men's 500 metres,H. Shimizu,Speed skating at the 2006 Winter Olympics – Men's 500 metres
Speed skating at the 2002 Winter Olympics – Men's 5000 metres,J. Boden,Speed skating at the 1998 Winter Olympics – Men's 5000 metres,D. Parra,Speed skating at the 2006 Winter Olympics – Men's 5000 metres
Speed skating at the 2002 Winter Olympics – Men's 1500 metres,Å. Søndrål,Speed skating at the 1998 Winter Olympics – Men's 1500 metres,J. Uytdehaage,Speed skating at the 2006 Winter Olympics – Men's 1500 metres
Speed skating at the 2002 Winter Olympics – Men's 1000 metres,J. Cheek,Speed skating at the 1998 Winter Olympics – Men's 1000 metres,J. Bos,Speed skating at the 2006 Winter Olympics – Men's 1000 metres
"Speed skating at the 2002 Winter Olympics – Men's 10,000 metres",L. Sætre,"Speed skating at the 1998 Winter Olympics – Men's 10,000 metres",G. Romme,"Speed skating at the 2006 Winter Olympics – Men's 10,000 metres"
Speed skating at the 1998 Winter Olympics – Women's 500 metres,T. Okazaki,Speed skating at the 1994 Winter Olympics – Women's 500 metres,S. Auch,Speed skating at the 2002 Winter Olympics – Women's 500 metres
Speed skating at the 1998 Winter Olympics – Women's 5000 metres,L. Prokasheva,Speed skating at the 1994 Winter Olympics – Women's 5000 metres,G. Niemann-Stirnemann,Speed skating at the 2002 Winter Olympics – Women's 5000 metres
Speed skating at the 1998 Winter Olympics – Women's 3000 metres,A. Friesinger-Postma,Speed skating at the 1994 Winter Olympics – Women's 3000 metres,C. Pechstein,Speed skating at the 2002 Winter Olympics – Women's 3000 metres
Speed skating at the 1998 Winter Olympics – Women's 1500 metres,C. Witty,Speed skating at the 1994 Winter Olympics – Women's 1500 metres,G. Niemann-Stirnemann,Speed skating at the 2002 Winter Olympics – Women's 1500 metres
Speed skating at the 1998 Winter Olympics – Women's 1000 metres,C. L. Doan,Speed skating at the 1994 Winter Olympics – Women's 1000 metres,C. Witty,Speed skating at the 2002 Winter Olympics – Women's 1000 metres
Speed skating at the 1998 Winter Olympics – Men's 500 metres,K. Overland,Speed skating at the 1994 Winter Olympics – Men's 500 metres,J. Wotherspoon,Speed skating at the 2002 Winter Olympics – Men's 500 metres
Speed skating at the 1998 Winter Olympics – Men's 5000 metres,B. Veldkamp,Speed skating at the 1994 Winter Olympics – Men's 5000 metres,R. Ritsma,Speed skating at the 2002 Winter Olympics – Men's 5000 metres
Speed skating at the 1998 Winter Olympics – Men's 1500 metres,R. Ritsma,Speed skating at the 1994 Winter Olympics – Men's 1500 metres,I. Postma,Speed skating at the 2002 Winter Olympics – Men's 1500 metres
Speed skating at the 1998 Winter Olympics – Men's 1000 metres,H. Shimizu,Speed skating at the 1994 Winter Olympics – Men's 1000 metres,J. Bos,Speed skating at the 2002 Winter Olympics – Men's 1000 metres
"Speed skating at the 1998 Winter Olympics – Men's 10,000 metres",R. Ritsma,"Speed skating at the 1994 Winter Olympics – Men's 10,000 metres",B. d. Jong,"Speed skating at the 2002 Winter Olympics – Men's 10,000 metres"
Speed skating at the 1998 Winter Olympics – Women's 500 metres,T. Okazaki,Speed skating at the 1994 Winter Olympics – Women's 500 metres,S. Auch,Speed skating at the 2002 Winter Olympics – Women's 500 metres
Speed skating at the 1998 Winter Olympics – Women's 5000 metres,L. Prokasheva,Speed skating at the 1994 Winter Olympics – Women's 5000 metres,G. Niemann-Stirnemann,Speed skating at the 2002 Winter Olympics – Women's 5000 metres
Speed skating at the 1998 Winter Olympics – Women's 3000 metres,A. Friesinger-Postma,Speed skating at the 1994 Winter Olympics – Women's 3000 metres,C. Pechstein,Speed skating at the 2002 Winter Olympics – Women's 3000 metres
Speed skating at the 1998 Winter Olympics – Women's 1500 metres,C. Witty,Speed skating at the 1994 Winter Olympics – Women's 1500 metres,G. Niemann-Stirnemann,Speed skating at the 2002 Winter Olympics – Women's 1500 metres
Speed skating at the 1998 Winter Olympics – Women's 1000 metres,C. L. Doan,Speed skating at the 1994 Winter Olympics – Women's 1000 metres,C. Witty,Speed skating at the 2002 Winter Olympics – Women's 1000 metres
Speed skating at the 1998 Winter Olympics – Men's 500 metres,K. Overland,Speed skating at the 1994 Winter Olympics – Men's 500 metres,J. Wotherspoon,Speed skating at the 2002 Winter Olympics – Men's 500 metres
Speed skating at the 1998 Winter Olympics – Men's 5000 metres,B. Veldkamp,Speed skating at the 1994 Winter Olympics – Men's 5000 metres,R. Ritsma,Speed skating at the 2002 Winter Olympics – Men's 5000 metres
Speed skating at the 1998 Winter Olympics – Men's 1500 metres,R. Ritsma,Speed skating at the 1994 Winter Olympics – Men's 1500 metres,I. Postma,Speed skating at the 2002 Winter Olympics – Men's 1500 metres
Speed skating at the 1998 Winter Olympics – Men's 1000 metres,H. Shimizu,Speed skating at the 1994 Winter Olympics – Men's 1000 metres,J. Bos,Speed skating at the 2002 Winter Olympics – Men's 1000 metres
"Speed skating at the 1998 Winter Olympics – Men's 10,000 metres",R. Ritsma,"Speed skating at the 1994 Winter Olympics – Men's 10,000 metres",B. d. Jong,"Speed skating at the 2002 Winter Olympics – Men's 10,000 metres"
Speed skating at the 1994 Winter Olympics – Women's 500 metres,F. Schenk,Speed skating at the 1992 Winter Olympics – Women's 500 metres,S. Auch,Speed skating at the 1998 Winter Olympics – Women's 500 metres
Speed skating at the 1994 Winter Olympics – Women's 5000 metres,H. Yamamoto,Speed skating at the 1992 Winter Olympics – Women's 5000 metres,G. Niemann-Stirnemann,Speed skating at the 1998 Winter Olympics – Women's 5000 metres
Speed skating at the 1994 Winter Olympics – Women's 3000 metres,C. Pechstein,Speed skating at the 1992 Winter Olympics – Women's 3000 metres,E. Hunyady,Speed skating at the 1998 Winter Olympics – Women's 3000 metres
Speed skating at the 1994 Winter Olympics – Women's 1500 metres,G. Niemann-Stirnemann,Speed skating at the 1992 Winter Olympics – Women's 1500 metres,S. Fedotkina,Speed skating at the 1998 Winter Olympics – Women's 1500 metres
Speed skating at the 1994 Winter Olympics – Women's 1000 metres,Y. Qiaobo,Speed skating at the 1992 Winter Olympics – Women's 1000 metres,A. Baier-Loef,Speed skating at the 1998 Winter Olympics – Women's 1000 metres
Speed skating at the 1994 Winter Olympics – Men's 500 metres,M. Horii,Speed skating at the 1992 Winter Olympics – Men's 500 metres,S. Klevchenya,Speed skating at the 1998 Winter Olympics – Men's 500 metres
Speed skating at the 1994 Winter Olympics – Men's 5000 metres,R. Ritsma,Speed skating at the 1992 Winter Olympics – Men's 5000 metres,K. Storelid,Speed skating at the 1998 Winter Olympics – Men's 5000 metres
Speed skating at the 1994 Winter Olympics – Men's 1500 metres,F. Zandstra,Speed skating at the 1992 Winter Olympics – Men's 1500 metres,R. Ritsma,Speed skating at the 1998 Winter Olympics – Men's 1500 metres
Speed skating at the 1994 Winter Olympics – Men's 1000 metres,S. Klevchenya,Speed skating at the 1992 Winter Olympics – Men's 1000 metres,I. Zhelezovski,Speed skating at the 1998 Winter Olympics – Men's 1000 metres
"Speed skating at the 1994 Winter Olympics – Men's 10,000 metres",R. Ritsma,"Speed skating at the 1992 Winter Olympics – Men's 10,000 metres",K. Storelid,"Speed skating at the 1998 Winter Olympics – Men's 10,000 metres"
Speed skating at the 1994 Winter Olympics – Women's 500 metres,F. Schenk,Speed skating at the 1992 Winter Olympics – Women's 500 metres,S. Auch,Speed skating at the 1998 Winter Olympics – Women's 500 metres
Speed skating at the 1994 Winter Olympics – Women's 5000 metres,H. Yamamoto,Speed skating at the 1992 Winter Olympics – Women's 5000 metres,G. Niemann-Stirnemann,Speed skating at the 1998 Winter Olympics – Women's 5000 metres
Speed skating at the 1994 Winter Olympics – Women's 3000 metres,C. Pechstein,Speed skating at the 1992 Winter Olympics – Women's 3000 metres,E. Hunyady,Speed skating at the 1998 Winter Olympics – Women's 3000 metres
Speed skating at the 1994 Winter Olympics – Women's 1500 metres,G. Niemann-Stirnemann,Speed skating at the 1992 Winter Olympics – Women's 1500 metres,S. Fedotkina,Speed skating at the 1998 Winter Olympics – Women's 1500 metres
Speed skating at the 1994 Winter Olympics – Women's 1000 metres,Y. Qiaobo,Speed skating at the 1992 Winter Olympics – Women's 1000 metres,A. Baier-Loef,Speed skating at the 1998 Winter Olympics – Women's 1000 metres
Speed skating at the 1994 Winter Olympics – Men's 500 metres,M. Horii,Speed skating at the 1992 Winter Olympics – Men's 500 metres,S. Klevchenya,Speed skating at the 1998 Winter Olympics – Men's 500 metres
Speed skating at the 1994 Winter Olympics – Men's 5000 metres,R. Ritsma,Speed skating at the 1992 Winter Olympics – Men's 5000 metres,K. Storelid,Speed skating at the 1998 Winter Olympics – Men's 5000 metres
Speed skating at the 1994 Winter Olympics – Men's 1500 metres,F. Zandstra,Speed skating at the 1992 Winter Olympics – Men's 1500 metres,R. Ritsma,Speed skating at the 1998 Winter Olympics – Men's 1500 metres
Speed skating at the 1994 Winter Olympics – Men's 1000 metres,S. Klevchenya,Speed skating at the 1992 Winter Olympics – Men's 1000 metres,I. Zhelezovski,Speed skating at the 1998 Winter Olympics – Men's 1000 metres
"Speed skating at the 1994 Winter Olympics – Men's 10,000 metres",R. Ritsma,"Speed skating at the 1992 Winter Olympics – Men's 10,000 metres",K. Storelid,"Speed skating at the 1998 Winter Olympics – Men's 10,000 metres"
Speed skating at the 1992 Winter Olympics – Women's 500 metres,C. Luding-Rothenburger,Speed skating at the 1988 Winter Olympics – Women's 500 metres,Y. Qiaobo,Speed skating at the 1994 Winter Olympics – Women's 500 metres
Speed skating at the 1992 Winter Olympics – Women's 5000 metres,C. Pechstein,Speed skating at the 1988 Winter Olympics – Women's 5000 metres,H. Warnicke,Speed skating at the 1994 Winter Olympics – Women's 5000 metres
Speed skating at the 1992 Winter Olympics – Women's 3000 metres,E. Hunyady,Speed skating at the 1988 Winter Olympics – Women's 3000 metres,H. Warnicke,Speed skating at the 1994 Winter Olympics – Women's 3000 metres
Speed skating at the 1992 Winter Olympics – Women's 1500 metres,S. Hashimoto,Speed skating at the 1988 Winter Olympics – Women's 1500 metres,G. Niemann-Stirnemann,Speed skating at the 1994 Winter Olympics – Women's 1500 metres
Speed skating at the 1992 Winter Olympics – Women's 1000 metres,M. Garbrecht-Enfeldt,Speed skating at the 1988 Winter Olympics – Women's 1000 metres,Y. Qiaobo,Speed skating at the 1994 Winter Olympics – Women's 1000 metres
Speed skating at the 1992 Winter Olympics – Men's 500 metres,J. Inoue,Speed skating at the 1988 Winter Olympics – Men's 500 metres,T. Kuroiwa,Speed skating at the 1994 Winter Olympics – Men's 500 metres
Speed skating at the 1992 Winter Olympics – Men's 5000 metres,L. Visser,Speed skating at the 1988 Winter Olympics – Men's 5000 metres,F. Zandstra,Speed skating at the 1994 Winter Olympics – Men's 5000 metres
Speed skating at the 1992 Winter Olympics – Men's 1500 metres,L. Visser,Speed skating at the 1988 Winter Olympics – Men's 1500 metres,Å. Søndrål,Speed skating at the 1994 Winter Olympics – Men's 1500 metres
Speed skating at the 1992 Winter Olympics – Men's 1000 metres,Y. Miyabe,Speed skating at the 1988 Winter Olympics – Men's 1000 metres,K. Yoon-man,Speed skating at the 1994 Winter Olympics – Men's 1000 metres
"Speed skating at the 1992 Winter Olympics – Men's 10,000 metres",G. Karlstad,"Speed skating at the 1988 Winter Olympics – Men's 10,000 metres",J. O. Koss,"Speed skating at the 1994 Winter Olympics – Men's 10,000 metres"
Speed skating at the 1992 Winter Olympics – Women's 500 metres,C. Luding-Rothenburger,Speed skating at the 1988 Winter Olympics – Women's 500 metres,Y. Qiaobo,Speed skating at the 1994 Winter Olympics – Women's 500 metres
Speed skating at the 1992 Winter Olympics – Women's 5000 metres,C. Pechstein,Speed skating at the 1988 Winter Olympics – Women's 5000 metres,H. Warnicke,Speed skating at the 1994 Winter Olympics – Women's 5000 metres
Speed skating at the 1992 Winter Olympics – Women's 3000 metres,E. Hunyady,Speed skating at the 1988 Winter Olympics – Women's 3000 metres,H. Warnicke,Speed skating at the 1994 Winter Olympics – Women's 3000 metres
Speed skating at the 1992 Winter Olympics – Women's 1500 metres,S. Hashimoto,Speed skating at the 1988 Winter Olympics – Women's 1500 metres,G. Niemann-Stirnemann,Speed skating at the 1994 Winter Olympics – Women's 1500 metres
Speed skating at the 1992 Winter Olympics – Women's 1000 metres,M. Garbrecht-Enfeldt,Speed skating at the 1988 Winter Olympics – Women's 1000 metres,Y. Qiaobo,Speed skating at the 1994 Winter Olympics – Women's 1000 metres
Speed skating at the 1992 Winter Olympics – Men's 500 metres,J. Inoue,Speed skating at the 1988 Winter Olympics – Men's 500 metres,T. Kuroiwa,Speed skating at the 1994 Winter Olympics – Men's 500 metres
Speed skating at the 1992 Winter Olympics – Men's 5000 metres,L. Visser,Speed skating at the 1988 Winter Olympics – Men's 5000 metres,F. Zandstra,Speed skating at the 1994 Winter Olympics – Men's 5000 metres
Speed skating at the 1992 Winter Olympics – Men's 1500 metres,L. Visser,Speed skating at the 1988 Winter Olympics – Men's 1500 metres,Å. Søndrål,Speed skating at the 1994 Winter Olympics – Men's 1500 metres
Speed skating at the 1992 Winter Olympics – Men's 1000 metres,Y. Miyabe,Speed skating at the 1988 Winter Olympics – Men's 1000 metres,K. Yoon-man,Speed skating at the 1994 Winter Olympics – Men's 1000 metres
"Speed skating at the 1992 Winter Olympics – Men's 10,000 metres",G. Karlstad,"Speed skating at the 1988 Winter Olympics – Men's 10,000 metres",J. O. Koss,"Speed skating at the 1994 Winter Olympics – Men's 10,000 metres"
Speed skating at the 1988 Winter Olympics – Women's 500 metres,K. Enke,Speed skating at the 1984 Winter Olympics – Women's 500 metres,C. Luding-Rothenburger,Speed skating at the 1992 Winter Olympics – Women's 500 metres
Speed skating at the 1988 Winter Olympics – Women's 3000 metres,G. Zange,Speed skating at the 1984 Winter Olympics – Women's 3000 metres,A. Ehrig-Mitscherlich,Speed skating at the 1992 Winter Olympics – Women's 3000 metres
Speed skating at the 1988 Winter Olympics – Women's 1500 metres,A. Ehrig-Mitscherlich,Speed skating at the 1984 Winter Olympics – Women's 1500 metres,K. Enke,Speed skating at the 1992 Winter Olympics – Women's 1500 metres
Speed skating at the 1988 Winter Olympics – Women's 1000 metres,B. Blair,Speed skating at the 1984 Winter Olympics – Women's 1000 metres,K. Enke,Speed skating at the 1992 Winter Olympics – Women's 1000 metres
Speed skating at the 1988 Winter Olympics – Men's 500 metres,A. Kuroiwa,Speed skating at the 1984 Winter Olympics – Men's 500 metres,J. Ykema,Speed skating at the 1992 Winter Olympics – Men's 500 metres
Speed skating at the 1988 Winter Olympics – Men's 5000 metres,G. Kemkers,Speed skating at the 1984 Winter Olympics – Men's 5000 metres,L. Visser,Speed skating at the 1992 Winter Olympics – Men's 5000 metres
Speed skating at the 1988 Winter Olympics – Men's 1500 metres,M. Hadschieff,Speed skating at the 1984 Winter Olympics – Men's 1500 metres,E. Flaim,Speed skating at the 1992 Winter Olympics – Men's 1500 metres
Speed skating at the 1988 Winter Olympics – Men's 1000 metres,I. Zhelezovski,Speed skating at the 1984 Winter Olympics – Men's 1000 metres,U. Mey,Speed skating at the 1992 Winter Olympics – Men's 1000 metres
"Speed skating at the 1988 Winter Olympics – Men's 10,000 metres",L. Visser,"Speed skating at the 1984 Winter Olympics – Men's 10,000 metres",M. Hadschieff,"Speed skating at the 1992 Winter Olympics – Men's 10,000 metres"
Speed skating at the 1988 Winter Olympics – Women's 500 metres,K. Enke,Speed skating at the 1984 Winter Olympics – Women's 500 metres,C. Luding-Rothenburger,Speed skating at the 1992 Winter Olympics – Women's 500 metres
Speed skating at the 1988 Winter Olympics – Women's 3000 metres,G. Zange,Speed skating at the 1984 Winter Olympics – Women's 3000 metres,A. Ehrig-Mitscherlich,Speed skating at the 1992 Winter Olympics – Women's 3000 metres
Speed skating at the 1988 Winter Olympics – Women's 1500 metres,A. Ehrig-Mitscherlich,Speed skating at the 1984 Winter Olympics – Women's 1500 metres,K. Enke,Speed skating at the 1992 Winter Olympics – Women's 1500 metres
Speed skating at the 1988 Winter Olympics – Women's 1000 metres,B. Blair,Speed skating at the 1984 Winter Olympics – Women's 1000 metres,K. Enke,Speed skating at the 1992 Winter Olympics – Women's 1000 metres
Speed skating at the 1988 Winter Olympics – Men's 500 metres,A. Kuroiwa,Speed skating at the 1984 Winter Olympics – Men's 500 metres,J. Ykema,Speed skating at the 1992 Winter Olympics – Men's 500 metres
Speed skating at the 1988 Winter Olympics – Men's 5000 metres,G. Kemkers,Speed skating at the 1984 Winter Olympics – Men's 5000 metres,L. Visser,Speed skating at the 1992 Winter Olympics – Men's 5000 metres
Speed skating at the 1988 Winter Olympics – Men's 1500 metres,M. Hadschieff,Speed skating at the 1984 Winter Olympics – Men's 1500 metres,E. Flaim,Speed skating at the 1992 Winter Olympics – Men's 1500 metres
Speed skating at the 1988 Winter Olympics – Men's 1000 metres,I. Zhelezovski,Speed skating at the 1984 Winter Olympics – Men's 1000 metres,U. Mey,Speed skating at the 1992 Winter Olympics – Men's 1000 metres
"Speed skating at the 1988 Winter Olympics – Men's 10,000 metres",L. Visser,"Speed skating at the 1984 Winter Olympics – Men's 10,000 metres",M. Hadschieff,"Speed skating at the 1992 Winter Olympics – Men's 10,000 metres"
Speed skating at the 1984 Winter Olympics – Women's 500 metres,N. Glebova,Speed skating at the 1980 Winter Olympics – Women's 500 metres,K. Enke,Speed skating at the 1988 Winter Olympics – Women's 500 metres
Speed skating at the 1984 Winter Olympics – Women's 3000 metres,G. Zange,Speed skating at the 1980 Winter Olympics – Women's 3000 metres,K. Enke,Speed skating at the 1988 Winter Olympics – Women's 3000 metres
Speed skating at the 1984 Winter Olympics – Women's 1500 metres,N. Petrusyova,Speed skating at the 1980 Winter Olympics – Women's 1500 metres,A. Ehrig-Mitscherlich,Speed skating at the 1988 Winter Olympics – Women's 1500 metres
Speed skating at the 1984 Winter Olympics – Women's 1000 metres,N. Petrusyova,Speed skating at the 1980 Winter Olympics – Women's 1000 metres,A. Ehrig-Mitscherlich,Speed skating at the 1988 Winter Olympics – Women's 1000 metres
Speed skating at the 1984 Winter Olympics – Men's 500 metres,G. Boucher,Speed skating at the 1980 Winter Olympics – Men's 500 metres,Y. Kitazawa,Speed skating at the 1988 Winter Olympics – Men's 500 metres
Speed skating at the 1984 Winter Olympics – Men's 5000 metres,R. Schöfisch,Speed skating at the 1980 Winter Olympics – Men's 5000 metres,I. Malkov,Speed skating at the 1988 Winter Olympics – Men's 5000 metres
Speed skating at the 1984 Winter Olympics – Men's 1500 metres,O. Bozhev,Speed skating at the 1980 Winter Olympics – Men's 1500 metres,S. Khlebnikov,Speed skating at the 1988 Winter Olympics – Men's 1500 metres
Speed skating at the 1984 Winter Olympics – Men's 1000 metres,K. A. Engelstad,Speed skating at the 1980 Winter Olympics – Men's 1000 metres,S. Khlebnikov,Speed skating at the 1988 Winter Olympics – Men's 1000 metres
"Speed skating at the 1984 Winter Olympics – Men's 10,000 metres",R. Schöfisch,"Speed skating at the 1980 Winter Olympics – Men's 10,000 metres",T. Gustafson,"Speed skating at the 1988 Winter Olympics – Men's 10,000 metres"
Speed skating at the 1984 Winter Olympics – Women's 500 metres,N. Glebova,Speed skating at the 1980 Winter Olympics – Women's 500 metres,K. Enke,Speed skating at the 1988 Winter Olympics – Women's 500 metres
Speed skating at the 1984 Winter Olympics – Women's 3000 metres,G. Zange,Speed skating at the 1980 Winter Olympics – Women's 3000 metres,K. Enke,Speed skating at the 1988 Winter Olympics – Women's 3000 metres
Speed skating at the 1984 Winter Olympics – Women's 1500 metres,N. Petrusyova,Speed skating at the 1980 Winter Olympics – Women's 1500 metres,A. Ehrig-Mitscherlich,Speed skating at the 1988 Winter Olympics – Women's 1500 metres
Speed skating at the 1984 Winter Olympics – Women's 1000 metres,N. Petrusyova,Speed skating at the 1980 Winter Olympics – Women's 1000 metres,A. Ehrig-Mitscherlich,Speed skating at the 1988 Winter Olympics – Women's 1000 metres
Speed skating at the 1984 Winter Olympics – Men's 500 metres,G. Boucher,Speed skating at the 1980 Winter Olympics – Men's 500 metres,Y. Kitazawa,Speed skating at the 1988 Winter Olympics – Men's 500 metres
Speed skating at the 1984 Winter Olympics – Men's 5000 metres,R. Schöfisch,Speed skating at the 1980 Winter Olympics – Men's 5000 metres,I. Malkov,Speed skating at the 1988 Winter Olympics – Men's 5000 metres
Speed skating at the 1984 Winter Olympics – Men's 1500 metres,O. Bozhev,Speed skating at the 1980 Winter Olympics – Men's 1500 metres,S. Khlebnikov,Speed skating at the 1988 Winter Olympics – Men's 1500 metres
Speed skating at the 1984 Winter Olympics – Men's 1000 metres,K. A. Engelstad,Speed skating at the 1980 Winter Olympics – Men's 1000 metres,S. Khlebnikov,Speed skating at the 1988 Winter Olympics – Men's 1000 metres
"Speed skating at the 1984 Winter Olympics – Men's 10,000 metres",R. Schöfisch,"Speed skating at the 1980 Winter Olympics – Men's 10,000 metres",T. Gustafson,"Speed skating at the 1988 Winter Olympics – Men's 10,000 metres"
Speed skating at the 1980 Winter Olympics – Women's 500 metres,N. Petrusyova,Speed skating at the 1976 Winter Olympics – Women's 500 metres,L. Poulos-Mueller,Speed skating at the 1984 Winter Olympics – Women's 500 metres
Speed skating at the 1980 Winter Olympics – Women's 3000 metres,B. Heiden,Speed skating at the 1976 Winter Olympics – Women's 3000 metres,S. Becker,Speed skating at the 1984 Winter Olympics – Women's 3000 metres
Speed skating at the 1980 Winter Olympics – Women's 1500 metres,S. Becker,Speed skating at the 1976 Winter Olympics – Women's 1500 metres,R. Visser,Speed skating at the 1984 Winter Olympics – Women's 1500 metres
Speed skating at the 1980 Winter Olympics – Women's 1000 metres,S. Albrecht,Speed skating at the 1976 Winter Olympics – Women's 1000 metres,L. Poulos-Mueller,Speed skating at the 1984 Winter Olympics – Women's 1000 metres
Speed skating at the 1980 Winter Olympics – Men's 500 metres,L. d. Boer,Speed skating at the 1976 Winter Olympics – Men's 500 metres,Y. Kulikov,Speed skating at the 1984 Winter Olympics – Men's 500 metres
Speed skating at the 1980 Winter Olympics – Men's 5000 metres,T. E. Oxholm,Speed skating at the 1976 Winter Olympics – Men's 5000 metres,K. Stenshjemmet,Speed skating at the 1984 Winter Olympics – Men's 5000 metres
Speed skating at the 1980 Winter Olympics – Men's 1500 metres,T. Andersen,Speed skating at the 1976 Winter Olympics – Men's 1500 metres,K. A. Stenshjemmet,Speed skating at the 1984 Winter Olympics – Men's 1500 metres
Speed skating at the 1980 Winter Olympics – Men's 1000 metres,V. Lobanov,Speed skating at the 1976 Winter Olympics – Men's 1000 metres,G. Boucher,Speed skating at the 1984 Winter Olympics – Men's 1000 metres
"Speed skating at the 1980 Winter Olympics – Men's 10,000 metres",T. E. Oxholm,"Speed skating at the 1976 Winter Olympics – Men's 10,000 metres",P. Kleine,"Speed skating at the 1984 Winter Olympics – Men's 10,000 metres"
Speed skating at the 1980 Winter Olympics – Women's 500 metres,N. Petrusyova,Speed skating at the 1976 Winter Olympics – Women's 500 metres,L. Poulos-Mueller,Speed skating at the 1984 Winter Olympics – Women's 500 metres
Speed skating at the 1980 Winter Olympics – Women's 3000 metres,B. Heiden,Speed skating at the 1976 Winter Olympics – Women's 3000 metres,S. Becker,Speed skating at the 1984 Winter Olympics – Women's 3000 metres
Speed skating at the 1980 Winter Olympics – Women's 1500 metres,S. Becker,Speed skating at the 1976 Winter Olympics – Women's 1500 metres,R. Visser,Speed skating at the 1984 Winter Olympics – Women's 1500 metres
Speed skating at the 1980 Winter Olympics – Women's 1000 metres,S. Albrecht,Speed skating at the 1976 Winter Olympics – Women's 1000 metres,L. Poulos-Mueller,Speed skating at the 1984 Winter Olympics – Women's 1000 metres
Speed skating at the 1980 Winter Olympics – Men's 500 metres,L. d. Boer,Speed skating at the 1976 Winter Olympics – Men's 500 metres,Y. Kulikov,Speed skating at the 1984 Winter Olympics – Men's 500 metres
Speed skating at the 1980 Winter Olympics – Men's 5000 metres,T. E. Oxholm,Speed skating at the 1976 Winter Olympics – Men's 5000 metres,K. Stenshjemmet,Speed skating at the 1984 Winter Olympics – Men's 5000 metres
Speed skating at the 1980 Winter Olympics – Men's 1500 metres,T. Andersen,Speed skating at the 1976 Winter Olympics – Men's 1500 metres,K. A. Stenshjemmet,Speed skating at the 1984 Winter Olympics – Men's 1500 metres
Speed skating at the 1980 Winter Olympics – Men's 1000 metres,V. Lobanov,Speed skating at the 1976 Winter Olympics – Men's 1000 metres,G. Boucher,Speed skating at the 1984 Winter Olympics – Men's 1000 metres
"Speed skating at the 1980 Winter Olympics – Men's 10,000 metres",T. E. Oxholm,"Speed skating at the 1976 Winter Olympics – Men's 10,000 metres",P. Kleine,"Speed skating at the 1984 Winter Olympics – Men's 10,000 metres"
Speed skating at the 1976 Winter Olympics – Women's 500 metres,T. Averina,Speed skating at the 1972 Winter Olympics – Women's 500 metres,C. Priestner,Speed skating at the 1980 Winter Olympics – Women's 500 metres
Speed skating at the 1976 Winter Olympics – Women's 3000 metres,L. Korsmo-Berg,Speed skating at the 1972 Winter Olympics – Women's 3000 metres,A. Ehrig-Mitscherlich,Speed skating at the 1980 Winter Olympics – Women's 3000 metres
Speed skating at the 1976 Winter Olympics – Women's 1500 metres,T. Averina,Speed skating at the 1972 Winter Olympics – Women's 1500 metres,S. Young,Speed skating at the 1980 Winter Olympics – Women's 1500 metres
Speed skating at the 1976 Winter Olympics – Women's 1000 metres,S. Young,Speed skating at the 1972 Winter Olympics – Women's 1000 metres,L. Poulos-Mueller,Speed skating at the 1980 Winter Olympics – Women's 1000 metres
Speed skating at the 1976 Winter Olympics – Men's 500 metres,D. Immerfall,Speed skating at the 1972 Winter Olympics – Men's 500 metres,V. Muratov,Speed skating at the 1980 Winter Olympics – Men's 500 metres
Speed skating at the 1976 Winter Olympics – Men's 5000 metres,H. v. Helden,Speed skating at the 1972 Winter Olympics – Men's 5000 metres,P. Kleine,Speed skating at the 1980 Winter Olympics – Men's 5000 metres
Speed skating at the 1976 Winter Olympics – Men's 1500 metres,H. v. Helden,Speed skating at the 1972 Winter Olympics – Men's 1500 metres,Y. Kondakov,Speed skating at the 1980 Winter Olympics – Men's 1500 metres
"Speed skating at the 1976 Winter Olympics – Men's 10,000 metres",H. v. Helden,"Speed skating at the 1972 Winter Olympics – Men's 10,000 metres",S. Stensen,"Speed skating at the 1980 Winter Olympics – Men's 10,000 metres"
Speed skating at the 1976 Winter Olympics – Women's 500 metres,T. Averina,Speed skating at the 1972 Winter Olympics – Women's 500 metres,C. Priestner,Speed skating at the 1980 Winter Olympics – Women's 500 metres
Speed skating at the 1976 Winter Olympics – Women's 3000 metres,L. Korsmo-Berg,Speed skating at the 1972 Winter Olympics – Women's 3000 metres,A. Ehrig-Mitscherlich,Speed skating at the 1980 Winter Olympics – Women's 3000 metres
Speed skating at the 1976 Winter Olympics – Women's 1500 metres,T. Averina,Speed skating at the 1972 Winter Olympics – Women's 1500 metres,S. Young,Speed skating at the 1980 Winter Olympics – Women's 1500 metres
Speed skating at the 1976 Winter Olympics – Women's 1000 metres,S. Young,Speed skating at the 1972 Winter Olympics – Women's 1000 metres,L. Poulos-Mueller,Speed skating at the 1980 Winter Olympics – Women's 1000 metres
Speed skating at the 1976 Winter Olympics – Men's 500 metres,D. Immerfall,Speed skating at the 1972 Winter Olympics – Men's 500 metres,V. Muratov,Speed skating at the 1980 Winter Olympics – Men's 500 metres
Speed skating at the 1976 Winter Olympics – Men's 5000 metres,H. v. Helden,Speed skating at the 1972 Winter Olympics – Men's 5000 metres,P. Kleine,Speed skating at the 1980 Winter Olympics – Men's 5000 metres
Speed skating at the 1976 Winter Olympics – Men's 1500 metres,H. v. Helden,Speed skating at the 1972 Winter Olympics – Men's 1500 metres,Y. Kondakov,Speed skating at the 1980 Winter Olympics – Men's 1500 metres
"Speed skating at the 1976 Winter Olympics – Men's 10,000 metres",H. v. Helden,"Speed skating at the 1972 Winter Olympics – Men's 10,000 metres",S. Stensen,"Speed skating at the 1980 Winter Olympics – Men's 10,000 metres"
Speed skating at the 1972 Winter Olympics – Women's 500 metres,L. Titova,Speed skating at the 1968 Winter Olympics – Women's 500 metres,V. Krasnova,Speed skating at the 1976 Winter Olympics – Women's 500 metres
Speed skating at the 1972 Winter Olympics – Women's 3000 metres,A. Keulen-Deelstra,Speed skating at the 1968 Winter Olympics – Women's 3000 metres,D. Holum,Speed skating at the 1976 Winter Olympics – Women's 3000 metres
Speed skating at the 1972 Winter Olympics – Women's 1500 metres,A. Keulen-Deelstra,Speed skating at the 1968 Winter Olympics – Women's 1500 metres,S. Kaiser,Speed skating at the 1976 Winter Olympics – Women's 1500 metres
Speed skating at the 1972 Winter Olympics – Women's 1000 metres,A. Henning,Speed skating at the 1968 Winter Olympics – Women's 1000 metres,A. Keulen-Deelstra,Speed skating at the 1976 Winter Olympics – Women's 1000 metres
Speed skating at the 1972 Winter Olympics – Men's 500 metres,V. Muratov,Speed skating at the 1968 Winter Olympics – Men's 500 metres,H. Börjes,Speed skating at the 1976 Winter Olympics – Men's 500 metres
Speed skating at the 1972 Winter Olympics – Men's 5000 metres,S. Stensen,Speed skating at the 1968 Winter Olympics – Men's 5000 metres,R. Grønvold,Speed skating at the 1976 Winter Olympics – Men's 5000 metres
Speed skating at the 1972 Winter Olympics – Men's 1500 metres,G. Claeson,Speed skating at the 1968 Winter Olympics – Men's 1500 metres,R. Grønvold,Speed skating at the 1976 Winter Olympics – Men's 1500 metres
"Speed skating at the 1972 Winter Olympics – Men's 10,000 metres",S. Stensen,"Speed skating at the 1968 Winter Olympics – Men's 10,000 metres",K. Verkerk,"Speed skating at the 1976 Winter Olympics – Men's 10,000 metres"
Speed skating at the 1972 Winter Olympics – Women's 500 metres,L. Titova,Speed skating at the 1968 Winter Olympics – Women's 500 metres,V. Krasnova,Speed skating at the 1976 Winter Olympics – Women's 500 metres
Speed skating at the 1972 Winter Olympics – Women's 3000 metres,A. Keulen-Deelstra,Speed skating at the 1968 Winter Olympics – Women's 3000 metres,D. Holum,Speed skating at the 1976 Winter Olympics – Women's 3000 metres
Speed skating at the 1972 Winter Olympics – Women's 1500 metres,A. Keulen-Deelstra,Speed skating at the 1968 Winter Olympics – Women's 1500 metres,S. Kaiser,Speed skating at the 1976 Winter Olympics – Women's 1500 metres
Speed skating at the 1972 Winter Olympics – Women's 1000 metres,A. Henning,Speed skating at the 1968 Winter Olympics – Women's 1000 metres,A. Keulen-Deelstra,Speed skating at the 1976 Winter Olympics – Women's 1000 metres
Speed skating at the 1972 Winter Olympics – Men's 500 metres,V. Muratov,Speed skating at the 1968 Winter Olympics – Men's 500 metres,H. Börjes,Speed skating at the 1976 Winter Olympics – Men's 500 metres
Speed skating at the 1972 Winter Olympics – Men's 5000 metres,S. Stensen,Speed skating at the 1968 Winter Olympics – Men's 5000 metres,R. Grønvold,Speed skating at the 1976 Winter Olympics – Men's 5000 metres
Speed skating at the 1972 Winter Olympics – Men's 1500 metres,G. Claeson,Speed skating at the 1968 Winter Olympics – Men's 1500 metres,R. Grønvold,Speed skating at the 1976 Winter Olympics – Men's 1500 metres
"Speed skating at the 1972 Winter Olympics – Men's 10,000 metres",S. Stensen,"Speed skating at the 1968 Winter Olympics – Men's 10,000 metres",K. Verkerk,"Speed skating at the 1976 Winter Olympics – Men's 10,000 metres"
Speed skating at the 1968 Winter Olympics – Women's 3000 metres,S. Kaiser,Speed skating at the 1964 Winter Olympics – Women's 3000 metres,K. Mustonen,Speed skating at the 1972 Winter Olympics – Women's 3000 metres
Speed skating at the 1968 Winter Olympics – Women's 1500 metres,S. Kaiser,Speed skating at the 1964 Winter Olympics – Women's 1500 metres,C. Geijssen,Speed skating at the 1972 Winter Olympics – Women's 1500 metres
Speed skating at the 1968 Winter Olympics – Women's 1000 metres,D. Holum,Speed skating at the 1964 Winter Olympics – Women's 1000 metres,L. Titova,Speed skating at the 1972 Winter Olympics – Women's 1000 metres
Speed skating at the 1968 Winter Olympics – Men's 5000 metres,P. Nottet,Speed skating at the 1964 Winter Olympics – Men's 5000 metres,K. Verkerk,Speed skating at the 1972 Winter Olympics – Men's 5000 metres
