col0,col1,col2,col3,col4
Ski jumping at the 1976 Winter Olympics – Normal hill individual,K. Schnabl,Ski jumping at the 1972 Winter Olympics – Normal hill individual,J. Danneberg,Ski jumping at the 1980 Winter Olympics – Normal hill individual
Ski jumping at the 1976 Winter Olympics – Large hill individual,H. Glaß,Ski jumping at the 1972 Winter Olympics – Large hill individual,T. Innauer,Ski jumping at the 1980 Winter Olympics – Large hill individual
Ski jumping at the 1976 Winter Olympics – Normal hill individual,K. Schnabl,Ski jumping at the 1972 Winter Olympics – Normal hill individual,J. Danneberg,Ski jumping at the 1980 Winter Olympics – Normal hill individual
Ski jumping at the 1976 Winter Olympics – Large hill individual,H. Glaß,Ski jumping at the 1972 Winter Olympics – Large hill individual,T. Innauer,Ski jumping at the 1980 Winter Olympics – Large hill individual
Ski jumping at the 1972 Winter Olympics – Normal hill individual,S. Aochi,Ski jumping at the 1968 Winter Olympics – Normal hill individual,A. Konno,Ski jumping at the 1976 Winter Olympics – Normal hill individual
Ski jumping at the 1972 Winter Olympics – Large hill individual,R. Schmidt,Ski jumping at the 1968 Winter Olympics – Large hill individual,W. Steiner,Ski jumping at the 1976 Winter Olympics – Large hill individual
Ski jumping at the 1972 Winter Olympics – Normal hill individual,S. Aochi,Ski jumping at the 1968 Winter Olympics – Normal hill individual,A. Konno,Ski jumping at the 1976 Winter Olympics – Normal hill individual
Ski jumping at the 1972 Winter Olympics – Large hill individual,R. Schmidt,Ski jumping at the 1968 Winter Olympics – Large hill individual,W. Steiner,Ski jumping at the 1976 Winter Olympics – Large hill individual
Ski jumping at the 1968 Winter Olympics – Normal hill individual,B. Preiml,Ski jumping at the 1964 Winter Olympics – Normal hill individual,R. Bachler,Ski jumping at the 1972 Winter Olympics – Normal hill individual
Ski jumping at the 1968 Winter Olympics – Large hill individual,L. Grini,Ski jumping at the 1964 Winter Olympics – Large hill individual,J. Raška,Ski jumping at the 1972 Winter Olympics – Large hill individual
Ski jumping at the 1968 Winter Olympics – Normal hill individual,B. Preiml,Ski jumping at the 1964 Winter Olympics – Normal hill individual,R. Bachler,Ski jumping at the 1972 Winter Olympics – Normal hill individual
Ski jumping at the 1968 Winter Olympics – Large hill individual,L. Grini,Ski jumping at the 1964 Winter Olympics – Large hill individual,J. Raška,Ski jumping at the 1972 Winter Olympics – Large hill individual
Ski jumping at the 1964 Winter Olympics – Normal hill individual,T. Brandtzæg,Ski jumping at the 1960 Winter Olympics,T. Engan,Ski jumping at the 1968 Winter Olympics – Normal hill individual
Ski jumping at the 1960 Winter Olympics,O. Leodolter,Ski jumping at the 1956 Winter Olympics,N. Halonen,Ski jumping at the 1964 Winter Olympics
Ski jumping at the 1956 Winter Olympics,H. Glaß,Ski jumping at the 1952 Winter Olympics,A. Kallakorpi,Ski jumping at the 1960 Winter Olympics
Ski jumping at the 1952 Winter Olympics,K. Holmström,Ski jumping at the 1948 Winter Olympics,T. Falkanger,Ski jumping at the 1956 Winter Olympics
Ski jumping at the 1948 Winter Olympics,T. Schjelderup,Ski jumping at the 1936 Winter Olympics,B. Ruud,Ski jumping at the 1952 Winter Olympics
Ski jumping at the 1936 Winter Olympics,R. Andersen,Ski jumping at the 1932 Winter Olympics,S. Selånger,Ski jumping at the 1948 Winter Olympics
Ski jumping at the 1932 Winter Olympics,K. Walberg,Ski jumping at the 1928 Winter Olympics,H. Beck,Ski jumping at the 1936 Winter Olympics
Ski jumping at the 1928 Winter Olympics,R. Burkert,Ski jumping at the 1924 Winter Olympics,S. Ruud,Ski jumping at the 1932 Winter Olympics
Skeleton at the 2010 Winter Olympics – Women's,A. Huber,Skeleton at the 2006 Winter Olympics – Women's,K. Szymkowiak,Skeleton at the 2014 Winter Olympics – Women's
Skeleton at the 2010 Winter Olympics – Men's,A. Tretyakov,Skeleton at the 2006 Winter Olympics – Men's,M. Dukurs,Skeleton at the 2014 Winter Olympics – Men's
Skeleton at the 2010 Winter Olympics – Women's,A. Huber,Skeleton at the 2006 Winter Olympics – Women's,K. Szymkowiak,Skeleton at the 2014 Winter Olympics – Women's
Skeleton at the 2010 Winter Olympics – Men's,A. Tretyakov,Skeleton at the 2006 Winter Olympics – Men's,M. Dukurs,Skeleton at the 2014 Winter Olympics – Men's
Skeleton at the 2006 Winter Olympics – Women's,M. Hollingsworth,Skeleton at the 2002 Winter Olympics – Women's,S. Rudman,Skeleton at the 2010 Winter Olympics – Women's
Skeleton at the 2006 Winter Olympics – Men's,G. Stähli,Skeleton at the 2002 Winter Olympics – Men's,J. Pain,Skeleton at the 2010 Winter Olympics – Men's
Skeleton at the 2006 Winter Olympics – Women's,M. Hollingsworth,Skeleton at the 2002 Winter Olympics – Women's,S. Rudman,Skeleton at the 2010 Winter Olympics – Women's
Skeleton at the 2006 Winter Olympics – Men's,G. Stähli,Skeleton at the 2002 Winter Olympics – Men's,J. Pain,Skeleton at the 2010 Winter Olympics – Men's
Skeleton at the 2006 Winter Olympics,G. Stähli,Skeleton at the 2002 Winter Olympics,S. Rudman,Skeleton at the 2010 Winter Olympics
Skeleton at the 2002 Winter Olympics – Men's,G. Stähli,Skeleton at the 1948 Winter Olympics,M. Rettl,Skeleton at the 2006 Winter Olympics – Men's
Skeleton at the 2002 Winter Olympics,G. Stähli,Skeleton at the 1948 Winter Olympics,L. A. Parsley,Skeleton at the 2006 Winter Olympics
Skeleton at the 1948 Winter Olympics,J. Crammond,Skeleton at the 1928 Winter Olympics,J. Heaton,Skeleton at the 2002 Winter Olympics
Short track speed skating at the 2010 Winter Olympics – Women's 500 metres,A. Fontana,Short track speed skating at the 2006 Winter Olympics – Women's 500 metres,M. St-Gelais,Short track speed skating at the 2014 Winter Olympics – Women's 500 metres
Short track speed skating at the 2010 Winter Olympics – Women's 3000 metre relay,K. Reutter,Short track speed skating at the 2006 Winter Olympics – Women's 3000 metre relay,M. St-Gelais,Short track speed skating at the 2014 Winter Olympics – Women's 3000 metre relay
Short track speed skating at the 2010 Winter Olympics – Women's 1500 metres,P. Seung-hi,Short track speed skating at the 2006 Winter Olympics – Women's 1500 metres,L. Eun-byul,Short track speed skating at the 2014 Winter Olympics – Women's 1500 metres
Short track speed skating at the 2010 Winter Olympics – Women's 1000 metres,P. Seung-hi,Short track speed skating at the 2006 Winter Olympics – Women's 1000 metres,K. Reutter,Short track speed skating at the 2014 Winter Olympics – Women's 1000 metres
Short track speed skating at the 2010 Winter Olympics – Men's 500 metres,F. Tremblay,Short track speed skating at the 2006 Winter Olympics – Men's 500 metres,S. Si-bak,Short track speed skating at the 2014 Winter Olympics – Men's 500 metres
Short track speed skating at the 2010 Winter Olympics – Men's 5000 metre relay,A. Ohno,Short track speed skating at the 2006 Winter Olympics – Men's 5000 metre relay,L. Ho-suk,Short track speed skating at the 2014 Winter Olympics – Men's 5000 metre relay
Short track speed skating at the 2010 Winter Olympics – Men's 1500 metres,J. R. Celski,Short track speed skating at the 2006 Winter Olympics – Men's 1500 metres,A. A. Ohno,Short track speed skating at the 2014 Winter Olympics – Men's 1500 metres
Short track speed skating at the 2010 Winter Olympics – Men's 1000 metres,A. A. Ohno,Short track speed skating at the 2006 Winter Olympics – Men's 1000 metres,L. Ho-suk,Short track speed skating at the 2014 Winter Olympics – Men's 1000 metres
Short track speed skating at the 2010 Winter Olympics – Women's 500 metres,A. Fontana,Short track speed skating at the 2006 Winter Olympics – Women's 500 metres,M. St-Gelais,Short track speed skating at the 2014 Winter Olympics – Women's 500 metres
Short track speed skating at the 2010 Winter Olympics – Women's 3000 metre relay,K. Derrick,Short track speed skating at the 2006 Winter Olympics – Women's 3000 metre relay,M. St-Gelais,Short track speed skating at the 2014 Winter Olympics – Women's 3000 metre relay
Short track speed skating at the 2010 Winter Olympics – Women's 1500 metres,P. Seung-hi,Short track speed skating at the 2006 Winter Olympics – Women's 1500 metres,L. Eun-byul,Short track speed skating at the 2014 Winter Olympics – Women's 1500 metres
Short track speed skating at the 2010 Winter Olympics – Women's 1000 metres,P. Seung-hi,Short track speed skating at the 2006 Winter Olympics – Women's 1000 metres,K. Reutter,Short track speed skating at the 2014 Winter Olympics – Women's 1000 metres
Short track speed skating at the 2010 Winter Olympics – Men's 500 metres,F. Tremblay,Short track speed skating at the 2006 Winter Olympics – Men's 500 metres,S. Si-bak,Short track speed skating at the 2014 Winter Olympics – Men's 500 metres
Short track speed skating at the 2010 Winter Olympics – Men's 5000 metre relay,A. Ohno,Short track speed skating at the 2006 Winter Olympics – Men's 5000 metre relay,L. Ho-suk,Short track speed skating at the 2014 Winter Olympics – Men's 5000 metre relay
Short track speed skating at the 2010 Winter Olympics – Men's 1500 metres,J. R. Celski,Short track speed skating at the 2006 Winter Olympics – Men's 1500 metres,A. A. Ohno,Short track speed skating at the 2014 Winter Olympics – Men's 1500 metres
Short track speed skating at the 2010 Winter Olympics – Men's 1000 metres,A. A. Ohno,Short track speed skating at the 2006 Winter Olympics – Men's 1000 metres,L. Ho-suk,Short track speed skating at the 2014 Winter Olympics – Men's 1000 metres
Short track speed skating at the 2006 Winter Olympics – Women's 500 metres,A. Leblanc-Boucher,Short track speed skating at the 2002 Winter Olympics – Women's 500 metres,E. Radanova,Short track speed skating at the 2010 Winter Olympics – Women's 500 metres
Short track speed skating at the 2006 Winter Olympics – Women's 3000 metre relay,A. Fontana,Short track speed skating at the 2002 Winter Olympics – Women's 3000 metre relay,A. Leblanc-Boucher,Short track speed skating at the 2010 Winter Olympics – Women's 3000 metre relay
Short track speed skating at the 2006 Winter Olympics – Women's 1500 metres,W. Meng,Short track speed skating at the 2002 Winter Olympics – Women's 1500 metres,C. Eun-kyung,Short track speed skating at the 2010 Winter Olympics – Women's 1500 metres
Short track speed skating at the 2006 Winter Olympics – Women's 1000 metres,Y. Yang,Short track speed skating at the 2002 Winter Olympics – Women's 1000 metres,W. Meng,Short track speed skating at the 2010 Winter Olympics – Women's 1000 metres
Short track speed skating at the 2006 Winter Olympics – Men's 500 metres,A. Hyun-soo,Short track speed skating at the 2002 Winter Olympics – Men's 500 metres,F. Tremblay,Short track speed skating at the 2010 Winter Olympics – Men's 500 metres
