col0,col1,col2,col3,col4
Short track speed skating at the 2006 Winter Olympics – Men's 5000 metre relay,A. Lobello,Short track speed skating at the 2002 Winter Olympics – Men's 5000 metre relay,J. Guilmette,Short track speed skating at the 2010 Winter Olympics – Men's 5000 metre relay
Short track speed skating at the 2006 Winter Olympics – Men's 1500 metres,L. Jiajun,Short track speed skating at the 2002 Winter Olympics – Men's 1500 metres,L. Ho-suk,Short track speed skating at the 2010 Winter Olympics – Men's 1500 metres
Short track speed skating at the 2006 Winter Olympics – Men's 1000 metres,A. A. Ohno,Short track speed skating at the 2002 Winter Olympics – Men's 1000 metres,L. Ho-suk,Short track speed skating at the 2010 Winter Olympics – Men's 1000 metres
Short track speed skating at the 2006 Winter Olympics – Women's 500 metres,A. Leblanc-Boucher,Short track speed skating at the 2002 Winter Olympics – Women's 500 metres,E. Radanova,Short track speed skating at the 2010 Winter Olympics – Women's 500 metres
Short track speed skating at the 2006 Winter Olympics – Women's 3000 metre relay,A. Fontana,Short track speed skating at the 2002 Winter Olympics – Women's 3000 metre relay,A. Leblanc-Boucher,Short track speed skating at the 2010 Winter Olympics – Women's 3000 metre relay
Short track speed skating at the 2006 Winter Olympics – Women's 1500 metres,W. Meng,Short track speed skating at the 2002 Winter Olympics – Women's 1500 metres,C. Eun-kyung,Short track speed skating at the 2010 Winter Olympics – Women's 1500 metres
Short track speed skating at the 2006 Winter Olympics – Women's 1000 metres,Y. Yang,Short track speed skating at the 2002 Winter Olympics – Women's 1000 metres,W. Meng,Short track speed skating at the 2010 Winter Olympics – Women's 1000 metres
Short track speed skating at the 2006 Winter Olympics – Men's 500 metres,A. Hyun-soo,Short track speed skating at the 2002 Winter Olympics – Men's 500 metres,F. Tremblay,Short track speed skating at the 2010 Winter Olympics – Men's 500 metres
Short track speed skating at the 2006 Winter Olympics – Men's 5000 metre relay,J. Kepka,Short track speed skating at the 2002 Winter Olympics – Men's 5000 metre relay,É. Bédard,Short track speed skating at the 2010 Winter Olympics – Men's 5000 metre relay
Short track speed skating at the 2006 Winter Olympics – Men's 1500 metres,L. Jiajun,Short track speed skating at the 2002 Winter Olympics – Men's 1500 metres,L. Ho-suk,Short track speed skating at the 2010 Winter Olympics – Men's 1500 metres
Short track speed skating at the 2006 Winter Olympics – Men's 1000 metres,A. A. Ohno,Short track speed skating at the 2002 Winter Olympics – Men's 1000 metres,L. Ho-suk,Short track speed skating at the 2010 Winter Olympics – Men's 1000 metres
Short track speed skating at the 2002 Winter Olympics – Women's 500 metres,W. Chunlu,Short track speed skating at the 1998 Winter Olympics – Women's 500 metres,E. Radanova,Short track speed skating at the 2006 Winter Olympics – Women's 500 metres
Short track speed skating at the 2002 Winter Olympics – Women's 3000 metre relay,M. Drolet,Short track speed skating at the 1998 Winter Olympics – Women's 3000 metre relay,S. Dandan,Short track speed skating at the 2006 Winter Olympics – Women's 3000 metre relay
Short track speed skating at the 2002 Winter Olympics – Women's 1000 metres,Y. Yang,Short track speed skating at the 1998 Winter Olympics – Women's 1000 metres,K. Gi-hyun,Short track speed skating at the 2006 Winter Olympics – Women's 1000 metres
Short track speed skating at the 2002 Winter Olympics – Men's 500 metres,R. Smith,Short track speed skating at the 1998 Winter Olympics – Men's 500 metres,J. Guilmette,Short track speed skating at the 2006 Winter Olympics – Men's 500 metres
Short track speed skating at the 2002 Winter Olympics – Men's 5000 metre relay,A. Yulong,Short track speed skating at the 1998 Winter Olympics – Men's 5000 metre relay,F. Carta,Short track speed skating at the 2006 Winter Olympics – Men's 5000 metre relay
Short track speed skating at the 2002 Winter Olympics – Men's 1000 metres,M. Turcotte,Short track speed skating at the 1998 Winter Olympics – Men's 1000 metres,A. A. Ohno,Short track speed skating at the 2006 Winter Olympics – Men's 1000 metres
Short track speed skating at the 2002 Winter Olympics – Women's 500 metres,W. Chunlu,Short track speed skating at the 1998 Winter Olympics – Women's 500 metres,E. Radanova,Short track speed skating at the 2006 Winter Olympics – Women's 500 metres
Short track speed skating at the 2002 Winter Olympics – Women's 3000 metre relay,M. Drolet,Short track speed skating at the 1998 Winter Olympics – Women's 3000 metre relay,Y. Yang,Short track speed skating at the 2006 Winter Olympics – Women's 3000 metre relay
Short track speed skating at the 2002 Winter Olympics – Women's 1000 metres,Y. Yang,Short track speed skating at the 1998 Winter Olympics – Women's 1000 metres,K. Gi-hyun,Short track speed skating at the 2006 Winter Olympics – Women's 1000 metres
Short track speed skating at the 2002 Winter Olympics – Men's 500 metres,R. Smith,Short track speed skating at the 1998 Winter Olympics – Men's 500 metres,J. Guilmette,Short track speed skating at the 2006 Winter Olympics – Men's 500 metres
Short track speed skating at the 2002 Winter Olympics – Men's 5000 metre relay,G. Wei,Short track speed skating at the 1998 Winter Olympics – Men's 5000 metre relay,N. Franceschina,Short track speed skating at the 2006 Winter Olympics – Men's 5000 metre relay
Short track speed skating at the 2002 Winter Olympics – Men's 1000 metres,M. Turcotte,Short track speed skating at the 1998 Winter Olympics – Men's 1000 metres,A. A. Ohno,Short track speed skating at the 2006 Winter Olympics – Men's 1000 metres
Short track speed skating at the 1998 Winter Olympics – Women's 500 metres,C. Lee-Kyung,Short track speed skating at the 1994 Winter Olympics – Women's 500 metres,Y. Yang,Short track speed skating at the 2002 Winter Olympics – Women's 500 metres
Short track speed skating at the 1998 Winter Olympics – Women's 3000 metre relay,A. Perreault,Short track speed skating at the 1994 Winter Olympics – Women's 3000 metre relay,Y. Yang,Short track speed skating at the 2002 Winter Olympics – Women's 3000 metre relay
Short track speed skating at the 1998 Winter Olympics – Women's 1000 metres,W. Hye-kyung,Short track speed skating at the 1994 Winter Olympics – Women's 1000 metres,Y. Yang,Short track speed skating at the 2002 Winter Olympics – Women's 1000 metres
Short track speed skating at the 1998 Winter Olympics – Men's 500 metres,H. Uematsu,Short track speed skating at the 1994 Winter Olympics – Men's 500 metres,A. Yulong,Short track speed skating at the 2002 Winter Olympics – Men's 500 metres
Short track speed skating at the 1998 Winter Olympics – Men's 5000 metre relay,A. Yulong,Short track speed skating at the 1994 Winter Olympics – Men's 5000 metre relay,L. Jun-hwan,Short track speed skating at the 2002 Winter Olympics – Men's 5000 metre relay
Short track speed skating at the 1998 Winter Olympics – Men's 1000 metres,É. Bédard,Short track speed skating at the 1994 Winter Olympics – Men's 1000 metres,L. Jiajun,Short track speed skating at the 2002 Winter Olympics – Men's 1000 metres
Short track speed skating at the 1998 Winter Olympics – Women's 500 metres,C. Lee-Kyung,Short track speed skating at the 1994 Winter Olympics – Women's 500 metres,Y. Yang,Short track speed skating at the 2002 Winter Olympics – Women's 500 metres
Short track speed skating at the 1998 Winter Olympics – Women's 3000 metre relay,A. Perreault,Short track speed skating at the 1994 Winter Olympics – Women's 3000 metre relay,Y. Yang,Short track speed skating at the 2002 Winter Olympics – Women's 3000 metre relay
Short track speed skating at the 1998 Winter Olympics – Women's 1000 metres,W. Hye-kyung,Short track speed skating at the 1994 Winter Olympics – Women's 1000 metres,Y. Yang,Short track speed skating at the 2002 Winter Olympics – Women's 1000 metres
Short track speed skating at the 1998 Winter Olympics – Men's 500 metres,H. Uematsu,Short track speed skating at the 1994 Winter Olympics – Men's 500 metres,A. Yulong,Short track speed skating at the 2002 Winter Olympics – Men's 500 metres
Short track speed skating at the 1998 Winter Olympics – Men's 5000 metre relay,A. Yulong,Short track speed skating at the 1994 Winter Olympics – Men's 5000 metre relay,K. Dong-sung,Short track speed skating at the 2002 Winter Olympics – Men's 5000 metre relay
Short track speed skating at the 1998 Winter Olympics – Men's 1000 metres,É. Bédard,Short track speed skating at the 1994 Winter Olympics – Men's 1000 metres,L. Jiajun,Short track speed skating at the 2002 Winter Olympics – Men's 1000 metres
Short track speed skating at the 1994 Winter Olympics – Women's 500 metres,A. Peterson,Short track speed skating at the 1992 Winter Olympics – Women's 500 metres,Z. Yanmei,Short track speed skating at the 1998 Winter Olympics – Women's 500 metres
Short track speed skating at the 1994 Winter Olympics – Women's 3000 metre relay,C. Turner,Short track speed skating at the 1992 Winter Olympics – Women's 3000 metre relay,N. Lambert,Short track speed skating at the 1998 Winter Olympics – Women's 3000 metre relay
Short track speed skating at the 1994 Winter Olympics – Men's 5000 metre relay,K. Hansen,Short track speed skating at the 1992 Winter Olympics – Men's 5000 metre relay,A. Gabel,Short track speed skating at the 1998 Winter Olympics – Men's 5000 metre relay
Short track speed skating at the 1994 Winter Olympics – Men's 1000 metres,M. Gagnon,Short track speed skating at the 1992 Winter Olympics – Men's 1000 metres,C. Ji-hoon,Short track speed skating at the 1998 Winter Olympics – Men's 1000 metres
Short track speed skating at the 1994 Winter Olympics – Women's 500 metres,A. Peterson,Short track speed skating at the 1992 Winter Olympics – Women's 500 metres,Z. Yanmei,Short track speed skating at the 1998 Winter Olympics – Women's 500 metres
Short track speed skating at the 1994 Winter Olympics – Women's 3000 metre relay,C. Turner,Short track speed skating at the 1992 Winter Olympics – Women's 3000 metre relay,N. Lambert,Short track speed skating at the 1998 Winter Olympics – Women's 3000 metre relay
Short track speed skating at the 1994 Winter Olympics – Men's 5000 metre relay,S. Bradbury,Short track speed skating at the 1992 Winter Olympics – Men's 5000 metre relay,E. Flaim,Short track speed skating at the 1998 Winter Olympics – Men's 5000 metre relay
Short track speed skating at the 1994 Winter Olympics – Men's 1000 metres,M. Gagnon,Short track speed skating at the 1992 Winter Olympics – Men's 1000 metres,C. Ji-hoon,Short track speed skating at the 1998 Winter Olympics – Men's 1000 metres
Shooting at the 2012 Summer Olympics – Women's trap,D. Reau,Shooting at the 2008 Summer Olympics - Women's trap,Z. Štefečeková,Shooting at the 2016 Summer Olympics - Women's trap
Shooting at the 2012 Summer Olympics – Women's skeet,D. Barteková,Shooting at the 2008 Summer Olympics - Women's skeet,W. Ning,Shooting at the 2016 Summer Olympics - Women's skeet
Shooting at the 2012 Summer Olympics – Women's 50 metre rifle three positions,A. Sýkorová,Shooting at the 2008 Summer Olympics - Women's 50 metre rifle three positions,I. Maksimović,Shooting at the 2016 Summer Olympics – Women's 50 metre rifle three positions
Shooting at the 2012 Summer Olympics – Women's 25 metre pistol,O. Kostevych,Shooting at the 2008 Summer Olympics - Women's 25 metre pistol,C. Ying,Shooting at the 2016 Summer Olympics - Women's 25 metre pistol
Shooting at the 2012 Summer Olympics – Women's 10 metre air rifle,Y. Dan,Shooting at the 2008 Summer Olympics - Women's 10 metre air rifle,S. Bogacka,Shooting at the 2016 Summer Olympics – Women's 10 metre air rifle
Shooting at the 2012 Summer Olympics – Women's 10 metre air pistol,O. Kostevych,Shooting at the 2008 Summer Olympics - Women's 10 metre air pistol,C. Goberville,Shooting at the 2016 Summer Olympics – Women's 10 metre air pistol
Shooting at the 2012 Summer Olympics – Men's trap,F. Al-Deehani,Shooting at the 2008 Summer Olympics - Men's trap,M. Fabbrizi,Shooting at the 2016 Summer Olympics - Men's trap
Shooting at the 2012 Summer Olympics – Men's skeet,N. Al-Attiyah,Shooting at the 2008 Summer Olympics - Men's skeet,A. Golding,Shooting at the 2016 Summer Olympics - Men's skeet
Shooting at the 2012 Summer Olympics – Men's double trap,V. Mosin,Shooting at the 2008 Summer Olympics - Men's double trap,H. Dahlby,Shooting at the 2016 Summer Olympics - Men's double trap
Shooting at the 2012 Summer Olympics – Men's 50 metre rifle three positions,M. Emmons,Shooting at the 2008 Summer Olympics - Men's 50 metre rifle three positions,K. Jong-Hyun,Shooting at the 2016 Summer Olympics - Men's 50 metre rifle three positions
Shooting at the 2012 Summer Olympics – Men's 50 metre rifle prone,R. Debevec,Shooting at the 2008 Summer Olympics - Men's 50 metre rifle prone,L. Cox,Shooting at the 2016 Summer Olympics - Men's 50 metre rifle prone
Shooting at the 2012 Summer Olympics – Men's 50 metre pistol,W. Zhiwei,Shooting at the 2008 Summer Olympics - Men's 50 metre pistol,C. Young-Rae,Shooting at the 2016 Summer Olympics – Men's 50 metre pistol
Shooting at the 2012 Summer Olympics – Men's 25 metre rapid fire pistol,D. Feng,Shooting at the 2008 Summer Olympics - Men's 25 metre rapid fire pistol,V. Kumar,Shooting at the 2016 Summer Olympics - Men's 25 metre rapid fire pistol
Shooting at the 2012 Summer Olympics – Men's 10 metre air rifle,G. Narang,Shooting at the 2008 Summer Olympics – Men's 10 metre air rifle,N. Campriani,Shooting at the 2016 Summer Olympics – Men's 10 metre air rifle
Shooting at the 2012 Summer Olympics – Men's 10 metre air pistol,A. Zlatić,Shooting at the 2008 Summer Olympics - Men's 10 metre air pistol,L. Tesconi,Shooting at the 2016 Summer Olympics – Men's 10 metre air pistol
Shooting at the 2012 Summer Olympics – Women's trap,D. Reau,Shooting at the 2008 Summer Olympics - Women's trap,Z. Štefečeková,Shooting at the 2016 Summer Olympics - Women's trap
Shooting at the 2012 Summer Olympics – Women's skeet,D. Barteková,Shooting at the 2008 Summer Olympics - Women's skeet,W. Ning,Shooting at the 2016 Summer Olympics - Women's skeet
Shooting at the 2012 Summer Olympics – Women's 50 metre rifle three positions,A. Sýkorová,Shooting at the 2008 Summer Olympics - Women's 50 metre rifle three positions,I. Maksimović,Shooting at the 2016 Summer Olympics – Women's 50 metre rifle three positions
Shooting at the 2012 Summer Olympics – Women's 25 metre pistol,O. Kostevych,Shooting at the 2008 Summer Olympics - Women's 25 metre pistol,C. Ying,Shooting at the 2016 Summer Olympics - Women's 25 metre pistol
Shooting at the 2012 Summer Olympics – Women's 10 metre air rifle,Y. Dan,Shooting at the 2008 Summer Olympics - Women's 10 metre air rifle,S. Bogacka,Shooting at the 2016 Summer Olympics – Women's 10 metre air rifle
Shooting at the 2012 Summer Olympics – Women's 10 metre air pistol,O. Kostevych,Shooting at the 2008 Summer Olympics - Women's 10 metre air pistol,C. Goberville,Shooting at the 2016 Summer Olympics – Women's 10 metre air pistol
Shooting at the 2012 Summer Olympics – Men's trap,F. Al-Deehani,Shooting at the 2008 Summer Olympics - Men's trap,M. Fabbrizi,Shooting at the 2016 Summer Olympics - Men's trap
Shooting at the 2012 Summer Olympics – Men's skeet,N. Al-Attiyah,Shooting at the 2008 Summer Olympics - Men's skeet,A. Golding,Shooting at the 2016 Summer Olympics - Men's skeet
Shooting at the 2012 Summer Olympics – Men's double trap,V. Mosin,Shooting at the 2008 Summer Olympics - Men's double trap,H. Dahlby,Shooting at the 2016 Summer Olympics - Men's double trap
Shooting at the 2012 Summer Olympics – Men's 50 metre rifle three positions,M. Emmons,Shooting at the 2008 Summer Olympics - Men's 50 metre rifle three positions,K. Jong-Hyun,Shooting at the 2016 Summer Olympics - Men's 50 metre rifle three positions
Shooting at the 2012 Summer Olympics – Men's 50 metre rifle prone,R. Debevec,Shooting at the 2008 Summer Olympics - Men's 50 metre rifle prone,L. Cox,Shooting at the 2016 Summer Olympics - Men's 50 metre rifle prone
Shooting at the 2012 Summer Olympics – Men's 50 metre pistol,W. Zhiwei,Shooting at the 2008 Summer Olympics - Men's 50 metre pistol,C. Young-Rae,Shooting at the 2016 Summer Olympics – Men's 50 metre pistol
Shooting at the 2012 Summer Olympics – Men's 25 metre rapid fire pistol,D. Feng,Shooting at the 2008 Summer Olympics - Men's 25 metre rapid fire pistol,V. Kumar,Shooting at the 2016 Summer Olympics - Men's 25 metre rapid fire pistol
Shooting at the 2012 Summer Olympics – Men's 10 metre air rifle,G. Narang,Shooting at the 2008 Summer Olympics – Men's 10 metre air rifle,N. Campriani,Shooting at the 2016 Summer Olympics – Men's 10 metre air rifle
