col0,col1,col2,col3,col4
Shooting at the 2012 Summer Olympics – Men's 10 metre air pistol,A. Zlatić,Shooting at the 2008 Summer Olympics - Men's 10 metre air pistol,L. Tesconi,Shooting at the 2016 Summer Olympics – Men's 10 metre air pistol
Shooting at the 2008 Summer Olympics – Women's trap,C. Cogdell,Shooting at the 2004 Summer Olympics - Women's trap,Z. Štefečeková,Shooting at the 2012 Summer Olympics – Women's trap
Shooting at the 2008 Summer Olympics – Women's skeet,C. Brinker,Shooting at the 2004 Summer Olympics - Women's skeet,K. Rhode,Shooting at the 2012 Summer Olympics – Women's skeet
Shooting at the 2008 Summer Olympics – Women's 50 metre rifle three positions,E. Y. Cruz,Shooting at the 2004 Summer Olympics - Women's 50 metre rifle three positions,K. Emmons,Shooting at the 2012 Summer Olympics – Women's 50 metre rifle three positions
Shooting at the 2008 Summer Olympics – Women's 25 metre pistol,M. Dorjsuren,Shooting at the 2004 Summer Olympics - Women's 25 metre pistol,O. Gündegmaa,Shooting at the 2012 Summer Olympics – Women's 25 metre pistol
Shooting at the 2008 Summer Olympics – Women's 10 metre air rifle,S. Pejčić,Shooting at the 2004 Summer Olympics - Women's 10 metre air rifle,L. Galkina,Shooting at the 2012 Summer Olympics – Women's 10 metre air rifle
Shooting at the 2008 Summer Olympics – Women's 10 metre air pistol,N. Salukvadze,Shooting at the 2004 Summer Olympics - Women's 10 metre air pistol,N. Paderina,Shooting at the 2012 Summer Olympics – Women's 10 metre air pistol
Shooting at the 2008 Summer Olympics – Men's trap,A. Alipov,Shooting at the 2004 Summer Olympics - Men's trap,G. Pellielo,Shooting at the 2012 Summer Olympics – Men's trap
Shooting at the 2008 Summer Olympics – Men's skeet,A. Terras,Shooting at the 2004 Summer Olympics - Men's skeet,T. Brovold,Shooting at the 2012 Summer Olympics – Men's skeet
Shooting at the 2008 Summer Olympics – Men's double trap,H. Binyuan,Shooting at the 2004 Summer Olympics - Men's double trap,F. D'Aniello,Shooting at the 2012 Summer Olympics – Men's double trap
Shooting at the 2008 Summer Olympics – Men's 50 metre rifle three positions,R. Debevec,Shooting at the 2004 Summer Olympics - Men's 50 metre rifle three positions,J. Sukhorukov,Shooting at the 2012 Summer Olympics – Men's 50 metre rifle three positions
Shooting at the 2008 Summer Olympics – Men's 50 metre rifle prone,W. Potent,Shooting at the 2004 Summer Olympics - Men's 50 metre rifle prone,M. Emmons,Shooting at the 2012 Summer Olympics – Men's 50 metre rifle prone
Shooting at the 2008 Summer Olympics – Men's 50 metre pistol,V. Isakov,Shooting at the 2004 Summer Olympics – Men's 50 metre pistol,T. Zongliang,Shooting at the 2012 Summer Olympics – Men's 50 metre pistol
Shooting at the 2008 Summer Olympics – Men's 25 metre rapid fire pistol,C. Reitz,Shooting at the 2004 Summer Olympics - Men's 25 metre rapid fire pistol,R. Schumann,Shooting at the 2012 Summer Olympics – Men's 25 metre rapid fire pistol
Shooting at the 2008 Summer Olympics – Men's 10 metre air rifle,H. Häkkinen,Shooting at the 2004 Summer Olympics - Men's 10 metre air rifle,Z. Qinan,Shooting at the 2012 Summer Olympics – Men's 10 metre air rifle
Shooting at the 2008 Summer Olympics – Men's 10 metre air pistol,J. Turner,Shooting at the 2004 Summer Olympics - Men's 10 metre air pistol,J. Jong-oh,Shooting at the 2012 Summer Olympics – Men's 10 metre air pistol
Shooting at the 2008 Summer Olympics – Women's trap,C. Cogdell,Shooting at the 2004 Summer Olympics - Women's trap,Z. Štefečeková,Shooting at the 2012 Summer Olympics – Women's trap
Shooting at the 2008 Summer Olympics – Women's skeet,C. Brinker,Shooting at the 2004 Summer Olympics - Women's skeet,K. Rhode,Shooting at the 2012 Summer Olympics – Women's skeet
Shooting at the 2008 Summer Olympics – Women's 50 metre rifle three positions,E. Y. Cruz,Shooting at the 2004 Summer Olympics - Women's 50 metre rifle three positions,K. Emmons,Shooting at the 2012 Summer Olympics – Women's 50 metre rifle three positions
Shooting at the 2008 Summer Olympics – Women's 25 metre pistol,M. Dorjsuren,Shooting at the 2004 Summer Olympics - Women's 25 metre pistol,O. Gündegmaa,Shooting at the 2012 Summer Olympics – Women's 25 metre pistol
Shooting at the 2008 Summer Olympics – Women's 10 metre air rifle,S. Pejčić,Shooting at the 2004 Summer Olympics - Women's 10 metre air rifle,L. Galkina,Shooting at the 2012 Summer Olympics – Women's 10 metre air rifle
Shooting at the 2008 Summer Olympics – Women's 10 metre air pistol,N. Salukvadze,Shooting at the 2004 Summer Olympics - Women's 10 metre air pistol,N. Paderina,Shooting at the 2012 Summer Olympics – Women's 10 metre air pistol
Shooting at the 2008 Summer Olympics – Men's trap,A. Alipov,Shooting at the 2004 Summer Olympics - Men's trap,G. Pellielo,Shooting at the 2012 Summer Olympics – Men's trap
Shooting at the 2008 Summer Olympics – Men's skeet,A. Terras,Shooting at the 2004 Summer Olympics - Men's skeet,T. Brovold,Shooting at the 2012 Summer Olympics – Men's skeet
Shooting at the 2008 Summer Olympics – Men's double trap,H. Binyuan,Shooting at the 2004 Summer Olympics - Men's double trap,F. D'Aniello,Shooting at the 2012 Summer Olympics – Men's double trap
Shooting at the 2008 Summer Olympics – Men's 50 metre rifle three positions,R. Debevec,Shooting at the 2004 Summer Olympics - Men's 50 metre rifle three positions,J. Sukhorukov,Shooting at the 2012 Summer Olympics – Men's 50 metre rifle three positions
Shooting at the 2008 Summer Olympics – Men's 50 metre rifle prone,W. Potent,Shooting at the 2004 Summer Olympics - Men's 50 metre rifle prone,M. Emmons,Shooting at the 2012 Summer Olympics – Men's 50 metre rifle prone
Shooting at the 2008 Summer Olympics – Men's 50 metre pistol,V. Isakov,Shooting at the 2004 Summer Olympics – Men's 50 metre pistol,T. Zongliang,Shooting at the 2012 Summer Olympics – Men's 50 metre pistol
Shooting at the 2008 Summer Olympics – Men's 25 metre rapid fire pistol,C. Reitz,Shooting at the 2004 Summer Olympics - Men's 25 metre rapid fire pistol,R. Schumann,Shooting at the 2012 Summer Olympics – Men's 25 metre rapid fire pistol
Shooting at the 2008 Summer Olympics – Men's 10 metre air rifle,H. Häkkinen,Shooting at the 2004 Summer Olympics - Men's 10 metre air rifle,Z. Qinan,Shooting at the 2012 Summer Olympics – Men's 10 metre air rifle
Shooting at the 2008 Summer Olympics – Men's 10 metre air pistol,J. Turner,Shooting at the 2004 Summer Olympics - Men's 10 metre air pistol,J. Jong-oh,Shooting at the 2012 Summer Olympics – Men's 10 metre air pistol
Shooting at the 2004 Summer Olympics – Women's trap,L. Bo-na,Shooting at the 2000 Summer Olympics – Women's trap,M. Quintanal,Shooting at the 2008 Summer Olympics – Women's trap
Shooting at the 2004 Summer Olympics – Women's skeet,Z. Meftahatdinova,Shooting at the 2000 Summer Olympics – Women's skeet,W. Ning,Shooting at the 2008 Summer Olympics – Women's skeet
Shooting at the 2004 Summer Olympics – Women's 50 metre rifle three positions,W. Chengyi,Shooting at the 2000 Summer Olympics – Women's 50 metre rifle three positions,V. Turisini,Shooting at the 2008 Summer Olympics – Women's 50 metre rifle three positions
Shooting at the 2004 Summer Olympics – Women's 25 metre pistol,I. Ashumova,Shooting at the 2000 Summer Olympics – Women's 25 metre pistol,L. Hyková,Shooting at the 2008 Summer Olympics – Women's 25 metre pistol
Shooting at the 2004 Summer Olympics – Women's 10 metre air rifle,K. Kůrková,Shooting at the 2000 Summer Olympics – Women's 10 metre air rifle,L. Galkina,Shooting at the 2008 Summer Olympics – Women's 10 metre air rifle
Shooting at the 2004 Summer Olympics – Women's 10 metre air pistol,M. Grozdeva,Shooting at the 2000 Summer Olympics – Women's 10 metre air pistol,J. Šekarić,Shooting at the 2008 Summer Olympics – Women's 10 metre air pistol
Shooting at the 2004 Summer Olympics – Men's trap,A. Vella,Shooting at the 2000 Summer Olympics – Men's trap,G. Pellielo,Shooting at the 2008 Summer Olympics – Men's trap
Shooting at the 2004 Summer Olympics – Men's skeet,J. M. Rodríguez,Shooting at the 2000 Summer Olympics – Men's skeet,M. Kemppainen,Shooting at the 2008 Summer Olympics – Men's skeet
Shooting at the 2004 Summer Olympics – Men's double trap,W. Zheng,Shooting at the 2000 Summer Olympics – Men's double trap,R. S. Rathore,Shooting at the 2008 Summer Olympics – Men's double trap
Shooting at the 2004 Summer Olympics – Men's 50 metre rifle three positions,C. Planer,Shooting at the 2000 Summer Olympics – Men's 50 metre rifle three positions,M. Anti,Shooting at the 2008 Summer Olympics – Men's 50 metre rifle three positions
Shooting at the 2004 Summer Olympics – Men's 50 metre rifle prone,S. Martynov,Shooting at the 2000 Summer Olympics – Men's 50 metre rifle prone,C. Lusch,Shooting at the 2008 Summer Olympics – Men's 50 metre rifle prone
Shooting at the 2004 Summer Olympics – Men's 50 metre pistol,K. Jong-su,Shooting at the 2000 Summer Olympics – Men's 50 metre pistol,J. Jong-oh,Shooting at the 2008 Summer Olympics – Men's 50 metre pistol
Shooting at the 2004 Summer Olympics – Men's 25 metre rapid fire pistol,S. Alifirenko,Shooting at the 2000 Summer Olympics – Men's 25 metre rapid fire pistol,S. Polyakov,Shooting at the 2008 Summer Olympics – Men's 25 metre rapid fire pistol
Shooting at the 2004 Summer Olympics – Men's 10 metre air rifle,J. Gönci,Shooting at the 2000 Summer Olympics – Men's 10 metre air rifle,L. Jie,Shooting at the 2008 Summer Olympics – Men's 10 metre air rifle
Shooting at the 2004 Summer Olympics – Men's 10 metre air pistol,V. Isakov,Shooting at the 2000 Summer Olympics – Men's 10 metre air pistol,M. Nestruyev,Shooting at the 2008 Summer Olympics – Men's 10 metre air pistol
Shooting at the 2004 Summer Olympics – Women's trap,L. Bo-na,Shooting at the 2000 Summer Olympics – Women's trap,M. Quintanal,Shooting at the 2008 Summer Olympics – Women's trap
Shooting at the 2004 Summer Olympics – Women's skeet,Z. Meftahatdinova,Shooting at the 2000 Summer Olympics – Women's skeet,W. Ning,Shooting at the 2008 Summer Olympics – Women's skeet
Shooting at the 2004 Summer Olympics – Women's 50 metre rifle three positions,W. Chengyi,Shooting at the 2000 Summer Olympics – Women's 50 metre rifle three positions,V. Turisini,Shooting at the 2008 Summer Olympics – Women's 50 metre rifle three positions
Shooting at the 2004 Summer Olympics – Women's 25 metre pistol,I. Ashumova,Shooting at the 2000 Summer Olympics – Women's 25 metre pistol,L. Hyková,Shooting at the 2008 Summer Olympics – Women's 25 metre pistol
Shooting at the 2004 Summer Olympics – Women's 10 metre air rifle,K. Kůrková,Shooting at the 2000 Summer Olympics – Women's 10 metre air rifle,L. Galkina,Shooting at the 2008 Summer Olympics – Women's 10 metre air rifle
Shooting at the 2004 Summer Olympics – Women's 10 metre air pistol,M. Grozdeva,Shooting at the 2000 Summer Olympics – Women's 10 metre air pistol,J. Šekarić,Shooting at the 2008 Summer Olympics – Women's 10 metre air pistol
Shooting at the 2004 Summer Olympics – Men's trap,A. Vella,Shooting at the 2000 Summer Olympics – Men's trap,G. Pellielo,Shooting at the 2008 Summer Olympics – Men's trap
Shooting at the 2004 Summer Olympics – Men's skeet,J. M. Rodríguez,Shooting at the 2000 Summer Olympics – Men's skeet,M. Kemppainen,Shooting at the 2008 Summer Olympics – Men's skeet
Shooting at the 2004 Summer Olympics – Men's double trap,W. Zheng,Shooting at the 2000 Summer Olympics – Men's double trap,R. S. Rathore,Shooting at the 2008 Summer Olympics – Men's double trap
Shooting at the 2004 Summer Olympics – Men's 50 metre rifle three positions,C. Planer,Shooting at the 2000 Summer Olympics – Men's 50 metre rifle three positions,M. Anti,Shooting at the 2008 Summer Olympics – Men's 50 metre rifle three positions
Shooting at the 2004 Summer Olympics – Men's 50 metre rifle prone,S. Martynov,Shooting at the 2000 Summer Olympics – Men's 50 metre rifle prone,C. Lusch,Shooting at the 2008 Summer Olympics – Men's 50 metre rifle prone
Shooting at the 2004 Summer Olympics – Men's 50 metre pistol,K. Jong-su,Shooting at the 2000 Summer Olympics – Men's 50 metre pistol,J. Jong-oh,Shooting at the 2008 Summer Olympics – Men's 50 metre pistol
Shooting at the 2004 Summer Olympics – Men's 25 metre rapid fire pistol,S. Alifirenko,Shooting at the 2000 Summer Olympics – Men's 25 metre rapid fire pistol,S. Polyakov,Shooting at the 2008 Summer Olympics – Men's 25 metre rapid fire pistol
Shooting at the 2004 Summer Olympics – Men's 10 metre air rifle,J. Gönci,Shooting at the 2000 Summer Olympics – Men's 10 metre air rifle,L. Jie,Shooting at the 2008 Summer Olympics – Men's 10 metre air rifle
Shooting at the 2004 Summer Olympics – Men's 10 metre air pistol,V. Isakov,Shooting at the 2000 Summer Olympics – Men's 10 metre air pistol,M. Nestruyev,Shooting at the 2008 Summer Olympics – Men's 10 metre air pistol
Shooting at the 2000 Summer Olympics – Women's double trap,K. Rhode,Shooting at the 1996 Summer Olympics - Women's double trap,D. Gelisio,Shooting at the 2004 Summer Olympics - Women's double trap
Shooting at the 2000 Summer Olympics – Women's 50 metre rifle three positions,M. Feklistova,Shooting at the 1996 Summer Olympics - Women's 50 metre rifle three positions,T. Goldobina,Shooting at the 2004 Summer Olympics - Women's 50 metre rifle three positions
Shooting at the 2000 Summer Olympics – Women's 25 metre pistol,L. Yauhleuskaya,Shooting at the 1996 Summer Olympics – Women's 25 metre pistol,T. Luna,Shooting at the 2004 Summer Olympics – Women's 25 metre pistol
