col0,col1,col2,col3,col4
Shooting at the 1992 Summer Olympics – Women's 25 metre pistol,M. Dorjsuren,Shooting at the 1988 Summer Olympics - Women's 25 metre pistol,L. Duihong,Shooting at the 1996 Summer Olympics - Women's 25 metre pistol
Shooting at the 1992 Summer Olympics – Women's 10 metre air rifle,A. Binder,Shooting at the 1988 Summer Olympics - Women's 10 metre air rifle,V. Letcheva,Shooting at the 1996 Summer Olympics - Women's 10 metre air rifle
Shooting at the 1992 Summer Olympics – Women's 10 metre air pistol,M. Grozdeva,Shooting at the 1988 Summer Olympics - Women's 10 metre air pistol,J. Šekarić,Shooting at the 1996 Summer Olympics - Women's 10 metre air pistol
Shooting at the 1992 Summer Olympics – Trap,M. Venturini,Shooting at the 1988 Summer Olympics - Trap,K. Watanabe,Shooting at the 1996 Summer Olympics - Men's trap
Shooting at the 1992 Summer Olympics – Skeet,B. Rossetti,Shooting at the 1988 Summer Olympics - Skeet,J. Giha,Shooting at the 1996 Summer Olympics - Men's skeet
Shooting at the 1992 Summer Olympics – Men's 50 metre rifle three positions,R. Koba,Shooting at the 1988 Summer Olympics - Men's 50 metre rifle three positions,R. Foth,Shooting at the 1996 Summer Olympics - Men's 50 metre rifle three positions
Shooting at the 1992 Summer Olympics – Men's 50 metre rifle prone,S. Pletikosić,Shooting at the 1988 Summer Olympics - Men's 50 metre rifle prone,H. Stenvaag,Shooting at the 1996 Summer Olympics - Men's 50 metre rifle prone
Shooting at the 1992 Summer Olympics – Men's 50 metre pistol,R. Skanåker,Shooting at the 1988 Summer Olympics - Men's 50 metre pistol,W. Yifu,Shooting at the 1996 Summer Olympics - Men's 50 metre pistol
Shooting at the 1992 Summer Olympics – Men's 25 metre rapid fire pistol,V. Vokhmyanin,Shooting at the 1988 Summer Olympics - Men's 25 metre rapid fire pistol,A. Kuzmins,Shooting at the 1996 Summer Olympics - Men's 25 metre rapid fire pistol
Shooting at the 1992 Summer Olympics – Men's 10 metre running target,L. Račanský,Shooting at the 1988 Summer Olympics - Men's 50 metre running target,A. Asrabayev,Shooting at the 1996 Summer Olympics - Men's 10 metre running target
Shooting at the 1992 Summer Olympics – Men's 10 metre air rifle,J. Riederer,Shooting at the 1988 Summer Olympics - Men's 10 metre air rifle,F. Badiou,Shooting at the 1996 Summer Olympics - Men's 10 metre air rifle
Shooting at the 1992 Summer Olympics – Men's 10 metre air pistol,S. Babii,Shooting at the 1988 Summer Olympics - Men's 10 metre air pistol,S. Pyzhianov,Shooting at the 1996 Summer Olympics - Men's 10 metre air pistol
Shooting at the 1988 Summer Olympics – Women's 50 metre rifle three positions,V. Cherkasova,Shooting at the 1984 Summer Olympics – Women's 50 metre rifle three positions,V. Letcheva,Shooting at the 1992 Summer Olympics - Women's 50 metre rifle three positions
Shooting at the 1988 Summer Olympics – Women's 25 metre pistol,J. Šekarić,Shooting at the 1984 Summer Olympics – Women's 25 metre pistol,T. Hasegawa,Shooting at the 1992 Summer Olympics - Women's 25 metre pistol
Shooting at the 1988 Summer Olympics – Women's 10 metre air rifle,A. Maloukhina,Shooting at the 1984 Summer Olympics – Women's 10 metre air rifle,S. Sperber,Shooting at the 1992 Summer Olympics - Women's 10 metre air rifle
Shooting at the 1988 Summer Olympics – Mixed trap,F. Peeters,Shooting at the 1984 Summer Olympics – Mixed trap,M. Bednařík,Shooting at the 1992 Summer Olympics - Trap
Shooting at the 1988 Summer Olympics – Mixed skeet,J. Guardiola,Shooting at the 1984 Summer Olympics – Mixed skeet,A. d. Iruarrizaga,Shooting at the 1992 Summer Olympics - Skeet
Shooting at the 1988 Summer Olympics – Men's 50 metre rifle three positions,K. Ivanov,Shooting at the 1984 Summer Olympics – Men's 50 metre rifle three positions,A. Allan,Shooting at the 1992 Summer Olympics – Men's 50 metre rifle three positions
Shooting at the 1988 Summer Olympics – Men's 50 metre pistol,I. Basinski,Shooting at the 1984 Summer Olympics - Men's 50 metre pistol,R. Skanåker,Shooting at the 1992 Summer Olympics - Men's 50 metre pistol
Shooting at the 1988 Summer Olympics – Men's 10 metre air rifle,J. Riederer,Shooting at the 1984 Summer Olympics – Men's 10 metre air rifle,N. Berthelot,Shooting at the 1992 Summer Olympics - Men's 10 metre air rifle
Shooting at the 1988 Summer Olympics – Women's 50 metre rifle three positions,V. Cherkasova,Shooting at the 1984 Summer Olympics – Women's 50 metre rifle three positions,V. Letcheva,Shooting at the 1992 Summer Olympics - Women's 50 metre rifle three positions
Shooting at the 1988 Summer Olympics – Women's 25 metre pistol,J. Šekarić,Shooting at the 1984 Summer Olympics – Women's 25 metre pistol,T. Hasegawa,Shooting at the 1992 Summer Olympics - Women's 25 metre pistol
Shooting at the 1988 Summer Olympics – Women's 10 metre air rifle,A. Maloukhina,Shooting at the 1984 Summer Olympics – Women's 10 metre air rifle,S. Sperber,Shooting at the 1992 Summer Olympics - Women's 10 metre air rifle
