col0,col1,col2,col3,col4
Shooting at the 1972 Summer Olympics – Mixed trap,S. Basagni,Shooting at the 1968 Summer Olympics – Mixed trap,M. Carrega,Shooting at the 1976 Summer Olympics – Mixed trap
Shooting at the 1972 Summer Olympics – Mixed skeet,M. Buchheim,Shooting at the 1968 Summer Olympics – Mixed skeet,Y. Petrov,Shooting at the 1976 Summer Olympics – Mixed skeet
Shooting at the 1972 Summer Olympics – Mixed 50 metre rifle three positions,W. Lippoldt,Shooting at the 1968 Summer Olympics – Mixed 50 metre rifle three positions,L. Bassham,Shooting at the 1976 Summer Olympics – Mixed 50 metre rifle three positions
"Shooting at the 1972 Summer Olympics – Mixed 50 metre rifle, prone",N. Rotaru,"Shooting at the 1968 Summer Olympics – Mixed 50 metre rifle, prone",V. Auer,"Shooting at the 1976 Summer Olympics – Mixed 50 metre rifle, prone"
Shooting at the 1972 Summer Olympics – Mixed 50 metre free pistol,R. Dollinger,Shooting at the 1968 Summer Olympics – Mixed 50 metre free pistol,D. Iuga,Shooting at the 1976 Summer Olympics – Mixed 50 metre free pistol
Shooting at the 1972 Summer Olympics – Mixed 25 metre rapid fire pistol,V. Torshin,Shooting at the 1968 Summer Olympics – Mixed 25 metre rapid fire pistol,L. Falta,Shooting at the 1976 Summer Olympics – Mixed 25 metre rapid fire pistol
Shooting at the 1972 Summer Olympics – Mixed trap,S. Basagni,Shooting at the 1968 Summer Olympics – Mixed trap,M. Carrega,Shooting at the 1976 Summer Olympics – Mixed trap
Shooting at the 1972 Summer Olympics – Mixed skeet,M. Buchheim,Shooting at the 1968 Summer Olympics – Mixed skeet,Y. Petrov,Shooting at the 1976 Summer Olympics – Mixed skeet
Shooting at the 1972 Summer Olympics – Mixed 50 metre rifle three positions,W. Lippoldt,Shooting at the 1968 Summer Olympics – Mixed 50 metre rifle three positions,L. Bassham,Shooting at the 1976 Summer Olympics – Mixed 50 metre rifle three positions
"Shooting at the 1972 Summer Olympics – Mixed 50 metre rifle, prone",N. Rotaru,"Shooting at the 1968 Summer Olympics – Mixed 50 metre rifle, prone",V. Auer,"Shooting at the 1976 Summer Olympics – Mixed 50 metre rifle, prone"
Shooting at the 1972 Summer Olympics – Mixed 50 metre free pistol,R. Dollinger,Shooting at the 1968 Summer Olympics – Mixed 50 metre free pistol,D. Iuga,Shooting at the 1976 Summer Olympics – Mixed 50 metre free pistol
Shooting at the 1972 Summer Olympics – Mixed 25 metre rapid fire pistol,V. Torshin,Shooting at the 1968 Summer Olympics – Mixed 25 metre rapid fire pistol,L. Falta,Shooting at the 1976 Summer Olympics – Mixed 25 metre rapid fire pistol
Shooting at the 1968 Summer Olympics – Mixed 50 metre pistol,H. Vollmar,Shooting at the 1964 Summer Olympics - Men's 50 metre pistol,H. Mertel,Shooting at the 1972 Summer Olympics – Mixed 50 metre pistol
Shooting at the 1968 Summer Olympics – Mixed 25 metre rapid fire pistol,R. Suleymanov,Shooting at the 1964 Summer Olympics – Men's 25 metre rapid fire pistol,M. Roșca,Shooting at the 1972 Summer Olympics – Mixed 25 metre rapid fire pistol
Shooting at the 1968 Summer Olympics – Mixed 50 metre pistol,H. Vollmar,Shooting at the 1964 Summer Olympics - Men's 50 metre pistol,H. Mertel,Shooting at the 1972 Summer Olympics – Mixed 50 metre pistol
Shooting at the 1968 Summer Olympics – Mixed 25 metre rapid fire pistol,R. Suleymanov,Shooting at the 1964 Summer Olympics – Men's 25 metre rapid fire pistol,M. Roșca,Shooting at the 1972 Summer Olympics – Mixed 25 metre rapid fire pistol
Shooting at the 1964 Summer Olympics – Men's 50 metre rifle three positions,L. Hammerl,Shooting at the 1960 Summer Olympics – Men's 50 metre rifle three positions,V. Velichkov,Shooting at the 1984 Summer Olympics – Men's 50 metre rifle three positions
"Shooting at the 1964 Summer Olympics – Men's 50 metre rifle, prone",T. Pool,"Shooting at the 1960 Summer Olympics – Men's 50 metre rifle, prone",L. Wigger,"Shooting at the 1984 Summer Olympics – Men's 50 metre rifle, prone"
Shooting at the 1964 Summer Olympics – Men's 50 metre free pistol,Y. Yoshikawa,Shooting at the 1960 Summer Olympics – Men's 50 metre pistol,F. Green,Shooting at the 1968 Summer Olympics – Mixed 50 metre pistol
Shooting at the 1964 Summer Olympics – Men's 25 metre rapid fire pistol,L. Nácovský,Shooting at the 1960 Summer Olympics – Men's 25 metre rapid fire pistol,I. Tripșa,Shooting at the 1984 Summer Olympics – Men's 25 metre rapid fire pistol
Shooting at the 1964 Summer Olympics – Men's 50 metre rifle three positions,L. Hammerl,Shooting at the 1960 Summer Olympics – Men's 50 metre rifle three positions,V. Velichkov,Shooting at the 1984 Summer Olympics – Men's 50 metre rifle three positions
"Shooting at the 1964 Summer Olympics – Men's 50 metre rifle, prone",T. Pool,"Shooting at the 1960 Summer Olympics – Men's 50 metre rifle, prone",L. Wigger,"Shooting at the 1984 Summer Olympics – Men's 50 metre rifle, prone"
Shooting at the 1964 Summer Olympics – Men's 50 metre free pistol,Y. Yoshikawa,Shooting at the 1960 Summer Olympics – Men's 50 metre pistol,F. Green,Shooting at the 1968 Summer Olympics – Mixed 50 metre pistol
Shooting at the 1964 Summer Olympics – Men's 25 metre rapid fire pistol,L. Nácovský,Shooting at the 1960 Summer Olympics – Men's 25 metre rapid fire pistol,I. Tripșa,Shooting at the 1984 Summer Olympics – Men's 25 metre rapid fire pistol
Shooting at the 1960 Summer Olympics – Men's trap,S. Kalinin,Shooting at the 1956 Summer Olympics – Men's trap,G. Rossini,Shooting at the 1964 Summer Olympics – Men's trap
Shooting at the 1960 Summer Olympics – Men's 50 metre rifle three positions,K. Zähringer,Shooting at the 1956 Summer Olympics – Men's 50 metre rifle three positions,M. Nyýazow,Shooting at the 1964 Summer Olympics – Men's 50 metre rifle three positions
"Shooting at the 1960 Summer Olympics – Men's 50 metre rifle, prone",E. Forcella,"Shooting at the 1956 Summer Olympics – Men's 50 metre rifle, prone",J. E. Hill,"Shooting at the 1964 Summer Olympics – Men's 50 metre rifle, prone"
Shooting at the 1960 Summer Olympics – Men's 50 metre pistol,Y. Yoshikawa,Shooting at the 1956 Summer Olympics – Men's 50 metre pistol,M. Umarov,Shooting at the 1964 Summer Olympics – Men's 50 metre pistol
"Shooting at the 1960 Summer Olympics – Men's 300 metre free rifle, three positions",V. Borisov,"Shooting at the 1956 Summer Olympics – Men's 300 metre free rifle, three positions",H. R. Spillmann,"Shooting at the 1964 Summer Olympics – Men's 300 metre free rifle, three positions"
Shooting at the 1960 Summer Olympics – Men's 25 metre rapid fire pistol,A. Zabelin,Shooting at the 1956 Summer Olympics – Men's 25 metre rapid fire pistol,P. Linnosvuo,Shooting at the 1964 Summer Olympics – Men's 25 metre rapid fire pistol
Shooting at the 1960 Summer Olympics – Men's trap,S. Kalinin,Shooting at the 1956 Summer Olympics – Men's trap,G. Rossini,Shooting at the 1964 Summer Olympics – Men's trap
Shooting at the 1960 Summer Olympics – Men's 50 metre rifle three positions,K. Zähringer,Shooting at the 1956 Summer Olympics – Men's 50 metre rifle three positions,M. Nyýazow,Shooting at the 1964 Summer Olympics – Men's 50 metre rifle three positions
"Shooting at the 1960 Summer Olympics – Men's 50 metre rifle, prone",E. Forcella,"Shooting at the 1956 Summer Olympics – Men's 50 metre rifle, prone",J. E. Hill,"Shooting at the 1964 Summer Olympics – Men's 50 metre rifle, prone"
Shooting at the 1960 Summer Olympics – Men's 50 metre pistol,Y. Yoshikawa,Shooting at the 1956 Summer Olympics – Men's 50 metre pistol,M. Umarov,Shooting at the 1964 Summer Olympics – Men's 50 metre pistol
"Shooting at the 1960 Summer Olympics – Men's 300 metre free rifle, three positions",V. Borisov,"Shooting at the 1956 Summer Olympics – Men's 300 metre free rifle, three positions",H. R. Spillmann,"Shooting at the 1964 Summer Olympics – Men's 300 metre free rifle, three positions"
Shooting at the 1960 Summer Olympics – Men's 25 metre rapid fire pistol,A. Zabelin,Shooting at the 1956 Summer Olympics – Men's 25 metre rapid fire pistol,P. Linnosvuo,Shooting at the 1964 Summer Olympics – Men's 25 metre rapid fire pistol
Shooting at the 1956 Summer Olympics – Men's trap,A. Ciceri,Shooting at the 1952 Summer Olympics – Men's trap,A. Smelczyński,Shooting at the 1960 Summer Olympics – Men's trap
Shooting at the 1956 Summer Olympics – Men's 50 metre rifle three positions,J. Sundberg,Shooting at the 1952 Summer Olympics – Men's 50 metre rifle three positions,O. Hořínek,Shooting at the 1960 Summer Olympics – Men's 50 metre rifle three positions
"Shooting at the 1956 Summer Olympics – Men's 50 metre rifle, prone",G. Boa,"Shooting at the 1952 Summer Olympics – Men's 50 metre rifle, prone",V. Borisov,"Shooting at the 1960 Summer Olympics – Men's 50 metre rifle, prone"
Shooting at the 1956 Summer Olympics – Men's 50 metre pistol,O. Pinion,Shooting at the 1952 Summer Olympics – Men's 50 metre pistol,M. Umarov,Shooting at the 1960 Summer Olympics – Men's 50 metre pistol
"Shooting at the 1956 Summer Olympics – Men's 300 metre free rifle, three positions",V. Ylönen,"Shooting at the 1952 Summer Olympics – Men's 300 metre free rifle, three positions",A. Erdman,"Shooting at the 1960 Summer Olympics – Men's 300 metre free rifle, three positions"
Shooting at the 1956 Summer Olympics – Men's 25 metre rapid fire pistol,G. Lichiardopol,Shooting at the 1952 Summer Olympics – Men's 25 metre rapid fire pistol,Y. Cherkasov,Shooting at the 1960 Summer Olympics – Men's 25 metre rapid fire pistol
Shooting at the 1956 Summer Olympics – Men's trap,A. Ciceri,Shooting at the 1952 Summer Olympics – Men's trap,A. Smelczyński,Shooting at the 1960 Summer Olympics – Men's trap
Shooting at the 1956 Summer Olympics – Men's 50 metre rifle three positions,J. Sundberg,Shooting at the 1952 Summer Olympics – Men's 50 metre rifle three positions,O. Hořínek,Shooting at the 1960 Summer Olympics – Men's 50 metre rifle three positions
"Shooting at the 1956 Summer Olympics – Men's 50 metre rifle, prone",G. Boa,"Shooting at the 1952 Summer Olympics – Men's 50 metre rifle, prone",V. Borisov,"Shooting at the 1960 Summer Olympics – Men's 50 metre rifle, prone"
Shooting at the 1956 Summer Olympics – Men's 50 metre pistol,O. Pinion,Shooting at the 1952 Summer Olympics – Men's 50 metre pistol,M. Umarov,Shooting at the 1960 Summer Olympics – Men's 50 metre pistol
"Shooting at the 1956 Summer Olympics – Men's 300 metre free rifle, three positions",V. Ylönen,"Shooting at the 1952 Summer Olympics – Men's 300 metre free rifle, three positions",A. Erdman,"Shooting at the 1960 Summer Olympics – Men's 300 metre free rifle, three positions"
Shooting at the 1956 Summer Olympics – Men's 25 metre rapid fire pistol,G. Lichiardopol,Shooting at the 1952 Summer Olympics – Men's 25 metre rapid fire pistol,Y. Cherkasov,Shooting at the 1960 Summer Olympics – Men's 25 metre rapid fire pistol
Shooting at the 1952 Summer Olympics – Men's trap,H. Liljedahl,Shooting at the 1924 Summer Olympics – Men's trap,K. Holmqvist,Shooting at the 1956 Summer Olympics – Men's trap
"Shooting at the 1952 Summer Olympics – Men's 50 metre rifle, prone",A. Jackson,"Shooting at the 1948 Summer Olympics – Men's 50 metre rifle, prone",B. Andreyev,"Shooting at the 1956 Summer Olympics – Men's 50 metre rifle, prone"
Shooting at the 1952 Summer Olympics – Men's 50 metre pistol,A. Balogh,Shooting at the 1948 Summer Olympics – Men's 50 metre pistol,Á. León,Shooting at the 1956 Summer Olympics – Men's 50 metre pistol
"Shooting at the 1952 Summer Olympics – Men's 300 metre free rifle, three positions",L. Vainshtein,"Shooting at the 1948 Summer Olympics – Men's 300 metre free rifle, three positions",R. Bürchler,"Shooting at the 1956 Summer Olympics – Men's 300 metre free rifle, three positions"
Shooting at the 1952 Summer Olympics – Men's 25 metre rapid fire pistol,G. Lichiardopol,Shooting at the 1948 Summer Olympics – Men's 25 metre rapid fire pistol,S. Kun,Shooting at the 1956 Summer Olympics – Men's 25 metre rapid fire pistol
Shooting at the 1952 Summer Olympics – Men's trap,H. Liljedahl,Shooting at the 1924 Summer Olympics – Men's trap,K. Holmqvist,Shooting at the 1956 Summer Olympics – Men's trap
"Shooting at the 1952 Summer Olympics – Men's 50 metre rifle, prone",A. Jackson,"Shooting at the 1948 Summer Olympics – Men's 50 metre rifle, prone",B. Andreyev,"Shooting at the 1956 Summer Olympics – Men's 50 metre rifle, prone"
Shooting at the 1952 Summer Olympics – Men's 50 metre pistol,A. Balogh,Shooting at the 1948 Summer Olympics – Men's 50 metre pistol,Á. León,Shooting at the 1956 Summer Olympics – Men's 50 metre pistol
"Shooting at the 1952 Summer Olympics – Men's 300 metre free rifle, three positions",L. Vainshtein,"Shooting at the 1948 Summer Olympics – Men's 300 metre free rifle, three positions",R. Bürchler,"Shooting at the 1956 Summer Olympics – Men's 300 metre free rifle, three positions"
Shooting at the 1952 Summer Olympics – Men's 25 metre rapid fire pistol,G. Lichiardopol,Shooting at the 1948 Summer Olympics – Men's 25 metre rapid fire pistol,S. Kun,Shooting at the 1956 Summer Olympics – Men's 25 metre rapid fire pistol
"Shooting at the 1948 Summer Olympics – Men's 50 metre rifle, prone",J. Jonsson,"Shooting at the 1936 Summer Olympics – Men's 50 metre rifle, prone",W. Tomsen,"Shooting at the 1952 Summer Olympics – Men's 50 metre rifle, prone"
Shooting at the 1948 Summer Olympics – Men's 50 metre pistol,T. Ullman,Shooting at the 1936 Summer Olympics – Men's 50 metre pistol,R. Schnyder,Shooting at the 1952 Summer Olympics – Men's 50 metre pistol
"Shooting at the 1948 Summer Olympics – Men's 300 metre free rifle, three positions",W. Røgeberg,"Shooting at the 1920 Summer Olympics – Men's 300 metre free rifle, three positions",P. Janhonen,"Shooting at the 1952 Summer Olympics – Men's 300 metre free rifle, three positions"
Shooting at the 1948 Summer Olympics – Men's 25 metre rapid fire pistol,S. Lundquist,Shooting at the 1936 Summer Olympics – Men's 25 metre rapid fire pistol,Carlos Enrique Díaz Sáenz Valiente,Shooting at the 1952 Summer Olympics – Men's 25 metre rapid fire pistol
"Shooting at the 1948 Summer Olympics – Men's 50 metre rifle, prone",J. Jonsson,"Shooting at the 1936 Summer Olympics – Men's 50 metre rifle, prone",W. Tomsen,"Shooting at the 1952 Summer Olympics – Men's 50 metre rifle, prone"
Shooting at the 1948 Summer Olympics – Men's 50 metre pistol,T. Ullman,Shooting at the 1936 Summer Olympics – Men's 50 metre pistol,R. Schnyder,Shooting at the 1952 Summer Olympics – Men's 50 metre pistol
"Shooting at the 1948 Summer Olympics – Men's 300 metre free rifle, three positions",W. Røgeberg,"Shooting at the 1920 Summer Olympics – Men's 300 metre free rifle, three positions",P. Janhonen,"Shooting at the 1952 Summer Olympics – Men's 300 metre free rifle, three positions"
Shooting at the 1948 Summer Olympics – Men's 25 metre rapid fire pistol,S. Lundquist,Shooting at the 1936 Summer Olympics – Men's 25 metre rapid fire pistol,Carlos Enrique Díaz Sáenz Valiente,Shooting at the 1952 Summer Olympics – Men's 25 metre rapid fire pistol
"Shooting at the 1936 Summer Olympics – Men's 50 metre rifle, prone",C. d. Jammonières,"Shooting at the 1932 Summer Olympics – Men's 50 metre rifle, prone",E. Krempel,"Shooting at the 1948 Summer Olympics – Men's 50 metre rifle, prone"
Shooting at the 1936 Summer Olympics – Men's 50 metre pistol,C. d. Jammonières,Shooting at the 1920 Summer Olympics – Men's 50 metre pistol,E. Krempel,Shooting at the 1948 Summer Olympics – Men's 50 metre pistol
Shooting at the 1936 Summer Olympics – Men's 25 metre rapid fire pistol,T. Ullman,Shooting at the 1932 Summer Olympics – Men's 25 metre rapid fire pistol,H. Hax,Shooting at the 1948 Summer Olympics – Men's 25 metre rapid fire pistol
"Shooting at the 1936 Summer Olympics – Men's 50 metre rifle, prone",C. d. Jammonières,"Shooting at the 1932 Summer Olympics – Men's 50 metre rifle, prone",E. Krempel,"Shooting at the 1948 Summer Olympics – Men's 50 metre rifle, prone"
Shooting at the 1936 Summer Olympics – Men's 50 metre pistol,C. d. Jammonières,Shooting at the 1920 Summer Olympics – Men's 50 metre pistol,E. Krempel,Shooting at the 1948 Summer Olympics – Men's 50 metre pistol
Shooting at the 1936 Summer Olympics – Men's 25 metre rapid fire pistol,T. Ullman,Shooting at the 1932 Summer Olympics – Men's 25 metre rapid fire pistol,H. Hax,Shooting at the 1948 Summer Olympics – Men's 25 metre rapid fire pistol
"Shooting at the 1932 Summer Olympics – Men's 50 metre rifle, prone",Z. S. Hradetzky,"Shooting at the 1924 Summer Olympics – Men's 50 metre rifle, prone",G. Huet,"Shooting at the 1936 Summer Olympics – Men's 50 metre rifle, prone"
Shooting at the 1932 Summer Olympics – Men's 25 metre rapid fire pistol,D. Matteucci,Shooting at the 1924 Summer Olympics – Men's 25 metre rapid fire pistol,H. Hax,Shooting at the 1936 Summer Olympics – Men's 25 metre rapid fire pistol
"Shooting at the 1932 Summer Olympics – Men's 50 metre rifle, prone",Z. S. Hradetzky,"Shooting at the 1924 Summer Olympics – Men's 50 metre rifle, prone",G. Huet,"Shooting at the 1936 Summer Olympics – Men's 50 metre rifle, prone"
Shooting at the 1932 Summer Olympics – Men's 25 metre rapid fire pistol,D. Matteucci,Shooting at the 1924 Summer Olympics – Men's 25 metre rapid fire pistol,H. Hax,Shooting at the 1936 Summer Olympics – Men's 25 metre rapid fire pistol
Shooting at the 1924 Summer Olympics – Men's trap,F. Hughes,Shooting at the 1920 Summer Olympics – Men's trap,K. Huber,Shooting at the 1952 Summer Olympics – Men's trap
"Shooting at the 1924 Summer Olympics – Men's 50 metre rifle, prone",J. Hartmann,"Shooting at the 1912 Summer Olympics – Men's 50 metre rifle, prone",M. Dinwiddie,"Shooting at the 1932 Summer Olympics – Men's 50 metre rifle, prone"
Shooting at the 1924 Summer Olympics – Men's 25 metre rapid fire pistol,L. Hannelius,Shooting at the 1920 Summer Olympics – Men's 30 metre military pistol,V. Carlberg,Shooting at the 1932 Summer Olympics – Men's 25 metre rapid fire pistol
Shooting at the 1924 Summer Olympics – Men's trap,F. Hughes,Shooting at the 1920 Summer Olympics – Men's trap,K. Huber,Shooting at the 1952 Summer Olympics – Men's trap
"Shooting at the 1924 Summer Olympics – Men's 50 metre rifle, prone",J. Hartmann,"Shooting at the 1912 Summer Olympics – Men's 50 metre rifle, prone",M. Dinwiddie,"Shooting at the 1932 Summer Olympics – Men's 50 metre rifle, prone"
Shooting at the 1924 Summer Olympics – Men's 25 metre rapid fire pistol,L. Hannelius,Shooting at the 1920 Summer Olympics – Men's 30 metre military pistol,V. Carlberg,Shooting at the 1932 Summer Olympics – Men's 25 metre rapid fire pistol
Shooting at the 1920 Summer Olympics – Men's trap,F. Wright,Shooting at the 1912 Summer Olympics – Men's trap,F. Troeh,Shooting at the 1924 Summer Olympics – Men's trap
Shooting at the 1920 Summer Olympics – Men's team clay pigeons,P. Kinde,"Shooting at the 1912 Summer Olympics – Men's trap, team",É. Dupont,Shooting at the 1924 Summer Olympics – Men's team clay pigeons
Shooting at the 1920 Summer Olympics – Men's 50 metre free pistol,A. Lane,Shooting at the 1912 Summer Olympics – Men's 50 metre pistol,A. d. Costa,Shooting at the 1936 Summer Olympics – Men's 50 metre pistol
Shooting at the 1920 Summer Olympics – Men's 30 metre military pistol,F. Zulauf,Shooting at the 1912 Summer Olympics – Men's 25 metre rapid fire pistol,R. Bracken,Shooting at the 1924 Summer Olympics – Men's 25 metre rapid fire pistol
"Shooting at the 1920 Summer Olympics – Men's 300 metre free rifle, three positions",Ø. Østensen,"Shooting at the 1912 Summer Olympics – Men's 300 metre free rifle, three positions",N. Larsen,"Shooting at the 1948 Summer Olympics – Men's 300 metre free rifle, three positions"
"Shooting at the 1920 Summer Olympics – Men's 100 metre team running deer, single shots",L. Nuesslein,"Shooting at the 1912 Summer Olympics – Men's 100 metre team running deer, single shots",N. Toivonen,"Shooting at the 1924 Summer Olympics – Men's 100 metre team running deer, single shots"
"Shooting at the 1920 Summer Olympics – Men's 100 metre running deer, single shots",H. Natvig,"Shooting at the 1912 Summer Olympics – Men's 100 metre running deer, single shots",A. Swahn,"Shooting at the 1924 Summer Olympics – Men's 100 metre running deer, single shots"
"Shooting at the 1920 Summer Olympics – Men's 100 metre running deer, double shots",E. Liberg,"Shooting at the 1912 Summer Olympics – Men's 100 metre running deer, double shots",F. Landelius,"Shooting at the 1924 Summer Olympics – Men's 100 metre running deer, double shots"
Shooting at the 1920 Summer Olympics – Men's trap,F. Wright,Shooting at the 1912 Summer Olympics – Men's trap,F. Troeh,Shooting at the 1924 Summer Olympics – Men's trap
Shooting at the 1920 Summer Olympics – Men's team clay pigeons,A. Swahn,"Shooting at the 1912 Summer Olympics – Men's trap, team",A. Bosquet,Shooting at the 1924 Summer Olympics – Men's team clay pigeons
Shooting at the 1920 Summer Olympics – Men's 50 metre free pistol,A. Lane,Shooting at the 1912 Summer Olympics – Men's 50 metre pistol,A. d. Costa,Shooting at the 1936 Summer Olympics – Men's 50 metre pistol
Shooting at the 1920 Summer Olympics – Men's 30 metre military pistol,F. Zulauf,Shooting at the 1912 Summer Olympics – Men's 25 metre rapid fire pistol,R. Bracken,Shooting at the 1924 Summer Olympics – Men's 25 metre rapid fire pistol
"Shooting at the 1920 Summer Olympics – Men's 300 metre free rifle, three positions",Ø. Østensen,"Shooting at the 1912 Summer Olympics – Men's 300 metre free rifle, three positions",N. Larsen,"Shooting at the 1948 Summer Olympics – Men's 300 metre free rifle, three positions"
"Shooting at the 1920 Summer Olympics – Men's 100 metre team running deer, single shots",C. Osburn,"Shooting at the 1912 Summer Olympics – Men's 100 metre team running deer, single shots",N. Toivonen,"Shooting at the 1924 Summer Olympics – Men's 100 metre team running deer, single shots"
"Shooting at the 1920 Summer Olympics – Men's 100 metre running deer, single shots",H. Natvig,"Shooting at the 1912 Summer Olympics – Men's 100 metre running deer, single shots",A. Swahn,"Shooting at the 1924 Summer Olympics – Men's 100 metre running deer, single shots"
"Shooting at the 1920 Summer Olympics – Men's 100 metre running deer, double shots",E. Liberg,"Shooting at the 1912 Summer Olympics – Men's 100 metre running deer, double shots",F. Landelius,"Shooting at the 1924 Summer Olympics – Men's 100 metre running deer, double shots"
Shooting at the 1912 Summer Olympics – Men's trap,H. Blau,Shooting at the 1908 Summer Olympics – Men's trap,A. Goeldel,Shooting at the 1920 Summer Olympics – Men's trap
Shooting at the 1912 Summer Olympics – Men's team free rifle,L. J. Madsen,"Shooting at the 1908 Summer Olympics – Men's 300 metre free rifle, team",Ø. Østensen,Shooting at the 1920 Summer Olympics – Men's team free rifle
Shooting at the 1912 Summer Olympics – Men's 50 metre team free pistol,C. Stewart,"Shooting at the 1908 Summer Olympics – Men's 50 yard free pistol, team",V. Carlberg,Shooting at the 1920 Summer Olympics – Men's 50 metre team free pistol
Shooting at the 1912 Summer Olympics – Men's 50 metre pistol,C. Stewart,Shooting at the 1908 Summer Olympics – Men's 50 yard free pistol,P. Dolfen,Shooting at the 1920 Summer Olympics – Men's 50 metre free pistol
"Shooting at the 1912 Summer Olympics – Men's 300 metre free rifle, three positions",N. Larsen,"Shooting at the 1908 Summer Olympics – Men's 300 metre free rifle, three positions",L. J. Madsen,"Shooting at the 1920 Summer Olympics – Men's 300 metre free rifle, three positions"
Shooting at the 1912 Summer Olympics – Men's 25 metre rapid fire pistol,Johan Hübner von Holst,Shooting at the 1900 Summer Olympics – Men's 25 metre rapid fire pistol,P. Palén,Shooting at the 1920 Summer Olympics – Men's 30 metre military pistol
"Shooting at the 1912 Summer Olympics – Men's 100 metre team running deer, single shots",A. Londen,Shooting at the 1908 Summer Olympics – Men's team single-shot running deer,W. Libbey,"Shooting at the 1920 Summer Olympics – Men's 100 metre team running deer, double shots"
"Shooting at the 1912 Summer Olympics – Men's 100 metre running deer, single shots",N. Toivonen,Shooting at the 1908 Summer Olympics – Men's single-shot running deer,Å. Lundeberg,"Shooting at the 1920 Summer Olympics – Men's 100 metre running deer, single shots"
"Shooting at the 1912 Summer Olympics – Men's 100 metre running deer, double shots",O. Swahn,Shooting at the 1908 Summer Olympics – Men's double-shot running deer,E. Benedicks,"Shooting at the 1920 Summer Olympics – Men's 100 metre running deer, double shots"
Shooting at the 1912 Summer Olympics – Men's trap,H. Blau,Shooting at the 1908 Summer Olympics – Men's trap,A. Goeldel,Shooting at the 1920 Summer Olympics – Men's trap
Shooting at the 1912 Summer Olympics – Men's team free rifle,L. J. Madsen,"Shooting at the 1908 Summer Olympics – Men's 300 metre free rifle, team",O. Sæther,Shooting at the 1920 Summer Olympics – Men's team free rifle
Shooting at the 1912 Summer Olympics – Men's 50 metre team free pistol,C. Stewart,"Shooting at the 1908 Summer Olympics – Men's 50 yard free pistol, team",V. Carlberg,Shooting at the 1920 Summer Olympics – Men's 50 metre team free pistol
Shooting at the 1912 Summer Olympics – Men's 50 metre pistol,C. Stewart,Shooting at the 1908 Summer Olympics – Men's 50 yard free pistol,P. Dolfen,Shooting at the 1920 Summer Olympics – Men's 50 metre free pistol
"Shooting at the 1912 Summer Olympics – Men's 300 metre free rifle, three positions",N. Larsen,"Shooting at the 1908 Summer Olympics – Men's 300 metre free rifle, three positions",L. J. Madsen,"Shooting at the 1920 Summer Olympics – Men's 300 metre free rifle, three positions"
Shooting at the 1912 Summer Olympics – Men's 25 metre rapid fire pistol,Johan Hübner von Holst,Shooting at the 1900 Summer Olympics – Men's 25 metre rapid fire pistol,P. Palén,Shooting at the 1920 Summer Olympics – Men's 30 metre military pistol
"Shooting at the 1912 Summer Olympics – Men's 100 metre team running deer, single shots",A. Londen,Shooting at the 1908 Summer Olympics – Men's team single-shot running deer,W. Leushner,"Shooting at the 1920 Summer Olympics – Men's 100 metre team running deer, double shots"
"Shooting at the 1912 Summer Olympics – Men's 100 metre running deer, single shots",N. Toivonen,Shooting at the 1908 Summer Olympics – Men's single-shot running deer,Å. Lundeberg,"Shooting at the 1920 Summer Olympics – Men's 100 metre running deer, single shots"
"Shooting at the 1912 Summer Olympics – Men's 100 metre running deer, double shots",O. Swahn,Shooting at the 1908 Summer Olympics – Men's double-shot running deer,E. Benedicks,"Shooting at the 1920 Summer Olympics – Men's 100 metre running deer, double shots"
Shooting at the 1908 Summer Olympics – Men's trap,A. Maunder,Shooting at the 1900 Summer Olympics – Men's trap,G. Beattie,Shooting at the 1912 Summer Olympics – Men's trap
"Shooting at the 1908 Summer Olympics – Men's 50 yard free pistol, team",G. Coles,"Shooting at the 1900 Summer Olympics – Men's 50 metre free pistol, team",R. Englebert,"Shooting at the 1912 Summer Olympics – Men's 50 metre free pistol, team"
Shooting at the 1908 Summer Olympics – Men's 50 yard free pistol,J. Gorman,Shooting at the 1900 Summer Olympics – Men's 50 metre free pistol,R. Storms,Shooting at the 1912 Summer Olympics – Men's 50 metre pistol
"Shooting at the 1908 Summer Olympics – Men's 300 metre free rifle, three positions",O. Sæther,"Shooting at the 1900 Summer Olympics – Men's 300 metre free rifle, three positions",H. Simon,"Shooting at the 1912 Summer Olympics – Men's 300 metre free rifle, three positions"
"Shooting at the 1908 Summer Olympics – Men's 300 metre free rifle, team",A. Parmentier,"Shooting at the 1900 Summer Olympics – Men's 300 metre free rifle, team",A. Jansson,Shooting at the 1912 Summer Olympics – Men's team free rifle
Shooting at the 1908 Summer Olympics – Men's trap,A. Maunder,Shooting at the 1900 Summer Olympics – Men's trap,G. Beattie,Shooting at the 1912 Summer Olympics – Men's trap
"Shooting at the 1908 Summer Olympics – Men's 50 yard free pistol, team",G. Coles,"Shooting at the 1900 Summer Olympics – Men's 50 metre free pistol, team",R. Storms,"Shooting at the 1912 Summer Olympics – Men's 50 metre free pistol, team"
Shooting at the 1908 Summer Olympics – Men's 50 yard free pistol,J. Gorman,Shooting at the 1900 Summer Olympics – Men's 50 metre free pistol,R. Storms,Shooting at the 1912 Summer Olympics – Men's 50 metre pistol
"Shooting at the 1908 Summer Olympics – Men's 300 metre free rifle, three positions",O. Sæther,"Shooting at the 1900 Summer Olympics – Men's 300 metre free rifle, three positions",H. Simon,"Shooting at the 1912 Summer Olympics – Men's 300 metre free rifle, three positions"
"Shooting at the 1908 Summer Olympics – Men's 300 metre free rifle, team",R. d. Boigne,"Shooting at the 1900 Summer Olympics – Men's 300 metre free rifle, team",G. A. Jonsson,Shooting at the 1912 Summer Olympics – Men's team free rifle
Shooting at the 1900 Summer Olympics – Men's 50 metre free pistol,K. Stäheli,Shooting at the 1896 Summer Olympics - Men's 30 metre free pistol,A. Paroche,Shooting at the 1908 Summer Olympics – Men's 50 yard free pistol
Shooting at the 1900 Summer Olympics – Men's 25 metre rapid fire pistol,E. Balme,Shooting at the 1896 Summer Olympics – Men's 25 metre rapid fire pistol,L. Moreaux,Shooting at the 1912 Summer Olympics – Men's 25 metre rapid fire pistol
Shooting at the 1900 Summer Olympics – Men's 50 metre free pistol,K. Stäheli,Shooting at the 1896 Summer Olympics - Men's 30 metre free pistol,A. Paroche,Shooting at the 1908 Summer Olympics – Men's 50 yard free pistol
Shooting at the 1900 Summer Olympics – Men's 25 metre rapid fire pistol,E. Balme,Shooting at the 1896 Summer Olympics – Men's 25 metre rapid fire pistol,L. Moreaux,Shooting at the 1912 Summer Olympics – Men's 25 metre rapid fire pistol
Sailing at the 2012 Summer Olympics – Women's RS:X,Z. Klepacka,Sailing at the 2008 Summer Olympics – Women's RS:X,T. Petäjä,Sailing at the 2016 Summer Olympics – Women's RS:X
Sailing at the 2012 Summer Olympics – Women's 470,L. Westerhof,Sailing at the 2008 Summer Olympics – Women's 470,S. Clark,Sailing at the 2016 Summer Olympics – Women's 470
Sailing at the 2012 Summer Olympics – Men's RS:X,P. Miarczyński,Sailing at the 2008 Summer Olympics – Men's RS:X,N. Dempsey,Sailing at the 2016 Summer Olympics – Men's RS:X
Sailing at the 2012 Summer Olympics – Men's 470,Juan de la Fuente,Sailing at the 2008 Summer Olympics – Men's 470,L. Patience,Sailing at the 2016 Summer Olympics – Men's 470
Sailing at the 2012 Summer Olympics – Laser Radial,E. V. Acker,Sailing at the 2008 Summer Olympics – Laser Radial,M. Bouwmeester,Sailing at the 2016 Summer Olympics – Laser Radial
Sailing at the 2012 Summer Olympics – Laser,R. Myrgren,Sailing at the 2008 Summer Olympics – Laser,P. Kontides,Sailing at the 2016 Summer Olympics – Laser
Sailing at the 2012 Summer Olympics – Finn,J. Lobert,Sailing at the 2008 Summer Olympics – Finn,J. Høgh-Christensen,Sailing at the 2016 Summer Olympics – Finn
Sailing at the 2012 Summer Olympics – 49er,A. Nørregaard,Sailing at the 2008 Summer Olympics – 49er,B. Tuke,Sailing at the 2016 Summer Olympics – 49er
Sailing at the 2012 Summer Olympics – Women's RS:X,Z. Klepacka,Sailing at the 2008 Summer Olympics – Women's RS:X,T. Petäjä,Sailing at the 2016 Summer Olympics – Women's RS:X
Sailing at the 2012 Summer Olympics – Women's 470,L. Westerhof,Sailing at the 2008 Summer Olympics – Women's 470,S. Clark,Sailing at the 2016 Summer Olympics – Women's 470
Sailing at the 2012 Summer Olympics – Men's RS:X,P. Miarczyński,Sailing at the 2008 Summer Olympics – Men's RS:X,N. Dempsey,Sailing at the 2016 Summer Olympics – Men's RS:X
Sailing at the 2012 Summer Olympics – Men's 470,Juan de la Fuente,Sailing at the 2008 Summer Olympics – Men's 470,L. Patience,Sailing at the 2016 Summer Olympics – Men's 470
Sailing at the 2012 Summer Olympics – Laser Radial,E. V. Acker,Sailing at the 2008 Summer Olympics – Laser Radial,M. Bouwmeester,Sailing at the 2016 Summer Olympics – Laser Radial
Sailing at the 2012 Summer Olympics – Laser,R. Myrgren,Sailing at the 2008 Summer Olympics – Laser,P. Kontides,Sailing at the 2016 Summer Olympics – Laser
Sailing at the 2012 Summer Olympics – Finn,J. Lobert,Sailing at the 2008 Summer Olympics – Finn,J. Høgh-Christensen,Sailing at the 2016 Summer Olympics – Finn
Sailing at the 2012 Summer Olympics – 49er,A. Nørregaard,Sailing at the 2008 Summer Olympics – 49er,B. Tuke,Sailing at the 2016 Summer Olympics – 49er
Sailing at the 2008 Summer Olympics – Women's 470,F. Oliveira,Sailing at the 2004 Summer Olympics – Women's 470,L. Berkhout,Sailing at the 2012 Summer Olympics – Women's 470
Sailing at the 2008 Summer Olympics – Star,A. Ekstrom,Sailing at the 2004 Summer Olympics – Star,R. Scheidt,Sailing at the 2012 Summer Olympics – Star
Sailing at the 2008 Summer Olympics – Men's 470,N. Charbonnier,Sailing at the 2004 Summer Olympics – Men's 470,J. Glanfield,Sailing at the 2012 Summer Olympics – Men's 470
Sailing at the 2008 Summer Olympics – Laser,D. Romero,Sailing at the 2004 Summer Olympics – Laser,V. Žbogar,Sailing at the 2012 Summer Olympics – Laser
Sailing at the 2008 Summer Olympics – Finn,G. Florent,Sailing at the 2004 Summer Olympics – Finn,Z. Railey,Sailing at the 2012 Summer Olympics – Finn
Sailing at the 2008 Summer Olympics – 49er,J. P. Peckolt,Sailing at the 2004 Summer Olympics – 49er,I. Martínez,Sailing at the 2012 Summer Olympics – 49er
Sailing at the 2008 Summer Olympics – Women's 470,F. Oliveira,Sailing at the 2004 Summer Olympics – Women's 470,L. Berkhout,Sailing at the 2012 Summer Olympics – Women's 470
Sailing at the 2008 Summer Olympics – Star,A. Ekstrom,Sailing at the 2004 Summer Olympics – Star,R. Scheidt,Sailing at the 2012 Summer Olympics – Star
Sailing at the 2008 Summer Olympics – Men's 470,N. Charbonnier,Sailing at the 2004 Summer Olympics – Men's 470,J. Glanfield,Sailing at the 2012 Summer Olympics – Men's 470
Sailing at the 2008 Summer Olympics – Laser,D. Romero,Sailing at the 2004 Summer Olympics – Laser,V. Žbogar,Sailing at the 2012 Summer Olympics – Laser
Sailing at the 2008 Summer Olympics – Finn,G. Florent,Sailing at the 2004 Summer Olympics – Finn,Z. Railey,Sailing at the 2012 Summer Olympics – Finn
Sailing at the 2008 Summer Olympics – 49er,H. Peckolt,Sailing at the 2004 Summer Olympics – 49er,I. Martínez,Sailing at the 2012 Summer Olympics – 49er
Sailing at the 2004 Summer Olympics – Women's 470,T. Torgersson,Sailing at the 2000 Summer Olympics – Women's 470,N. V. Dufresne,Sailing at the 2008 Summer Olympics – Women's 470
Sailing at the 2004 Summer Olympics – Tornado,C. Espínola,Sailing at the 2000 Summer Olympics – Tornado,C. Ogletree,Sailing at the 2008 Summer Olympics – Tornado
Sailing at the 2004 Summer Olympics – Star,P. Rambeau,Sailing at the 2000 Summer Olympics – Star,R. MacDonald,Sailing at the 2008 Summer Olympics – Star
Sailing at the 2004 Summer Olympics – Men's 470,K. Seki,Sailing at the 2000 Summer Olympics – Men's 470,N. Rogers,Sailing at the 2008 Summer Olympics – Men's 470
Sailing at the 2004 Summer Olympics – Laser,V. Žbogar,Sailing at the 2000 Summer Olympics – Laser,A. Geritzer,Sailing at the 2008 Summer Olympics – Laser
Sailing at the 2004 Summer Olympics – Finn,M. Kusznierewicz,Sailing at the 2000 Summer Olympics – Finn,R. Trujillo,Sailing at the 2008 Summer Olympics – Finn
Sailing at the 2004 Summer Olympics – 49er,S. Hiscocks,Sailing at the 2000 Summer Olympics – 49er,G. Leonchuk,Sailing at the 2008 Summer Olympics – 49er
Sailing at the 2004 Summer Olympics – Women's 470,T. Torgersson,Sailing at the 2000 Summer Olympics – Women's 470,S. Azón,Sailing at the 2008 Summer Olympics – Women's 470
Sailing at the 2004 Summer Olympics – Tornado,S. Lange,Sailing at the 2000 Summer Olympics – Tornado,C. Ogletree,Sailing at the 2008 Summer Olympics – Tornado
Sailing at the 2004 Summer Olympics – Star,P. Rambeau,Sailing at the 2000 Summer Olympics – Star,R. MacDonald,Sailing at the 2008 Summer Olympics – Star
Sailing at the 2004 Summer Olympics – Men's 470,K. Seki,Sailing at the 2000 Summer Olympics – Men's 470,J. Glanfield,Sailing at the 2008 Summer Olympics – Men's 470
Sailing at the 2004 Summer Olympics – Laser,V. Žbogar,Sailing at the 2000 Summer Olympics – Laser,A. Geritzer,Sailing at the 2008 Summer Olympics – Laser
Sailing at the 2004 Summer Olympics – Finn,M. Kusznierewicz,Sailing at the 2000 Summer Olympics – Finn,R. Trujillo,Sailing at the 2008 Summer Olympics – Finn
Sailing at the 2004 Summer Olympics – 49er,S. Hiscocks,Sailing at the 2000 Summer Olympics – 49er,G. Leonchuk,Sailing at the 2008 Summer Olympics – 49er
Sailing at the 2000 Summer Olympics – Women's Mistral One Design,B. Kendall,Sailing at the 1996 Summer Olympics – Women's Mistral One Design,A. Lux,Sailing at the 2004 Summer Olympics – Women's Mistral One Design
Sailing at the 2000 Summer Olympics – Women's 470,R. Taran,Sailing at the 1996 Summer Olympics – Women's 470,J. J. Isler,Sailing at the 2004 Summer Olympics – Women's 470
Sailing at the 2000 Summer Olympics – Tornado,R. Schwall,Sailing at the 1996 Summer Olympics – Tornado,J. Forbes,Sailing at the 2004 Summer Olympics – Tornado
Sailing at the 2000 Summer Olympics – Star,T. Grael,Sailing at the 1996 Summer Olympics – Star,I. Walker,Sailing at the 2004 Summer Olympics – Star
Sailing at the 2000 Summer Olympics – Men's Mistral One Design,A. McIntosh,Sailing at the 1996 Summer Olympics – Men's Mistral One Design,C. Espínola,Sailing at the 2004 Summer Olympics – Men's Mistral One Design
Sailing at the 2000 Summer Olympics – Men's 470,J. Conte,Sailing at the 1996 Summer Olympics – Men's 470,P. Foerster,Sailing at the 2004 Summer Olympics – Men's 470
Sailing at the 2000 Summer Olympics – Laser,M. Blackburn,Sailing at the 1996 Summer Olympics – Laser,R. Scheidt,Sailing at the 2004 Summer Olympics – Laser
Sailing at the 2000 Summer Olympics – Finn,F. Lööf,Sailing at the 1996 Summer Olympics – Finn,L. Devoti,Sailing at the 2004 Summer Olympics – Finn
Sailing at the 2000 Summer Olympics – Europe,S. Amato,Sailing at the 1996 Summer Olympics – Europe,M. Matthijsse,Sailing at the 2004 Summer Olympics – Europe
Sailing at the 2000 Summer Olympics – Women's Mistral One Design,B. Kendall,Sailing at the 1996 Summer Olympics – Women's Mistral One Design,A. Lux,Sailing at the 2004 Summer Olympics – Women's Mistral One Design
Sailing at the 2000 Summer Olympics – Women's 470,R. Taran,Sailing at the 1996 Summer Olympics – Women's 470,J. J. Isler,Sailing at the 2004 Summer Olympics – Women's 470
Sailing at the 2000 Summer Olympics – Tornado,R. Schwall,Sailing at the 1996 Summer Olympics – Tornado,D. Bundock,Sailing at the 2004 Summer Olympics – Tornado
Sailing at the 2000 Summer Olympics – Star,T. Grael,Sailing at the 1996 Summer Olympics – Star,I. Walker,Sailing at the 2004 Summer Olympics – Star
Sailing at the 2000 Summer Olympics – Men's Mistral One Design,A. McIntosh,Sailing at the 1996 Summer Olympics – Men's Mistral One Design,C. Espínola,Sailing at the 2004 Summer Olympics – Men's Mistral One Design
Sailing at the 2000 Summer Olympics – Men's 470,J. Conte,Sailing at the 1996 Summer Olympics – Men's 470,P. Foerster,Sailing at the 2004 Summer Olympics – Men's 470
Sailing at the 2000 Summer Olympics – Laser,M. Blackburn,Sailing at the 1996 Summer Olympics – Laser,R. Scheidt,Sailing at the 2004 Summer Olympics – Laser
Sailing at the 2000 Summer Olympics – Finn,F. Lööf,Sailing at the 1996 Summer Olympics – Finn,L. Devoti,Sailing at the 2004 Summer Olympics – Finn
Sailing at the 2000 Summer Olympics – Europe,S. Amato,Sailing at the 1996 Summer Olympics – Europe,M. Matthijsse,Sailing at the 2004 Summer Olympics – Europe
Sailing at the 1996 Summer Olympics – Women's 470,R. Taran,Sailing at the 1992 Summer Olympics – Women's 470,A. Kinoshita,Sailing at the 2000 Summer Olympics – Women's 470
Sailing at the 1996 Summer Olympics – Tornado,H. Pellicano,Sailing at the 1992 Summer Olympics – Tornado,A. Landenberger,Sailing at the 2000 Summer Olympics – Tornado
