col0,col1,col2,col3,col4
Sailing at the 1996 Summer Olympics – Star,C. Beashel,Sailing at the 1992 Summer Olympics – Star,B. Lohse,Sailing at the 2000 Summer Olympics – Star
Sailing at the 1996 Summer Olympics – Soling,J. Madrigali,Sailing at the 1992 Summer Olympics – Soling,G. Shayduko,Sailing at the 2000 Summer Olympics – Soling
Sailing at the 1996 Summer Olympics – Men's 470,N. Barreto,Sailing at the 1992 Summer Olympics – Men's 470,I. Walker,Sailing at the 2000 Summer Olympics – Men's 470
Sailing at the 1996 Summer Olympics – Finn,R. Heiner,Sailing at the 1992 Summer Olympics – Finn,S. Godefroid,Sailing at the 2000 Summer Olympics – Finn
Sailing at the 1996 Summer Olympics – Europe,C. Becker-Dey,Sailing at the 1992 Summer Olympics - Europe,M. Matthijsse,Sailing at the 2000 Summer Olympics – Europe
Sailing at the 1996 Summer Olympics – Women's 470,R. Taran,Sailing at the 1992 Summer Olympics – Women's 470,A. Kinoshita,Sailing at the 2000 Summer Olympics – Women's 470
Sailing at the 1996 Summer Olympics – Tornado,H. Pellicano,Sailing at the 1992 Summer Olympics – Tornado,A. Landenberger,Sailing at the 2000 Summer Olympics – Tornado
Sailing at the 1996 Summer Olympics – Star,C. Beashel,Sailing at the 1992 Summer Olympics – Star,B. Lohse,Sailing at the 2000 Summer Olympics – Star
Sailing at the 1996 Summer Olympics – Soling,K. Massey,Sailing at the 1992 Summer Olympics – Soling,I. Skalin,Sailing at the 2000 Summer Olympics – Soling
Sailing at the 1996 Summer Olympics – Men's 470,N. Barreto,Sailing at the 1992 Summer Olympics – Men's 470,I. Walker,Sailing at the 2000 Summer Olympics – Men's 470
Sailing at the 1996 Summer Olympics – Finn,R. Heiner,Sailing at the 1992 Summer Olympics – Finn,S. Godefroid,Sailing at the 2000 Summer Olympics – Finn
Sailing at the 1996 Summer Olympics – Europe,C. Becker-Dey,Sailing at the 1992 Summer Olympics - Europe,M. Matthijsse,Sailing at the 2000 Summer Olympics – Europe
Sailing at the 1992 Summer Olympics – Women's 470,P. Healy,Sailing at the 1988 Summer Olympics – Women's 470,J. Shearer,Sailing at the 1996 Summer Olympics – Women's 470
Sailing at the 1992 Summer Olympics – Tornado,J. Forbes,Sailing at the 1988 Summer Olympics – Tornado,K. Notary,Sailing at the 1996 Summer Olympics – Tornado
Sailing at the 1992 Summer Olympics – Star,E. Jespersen,Sailing at the 1988 Summer Olympics – Star,R. Davis,Sailing at the 1996 Summer Olympics – Star
Sailing at the 1992 Summer Olympics – Soling,L. Smith,Sailing at the 1988 Summer Olympics – Soling,K. Mahaney,Sailing at the 1996 Summer Olympics – Soling
Sailing at the 1992 Summer Olympics – Men's 470,T. Toniste,Sailing at the 1988 Summer Olympics – Men's 470,M. Reeser,Sailing at the 1996 Summer Olympics – Men's 470
Sailing at the 1992 Summer Olympics – Finn,C. Monk,Sailing at the 1988 Summer Olympics – Finn,B. Ledbetter,Sailing at the 1996 Summer Olympics – Finn
Sailing at the 1992 Summer Olympics – Women's 470,P. Healy,Sailing at the 1988 Summer Olympics – Women's 470,J. Shearer,Sailing at the 1996 Summer Olympics – Women's 470
Sailing at the 1992 Summer Olympics – Tornado,J. Forbes,Sailing at the 1988 Summer Olympics – Tornado,K. Notary,Sailing at the 1996 Summer Olympics – Tornado
Sailing at the 1992 Summer Olympics – Star,E. Jespersen,Sailing at the 1988 Summer Olympics – Star,R. Davis,Sailing at the 1996 Summer Olympics – Star
Sailing at the 1992 Summer Olympics – Soling,L. Smith,Sailing at the 1988 Summer Olympics – Soling,K. Mahaney,Sailing at the 1996 Summer Olympics – Soling
Sailing at the 1992 Summer Olympics – Men's 470,T. Toniste,Sailing at the 1988 Summer Olympics – Men's 470,K. Burnham,Sailing at the 1996 Summer Olympics – Men's 470
Sailing at the 1992 Summer Olympics – Finn,C. Monk,Sailing at the 1988 Summer Olympics – Finn,B. Ledbetter,Sailing at the 1996 Summer Olympics – Finn
Sailing at the 1988 Summer Olympics – Women's 470,L. Moskalenko,Sailing at the 1984 Summer Olympics – 470,M. Söderström,Sailing at the 1992 Summer Olympics – Women's 470
Sailing at the 1988 Summer Olympics – Tornado,L. Grael,Sailing at the 1984 Summer Olympics – Tornado,C. Timms,Sailing at the 1992 Summer Olympics – Tornado
Sailing at the 1988 Summer Olympics – Star,T. Grael,Sailing at the 1984 Summer Olympics – Star,M. Reynolds,Sailing at the 1992 Summer Olympics – Star
Sailing at the 1988 Summer Olympics – Soling,J. Bank,Sailing at the 1984 Summer Olympics – Soling,J. Kostecki,Sailing at the 1992 Summer Olympics – Soling
Sailing at the 1988 Summer Olympics – Men's 470,J. Shadden,Sailing at the 1984 Summer Olympics – 470,T. Tõniste,Sailing at the 1992 Summer Olympics – Men's 470
Sailing at the 1988 Summer Olympics – Flying Dutchman,F. McLaughlin,Sailing at the 1984 Summer Olympics – Flying Dutchman,O. P. Pollen,Sailing at the 1992 Summer Olympics – Flying Dutchman
Sailing at the 1988 Summer Olympics – Finn,J. Cutler,Sailing at the 1984 Summer Olympics – Finn,P. Holmberg,Sailing at the 1992 Summer Olympics – Finn
Sailing at the 1988 Summer Olympics – Women's 470,L. Moskalenko,Sailing at the 1984 Summer Olympics – 470,M. Söderström,Sailing at the 1992 Summer Olympics – Women's 470
Sailing at the 1988 Summer Olympics – Tornado,L. Grael,Sailing at the 1984 Summer Olympics – Tornado,C. Timms,Sailing at the 1992 Summer Olympics – Tornado
Sailing at the 1988 Summer Olympics – Star,T. Grael,Sailing at the 1984 Summer Olympics – Star,M. Reynolds,Sailing at the 1992 Summer Olympics – Star
