col0,col1,col2,col3,col4
Rowing at the 1936 Summer Olympics – Men's single sculls,D. Barrow,Rowing at the 1932 Summer Olympics – Men's single sculls,J. Hasenöhrl,Rowing at the 1948 Summer Olympics – Men's single sculls
Rowing at the 1936 Summer Olympics – Men's double sculls,R. Verey,Rowing at the 1932 Summer Olympics – Men's double sculls,J. Pirsch,Rowing at the 1948 Summer Olympics – Men's double sculls
Rowing at the 1936 Summer Olympics – Men's coxless pair,H. Podestá,Rowing at the 1932 Summer Olympics – Men's coxless pair,H. Larsen,Rowing at the 1948 Summer Olympics – Men's coxless pair
Rowing at the 1936 Summer Olympics – Men's coxless four,H. Betschart,Rowing at the 1932 Summer Olympics – Men's coxless four,P. Jackson,Rowing at the 1948 Summer Olympics – Men's coxless four
Rowing at the 1936 Summer Olympics – Men's single sculls,D. Barrow,Rowing at the 1932 Summer Olympics – Men's single sculls,J. Hasenöhrl,Rowing at the 1948 Summer Olympics – Men's single sculls
Rowing at the 1936 Summer Olympics – Men's double sculls,R. Verey,Rowing at the 1932 Summer Olympics – Men's double sculls,J. Pirsch,Rowing at the 1948 Summer Olympics – Men's double sculls
Rowing at the 1936 Summer Olympics – Men's coxless pair,J. Curatella,Rowing at the 1932 Summer Olympics – Men's coxless pair,H. Larsen,Rowing at the 1948 Summer Olympics – Men's coxless pair
Rowing at the 1936 Summer Olympics – Men's coxless four,H. Homberger,Rowing at the 1932 Summer Olympics – Men's coxless four,J. Sturrock,Rowing at the 1948 Summer Olympics – Men's coxless four
Rowing at the 1932 Summer Olympics – Men's single sculls,G. Douglas,Rowing at the 1928 Summer Olympics – Men's single sculls,W. Miller,Rowing at the 1936 Summer Olympics – Men's single sculls
Rowing at the 1932 Summer Olympics – Men's eight,D. Boal,Rowing at the 1928 Summer Olympics – Men's eight,V. Cioni,Rowing at the 1936 Summer Olympics – Men's eight
Rowing at the 1932 Summer Olympics – Men's double sculls,C. Pratt,Rowing at the 1928 Summer Olympics – Men's double sculls,G. Boetzelen,Rowing at the 1936 Summer Olympics – Men's double sculls
Rowing at the 1932 Summer Olympics – Men's coxless pair,H. Budziński,Rowing at the 1928 Summer Olympics – Men's coxless pair,C. Stiles,Rowing at the 1936 Summer Olympics – Men's coxless pair
Rowing at the 1932 Summer Olympics – Men's coxless four,A. Ghiardello,Rowing at the 1928 Summer Olympics – Men's coxless four,H. Maier,Rowing at the 1936 Summer Olympics – Men's coxless four
Rowing at the 1932 Summer Olympics – Men's coxed pair,A. Brusa,Rowing at the 1928 Summer Olympics – Men's coxed pair,J. Ślązak,Rowing at the 1936 Summer Olympics – Men's coxed pair
Rowing at the 1932 Summer Olympics – Men's coxed four,E. Kobyliński,Rowing at the 1928 Summer Olympics – Men's coxed four,G. Scher,Rowing at the 1936 Summer Olympics – Men's coxed four
Rowing at the 1932 Summer Olympics – Men's single sculls,G. Douglas,Rowing at the 1928 Summer Olympics – Men's single sculls,W. Miller,Rowing at the 1936 Summer Olympics – Men's single sculls
Rowing at the 1932 Summer Olympics – Men's eight,A. Taylor,Rowing at the 1928 Summer Olympics – Men's eight,C. Milani,Rowing at the 1936 Summer Olympics – Men's eight
Rowing at the 1932 Summer Olympics – Men's double sculls,N. d. Mille,Rowing at the 1928 Summer Olympics – Men's double sculls,G. Boetzelen,Rowing at the 1936 Summer Olympics – Men's double sculls
Rowing at the 1932 Summer Olympics – Men's coxless pair,H. Budziński,Rowing at the 1928 Summer Olympics – Men's coxless pair,C. Stiles,Rowing at the 1936 Summer Olympics – Men's coxless pair
Rowing at the 1932 Summer Olympics – Men's coxless four,A. Ghiardello,Rowing at the 1928 Summer Olympics – Men's coxless four,E. Gaber,Rowing at the 1936 Summer Olympics – Men's coxless four
Rowing at the 1932 Summer Olympics – Men's coxed pair,A. Giriat,Rowing at the 1928 Summer Olympics – Men's coxed pair,J. Braun,Rowing at the 1936 Summer Olympics – Men's coxed pair
Rowing at the 1932 Summer Olympics – Men's coxed four,J. Skolimowski,Rowing at the 1928 Summer Olympics – Men's coxed four,G. Scher,Rowing at the 1936 Summer Olympics – Men's coxed four
Rowing at the 1928 Summer Olympics – Men's single sculls,T. Collet,Rowing at the 1924 Summer Olympics – Men's single sculls,K. Myers,Rowing at the 1932 Summer Olympics – Men's single sculls
Rowing at the 1928 Summer Olympics – Men's eight,E. Norris,Rowing at the 1924 Summer Olympics – Men's eight,A. Sulley,Rowing at the 1932 Summer Olympics – Men's eight
Rowing at the 1928 Summer Olympics – Men's double sculls,L. Losert,Rowing at the 1924 Summer Olympics – Men's double sculls,J. W. Jr.,Rowing at the 1932 Summer Olympics – Men's double sculls
Rowing at the 1928 Summer Olympics – Men's coxless pair,J. Schmitt,Rowing at the 1924 Summer Olympics – Men's coxless pair,R. Nisbet,Rowing at the 1932 Summer Olympics – Men's coxless pair
Rowing at the 1928 Summer Olympics – Men's coxless four,C. Rossi,Rowing at the 1924 Summer Olympics – Men's coxless four,W. Miller,Rowing at the 1932 Summer Olympics – Men's coxless four
Rowing at the 1928 Summer Olympics – Men's coxed pair,F. d. Coninck,Rowing at the 1924 Summer Olympics – Men's coxed pair,E. Marcelle,Rowing at the 1932 Summer Olympics – Men's coxed pair
Rowing at the 1928 Summer Olympics – Men's coxed four,B. Ormanowski,Rowing at the 1924 Summer Olympics – Men's coxed four,O. Bucher,Rowing at the 1932 Summer Olympics – Men's coxed four
Rowing at the 1928 Summer Olympics – Men's single sculls,T. Collet,Rowing at the 1924 Summer Olympics – Men's single sculls,K. Myers,Rowing at the 1932 Summer Olympics – Men's single sculls
Rowing at the 1928 Summer Olympics – Men's eight,A. Meech,Rowing at the 1924 Summer Olympics – Men's eight,G. O. Nickalls,Rowing at the 1932 Summer Olympics – Men's eight
Rowing at the 1928 Summer Olympics – Men's double sculls,L. Losert,Rowing at the 1924 Summer Olympics – Men's double sculls,J. Guest,Rowing at the 1932 Summer Olympics – Men's double sculls
Rowing at the 1928 Summer Olympics – Men's coxless pair,J. Schmitt,Rowing at the 1924 Summer Olympics – Men's coxless pair,R. Nisbet,Rowing at the 1932 Summer Olympics – Men's coxless pair
Rowing at the 1928 Summer Olympics – Men's coxless four,C. Rossi,Rowing at the 1924 Summer Olympics – Men's coxless four,W. Miller,Rowing at the 1932 Summer Olympics – Men's coxless four
Rowing at the 1928 Summer Olympics – Men's coxed pair,F. d. Coninck,Rowing at the 1924 Summer Olympics – Men's coxed pair,E. Marcelle,Rowing at the 1932 Summer Olympics – Men's coxed pair
Rowing at the 1928 Summer Olympics – Men's coxed four,B. Drewek,Rowing at the 1924 Summer Olympics – Men's coxed four,E. Haas,Rowing at the 1932 Summer Olympics – Men's coxed four
Rowing at the 1924 Summer Olympics – Men's single sculls,J. Schneider,Rowing at the 1920 Summer Olympics – Men's single sculls,W. Gilmore,Rowing at the 1928 Summer Olympics – Men's single sculls
Rowing at the 1924 Summer Olympics – Men's eight,B. Sorić,Rowing at the 1920 Summer Olympics – Men's eight,R. Hunter,Rowing at the 1928 Summer Olympics – Men's eight
Rowing at the 1924 Summer Olympics – Men's double sculls,H. Thoma,Rowing at the 1920 Summer Olympics – Men's double sculls,J. Stock,Rowing at the 1928 Summer Olympics – Men's double sculls
Rowing at the 1924 Summer Olympics – Men's coxless four,A. Probst,Rowing at the 1908 Summer Olympics – Men's coxless four,G. MacKay,Rowing at the 1928 Summer Olympics – Men's coxless four
Rowing at the 1924 Summer Olympics – Men's coxed pair,H. Wilson,Rowing at the 1920 Summer Olympics – Men's coxed pair,G. Sopracordevole,Rowing at the 1928 Summer Olympics – Men's coxed pair
Rowing at the 1924 Summer Olympics – Men's coxed four,J. Kennedy,Rowing at the 1920 Summer Olympics – Men's coxed four,E. Barberolle,Rowing at the 1928 Summer Olympics – Men's coxed four
Rowing at the 1924 Summer Olympics – Men's single sculls,J. Schneider,Rowing at the 1920 Summer Olympics – Men's single sculls,W. Gilmore,Rowing at the 1928 Summer Olympics – Men's single sculls
Rowing at the 1924 Summer Olympics – Men's eight,G. Crivelli,Rowing at the 1920 Summer Olympics – Men's eight,W. Snyder,Rowing at the 1928 Summer Olympics – Men's eight
Rowing at the 1924 Summer Olympics – Men's double sculls,H. Thoma,Rowing at the 1920 Summer Olympics – Men's double sculls,J. Stock,Rowing at the 1928 Summer Olympics – Men's double sculls
Rowing at the 1924 Summer Olympics – Men's coxless four,A. Probst,Rowing at the 1908 Summer Olympics – Men's coxless four,G. MacKay,Rowing at the 1928 Summer Olympics – Men's coxless four
Rowing at the 1924 Summer Olympics – Men's coxed pair,E. Jennings,Rowing at the 1920 Summer Olympics – Men's coxed pair,E. Olgeni,Rowing at the 1928 Summer Olympics – Men's coxed pair
Rowing at the 1924 Summer Olympics – Men's coxed four,J. Kennedy,Rowing at the 1920 Summer Olympics – Men's coxed four,E. Barberolle,Rowing at the 1928 Summer Olympics – Men's coxed four
Rowing at the 1920 Summer Olympics – Men's single sculls,D. Hadfield,Rowing at the 1912 Summer Olympics – Men's single sculls,J. Beresford,Rowing at the 1924 Summer Olympics – Men's single sculls
Rowing at the 1920 Summer Olympics – Men's eight,A. Nilsen,Rowing at the 1912 Summer Olympics – Men's eight,"Walter James, 4th Baron Northbourne",Rowing at the 1924 Summer Olympics – Men's eight
Rowing at the 1920 Summer Olympics – Men's double sculls,A. Plé,Rowing at the 1904 Summer Olympics – Men's double sculls,E. Dones,Rowing at the 1924 Summer Olympics – Men's double sculls
Rowing at the 1920 Summer Olympics – Men's coxed pair,P. Piaget,Rowing at the 1900 Summer Olympics – Men's coxed pair,G. Poix,Rowing at the 1924 Summer Olympics – Men's coxed pair
Rowing at the 1920 Summer Olympics – Men's coxed four,B. Var,Rowing at the 1912 Summer Olympics – Men's coxed four,S. Clark,Rowing at the 1924 Summer Olympics – Men's coxed four
Rowing at the 1920 Summer Olympics – Men's single sculls,D. Hadfield,Rowing at the 1912 Summer Olympics – Men's single sculls,J. Beresford,Rowing at the 1924 Summer Olympics – Men's single sculls
Rowing at the 1920 Summer Olympics – Men's eight,C. Olsen,Rowing at the 1912 Summer Olympics – Men's eight,R. Shove,Rowing at the 1924 Summer Olympics – Men's eight
Rowing at the 1920 Summer Olympics – Men's double sculls,A. Plé,Rowing at the 1904 Summer Olympics – Men's double sculls,E. Dones,Rowing at the 1924 Summer Olympics – Men's double sculls
Rowing at the 1920 Summer Olympics – Men's coxed pair,P. Piaget,Rowing at the 1900 Summer Olympics – Men's coxed pair,E. Barberolle,Rowing at the 1924 Summer Olympics – Men's coxed pair
Rowing at the 1920 Summer Olympics – Men's coxed four,P. Gulbrandsen,Rowing at the 1912 Summer Olympics – Men's coxed four,E. Federschmidt,Rowing at the 1924 Summer Olympics – Men's coxed four
Rowing at the 1912 Summer Olympics – Men's single sculls,E. Butler,Rowing at the 1908 Summer Olympics – Men's single sculls,P. Veirman,Rowing at the 1920 Summer Olympics – Men's single sculls
Rowing at the 1908 Summer Olympics – Men's single sculls,B. v. Gaza,Rowing at the 1904 Summer Olympics – Men's single sculls,A. McCulloch,Rowing at the 1912 Summer Olympics – Men's single sculls
Rowing at the 1908 Summer Olympics – Men's eight,A. R. Club,Rowing at the 1904 Summer Olympics – Men's eight,Royal Club Nautique de Gand,Rowing at the 1912 Summer Olympics – Men's eight
Rowing at the 1908 Summer Olympics – Men's coxless pair,F. Toms,Rowing at the 1904 Summer Olympics – Men's coxless pair,G. E. Fairbairn,Rowing at the 1924 Summer Olympics – Men's coxless pair
Rowing at the 1908 Summer Olympics – Men's coxless four,B. Gale,Rowing at the 1904 Summer Olympics – Men's coxless four,G. Thomson,Rowing at the 1924 Summer Olympics – Men's coxless four
Rowing at the 1908 Summer Olympics – Men's single sculls,B. v. Gaza,Rowing at the 1904 Summer Olympics – Men's single sculls,A. McCulloch,Rowing at the 1912 Summer Olympics – Men's single sculls
Rowing at the 1908 Summer Olympics – Men's eight,A. R. Club,Rowing at the 1904 Summer Olympics – Men's eight,Royal Club Nautique de Gand,Rowing at the 1912 Summer Olympics – Men's eight
Rowing at the 1908 Summer Olympics – Men's coxless pair,F. Toms,Rowing at the 1904 Summer Olympics – Men's coxless pair,G. E. Fairbairn,Rowing at the 1924 Summer Olympics – Men's coxless pair
Rowing at the 1908 Summer Olympics – Men's coxless four,B. Gale,Rowing at the 1904 Summer Olympics – Men's coxless four,G. Thomson,Rowing at the 1924 Summer Olympics – Men's coxless four
