col0,col1,col2,col3,col4,col5,col6,col7
Austria at the 2004 Summer Olympics,R. Hagara,2004 Summer,1,74,27,4,2
Austria at the 2002 Winter Olympics,Luge,2002 Winter,10,90,10,4,3
Austria at the 1998 Winter Olympics,E. Hunyady,1998 Winter,9,96,8,5,3
Austria at the 1996 Summer Olympics,H. Raudaschl,1996 Summer,2,16,57,1,0
Austria at the 1994 Winter Olympics,A. Wachter,1994 Winter,4,80,9,3,2
Austria at the 1992 Winter Olympics,A. Neuner,1992 Winter,8,58,4,7,6
Austria at the 1992 Summer Olympics,E. Theurer,1992 Summer,0,31,41,2,0
Austria at the 1988 Winter Olympics,L. Stock,1988 Winter,2,81,6,5,3
Austria at the 1988 Summer Olympics,H. Raudaschl,1988 Summer,0,7,29,0,1
Austria at the 1984 Summer Olympics,H. Raudaschl,1984 Summer,1,31,22,1,1
Austria at the 1980 Winter Olympics,A. Moser-Pröll,1980 Winter,2,43,4,2,3
Austria at the 1980 Summer Olympics,K. Ferstl,1980 Summer,1,19,21,2,1
Austria at the 1976 Winter Olympics,F. Klammer,1976 Winter,2,77,7,2,2
Austria at the 1976 Summer Olympics,G. Pfaff,1976 Summer,1,6,37,0,0
Austria at the 1972 Winter Olympics,M. Schmid,1972 Winter,2,40,9,2,1
Austria at the 1972 Summer Olympics,H. Raudaschl,1972 Summer,2,14,31,1,0
Austria at the 1968 Winter Olympics,E. Danzer,1968 Winter,4,76,5,4,3
Austria at the 1968 Summer Olympics,R. Losert,1968 Summer,2,8,32,2,0
Austria at the 1964 Winter Olympics,R. Heitzer,1964 Winter,3,83,2,5,4
Austria at the 1960 Summer Olympics,H. Wiedermann,1960 Summer,0,21,18,1,1
Austria at the 1956 Winter Olympics,T. Sailer,1956 Winter,4,60,2,3,4
Austria at the 1956 Summer Olympics,F. Wimmer,1956 Summer,2,29,34,0,0
Austria at the 1952 Winter Olympics,S. Bradl,1952 Winter,2,39,5,4,2
Australia at the 2016 Summer Olympics,A. Meares,2016 Summer,10,421,10,11,8
Australia at the 2014 Winter Olympics,D. Morris,2014 Winter,1,60,24,2,0
Australia at the 2012 Summer Olympics,L. Jackson,2012 Summer,12,410,8,15,8
Australia at the 2008 Summer Olympics,J. Tomkins,2008 Summer,17,433,6,15,14
Australia at the 2006 Winter Olympics,D. Begg-Smith,2006 Winter,1,40,17,0,1
