col0,col1,col2,col3,col4,col5,col6,col7
Australia at the 2004 Summer Olympics,P. Thomas,2004 Summer,17,470,4,16,17
Australia at the 2002 Winter Olympics,S. Bradbury,2002 Winter,0,27,15,0,2
Australia at the 2000 Summer Olympics,A. Gaze,2000 Summer,17,628,4,25,16
Australia at the 1998 Winter Olympics,R. Nizielski,1998 Winter,1,24,22,0,0
Australia at the 1996 Summer Olympics,M. McKay,1996 Summer,23,417,7,9,9
Australia at the 1994 Winter Olympics,K. Marshall,1994 Winter,1,25,22,0,0
Australia at the 1992 Summer Olympics,K. Perkins,1992 Summer,11,279,10,9,7
Australia at the 1988 Summer Olympics,D. Flintoff-King,1988 Summer,5,72,15,6,3
Australia at the 1984 Summer Olympics,D. Lukin,1984 Summer,12,242,14,8,4
Australia at the 1980 Summer Olympics,M. Metzker,1980 Summer,5,28,15,2,2
Australia at the 1976 Summer Olympics,R. Boyle,1976 Summer,4,180,32,1,0
Australia at the 1972 Summer Olympics,M. Wenden,1972 Summer,2,168,6,7,8
Australia at the 1968 Summer Olympics,B. Roycroft,1968 Summer,5,128,9,7,5
Australia at the 1964 Summer Olympics,D. Fraser,1964 Summer,10,243,8,2,6
Australia at the 1956 Summer Olympics,M. Wood,1956 Summer,14,294,3,8,13
Australia at the 1952 Summer Olympics,M. Wood,1952 Summer,3,81,9,2,6
Australia at the 1936 Summer Olympics,D. Gray,1936 Summer,1,32,30,0,0
Australia at the 1932 Summer Olympics,A. Charlton,1932 Summer,1,13,10,1,3
Australia at the 1928 Summer Olympics,B. Pearce,1928 Summer,1,18,19,2,1
Australia at the 1924 Summer Olympics,E. C. Sr.,1924 Summer,2,35,11,1,3
