col0,col1,col2,col3
Wrestling at the 1912 Summer Olympics – Men's Greco-Roman middleweight,A. Asikainen,Wrestling at the 1920 Summer Olympics – Men's Greco-Roman middleweight,M. Klein
Wrestling at the 1912 Summer Olympics – Men's Greco-Roman lightweight,E. Mattiasson,Wrestling at the 1920 Summer Olympics – Men's Greco-Roman lightweight,G. Malmström
Wrestling at the 1912 Summer Olympics – Men's Greco-Roman light heavyweight,B. Varga,Wrestling at the 1920 Summer Olympics – Men's Greco-Roman light heavyweight,A. Ahlgren
Wrestling at the 1912 Summer Olympics – Men's Greco-Roman heavyweight,S. M. Jensen,Wrestling at the 1920 Summer Olympics – Men's Greco-Roman heavyweight,J. Olin
Wrestling at the 1912 Summer Olympics – Men's Greco-Roman featherweight,O. Lasanen,Wrestling at the 1920 Summer Olympics – Men's Greco-Roman featherweight,G. Gerstäcker
Wrestling at the 1908 Summer Olympics – Men's freestyle middleweight,F. Beck,Wrestling at the 1920 Summer Olympics – Men's freestyle middleweight,G. d. Relwyskow
Wrestling at the 1908 Summer Olympics – Men's freestyle lightweight,A. Gingell,Wrestling at the 1920 Summer Olympics – Men's freestyle lightweight,W. Wood
Wrestling at the 1908 Summer Olympics – Men's freestyle heavyweight,E. Barrett,Wrestling at the 1920 Summer Olympics – Men's freestyle heavyweight,J. Gundersen
Wrestling at the 1908 Summer Olympics – Men's freestyle featherweight,W. McKie,Wrestling at the 1920 Summer Olympics – Men's freestyle featherweight,J. Slim
Wrestling at the 1908 Summer Olympics – Men's freestyle bantamweight,A. Coté,Wrestling at the 1924 Summer Olympics – Men's freestyle bantamweight,W. Press
Wrestling at the 1908 Summer Olympics – Men's Greco-Roman super heavyweight,S. M. Jensen,Wrestling at the 1972 Summer Olympics – Men's Greco-Roman +100 kg,A. Petrov
Wrestling at the 1908 Summer Olympics – Men's Greco-Roman middleweight,A. Andersen,Wrestling at the 1912 Summer Olympics – Men's Greco-Roman middleweight,M. Andersson
Wrestling at the 1908 Summer Olympics – Men's Greco-Roman lightweight,A. Lindén,Wrestling at the 1912 Summer Olympics – Men's Greco-Roman lightweight,N. Orlov
Wrestling at the 1908 Summer Olympics – Men's Greco-Roman light heavyweight,C. Jensen,Wrestling at the 1912 Summer Olympics – Men's Greco-Roman light heavyweight,Y. Saarela
Wrestling at the 1908 Summer Olympics – Men's freestyle middleweight,F. Beck,Wrestling at the 1920 Summer Olympics – Men's freestyle middleweight,G. d. Relwyskow
Wrestling at the 1908 Summer Olympics – Men's freestyle lightweight,A. Gingell,Wrestling at the 1920 Summer Olympics – Men's freestyle lightweight,W. Wood
Wrestling at the 1908 Summer Olympics – Men's freestyle heavyweight,E. Barrett,Wrestling at the 1920 Summer Olympics – Men's freestyle heavyweight,J. Gundersen
Wrestling at the 1908 Summer Olympics – Men's freestyle featherweight,W. McKie,Wrestling at the 1920 Summer Olympics – Men's freestyle featherweight,J. Slim
Wrestling at the 1908 Summer Olympics – Men's freestyle bantamweight,A. Coté,Wrestling at the 1924 Summer Olympics – Men's freestyle bantamweight,W. Press
Wrestling at the 1908 Summer Olympics – Men's Greco-Roman super heavyweight,S. M. Jensen,Wrestling at the 1972 Summer Olympics – Men's Greco-Roman +100 kg,A. Petrov
Wrestling at the 1908 Summer Olympics – Men's Greco-Roman middleweight,A. Andersen,Wrestling at the 1912 Summer Olympics – Men's Greco-Roman middleweight,M. Andersson
Wrestling at the 1908 Summer Olympics – Men's Greco-Roman lightweight,A. Lindén,Wrestling at the 1912 Summer Olympics – Men's Greco-Roman lightweight,N. Orlov
Wrestling at the 1908 Summer Olympics – Men's Greco-Roman light heavyweight,C. Jensen,Wrestling at the 1912 Summer Olympics – Men's Greco-Roman light heavyweight,Y. Saarela
Wrestling at the 1904 Summer Olympics – Men's freestyle welterweight,J. Winholtz,Wrestling at the 1924 Summer Olympics – Men's freestyle welterweight,W. Beckmann
Wrestling at the 1904 Summer Olympics – Men's freestyle lightweight,A. Zirkel,Wrestling at the 1908 Summer Olympics – Men's freestyle lightweight,R. Tesing
Wrestling at the 1904 Summer Olympics – Men's freestyle heavyweight,F. Warmbold,Wrestling at the 1908 Summer Olympics – Men's freestyle heavyweight,F. Kugler
Wrestling at the 1904 Summer Olympics – Men's freestyle featherweight,C. Clapper,Wrestling at the 1908 Summer Olympics – Men's freestyle featherweight,T. McLear
Wrestling at the 1904 Summer Olympics – Men's freestyle bantamweight,L. Strebler,Wrestling at the 1908 Summer Olympics – Men's freestyle bantamweight,A. Wester
Wrestling at the 1904 Summer Olympics – Men's freestyle welterweight,J. Winholtz,Wrestling at the 1924 Summer Olympics – Men's freestyle welterweight,W. Beckmann
Wrestling at the 1904 Summer Olympics – Men's freestyle lightweight,A. Zirkel,Wrestling at the 1908 Summer Olympics – Men's freestyle lightweight,R. Tesing
Wrestling at the 1904 Summer Olympics – Men's freestyle heavyweight,F. Warmbold,Wrestling at the 1908 Summer Olympics – Men's freestyle heavyweight,F. Kugler
Wrestling at the 1904 Summer Olympics – Men's freestyle featherweight,C. Clapper,Wrestling at the 1908 Summer Olympics – Men's freestyle featherweight,T. McLear
Wrestling at the 1904 Summer Olympics – Men's freestyle bantamweight,L. Strebler,Wrestling at the 1908 Summer Olympics – Men's freestyle bantamweight,A. Wester
Weightlifting at the 2012 Summer Olympics – Women's 75 kg,I. Kulesha,Weightlifting at the 2016 Summer Olympics – Women's 75 kg,N. Zabolotnaya
Weightlifting at the 2012 Summer Olympics – Women's 69 kg,M. Shkermankova,Weightlifting at the 2016 Summer Olympics – Women's 69 kg,R. Cocoș
Weightlifting at the 2012 Summer Olympics – Women's 63 kg,C. Girard,Weightlifting at the 2016 Summer Olympics – Women's 63 kg,S. Tsarukayeva
Weightlifting at the 2012 Summer Olympics – Women's 58 kg,S. Gulnoi,Weightlifting at the 2016 Summer Olympics – Women's 58 kg,P. Sirikaew
Weightlifting at the 2012 Summer Olympics – Women's 53 kg,C. Iovu,Weightlifting at the 2016 Summer Olympics – Women's 53 kg,H. Shu-ching
Weightlifting at the 2012 Summer Olympics – Women's 48 kg,R. Chun-hwa,Weightlifting at the 2016 Summer Olympics – Women's 48 kg,H. Miyake
Weightlifting at the 2012 Summer Olympics – Women's +75 kg,H. Khurshudyan,Weightlifting at the 2016 Summer Olympics – Women's +75 kg,T. Kashirina
Weightlifting at the 2012 Summer Olympics – Men's 94 kg,T. Zieliński,Weightlifting at the 2016 Summer Olympics – Men's 94 kg,K. Min-jae
Weightlifting at the 2012 Summer Olympics – Men's 85 kg,T. Yehia,Weightlifting at the 2016 Summer Olympics – Men's 85 kg,K. Rostami
Weightlifting at the 2012 Summer Olympics – Men's 77 kg,I. Cambar,Weightlifting at the 2016 Summer Olympics – Men's 77 kg,L. Haojie
Weightlifting at the 2012 Summer Olympics – Men's 69 kg,R. Martin,Weightlifting at the 2016 Summer Olympics – Men's 69 kg,Triyatno
Weightlifting at the 2012 Summer Olympics – Men's 62 kg,E. Y. Irawan,Weightlifting at the 2016 Summer Olympics – Men's 62 kg,Ó. Figueroa
Weightlifting at the 2012 Summer Olympics – Men's 56 kg,V. Hristov,Weightlifting at the 2016 Summer Olympics – Men's 56 kg,W. Jingbiao
Weightlifting at the 2012 Summer Olympics – Men's 105 kg,B. Bonk,Weightlifting at the 2016 Summer Olympics – Men's 105 kg,N. Nassirshalal
Weightlifting at the 2012 Summer Olympics – Men's +105 kg,R. Albegov,Weightlifting at the 2016 Summer Olympics – Men's +105 kg,S. Anoushiravani
Weightlifting at the 2012 Summer Olympics – Women's 75 kg,I. Kulesha,Weightlifting at the 2016 Summer Olympics – Women's 75 kg,N. Zabolotnaya
Weightlifting at the 2012 Summer Olympics – Women's 69 kg,M. Shkermankova,Weightlifting at the 2016 Summer Olympics – Women's 69 kg,R. Cocoș
Weightlifting at the 2012 Summer Olympics – Women's 63 kg,C. Girard,Weightlifting at the 2016 Summer Olympics – Women's 63 kg,S. Tsarukayeva
Weightlifting at the 2012 Summer Olympics – Women's 58 kg,S. Gulnoi,Weightlifting at the 2016 Summer Olympics – Women's 58 kg,P. Sirikaew
Weightlifting at the 2012 Summer Olympics – Women's 53 kg,C. Iovu,Weightlifting at the 2016 Summer Olympics – Women's 53 kg,H. Shu-ching
Weightlifting at the 2012 Summer Olympics – Women's 48 kg,R. Chun-hwa,Weightlifting at the 2016 Summer Olympics – Women's 48 kg,H. Miyake
Weightlifting at the 2012 Summer Olympics – Women's +75 kg,H. Khurshudyan,Weightlifting at the 2016 Summer Olympics – Women's +75 kg,T. Kashirina
Weightlifting at the 2012 Summer Olympics – Men's 94 kg,T. Zieliński,Weightlifting at the 2016 Summer Olympics – Men's 94 kg,K. Min-jae
Weightlifting at the 2012 Summer Olympics – Men's 85 kg,T. Yehia,Weightlifting at the 2016 Summer Olympics – Men's 85 kg,K. Rostami
Weightlifting at the 2012 Summer Olympics – Men's 77 kg,I. Cambar,Weightlifting at the 2016 Summer Olympics – Men's 77 kg,L. Haojie
Weightlifting at the 2012 Summer Olympics – Men's 69 kg,R. Martin,Weightlifting at the 2016 Summer Olympics – Men's 69 kg,Triyatno
Weightlifting at the 2012 Summer Olympics – Men's 62 kg,E. Y. Irawan,Weightlifting at the 2016 Summer Olympics – Men's 62 kg,Ó. Figueroa
Weightlifting at the 2012 Summer Olympics – Men's 56 kg,V. Hristov,Weightlifting at the 2016 Summer Olympics – Men's 56 kg,W. Jingbiao
Weightlifting at the 2012 Summer Olympics – Men's 105 kg,B. Bonk,Weightlifting at the 2016 Summer Olympics – Men's 105 kg,N. Nassirshalal
Weightlifting at the 2012 Summer Olympics – Men's +105 kg,R. Albegov,Weightlifting at the 2016 Summer Olympics – Men's +105 kg,S. Anoushiravani
Weightlifting at the 2008 Summer Olympics – Women's 69 kg,N. Davydova,Weightlifting at the 2012 Summer Olympics – Women's 69 kg,O. Slivenko
Weightlifting at the 2008 Summer Olympics – Women's 53 kg,N. Novikava,Weightlifting at the 2012 Summer Olympics – Women's 53 kg,Y. Jin-hee
Weightlifting at the 2008 Summer Olympics – Women's +75 kg,M. Grabovetskaya,Weightlifting at the 2012 Summer Olympics – Women's +75 kg,O. Korobka
Weightlifting at the 2008 Summer Olympics – Men's 94 kg,K. Akkayev,Weightlifting at the 2012 Summer Olympics – Men's 94 kg,S. Kołecki
Weightlifting at the 2008 Summer Olympics – Men's 85 kg,T. V. Martirosyan,Weightlifting at the 2012 Summer Olympics – Men's 85 kg,A. Rybakou
Weightlifting at the 2008 Summer Olympics – Men's 77 kg,G. Davtyan,Weightlifting at the 2012 Summer Olympics – Men's 77 kg,L. Hongli
Weightlifting at the 2008 Summer Olympics – Men's 62 kg,Triyatno,Weightlifting at the 2012 Summer Olympics – Men's 62 kg,D. Salazar
Weightlifting at the 2008 Summer Olympics – Men's 56 kg,E. Y. Irawan,Weightlifting at the 2012 Summer Olympics – Men's 56 kg,H. A. Tuấn
Weightlifting at the 2008 Summer Olympics – Men's 105 kg,D. Lapikov,Weightlifting at the 2012 Summer Olympics – Men's 105 kg,D. Klokov
Weightlifting at the 2008 Summer Olympics – Men's +105 kg,V. Ščerbatihs,Weightlifting at the 2012 Summer Olympics – Men's +105 kg,E. Chigishev
Weightlifting at the 2008 Summer Olympics – Women's 69 kg,N. Davydova,Weightlifting at the 2012 Summer Olympics – Women's 69 kg,O. Slivenko
Weightlifting at the 2008 Summer Olympics – Women's 53 kg,N. Novikava,Weightlifting at the 2012 Summer Olympics – Women's 53 kg,Y. Jin-hee
Weightlifting at the 2008 Summer Olympics – Women's +75 kg,M. Grabovetskaya,Weightlifting at the 2012 Summer Olympics – Women's +75 kg,O. Korobka
Weightlifting at the 2008 Summer Olympics – Men's 94 kg,K. Akkayev,Weightlifting at the 2012 Summer Olympics – Men's 94 kg,S. Kołecki
Weightlifting at the 2008 Summer Olympics – Men's 85 kg,T. V. Martirosyan,Weightlifting at the 2012 Summer Olympics – Men's 85 kg,A. Rybakou
Weightlifting at the 2008 Summer Olympics – Men's 77 kg,G. Davtyan,Weightlifting at the 2012 Summer Olympics – Men's 77 kg,L. Hongli
Weightlifting at the 2008 Summer Olympics – Men's 62 kg,Triyatno,Weightlifting at the 2012 Summer Olympics – Men's 62 kg,D. Salazar
Weightlifting at the 2008 Summer Olympics – Men's 56 kg,E. Y. Irawan,Weightlifting at the 2012 Summer Olympics – Men's 56 kg,H. A. Tuấn
Weightlifting at the 2008 Summer Olympics – Men's 105 kg,D. Lapikov,Weightlifting at the 2012 Summer Olympics – Men's 105 kg,D. Klokov
Weightlifting at the 2008 Summer Olympics – Men's +105 kg,V. Ščerbatihs,Weightlifting at the 2012 Summer Olympics – Men's +105 kg,E. Chigishev
Weightlifting at the 2004 Summer Olympics – Women's 75 kg,V. Popova,Weightlifting at the 2008 Summer Olympics – Women's 75 kg,N. Zabolotnaya
Weightlifting at the 2004 Summer Olympics – Women's 69 kg,Z. Kasayeva,Weightlifting at the 2008 Summer Olympics – Women's 69 kg,E. Krutzler
Weightlifting at the 2004 Summer Olympics – Women's 63 kg,T. Stukalava,Weightlifting at the 2008 Summer Olympics – Women's 63 kg,H. Batsiushka
Weightlifting at the 2004 Summer Olympics – Women's 58 kg,W. Kameaim,Weightlifting at the 2008 Summer Olympics – Women's 58 kg,R. Song-hui
Weightlifting at the 2004 Summer Olympics – Women's 53 kg,M. Mosquera,Weightlifting at the 2008 Summer Olympics – Women's 53 kg,R. L. Rumbewas
Weightlifting at the 2004 Summer Olympics – Women's 48 kg,A. Wiratthaworn,Weightlifting at the 2008 Summer Olympics – Women's 48 kg,L. Zhuo
Weightlifting at the 2004 Summer Olympics – Women's +75 kg,A. Wróbel,Weightlifting at the 2008 Summer Olympics – Women's +75 kg,J. Mi-ran
Weightlifting at the 2004 Summer Olympics – Men's 94 kg,E. Tyukin,Weightlifting at the 2008 Summer Olympics – Men's 94 kg,K. Akkayev
Weightlifting at the 2004 Summer Olympics – Men's 85 kg,P. Dimas,Weightlifting at the 2008 Summer Olympics – Men's 85 kg,A. Rybakou
Weightlifting at the 2004 Summer Olympics – Men's 77 kg,R. Arabacıoğlu,Weightlifting at the 2008 Summer Olympics – Men's 77 kg,S. Filimonov
Weightlifting at the 2004 Summer Olympics – Men's 69 kg,N. Pešalov,Weightlifting at the 2008 Summer Olympics – Men's 69 kg,L. Bae-young
Weightlifting at the 2004 Summer Olympics – Men's 62 kg,I. J. Rubio,Weightlifting at the 2008 Summer Olympics – Men's 62 kg,L. Maosheng
Weightlifting at the 2004 Summer Olympics – Men's 56 kg,S. Artuç,Weightlifting at the 2008 Summer Olympics – Men's 56 kg,W. Meijin
Weightlifting at the 2004 Summer Olympics – Men's 105 kg,G. Pisarevskiy,Weightlifting at the 2008 Summer Olympics – Men's 105 kg,I. Razoronov
Weightlifting at the 2004 Summer Olympics – Men's +105 kg,V. Cholakov,Weightlifting at the 2008 Summer Olympics – Men's +105 kg,V. Ščerbatihs
Weightlifting at the 2004 Summer Olympics – Women's 75 kg,V. Popova,Weightlifting at the 2008 Summer Olympics – Women's 75 kg,N. Zabolotnaya
Weightlifting at the 2004 Summer Olympics – Women's 69 kg,Z. Kasayeva,Weightlifting at the 2008 Summer Olympics – Women's 69 kg,E. Krutzler
Weightlifting at the 2004 Summer Olympics – Women's 63 kg,T. Stukalava,Weightlifting at the 2008 Summer Olympics – Women's 63 kg,H. Batsiushka
Weightlifting at the 2004 Summer Olympics – Women's 58 kg,W. Kameaim,Weightlifting at the 2008 Summer Olympics – Women's 58 kg,R. Song-hui
Weightlifting at the 2004 Summer Olympics – Women's 53 kg,M. Mosquera,Weightlifting at the 2008 Summer Olympics – Women's 53 kg,R. L. Rumbewas
Weightlifting at the 2004 Summer Olympics – Women's 48 kg,A. Wiratthaworn,Weightlifting at the 2008 Summer Olympics – Women's 48 kg,L. Zhuo
Weightlifting at the 2004 Summer Olympics – Women's +75 kg,A. Wróbel,Weightlifting at the 2008 Summer Olympics – Women's +75 kg,J. Mi-ran
Weightlifting at the 2004 Summer Olympics – Men's 94 kg,E. Tyukin,Weightlifting at the 2008 Summer Olympics – Men's 94 kg,K. Akkayev
Weightlifting at the 2004 Summer Olympics – Men's 85 kg,P. Dimas,Weightlifting at the 2008 Summer Olympics – Men's 85 kg,A. Rybakou
Weightlifting at the 2004 Summer Olympics – Men's 77 kg,R. Arabacıoğlu,Weightlifting at the 2008 Summer Olympics – Men's 77 kg,S. Filimonov
Weightlifting at the 2004 Summer Olympics – Men's 69 kg,N. Pešalov,Weightlifting at the 2008 Summer Olympics – Men's 69 kg,L. Bae-young
Weightlifting at the 2004 Summer Olympics – Men's 62 kg,I. J. Rubio,Weightlifting at the 2008 Summer Olympics – Men's 62 kg,L. Maosheng
Weightlifting at the 2004 Summer Olympics – Men's 56 kg,S. Artuç,Weightlifting at the 2008 Summer Olympics – Men's 56 kg,W. Meijin
Weightlifting at the 2004 Summer Olympics – Men's 105 kg,G. Pisarevskiy,Weightlifting at the 2008 Summer Olympics – Men's 105 kg,I. Razoronov
Weightlifting at the 2004 Summer Olympics – Men's +105 kg,V. Cholakov,Weightlifting at the 2008 Summer Olympics – Men's +105 kg,V. Ščerbatihs
Weightlifting at the 2000 Summer Olympics – Women's 75 kg,K. Yi-hang,Weightlifting at the 2004 Summer Olympics – Women's 75 kg,R. Ogbeifo
Weightlifting at the 2000 Summer Olympics – Women's 69 kg,K. Malleswari,Weightlifting at the 2004 Summer Olympics – Women's 69 kg,E. Márkus
Weightlifting at the 2000 Summer Olympics – Women's 63 kg,I. Khatziioannou,Weightlifting at the 2004 Summer Olympics – Women's 63 kg,V. Popova
Weightlifting at the 2000 Summer Olympics – Women's 58 kg,K. Suta,Weightlifting at the 2004 Summer Olympics – Women's 58 kg,R. Song-hui
Weightlifting at the 2000 Summer Olympics – Women's 53 kg,W. B. Slamet,Weightlifting at the 2004 Summer Olympics – Women's 53 kg,L. Feng-ying
Weightlifting at the 2000 Summer Olympics – Women's 48 kg,S. Indriyani,Weightlifting at the 2004 Summer Olympics – Women's 48 kg,R. L. Rumbewas
Weightlifting at the 2000 Summer Olympics – Women's +75 kg,C. Haworth,Weightlifting at the 2004 Summer Olympics – Women's +75 kg,A. Wróbel
Weightlifting at the 2000 Summer Olympics – Men's 94 kg,A. A. Petrov,Weightlifting at the 2004 Summer Olympics – Men's 94 kg,S. Kołecki
Weightlifting at the 2000 Summer Olympics – Men's 85 kg,G. Asanidze,Weightlifting at the 2004 Summer Olympics – Men's 85 kg,M. Huster
Weightlifting at the 2000 Summer Olympics – Men's 77 kg,A. Melikyan,Weightlifting at the 2004 Summer Olympics – Men's 77 kg,V. Mitrou
Weightlifting at the 2000 Summer Olympics – Men's 69 kg,S. Laurenau,Weightlifting at the 2004 Summer Olympics – Men's 69 kg,G. Markov
Weightlifting at the 2000 Summer Olympics – Men's 62 kg,H. Aliashchuk,Weightlifting at the 2004 Summer Olympics – Men's 62 kg,L. Sampanis
Weightlifting at the 2000 Summer Olympics – Men's 56 kg,Z. Xiangxiang,Weightlifting at the 2004 Summer Olympics – Men's 56 kg,W. Wenxiong
Weightlifting at the 2000 Summer Olympics – Men's 105 kg,S. S. Asaad,Weightlifting at the 2004 Summer Olympics – Men's 105 kg,A. Tsagaev
Weightlifting at the 2000 Summer Olympics – Men's +105 kg,A. Chemerkin,Weightlifting at the 2004 Summer Olympics – Men's +105 kg,R. Weller
Weightlifting at the 2000 Summer Olympics – Women's 75 kg,K. Yi-hang,Weightlifting at the 2004 Summer Olympics – Women's 75 kg,R. Ogbeifo
Weightlifting at the 2000 Summer Olympics – Women's 69 kg,K. Malleswari,Weightlifting at the 2004 Summer Olympics – Women's 69 kg,E. Márkus
Weightlifting at the 2000 Summer Olympics – Women's 63 kg,I. Khatziioannou,Weightlifting at the 2004 Summer Olympics – Women's 63 kg,V. Popova
Weightlifting at the 2000 Summer Olympics – Women's 58 kg,K. Suta,Weightlifting at the 2004 Summer Olympics – Women's 58 kg,R. Song-hui
Weightlifting at the 2000 Summer Olympics – Women's 53 kg,W. B. Slamet,Weightlifting at the 2004 Summer Olympics – Women's 53 kg,L. Feng-ying
Weightlifting at the 2000 Summer Olympics – Women's 48 kg,S. Indriyani,Weightlifting at the 2004 Summer Olympics – Women's 48 kg,R. L. Rumbewas
Weightlifting at the 2000 Summer Olympics – Women's +75 kg,C. Haworth,Weightlifting at the 2004 Summer Olympics – Women's +75 kg,A. Wróbel
Weightlifting at the 2000 Summer Olympics – Men's 94 kg,A. A. Petrov,Weightlifting at the 2004 Summer Olympics – Men's 94 kg,S. Kołecki
Weightlifting at the 2000 Summer Olympics – Men's 85 kg,G. Asanidze,Weightlifting at the 2004 Summer Olympics – Men's 85 kg,M. Huster
Weightlifting at the 2000 Summer Olympics – Men's 77 kg,A. Melikyan,Weightlifting at the 2004 Summer Olympics – Men's 77 kg,V. Mitrou
Weightlifting at the 2000 Summer Olympics – Men's 69 kg,S. Laurenau,Weightlifting at the 2004 Summer Olympics – Men's 69 kg,G. Markov
Weightlifting at the 2000 Summer Olympics – Men's 62 kg,H. Aliashchuk,Weightlifting at the 2004 Summer Olympics – Men's 62 kg,L. Sampanis
Weightlifting at the 2000 Summer Olympics – Men's 56 kg,Z. Xiangxiang,Weightlifting at the 2004 Summer Olympics – Men's 56 kg,W. Wenxiong
Weightlifting at the 2000 Summer Olympics – Men's 105 kg,S. S. Asaad,Weightlifting at the 2004 Summer Olympics – Men's 105 kg,A. Tsagaev
Weightlifting at the 2000 Summer Olympics – Men's +105 kg,A. Chemerkin,Weightlifting at the 2004 Summer Olympics – Men's +105 kg,R. Weller
Weightlifting at the 1988 Summer Olympics – Men's 67.5 kg,L. Jinhe,Weightlifting at the 1992 Summer Olympics – Men's 67.5 kg,I. Militosyan
Weightlifting at the 1988 Summer Olympics – Men's 60 kg,Y. Huanming,Weightlifting at the 1992 Summer Olympics – Men's 60 kg,S. Topurov
Weightlifting at the 1988 Summer Olympics – Men's 56 kg,L. Shoubin,Weightlifting at the 1992 Summer Olympics – Men's 56 kg,H. Yingqiang
Weightlifting at the 1988 Summer Olympics – Men's 52 kg,H. Zhuoqiang,Weightlifting at the 1992 Summer Olympics – Men's 52 kg,C. Byung-kwan
Weightlifting at the 1988 Summer Olympics – Men's +110 kg,M. Zawieja,Weightlifting at the 1992 Summer Olympics – Men's +110 kg,M. Nerlinger
Weightlifting at the 1988 Summer Olympics – Men's 67.5 kg,L. Jinhe,Weightlifting at the 1992 Summer Olympics – Men's 67.5 kg,I. Militosyan
Weightlifting at the 1988 Summer Olympics – Men's 60 kg,Y. Huanming,Weightlifting at the 1992 Summer Olympics – Men's 60 kg,S. Topurov
Weightlifting at the 1988 Summer Olympics – Men's 56 kg,L. Shoubin,Weightlifting at the 1992 Summer Olympics – Men's 56 kg,H. Yingqiang
Weightlifting at the 1988 Summer Olympics – Men's 52 kg,H. Zhuoqiang,Weightlifting at the 1992 Summer Olympics – Men's 52 kg,C. Byung-kwan
Weightlifting at the 1988 Summer Olympics – Men's +110 kg,M. Zawieja,Weightlifting at the 1992 Summer Olympics – Men's +110 kg,M. Nerlinger
Weightlifting at the 1984 Summer Olympics – Men's 67.5 kg,J. Grönman,Weightlifting at the 1988 Summer Olympics – Men's 67.5 kg,A. Socaci
Weightlifting at the 1984 Summer Olympics – Men's 60 kg,T. Wen-Yee,Weightlifting at the 1988 Summer Olympics – Men's 60 kg,G. Radu
Weightlifting at the 1984 Summer Olympics – Men's 56 kg,M. Kotaka,Weightlifting at the 1988 Summer Olympics – Men's 56 kg,L. Runming
Weightlifting at the 1984 Summer Olympics – Men's 52 kg,K. Manabe,Weightlifting at the 1988 Summer Olympics – Men's 52 kg,Z. Peishun
Weightlifting at the 1984 Summer Olympics – Men's 67.5 kg,J. Grönman,Weightlifting at the 1988 Summer Olympics – Men's 67.5 kg,A. Socaci
Weightlifting at the 1984 Summer Olympics – Men's 60 kg,T. Wen-Yee,Weightlifting at the 1988 Summer Olympics – Men's 60 kg,G. Radu
Weightlifting at the 1984 Summer Olympics – Men's 56 kg,M. Kotaka,Weightlifting at the 1988 Summer Olympics – Men's 56 kg,L. Runming
Weightlifting at the 1984 Summer Olympics – Men's 52 kg,K. Manabe,Weightlifting at the 1988 Summer Olympics – Men's 52 kg,Z. Peishun
