col0,col1,col2,col3
Procaris chacei,Procarididae,IUCN2.3,CR
Procambarus zonangulus,Cambaridae,iucn3.1,DD
Procambarus texanus,Cambaridae,iucn3.1,DD
Procambarus tenuis,Cambaridae,iucn3.1,DD
Procambarus steigmani,Cambaridae,iucn3.1,DD
Procambarus reimeri,Cambaridae,iucn3.1,DD
Procambarus rathbunae,Cambaridae,iucn3.1,DD
Procambarus pogum,Cambaridae,iucn3.1,DD
Procambarus plumimanus,Cambaridae,iucn3.1,LC
Procambarus pictus,Cambaridae,IUCN3.1,NT
Procambarus orcinus,Cambaridae,iucn3.1,EN
Procambarus nueces,Cambaridae,iucn3.1,DD
Procambarus nigrocinctus,Cambaridae,iucn3.1,LC
Procambarus nechesae,Cambaridae,IUCN3.1,LC
Procambarus natchitochae,Cambaridae,iucn3.1,LC
Procambarus morrisi,Cambaridae,iucn3.1,CR
Procambarus milleri,Cambaridae,iucn3.1,EN
Procambarus liberorum,Cambaridae,iucn3.1,LC
Procambarus leitheuseri,Cambaridae,IUCN3.1,EN
Procambarus latipleurum,Cambaridae,iucn3.1,DD
Procambarus lagniappe,Cambaridae,iucn3.1,NT
Procambarus horsti,Cambaridae,iucn3.1,EN
Procambarus gibbus,Cambaridae,iucn3.1,DD
Procambarus franzi,Cambaridae,iucn3.1,EN
Procambarus fitzpatricki,Cambaridae,iucn3.1,LC
Procambarus fallax,Cambaridae,iucn3.1,LC
Procambarus escambiensis,Cambaridae,IUCN3.1,EN
Procambarus erythrops,Cambaridae,iucn3.1,EN
Procambarus econfinae,Cambaridae,IUCN3.1,EN
Procambarus echinatus,Cambaridae,iucn3.1,LC
Procambarus digueti,Cambaridae,iucn3.1,EN
Procambarus delicatus,Cambaridae,iucn3.1,CR
Procambarus connus,Cambaridae,iucn3.1,DD
Procambarus cometes,Cambaridae,iucn3.1,EN
Procambarus clarkii,Cambaridae,iucn3.1,LC
Procambarus brazoriensis,Cambaridae,iucn3.1,EN
