col0,col1,col2,col3
Tennis at the 1920 Summer Olympics – Women's doubles,S. Lenglen,Tennis at the 1924 Summer Olympics – Women's doubles,D. Holman
Tennis at the 1920 Summer Olympics – Mixed doubles,L. Žemla,Tennis at the 1924 Summer Olympics – Mixed doubles,M. Woosnam
Tennis at the 1920 Summer Olympics – Men's singles,C. Winslow,Tennis at the 1924 Summer Olympics – Men's singles,I. Kumagae
Tennis at the 1920 Summer Olympics – Men's doubles,M. Décugis,Tennis at the 1924 Summer Olympics – Men's doubles,S. Kashio
Tennis at the 1920 Summer Olympics – Women's singles,K. McKane,Tennis at the 1924 Summer Olympics – Women's singles,D. Holman
Tennis at the 1920 Summer Olympics – Women's doubles,S. Lenglen,Tennis at the 1924 Summer Olympics – Women's doubles,D. Holman
Tennis at the 1920 Summer Olympics – Mixed doubles,L. Žemla,Tennis at the 1924 Summer Olympics – Mixed doubles,M. Woosnam
Tennis at the 1920 Summer Olympics – Men's singles,C. Winslow,Tennis at the 1924 Summer Olympics – Men's singles,I. Kumagae
Tennis at the 1920 Summer Olympics – Men's doubles,M. Décugis,Tennis at the 1924 Summer Olympics – Men's doubles,S. Kashio
Tennis at the 1912 Summer Olympics – Women's outdoor singles,M. Bjurstedt,Tennis at the 1920 Summer Olympics – Women's singles,D. Koring
Tennis at the 1912 Summer Olympics – Mixed outdoor doubles,M. Broquedis,Tennis at the 1920 Summer Olympics – Mixed doubles,G. Setterwall
Tennis at the 1912 Summer Olympics – Men's outdoor singles,O. Kreuzer,Tennis at the 1920 Summer Olympics – Men's singles,H. Kitson
Tennis at the 1912 Summer Olympics – Men's outdoor doubles,A. Canet,Tennis at the 1920 Summer Olympics – Men's doubles,F. Pipes
Tennis at the 1912 Summer Olympics – Women's outdoor singles,M. Bjurstedt,Tennis at the 1920 Summer Olympics – Women's singles,D. Koring
Tennis at the 1912 Summer Olympics – Mixed outdoor doubles,M. Broquedis,Tennis at the 1920 Summer Olympics – Mixed doubles,G. Setterwall
Tennis at the 1912 Summer Olympics – Men's outdoor singles,O. Kreuzer,Tennis at the 1920 Summer Olympics – Men's singles,H. Kitson
Tennis at the 1912 Summer Olympics – Men's outdoor doubles,A. Canet,Tennis at the 1920 Summer Olympics – Men's doubles,F. Pipes
Tennis at the 1908 Summer Olympics – Women's singles,R. Winch,Tennis at the 1912 Summer Olympics – Women's outdoor singles,D. Boothby
Tennis at the 1908 Summer Olympics – Women's indoor singles,M. Adlerstråhle,Tennis at the 1912 Summer Olympics – Women's indoor singles,A. Greene
Tennis at the 1908 Summer Olympics – Men's singles,W. Eaves,Tennis at the 1912 Summer Olympics – Men's outdoor singles,O. Froitzheim
Tennis at the 1908 Summer Olympics – Men's indoor singles,J. Ritchie,Tennis at the 1912 Summer Olympics – Men's indoor singles,G. Caridia
Tennis at the 1908 Summer Olympics – Men's indoor doubles,G. Setterwall,Tennis at the 1912 Summer Olympics – Men's indoor doubles,G. Caridia
Tennis at the 1908 Summer Olympics – Men's doubles,C. Cazalet,Tennis at the 1912 Summer Olympics – Men's outdoor doubles,J. Ritchie
Tennis at the 1908 Summer Olympics – Women's singles,R. Winch,Tennis at the 1912 Summer Olympics – Women's outdoor singles,D. Boothby
Tennis at the 1908 Summer Olympics – Women's indoor singles,M. Adlerstråhle,Tennis at the 1912 Summer Olympics – Women's indoor singles,A. Greene
Tennis at the 1908 Summer Olympics – Men's singles,W. Eaves,Tennis at the 1912 Summer Olympics – Men's outdoor singles,O. Froitzheim
Tennis at the 1908 Summer Olympics – Men's indoor singles,J. Ritchie,Tennis at the 1912 Summer Olympics – Men's indoor singles,G. Caridia
Tennis at the 1908 Summer Olympics – Men's indoor doubles,G. Setterwall,Tennis at the 1912 Summer Olympics – Men's indoor doubles,G. Caridia
Tennis at the 1908 Summer Olympics – Men's doubles,C. Cazalet,Tennis at the 1912 Summer Olympics – Men's outdoor doubles,J. Ritchie
Tennis at the 1904 Summer Olympics – Men's singles,A. Bell,Tennis at the 1908 Summer Olympics – Men's singles,R. LeRoy
Tennis at the 1904 Summer Olympics – Men's doubles,A. Wear,Tennis at the 1908 Summer Olympics – Men's doubles,R. LeRoy
Tennis at the 1904 Summer Olympics – Men's singles,A. Bell,Tennis at the 1908 Summer Olympics – Men's singles,R. LeRoy
Tennis at the 1904 Summer Olympics – Men's doubles,A. Wear,Tennis at the 1908 Summer Olympics – Men's doubles,R. LeRoy
Tennis at the 1900 Summer Olympics – Women's singles,M. Jones,Tennis at the 1908 Summer Olympics – Women's singles,H. Prévost
Tennis at the 1900 Summer Olympics – Mixed doubles,A. Warden,Tennis at the 1912 Summer Olympics – Mixed outdoor doubles,H. Mahony
Tennis at the 1900 Summer Olympics – Men's singles,R. Doherty,Tennis at the 1904 Summer Olympics – Men's singles,H. Mahony
Tennis at the 1900 Summer Olympics – Men's doubles,A. Prévost,Tennis at the 1904 Summer Olympics – Men's doubles,Basil Spalding de Garmendia
Tennis at the 1900 Summer Olympics – Women's singles,M. Jones,Tennis at the 1908 Summer Olympics – Women's singles,H. Prévost
Tennis at the 1900 Summer Olympics – Mixed doubles,H. Rosenbaumová,Tennis at the 1912 Summer Olympics – Mixed outdoor doubles,H. Prévost
Tennis at the 1900 Summer Olympics – Men's singles,R. Doherty,Tennis at the 1904 Summer Olympics – Men's singles,H. Mahony
Tennis at the 1900 Summer Olympics – Men's doubles,A. Prévost,Tennis at the 1904 Summer Olympics – Men's doubles,M. Décugis
Tennis at the 1896 Summer Olympics – Men's singles,M. Tapavica,Tennis at the 1900 Summer Olympics – Men's singles,D. Kasdaglis
Tennis at the 1896 Summer Olympics – Men's doubles,E. Flack,Tennis at the 1900 Summer Olympics – Men's doubles,D. Petrokokkinos
Tennis at the 1896 Summer Olympics – Men's singles,M. Tapavica,Tennis at the 1900 Summer Olympics – Men's singles,D. Kasdaglis
Tennis at the 1896 Summer Olympics – Men's doubles,E. Flack,Tennis at the 1900 Summer Olympics – Men's doubles,D. Petrokokkinos
Taekwondo at the 2012 Summer Olympics – Women's 67 kg,P. McPherson,Taekwondo at the 2016 Summer Olympics – Women's 67 kg,N. Tatar
Taekwondo at the 2012 Summer Olympics – Women's 57 kg,M. Harnois,Taekwondo at the 2016 Summer Olympics – Women's 57 kg,H. Yuzhuo
Taekwondo at the 2012 Summer Olympics – Women's 49 kg,C. Sonkham,Taekwondo at the 2016 Summer Olympics – Women's 49 kg,B. Yagüe
Taekwondo at the 2012 Summer Olympics – Women's +67 kg,A. Baryshnikova,Taekwondo at the 2016 Summer Olympics – Women's +67 kg,A. Graffe
Taekwondo at the 2012 Summer Olympics – Men's 80 kg,L. Muhammad,Taekwondo at the 2016 Summer Olympics – Men's 80 kg,N. García
Taekwondo at the 2012 Summer Olympics – Men's 68 kg,T. Jennings,Taekwondo at the 2016 Summer Olympics – Men's 68 kg,M. B. Motamed
Taekwondo at the 2012 Summer Olympics – Men's 58 kg,Ó. M. Oviedo,Taekwondo at the 2016 Summer Olympics – Men's 58 kg,L. Dae-Hoon
Taekwondo at the 2012 Summer Olympics – Men's +80 kg,R. Despaigne,Taekwondo at the 2016 Summer Olympics – Men's +80 kg,A. Obame
Taekwondo at the 2012 Summer Olympics – Women's 67 kg,P. McPherson,Taekwondo at the 2016 Summer Olympics – Women's 67 kg,N. Tatar
Taekwondo at the 2012 Summer Olympics – Women's 57 kg,M. Harnois,Taekwondo at the 2016 Summer Olympics – Women's 57 kg,H. Yuzhuo
Taekwondo at the 2012 Summer Olympics – Women's 49 kg,C. Sonkham,Taekwondo at the 2016 Summer Olympics – Women's 49 kg,B. Yagüe
Taekwondo at the 2012 Summer Olympics – Women's +67 kg,A. Baryshnikova,Taekwondo at the 2016 Summer Olympics – Women's +67 kg,A. Graffe
Taekwondo at the 2012 Summer Olympics – Men's 80 kg,L. Muhammad,Taekwondo at the 2016 Summer Olympics – Men's 80 kg,N. García
Taekwondo at the 2012 Summer Olympics – Men's 68 kg,T. Jennings,Taekwondo at the 2016 Summer Olympics – Men's 68 kg,M. B. Motamed
Taekwondo at the 2012 Summer Olympics – Men's 58 kg,Ó. M. Oviedo,Taekwondo at the 2016 Summer Olympics – Men's 58 kg,L. Dae-Hoon
Taekwondo at the 2012 Summer Olympics – Men's +80 kg,R. Despaigne,Taekwondo at the 2016 Summer Olympics – Men's +80 kg,A. Obame
Taekwondo at the 2008 Summer Olympics – Women's 67 kg,S. Šarić,Taekwondo at the 2012 Summer Olympics – Women's 67 kg,K. Sergerie
Taekwondo at the 2008 Summer Olympics – Women's 57 kg,D. López,Taekwondo at the 2012 Summer Olympics – Women's 57 kg,A. Tanrıkulu
Taekwondo at the 2008 Summer Olympics – Women's 49 kg,D. Montejo,Taekwondo at the 2012 Summer Olympics – Women's 49 kg,B. Puedpong
Taekwondo at the 2008 Summer Olympics – Women's +67 kg,S. Stevenson,Taekwondo at the 2012 Summer Olympics – Women's +67 kg,N. Solheim
Taekwondo at the 2008 Summer Olympics – Men's 80 kg,Z. Guo,Taekwondo at the 2012 Summer Olympics – Men's 80 kg,M. Sarmiento
Taekwondo at the 2008 Summer Olympics – Men's 68 kg,S. Tazegül,Taekwondo at the 2012 Summer Olympics – Men's 68 kg,M. Lopez
Taekwondo at the 2008 Summer Olympics – Men's 58 kg,C. Mu-Yen,Taekwondo at the 2012 Summer Olympics – Men's 58 kg,G. Mercedes
Taekwondo at the 2008 Summer Olympics – Men's +80 kg,C. Chukwumerije,Taekwondo at the 2012 Summer Olympics – Men's +80 kg,A. Nikolaidis
Taekwondo at the 2008 Summer Olympics – Women's 67 kg,S. Šarić,Taekwondo at the 2012 Summer Olympics – Women's 67 kg,K. Sergerie
Taekwondo at the 2008 Summer Olympics – Women's 57 kg,D. López,Taekwondo at the 2012 Summer Olympics – Women's 57 kg,A. Tanrıkulu
