col0,col1,col2,col3
Swimming at the 2012 Summer Olympics – Women's 200 metre individual medley,C. Leverenz,Swimming at the 2016 Summer Olympics – Women's 200 metre individual medley,A. Coutts
Swimming at the 2012 Summer Olympics – Women's 200 metre freestyle,B. Barratt,Swimming at the 2016 Summer Olympics – Women's 200 metre freestyle,C. Muffat
Swimming at the 2012 Summer Olympics – Women's 200 metre butterfly,N. Hoshi,Swimming at the 2016 Summer Olympics – Women's 200 metre butterfly,M. B. Garcia
Swimming at the 2012 Summer Olympics – Women's 200 metre breaststroke,Y. Yefimova,Swimming at the 2016 Summer Olympics – Women's 200 metre breaststroke,S. Suzuki
Swimming at the 2012 Summer Olympics – Women's 200 metre backstroke,E. Beisel,Swimming at the 2016 Summer Olympics – Women's 200 metre backstroke,A. V. Zuyeva
Swimming at the 2012 Summer Olympics – Women's 100 metre freestyle,T. Yi,Swimming at the 2016 Summer Olympics – Women's 100 metre freestyle,A. Herasimenia
Swimming at the 2012 Summer Olympics – Women's 100 metre butterfly,A. Coutts,Swimming at the 2016 Summer Olympics – Women's 100 metre butterfly,L. Ying
Swimming at the 2012 Summer Olympics – Women's 100 metre breaststroke,S. Suzuki,Swimming at the 2016 Summer Olympics – Women's 100 metre breaststroke,R. Soni
Swimming at the 2012 Summer Olympics – Women's 100 metre backstroke,A. Terakawa,Swimming at the 2016 Summer Olympics – Women's 100 metre backstroke,E. Seebohm
Swimming at the 2012 Summer Olympics – Men's marathon 10 kilometre,R. Weinberger,Swimming at the 2016 Summer Olympics – Men's marathon 10 kilometre,T. Lurz
Swimming at the 2012 Summer Olympics – Men's 50 metre freestyle,C. Cielo,Swimming at the 2016 Summer Olympics – Men's 50 metre freestyle,C. Jones
Swimming at the 2012 Summer Olympics – Men's 4 × 200 metre freestyle relay,S. Yang,Swimming at the 2016 Summer Olympics – Men's 4 × 200 metre freestyle relay,A. Leveaux
Swimming at the 2012 Summer Olympics – Men's 4 × 100 metre medley relay,J. Magnussen,Swimming at the 2016 Summer Olympics – Men's 4 × 100 metre medley relay,K. Kitajima
Swimming at the 2012 Summer Olympics – Men's 4 × 100 metre freestyle relay,A. Grechin,Swimming at the 2016 Summer Olympics – Men's 4 × 100 metre freestyle relay,J. Lezak
Swimming at the 2012 Summer Olympics – Men's 400 metre individual medley,K. Hagino,Swimming at the 2016 Summer Olympics – Men's 400 metre individual medley,T. Pereira
Swimming at the 2012 Summer Olympics – Men's 400 metre freestyle,P. Vanderkaay,Swimming at the 2016 Summer Olympics – Men's 400 metre freestyle,P. Tae-hwan
Swimming at the 2012 Summer Olympics – Men's 200 metre individual medley,L. Cseh,Swimming at the 2016 Summer Olympics – Men's 200 metre individual medley,R. Lochte
Swimming at the 2012 Summer Olympics – Men's 200 metre butterfly,T. Matsuda,Swimming at the 2016 Summer Olympics – Men's 200 metre butterfly,M. Phelps
Swimming at the 2012 Summer Olympics – Men's 200 metre breaststroke,R. Tateishi,Swimming at the 2016 Summer Olympics – Men's 200 metre breaststroke,M. Jamieson
Swimming at the 2012 Summer Olympics – Men's 200 metre backstroke,R. Lochte,Swimming at the 2016 Summer Olympics – Men's 200 metre backstroke,R. Irie
