col0,col1,col2,col3
Swimming at the 2000 Summer Olympics – Women's 200 metre butterfly,P. Thomas,Swimming at the 2004 Summer Olympics – Women's 200 metre butterfly,S. O'Neill
Swimming at the 2000 Summer Olympics – Women's 200 metre breaststroke,A. Beard,Swimming at the 2004 Summer Olympics – Women's 200 metre breaststroke,K. Kowal
Swimming at the 2000 Summer Olympics – Women's 200 metre backstroke,M. Nakao,Swimming at the 2004 Summer Olympics – Women's 200 metre backstroke,R. Maracineanu
Swimming at the 2000 Summer Olympics – Women's 100 metre freestyle,J. Thompson,Swimming at the 2004 Summer Olympics – Women's 100 metre freestyle,T. Alshammar
Swimming at the 2000 Summer Olympics – Women's 100 metre butterfly,D. Torres,Swimming at the 2004 Summer Olympics – Women's 100 metre butterfly,M. Moravcová
Swimming at the 2000 Summer Olympics – Women's 100 metre breaststroke,P. Heyns,Swimming at the 2004 Summer Olympics – Women's 100 metre breaststroke,L. Jones
Swimming at the 2000 Summer Olympics – Women's 100 metre backstroke,N. Zhivanevskaya,Swimming at the 2004 Summer Olympics – Women's 100 metre backstroke,M. Nakamura
Swimming at the 2000 Summer Olympics – Men's 4 × 200 metre freestyle relay,Pieter van den Hoogenband,Swimming at the 2004 Summer Olympics – Men's 4 × 200 metre freestyle relay,J. Davis
Swimming at the 2000 Summer Olympics – Men's 4 × 100 metre medley relay,J. Kruppa,Swimming at the 2004 Summer Olympics – Men's 4 × 100 metre medley relay,M. Klim
Swimming at the 2000 Summer Olympics – Men's 4 × 100 metre freestyle relay,F. Scherer,Swimming at the 2004 Summer Olympics – Men's 4 × 100 metre freestyle relay,G. H. Jr.
Swimming at the 2000 Summer Olympics – Men's 400 metre individual medley,C. Myden,Swimming at the 2004 Summer Olympics – Men's 400 metre individual medley,E. Vendt
Swimming at the 2000 Summer Olympics – Men's 400 metre freestyle,K. Keller,Swimming at the 2004 Summer Olympics – Men's 400 metre freestyle,M. Rosolino
Swimming at the 2000 Summer Olympics – Men's 200 metre individual medley,T. Wilkens,Swimming at the 2004 Summer Olympics – Men's 200 metre individual medley,T. Dolan
Swimming at the 2000 Summer Olympics – Men's 200 metre freestyle,M. Rosolino,Swimming at the 2004 Summer Olympics – Men's 200 metre freestyle,I. Thorpe
Swimming at the 2000 Summer Olympics – Men's 200 metre butterfly,J. Norris,Swimming at the 2004 Summer Olympics – Men's 200 metre butterfly,D. Sylantyev
Swimming at the 2000 Summer Olympics – Men's 200 metre breaststroke,D. Rummolo,Swimming at the 2004 Summer Olympics – Men's 200 metre breaststroke,T. Parkin
Swimming at the 2000 Summer Olympics – Men's 200 metre backstroke,M. Welsh,Swimming at the 2004 Summer Olympics – Men's 200 metre backstroke,A. Peirsol
Swimming at the 2000 Summer Olympics – Men's 1500 metre freestyle,C. Thompson,Swimming at the 2004 Summer Olympics – Men's 1500 metre freestyle,K. Perkins
Swimming at the 2000 Summer Olympics – Men's 100 metre freestyle,G. H. Jr.,Swimming at the 2004 Summer Olympics – Men's 100 metre freestyle,A. Popov
Swimming at the 2000 Summer Olympics – Men's 100 metre butterfly,G. Huegill,Swimming at the 2004 Summer Olympics – Men's 100 metre butterfly,M. Klim
Swimming at the 2000 Summer Olympics – Men's 100 metre breaststroke,R. Sloudnov,Swimming at the 2004 Summer Olympics – Men's 100 metre breaststroke,E. Moses
Swimming at the 2000 Summer Olympics – Men's 100 metre backstroke,S. Theloke,Swimming at the 2004 Summer Olympics – Men's 100 metre backstroke,M. Welsh
Swimming at the 2000 Summer Olympics – Women's 800 metre freestyle,K. Sandeno,Swimming at the 2004 Summer Olympics – Women's 800 metre freestyle,Y. Klochkova
Swimming at the 2000 Summer Olympics – Women's 50 metre freestyle,D. Torres,Swimming at the 2004 Summer Olympics – Women's 50 metre freestyle,T. Alshammar
Swimming at the 2000 Summer Olympics – Women's 4 × 200 metre freestyle relay,K. Kielgass,Swimming at the 2004 Summer Olympics – Women's 4 × 200 metre freestyle relay,S. O'Neill
Swimming at the 2000 Summer Olympics – Women's 4 × 100 metre medley relay,M. Nakamura,Swimming at the 2004 Summer Olympics – Women's 4 × 100 metre medley relay,P. Thomas
Swimming at the 2000 Summer Olympics – Women's 4 × 100 metre freestyle relay,A. Kammerling,Swimming at the 2004 Summer Olympics – Women's 4 × 100 metre freestyle relay,I. d. Bruijn
Swimming at the 2000 Summer Olympics – Women's 400 metre individual medley,B. Câșlaru,Swimming at the 2004 Summer Olympics – Women's 400 metre individual medley,Y. Tajima
Swimming at the 2000 Summer Olympics – Women's 400 metre freestyle,C. Poll,Swimming at the 2004 Summer Olympics – Women's 400 metre freestyle,D. Munz
Swimming at the 2000 Summer Olympics – Women's 200 metre individual medley,C. Teuscher,Swimming at the 2004 Summer Olympics – Women's 200 metre individual medley,B. Câșlaru
Swimming at the 2000 Summer Olympics – Women's 200 metre freestyle,C. Poll,Swimming at the 2004 Summer Olympics – Women's 200 metre freestyle,M. Moravcová
Swimming at the 2000 Summer Olympics – Women's 200 metre butterfly,P. Thomas,Swimming at the 2004 Summer Olympics – Women's 200 metre butterfly,S. O'Neill
Swimming at the 2000 Summer Olympics – Women's 200 metre breaststroke,A. Beard,Swimming at the 2004 Summer Olympics – Women's 200 metre breaststroke,K. Kowal
Swimming at the 2000 Summer Olympics – Women's 200 metre backstroke,M. Nakao,Swimming at the 2004 Summer Olympics – Women's 200 metre backstroke,R. Maracineanu
Swimming at the 2000 Summer Olympics – Women's 100 metre freestyle,J. Thompson,Swimming at the 2004 Summer Olympics – Women's 100 metre freestyle,T. Alshammar
Swimming at the 2000 Summer Olympics – Women's 100 metre butterfly,D. Torres,Swimming at the 2004 Summer Olympics – Women's 100 metre butterfly,M. Moravcová
Swimming at the 2000 Summer Olympics – Women's 100 metre breaststroke,P. Heyns,Swimming at the 2004 Summer Olympics – Women's 100 metre breaststroke,L. Jones
Swimming at the 2000 Summer Olympics – Women's 100 metre backstroke,N. Zhivanevskaya,Swimming at the 2004 Summer Olympics – Women's 100 metre backstroke,M. Nakamura
Swimming at the 2000 Summer Olympics – Men's 4 × 200 metre freestyle relay,Pieter van den Hoogenband,Swimming at the 2004 Summer Olympics – Men's 4 × 200 metre freestyle relay,J. Davis
Swimming at the 2000 Summer Olympics – Men's 4 × 100 metre medley relay,S. Theloke,Swimming at the 2004 Summer Olympics – Men's 4 × 100 metre medley relay,J. Watson
Swimming at the 2000 Summer Olympics – Men's 4 × 100 metre freestyle relay,E. S. Filho,Swimming at the 2004 Summer Olympics – Men's 4 × 100 metre freestyle relay,S. Tucker
Swimming at the 2000 Summer Olympics – Men's 400 metre individual medley,C. Myden,Swimming at the 2004 Summer Olympics – Men's 400 metre individual medley,E. Vendt
Swimming at the 2000 Summer Olympics – Men's 400 metre freestyle,K. Keller,Swimming at the 2004 Summer Olympics – Men's 400 metre freestyle,M. Rosolino
Swimming at the 2000 Summer Olympics – Men's 200 metre individual medley,T. Wilkens,Swimming at the 2004 Summer Olympics – Men's 200 metre individual medley,T. Dolan
Swimming at the 2000 Summer Olympics – Men's 200 metre freestyle,M. Rosolino,Swimming at the 2004 Summer Olympics – Men's 200 metre freestyle,I. Thorpe
Swimming at the 2000 Summer Olympics – Men's 200 metre butterfly,J. Norris,Swimming at the 2004 Summer Olympics – Men's 200 metre butterfly,D. Sylantyev
Swimming at the 2000 Summer Olympics – Men's 200 metre breaststroke,D. Rummolo,Swimming at the 2004 Summer Olympics – Men's 200 metre breaststroke,T. Parkin
Swimming at the 2000 Summer Olympics – Men's 200 metre backstroke,M. Welsh,Swimming at the 2004 Summer Olympics – Men's 200 metre backstroke,A. Peirsol
Swimming at the 2000 Summer Olympics – Men's 1500 metre freestyle,C. Thompson,Swimming at the 2004 Summer Olympics – Men's 1500 metre freestyle,K. Perkins
Swimming at the 2000 Summer Olympics – Men's 100 metre freestyle,G. H. Jr.,Swimming at the 2004 Summer Olympics – Men's 100 metre freestyle,A. Popov
Swimming at the 2000 Summer Olympics – Men's 100 metre butterfly,G. Huegill,Swimming at the 2004 Summer Olympics – Men's 100 metre butterfly,M. Klim
Swimming at the 2000 Summer Olympics – Men's 100 metre breaststroke,R. Sloudnov,Swimming at the 2004 Summer Olympics – Men's 100 metre breaststroke,E. Moses
Swimming at the 2000 Summer Olympics – Men's 100 metre backstroke,S. Theloke,Swimming at the 2004 Summer Olympics – Men's 100 metre backstroke,M. Welsh
Swimming at the 1996 Summer Olympics – Women's 800 metre freestyle,K. Vlieghuis,Swimming at the 2000 Summer Olympics – Women's 800 metre freestyle,D. Hase
Swimming at the 1996 Summer Olympics – Women's 50 metre freestyle,S. Völker,Swimming at the 2000 Summer Olympics – Women's 50 metre freestyle,L. Jingyi
Swimming at the 1996 Summer Olympics – Women's 4 × 100 metre medley relay,C. Huijue,Swimming at the 2000 Summer Olympics – Women's 4 × 100 metre medley relay,S. O'Neill
Swimming at the 1996 Summer Olympics – Women's 400 metre individual medley,K. Egerszegi,Swimming at the 2000 Summer Olympics – Women's 400 metre individual medley,A. Wagner
Swimming at the 1996 Summer Olympics – Women's 400 metre freestyle,K. Vlieghuis,Swimming at the 2000 Summer Olympics – Women's 400 metre freestyle,D. Hase
Swimming at the 1996 Summer Olympics – Women's 200 metre individual medley,L. Li,Swimming at the 2000 Summer Olympics – Women's 200 metre individual medley,M. Limpert
Swimming at the 1996 Summer Olympics – Women's 200 metre freestyle,D. Hase,Swimming at the 2000 Summer Olympics – Women's 200 metre freestyle,F. v. Almsick
Swimming at the 1996 Summer Olympics – Women's 200 metre butterfly,M. Smith,Swimming at the 2000 Summer Olympics – Women's 200 metre butterfly,P. Thomas
Swimming at the 1996 Summer Olympics – Women's 200 metre breaststroke,Á. Kovács,Swimming at the 2000 Summer Olympics – Women's 200 metre breaststroke,A. Beard
Swimming at the 1996 Summer Olympics – Women's 200 metre backstroke,C. Rund,Swimming at the 2000 Summer Olympics – Women's 200 metre backstroke,W. Hedgepeth
Swimming at the 1996 Summer Olympics – Women's 100 metre freestyle,A. Martino,Swimming at the 2000 Summer Olympics – Women's 100 metre freestyle,S. Völker
Swimming at the 1996 Summer Olympics – Women's 100 metre butterfly,A. Martino,Swimming at the 2000 Summer Olympics – Women's 100 metre butterfly,L. Limin
Swimming at the 1996 Summer Olympics – Women's 100 metre breaststroke,S. Riley,Swimming at the 2000 Summer Olympics – Women's 100 metre breaststroke,A. Beard
Swimming at the 1996 Summer Olympics – Women's 100 metre backstroke,M. Kriel,Swimming at the 2000 Summer Olympics – Women's 100 metre backstroke,W. Hedgepeth
Swimming at the 1996 Summer Olympics – Men's 50 metre freestyle,F. Scherer,Swimming at the 2000 Summer Olympics – Men's 50 metre freestyle,G. H. Jr.
Swimming at the 1996 Summer Olympics – Men's 4 × 100 metre medley relay,M. Klim,Swimming at the 2000 Summer Olympics – Men's 4 × 100 metre medley relay,A. Popov
Swimming at the 1996 Summer Olympics – Men's 400 metre individual medley,C. Myden,Swimming at the 2000 Summer Olympics – Men's 400 metre individual medley,E. Namesnik
Swimming at the 1996 Summer Olympics – Men's 400 metre freestyle,D. Kowalski,Swimming at the 2000 Summer Olympics – Men's 400 metre freestyle,P. Palmer
Swimming at the 1996 Summer Olympics – Men's 200 metre individual medley,C. Myden,Swimming at the 2000 Summer Olympics - Men's 200 metre individual medley,J. Sievinen
Swimming at the 1996 Summer Olympics – Men's 200 metre freestyle,D. Kowalski,Swimming at the 2000 Summer Olympics – Men's 200 metre freestyle,G. Borges
Swimming at the 1996 Summer Olympics – Men's 200 metre butterfly,S. Goodman,Swimming at the 2000 Summer Olympics – Men's 200 metre butterfly,T. Malchow
Swimming at the 1996 Summer Olympics – Men's 200 metre breaststroke,A. Korneyev,Swimming at the 2000 Summer Olympics – Men's 200 metre breaststroke,K. Güttler
Swimming at the 1996 Summer Olympics – Men's 200 metre backstroke,E. Merisi,Swimming at the 2000 Summer Olympics – Men's 200 metre backstroke,T. Schwenk
Swimming at the 1996 Summer Olympics – Men's 1500 metre freestyle,G. Smith,Swimming at the 2000 Summer Olympics – Men's 1500 metre freestyle,D. Kowalski
Swimming at the 1996 Summer Olympics – Men's 100 metre freestyle,G. Borges,Swimming at the 2000 Summer Olympics – Men's 100 metre freestyle,G. H. Jr.
Swimming at the 1996 Summer Olympics – Men's 100 metre butterfly,V. Kulikov,Swimming at the 2000 Summer Olympics – Men's 100 metre butterfly,S. Miller
Swimming at the 1996 Summer Olympics – Men's 100 metre breaststroke,M. Warnecke,Swimming at the 2000 Summer Olympics – Men's 100 metre breaststroke,J. Linn
Swimming at the 1996 Summer Olympics – Men's 100 metre backstroke,N. Bent,Swimming at the 2000 Summer Olympics – Men's 100 metre backstroke,R. Falcón
Swimming at the 1996 Summer Olympics – Women's 800 metre freestyle,K. Vlieghuis,Swimming at the 2000 Summer Olympics – Women's 800 metre freestyle,D. Hase
Swimming at the 1996 Summer Olympics – Women's 50 metre freestyle,S. Völker,Swimming at the 2000 Summer Olympics – Women's 50 metre freestyle,L. Jingyi
Swimming at the 1996 Summer Olympics – Women's 4 × 100 metre medley relay,C. Huijue,Swimming at the 2000 Summer Olympics – Women's 4 × 100 metre medley relay,S. O'Neill
Swimming at the 1996 Summer Olympics – Women's 400 metre individual medley,K. Egerszegi,Swimming at the 2000 Summer Olympics – Women's 400 metre individual medley,A. Wagner
Swimming at the 1996 Summer Olympics – Women's 400 metre freestyle,K. Vlieghuis,Swimming at the 2000 Summer Olympics – Women's 400 metre freestyle,D. Hase
Swimming at the 1996 Summer Olympics – Women's 200 metre individual medley,L. Li,Swimming at the 2000 Summer Olympics – Women's 200 metre individual medley,M. Limpert
Swimming at the 1996 Summer Olympics – Women's 200 metre freestyle,D. Hase,Swimming at the 2000 Summer Olympics – Women's 200 metre freestyle,F. v. Almsick
Swimming at the 1996 Summer Olympics – Women's 200 metre butterfly,M. Smith,Swimming at the 2000 Summer Olympics – Women's 200 metre butterfly,P. Thomas
Swimming at the 1996 Summer Olympics – Women's 200 metre breaststroke,Á. Kovács,Swimming at the 2000 Summer Olympics – Women's 200 metre breaststroke,A. Beard
Swimming at the 1996 Summer Olympics – Women's 200 metre backstroke,C. Rund,Swimming at the 2000 Summer Olympics – Women's 200 metre backstroke,W. Hedgepeth
Swimming at the 1996 Summer Olympics – Women's 100 metre freestyle,A. Martino,Swimming at the 2000 Summer Olympics – Women's 100 metre freestyle,S. Völker
Swimming at the 1996 Summer Olympics – Women's 100 metre butterfly,A. Martino,Swimming at the 2000 Summer Olympics – Women's 100 metre butterfly,L. Limin
Swimming at the 1996 Summer Olympics – Women's 100 metre breaststroke,S. Riley,Swimming at the 2000 Summer Olympics – Women's 100 metre breaststroke,A. Beard
Swimming at the 1996 Summer Olympics – Women's 100 metre backstroke,M. Kriel,Swimming at the 2000 Summer Olympics – Women's 100 metre backstroke,W. Hedgepeth
Swimming at the 1996 Summer Olympics – Men's 50 metre freestyle,F. Scherer,Swimming at the 2000 Summer Olympics – Men's 50 metre freestyle,G. H. Jr.
Swimming at the 1996 Summer Olympics – Men's 4 × 100 metre medley relay,P. Rogers,Swimming at the 2000 Summer Olympics – Men's 4 × 100 metre medley relay,A. Popov
Swimming at the 1996 Summer Olympics – Men's 400 metre individual medley,C. Myden,Swimming at the 2000 Summer Olympics – Men's 400 metre individual medley,E. Namesnik
Swimming at the 1996 Summer Olympics – Men's 400 metre freestyle,D. Kowalski,Swimming at the 2000 Summer Olympics – Men's 400 metre freestyle,P. Palmer
Swimming at the 1996 Summer Olympics – Men's 200 metre individual medley,C. Myden,Swimming at the 2000 Summer Olympics - Men's 200 metre individual medley,J. Sievinen
Swimming at the 1996 Summer Olympics – Men's 200 metre freestyle,D. Kowalski,Swimming at the 2000 Summer Olympics – Men's 200 metre freestyle,G. Borges
Swimming at the 1996 Summer Olympics – Men's 200 metre butterfly,S. Goodman,Swimming at the 2000 Summer Olympics – Men's 200 metre butterfly,T. Malchow
Swimming at the 1996 Summer Olympics – Men's 200 metre breaststroke,A. Korneyev,Swimming at the 2000 Summer Olympics – Men's 200 metre breaststroke,K. Güttler
Swimming at the 1996 Summer Olympics – Men's 200 metre backstroke,E. Merisi,Swimming at the 2000 Summer Olympics – Men's 200 metre backstroke,T. Schwenk
Swimming at the 1996 Summer Olympics – Men's 1500 metre freestyle,G. Smith,Swimming at the 2000 Summer Olympics – Men's 1500 metre freestyle,D. Kowalski
Swimming at the 1996 Summer Olympics – Men's 100 metre freestyle,G. Borges,Swimming at the 2000 Summer Olympics – Men's 100 metre freestyle,G. H. Jr.
Swimming at the 1996 Summer Olympics – Men's 100 metre butterfly,V. Kulikov,Swimming at the 2000 Summer Olympics – Men's 100 metre butterfly,S. Miller
Swimming at the 1996 Summer Olympics – Men's 100 metre breaststroke,M. Warnecke,Swimming at the 2000 Summer Olympics – Men's 100 metre breaststroke,J. Linn
Swimming at the 1996 Summer Olympics – Men's 100 metre backstroke,N. Bent,Swimming at the 2000 Summer Olympics – Men's 100 metre backstroke,R. Falcón
Swimming at the 1992 Summer Olympics – Women's 800 metre freestyle,J. Henke,Swimming at the 1996 Summer Olympics - Women's 800 metre freestyle,H. Lewis
Swimming at the 1992 Summer Olympics – Women's 4 × 100 metre medley relay,N. Meshcheryakova,Swimming at the 1996 Summer Olympics – Women's 4 × 100 metre medley relay,D. Hunger
Swimming at the 1992 Summer Olympics – Women's 400 metre individual medley,S. Sanders,Swimming at the 1996 Summer Olympics – Women's 400 metre individual medley,L. Li
Swimming at the 1992 Summer Olympics – Women's 400 metre freestyle,H. Lewis,Swimming at the 1996 Summer Olympics – Women's 400 metre freestyle,J. Evans
Swimming at the 1992 Summer Olympics – Women's 200 metre individual medley,D. Hunger,Swimming at the 1996 Summer Olympics - Women's 200 metre individual medley,S. Sanders
Swimming at the 1992 Summer Olympics – Women's 200 metre freestyle,K. Kielgass,Swimming at the 1996 Summer Olympics – Women's 200 metre freestyle,F. v. Almsick
Swimming at the 1992 Summer Olympics – Women's 200 metre butterfly,S. O'Neill,Swimming at the 1996 Summer Olympics - Women's 200 metre butterfly,W. Xiaohong
Swimming at the 1992 Summer Olympics – Women's 200 metre breaststroke,A. Nall,Swimming at the 1996 Summer Olympics – Women's 200 metre breaststroke,L. Li
Swimming at the 1992 Summer Olympics – Women's 100 metre freestyle,F. v. Almsick,Swimming at the 1996 Summer Olympics – Women's 100 metre freestyle,J. Thompson
Swimming at the 1992 Summer Olympics – Women's 100 metre butterfly,C. Plewinski,Swimming at the 1996 Summer Olympics - Women's 100 metre butterfly,C. Ahmann-Leighton
Swimming at the 1992 Summer Olympics – Men's 400 metre individual medley,L. Sacchi,Swimming at the 1996 Summer Olympics - Men's 400 metre individual medley,E. Namesnik
Swimming at the 1992 Summer Olympics – Men's 400 metre freestyle,A. Holmertz,Swimming at the 1996 Summer Olympics - Men's 400 metre freestyle,K. Perkins
Swimming at the 1992 Summer Olympics – Men's 200 metre individual medley,A. Czene,Swimming at the 1996 Summer Olympics - Men's 200 metre individual medley,G. Burgess
Swimming at the 1992 Summer Olympics – Men's 200 metre freestyle,A. Kasvio,Swimming at the 1996 Summer Olympics - Men's 200 metre freestyle,A. Holmertz
Swimming at the 1992 Summer Olympics – Men's 200 metre butterfly,F. Esposito,Swimming at the 1996 Summer Olympics - Men's 200 metre butterfly,D. Loader
Swimming at the 1992 Summer Olympics – Men's 200 metre breaststroke,N. Gillingham,Swimming at the 1996 Summer Olympics - Men's 200 metre breaststroke,N. Rózsa
Swimming at the 1992 Summer Olympics – Men's 1500 metre freestyle,J. Hoffmann,Swimming at the 1996 Summer Olympics – Men's 1500 metre freestyle,G. Housman
Swimming at the 1992 Summer Olympics – Men's 100 metre butterfly,A. Nesty,Swimming at the 1996 Summer Olympics - Men's 100 metre butterfly,R. Szukała
Swimming at the 1992 Summer Olympics – Women's 800 metre freestyle,J. Henke,Swimming at the 1996 Summer Olympics - Women's 800 metre freestyle,H. Lewis
Swimming at the 1992 Summer Olympics – Women's 4 × 100 metre medley relay,N. Zhivanevskaya,Swimming at the 1996 Summer Olympics – Women's 4 × 100 metre medley relay,F. v. Almsick
Swimming at the 1992 Summer Olympics – Women's 400 metre individual medley,S. Sanders,Swimming at the 1996 Summer Olympics – Women's 400 metre individual medley,L. Li
Swimming at the 1992 Summer Olympics – Women's 400 metre freestyle,H. Lewis,Swimming at the 1996 Summer Olympics – Women's 400 metre freestyle,J. Evans
Swimming at the 1992 Summer Olympics – Women's 200 metre individual medley,D. Hunger,Swimming at the 1996 Summer Olympics - Women's 200 metre individual medley,S. Sanders
Swimming at the 1992 Summer Olympics – Women's 200 metre freestyle,K. Kielgass,Swimming at the 1996 Summer Olympics – Women's 200 metre freestyle,F. v. Almsick
Swimming at the 1992 Summer Olympics – Women's 200 metre butterfly,S. O'Neill,Swimming at the 1996 Summer Olympics - Women's 200 metre butterfly,W. Xiaohong
Swimming at the 1992 Summer Olympics – Women's 200 metre breaststroke,A. Nall,Swimming at the 1996 Summer Olympics – Women's 200 metre breaststroke,L. Li
Swimming at the 1992 Summer Olympics – Women's 100 metre freestyle,F. v. Almsick,Swimming at the 1996 Summer Olympics – Women's 100 metre freestyle,J. Thompson
Swimming at the 1992 Summer Olympics – Women's 100 metre butterfly,C. Plewinski,Swimming at the 1996 Summer Olympics - Women's 100 metre butterfly,C. Ahmann-Leighton
Swimming at the 1992 Summer Olympics – Men's 400 metre individual medley,L. Sacchi,Swimming at the 1996 Summer Olympics - Men's 400 metre individual medley,E. Namesnik
Swimming at the 1992 Summer Olympics – Men's 400 metre freestyle,A. Holmertz,Swimming at the 1996 Summer Olympics - Men's 400 metre freestyle,K. Perkins
Swimming at the 1992 Summer Olympics – Men's 200 metre individual medley,A. Czene,Swimming at the 1996 Summer Olympics - Men's 200 metre individual medley,G. Burgess
Swimming at the 1992 Summer Olympics – Men's 200 metre freestyle,A. Kasvio,Swimming at the 1996 Summer Olympics - Men's 200 metre freestyle,A. Holmertz
Swimming at the 1992 Summer Olympics – Men's 200 metre butterfly,F. Esposito,Swimming at the 1996 Summer Olympics - Men's 200 metre butterfly,D. Loader
Swimming at the 1992 Summer Olympics – Men's 200 metre breaststroke,N. Gillingham,Swimming at the 1996 Summer Olympics - Men's 200 metre breaststroke,N. Rózsa
