col0,col1,col2,col3
Swimming at the 1992 Summer Olympics – Men's 1500 metre freestyle,J. Hoffmann,Swimming at the 1996 Summer Olympics – Men's 1500 metre freestyle,G. Housman
Swimming at the 1992 Summer Olympics – Men's 100 metre butterfly,A. Nesty,Swimming at the 1996 Summer Olympics - Men's 100 metre butterfly,R. Szukała
Swimming at the 1988 Summer Olympics – Women's 800 metre freestyle,J. McDonald,Swimming at the 1992 Summer Olympics - Women's 800 metre freestyle,A. Strauss
Swimming at the 1988 Summer Olympics – Women's 200 metre breaststroke,A. Frenkeva,Swimming at the 1992 Summer Olympics – Women's 200 metre breaststroke,H. Xiaomin
Swimming at the 1988 Summer Olympics – Men's 50 metre freestyle,G. Prigoda,Swimming at the 1992 Summer Olympics – Men's 50 metre freestyle,T. Jager
Swimming at the 1988 Summer Olympics – Men's 400 metre freestyle,A. Wojdat,Swimming at the 1992 Summer Olympics - Men's 400 metre freestyle,D. Armstrong
Swimming at the 1988 Summer Olympics – Men's 200 metre freestyle,M. Biondi,Swimming at the 1992 Summer Olympics – Men's 200 metre freestyle,A. Holmertz
Swimming at the 1988 Summer Olympics – Men's 1500 metre freestyle,U. Daßler,Swimming at the 1992 Summer Olympics - Men's 1500 metre freestyle,S. Pfeiffer
Swimming at the 1988 Summer Olympics – Men's 100 metre freestyle,S. Caron,Swimming at the 1992 Summer Olympics – Men's 100 metre freestyle,C. Jacobs
Swimming at the 1988 Summer Olympics – Women's 800 metre freestyle,J. McDonald,Swimming at the 1992 Summer Olympics - Women's 800 metre freestyle,A. Strauss
Swimming at the 1988 Summer Olympics – Women's 200 metre breaststroke,A. Frenkeva,Swimming at the 1992 Summer Olympics – Women's 200 metre breaststroke,H. Xiaomin
Swimming at the 1988 Summer Olympics – Men's 50 metre freestyle,G. Prigoda,Swimming at the 1992 Summer Olympics – Men's 50 metre freestyle,T. Jager
Swimming at the 1988 Summer Olympics – Men's 400 metre freestyle,A. Wojdat,Swimming at the 1992 Summer Olympics - Men's 400 metre freestyle,D. Armstrong
Swimming at the 1988 Summer Olympics – Men's 200 metre freestyle,M. Biondi,Swimming at the 1992 Summer Olympics – Men's 200 metre freestyle,A. Holmertz
Swimming at the 1988 Summer Olympics – Men's 1500 metre freestyle,U. Daßler,Swimming at the 1992 Summer Olympics - Men's 1500 metre freestyle,S. Pfeiffer
Swimming at the 1988 Summer Olympics – Men's 100 metre freestyle,S. Caron,Swimming at the 1992 Summer Olympics – Men's 100 metre freestyle,C. Jacobs
Swimming at the 1984 Summer Olympics – Women's 800 metre freestyle,S. Hardcastle,Swimming at the 1988 Summer Olympics - Women's 800 metre freestyle,M. Richardson
Swimming at the 1984 Summer Olympics – Women's 400 metre freestyle,J. Croft,Swimming at the 1988 Summer Olympics - Women's 400 metre freestyle,S. Hardcastle
Swimming at the 1984 Summer Olympics – Women's 200 metre freestyle,A. Verstappen,Swimming at the 1988 Summer Olympics - Women's 200 metre freestyle,C. Woodhead
Swimming at the 1984 Summer Olympics – Women's 200 metre breaststroke,I. Lempereur,Swimming at the 1988 Summer Olympics – Women's 200 metre breaststroke,S. Rapp
Swimming at the 1984 Summer Olympics – Men's 4 × 100 metre freestyle relay,B. Baron,Swimming at the 1988 Summer Olympics – Men's 4 × 100 metre freestyle relay,G. Fasala
Swimming at the 1984 Summer Olympics – Men's 400 metre freestyle,J. Lemberg,Swimming at the 1988 Summer Olympics - Men's 400 metre freestyle,J. Mykkanen
Swimming at the 1984 Summer Olympics – Men's 200 metre freestyle,T. Fahrner,Swimming at the 1988 Summer Olympics - Men's 200 metre freestyle,M. Heath
Swimming at the 1984 Summer Olympics – Men's 1500 metre freestyle,S. Pfeiffer,Swimming at the 1988 Summer Olympics - Men's 1500 metre freestyle,G. DiCarlo
Swimming at the 1984 Summer Olympics – Men's 100 metre freestyle,P. Johansson,Swimming at the 1988 Summer Olympics – Men's 100 metre freestyle,M. Stockwell
Swimming at the 1984 Summer Olympics – Women's 800 metre freestyle,S. Hardcastle,Swimming at the 1988 Summer Olympics - Women's 800 metre freestyle,M. Richardson
Swimming at the 1984 Summer Olympics – Women's 400 metre freestyle,J. Croft,Swimming at the 1988 Summer Olympics - Women's 400 metre freestyle,S. Hardcastle
Swimming at the 1984 Summer Olympics – Women's 200 metre freestyle,A. Verstappen,Swimming at the 1988 Summer Olympics - Women's 200 metre freestyle,C. Woodhead
Swimming at the 1984 Summer Olympics – Women's 200 metre breaststroke,I. Lempereur,Swimming at the 1988 Summer Olympics – Women's 200 metre breaststroke,S. Rapp
Swimming at the 1984 Summer Olympics – Men's 4 × 100 metre freestyle relay,B. Baron,Swimming at the 1988 Summer Olympics – Men's 4 × 100 metre freestyle relay,M. Delany
Swimming at the 1984 Summer Olympics – Men's 400 metre freestyle,J. Lemberg,Swimming at the 1988 Summer Olympics - Men's 400 metre freestyle,J. Mykkanen
Swimming at the 1984 Summer Olympics – Men's 200 metre freestyle,T. Fahrner,Swimming at the 1988 Summer Olympics - Men's 200 metre freestyle,M. Heath
Swimming at the 1984 Summer Olympics – Men's 1500 metre freestyle,S. Pfeiffer,Swimming at the 1988 Summer Olympics - Men's 1500 metre freestyle,G. DiCarlo
Swimming at the 1984 Summer Olympics – Men's 100 metre freestyle,P. Johansson,Swimming at the 1988 Summer Olympics – Men's 100 metre freestyle,M. Stockwell
Swimming at the 1980 Summer Olympics – Women's 800 metre freestyle,H. Dähne,Swimming at the 1984 Summer Olympics - Women's 800 metre freestyle,I. Diers
Swimming at the 1980 Summer Olympics – Women's 400 metre freestyle,C. Schmidt,Swimming at the 1984 Summer Olympics - Women's 400 metre freestyle,P. Schneider
Swimming at the 1980 Summer Olympics – Women's 200 metre freestyle,C. Schmidt,Swimming at the 1984 Summer Olympics - Women's 200 metre freestyle,I. Diers
Swimming at the 1980 Summer Olympics – Women's 200 metre breaststroke,Y. Bogdanova,Swimming at the 1984 Summer Olympics – Women's 200 metre breaststroke,S. Varganova
Swimming at the 1980 Summer Olympics – Women's 100 metre freestyle,I. Diers,Swimming at the 1984 Summer Olympics - Women's 100 metre freestyle,C. Metschuck
Swimming at the 1980 Summer Olympics – Men's 4 × 100 metre medley relay,D. Lowe,Swimming at the 1984 Summer Olympics – Men's 4 × 100 metre medley relay,S. Kopliakov
Swimming at the 1980 Summer Olympics – Men's 400 metre freestyle,I. Stukolkin,Swimming at the 1984 Summer Olympics - Men's 400 metre freestyle,A. Krylov
Swimming at the 1980 Summer Olympics – Men's 200 metre freestyle,G. Brewer,Swimming at the 1984 Summer Olympics - Men's 200 metre freestyle,A. Krylov
Swimming at the 1980 Summer Olympics – Men's 1500 metre freestyle,M. Metzker,Swimming at the 1984 Summer Olympics - Men's 1500 metre freestyle,A. Chayev
Swimming at the 1980 Summer Olympics – Men's 100 metre freestyle,P. Johansson,Swimming at the 1984 Summer Olympics – Men's 100 metre freestyle,P. Holmertz
Swimming at the 1980 Summer Olympics – Women's 800 metre freestyle,H. Dähne,Swimming at the 1984 Summer Olympics - Women's 800 metre freestyle,I. Diers
Swimming at the 1980 Summer Olympics – Women's 400 metre freestyle,C. Schmidt,Swimming at the 1984 Summer Olympics - Women's 400 metre freestyle,P. Schneider
Swimming at the 1980 Summer Olympics – Women's 200 metre freestyle,C. Schmidt,Swimming at the 1984 Summer Olympics - Women's 200 metre freestyle,I. Diers
Swimming at the 1980 Summer Olympics – Women's 200 metre breaststroke,Y. Bogdanova,Swimming at the 1984 Summer Olympics – Women's 200 metre breaststroke,S. Varganova
Swimming at the 1980 Summer Olympics – Women's 100 metre freestyle,I. Diers,Swimming at the 1984 Summer Olympics - Women's 100 metre freestyle,C. Metschuck
Swimming at the 1980 Summer Olympics – Men's 4 × 100 metre medley relay,M. Smith,Swimming at the 1984 Summer Olympics – Men's 4 × 100 metre medley relay,V. Kuznetsov
Swimming at the 1980 Summer Olympics – Men's 400 metre freestyle,I. Stukolkin,Swimming at the 1984 Summer Olympics - Men's 400 metre freestyle,A. Krylov
Swimming at the 1980 Summer Olympics – Men's 200 metre freestyle,G. Brewer,Swimming at the 1984 Summer Olympics - Men's 200 metre freestyle,A. Krylov
Swimming at the 1980 Summer Olympics – Men's 1500 metre freestyle,M. Metzker,Swimming at the 1984 Summer Olympics - Men's 1500 metre freestyle,A. Chayev
Swimming at the 1980 Summer Olympics – Men's 100 metre freestyle,P. Johansson,Swimming at the 1984 Summer Olympics – Men's 100 metre freestyle,P. Holmertz
Swimming at the 1976 Summer Olympics – Women's 800 metre freestyle,W. Weinberg,Swimming at the 1980 Summer Olympics - Women's 800 metre freestyle,S. Babashoff
Swimming at the 1976 Summer Olympics – Women's 400 metre freestyle,S. Smith,Swimming at the 1980 Summer Olympics - Women's 400 metre freestyle,S. Babashoff
Swimming at the 1976 Summer Olympics – Women's 200 metre freestyle,E. Brigitha,Swimming at the 1980 Summer Olympics - Women's 200 metre freestyle,S. Babashoff
Swimming at the 1976 Summer Olympics – Women's 200 metre breaststroke,L. Rusanova,Swimming at the 1980 Summer Olympics – Women's 200 metre breaststroke,M. Yurchenya
Swimming at the 1976 Summer Olympics – Women's 100 metre freestyle,E. Brigitha,Swimming at the 1980 Summer Olympics - Women's 100 metre freestyle,P. Priemer
Swimming at the 1976 Summer Olympics – Men's 400 metre freestyle,V. Raskatov,Swimming at the 1980 Summer Olympics - Men's 400 metre freestyle,T. Shaw
Swimming at the 1976 Summer Olympics – Men's 200 metre freestyle,J. Montgomery,Swimming at the 1980 Summer Olympics - Men's 200 metre freestyle,J. Naber
Swimming at the 1976 Summer Olympics – Men's 1500 metre freestyle,S. Holland,Swimming at the 1980 Summer Olympics – Men's 1500 metre freestyle,B. Hackett
Swimming at the 1976 Summer Olympics – Men's 100 metre freestyle,P. Nocke,Swimming at the 1980 Summer Olympics – Men's 100 metre freestyle,J. Babashoff
Swimming at the 1976 Summer Olympics – Women's 800 metre freestyle,W. Weinberg,Swimming at the 1980 Summer Olympics - Women's 800 metre freestyle,S. Babashoff
Swimming at the 1976 Summer Olympics – Women's 400 metre freestyle,S. Smith,Swimming at the 1980 Summer Olympics - Women's 400 metre freestyle,S. Babashoff
Swimming at the 1976 Summer Olympics – Women's 200 metre freestyle,E. Brigitha,Swimming at the 1980 Summer Olympics - Women's 200 metre freestyle,S. Babashoff
Swimming at the 1976 Summer Olympics – Women's 200 metre breaststroke,L. Rusanova,Swimming at the 1980 Summer Olympics – Women's 200 metre breaststroke,M. Yurchenya
Swimming at the 1976 Summer Olympics – Women's 100 metre freestyle,E. Brigitha,Swimming at the 1980 Summer Olympics - Women's 100 metre freestyle,P. Priemer
Swimming at the 1976 Summer Olympics – Men's 400 metre freestyle,V. Raskatov,Swimming at the 1980 Summer Olympics - Men's 400 metre freestyle,T. Shaw
Swimming at the 1976 Summer Olympics – Men's 200 metre freestyle,J. Montgomery,Swimming at the 1980 Summer Olympics - Men's 200 metre freestyle,J. Naber
Swimming at the 1976 Summer Olympics – Men's 1500 metre freestyle,S. Holland,Swimming at the 1980 Summer Olympics – Men's 1500 metre freestyle,B. Hackett
Swimming at the 1976 Summer Olympics – Men's 100 metre freestyle,P. Nocke,Swimming at the 1980 Summer Olympics – Men's 100 metre freestyle,J. Babashoff
Swimming at the 1972 Summer Olympics – Women's 200 metre breaststroke,G. Prozumenshchikova,Swimming at the 1976 Summer Olympics – Women's 200 metre breaststroke,D. Schoenfield
Swimming at the 1968 Summer Olympics – Women's 200 metre breaststroke,G. Prozumenshchikova,Swimming at the 1972 Summer Olympics – Women's 200 metre breaststroke,Đ. Bjedov
Swimming at the 1964 Summer Olympics – Women's 200 metre breaststroke,S. Babanina,Swimming at the 1968 Summer Olympics – Women's 200 metre breaststroke,C. Kolb
Swimming at the 1960 Summer Olympics – Women's 200 metre breaststroke,B. Göbel,Swimming at the 1964 Summer Olympics – Women's 200 metre breaststroke,W. Urselmann
Swimming at the 1956 Summer Olympics – Women's 200 metre breaststroke,E. t. Elsen,Swimming at the 1960 Summer Olympics – Women's 200 metre breaststroke,É. Székely
Swimming at the 1956 Summer Olympics – Women's 100 metre freestyle,F. Leech,Swimming at the 1960 Summer Olympics – Women's 100 metre freestyle,L. Crapp
Swimming at the 1956 Summer Olympics – Women's 200 metre breaststroke,E. t. Elsen,Swimming at the 1960 Summer Olympics – Women's 200 metre breaststroke,É. Székely
Swimming at the 1956 Summer Olympics – Women's 100 metre freestyle,F. Leech,Swimming at the 1960 Summer Olympics – Women's 100 metre freestyle,L. Crapp
Swimming at the 1952 Summer Olympics – Women's 200 metre breaststroke,E. Gordon,Swimming at the 1956 Summer Olympics – Women's 200 metre breaststroke,É. Novák-Gerard
Swimming at the 1948 Summer Olympics – Women's 200 metre breaststroke,É. Novák-Gerard,Swimming at the 1952 Summer Olympics – Women's 200 metre breaststroke,N. Lyons
Swimming at the 1936 Summer Olympics – Women's 200 metre breaststroke,I. Sørensen,Swimming at the 1948 Summer Olympics – Women's 200 metre breaststroke,M. Genenger
Swimming at the 1924 Summer Olympics – Women's 4 × 100 metre freestyle relay,A. Berg,Swimming at the 1928 Summer Olympics – Women's 4 × 100 metre freestyle relay,C. Jeans
Swimming at the 1924 Summer Olympics – Women's 400 metre freestyle,G. Ederle,Swimming at the 1928 Summer Olympics – Women's 400 metre freestyle,H. Wainwright
Swimming at the 1924 Summer Olympics – Women's 200 metre breaststroke,G. Carson,Swimming at the 1928 Summer Olympics – Women's 200 metre breaststroke,A. Geraghty
Swimming at the 1924 Summer Olympics – Women's 100 metre freestyle,G. Ederle,Swimming at the 1928 Summer Olympics – Women's 100 metre freestyle,M. Wehselau
Swimming at the 1924 Summer Olympics – Women's 100 metre backstroke,A. Riggin,Swimming at the 1928 Summer Olympics – Women's 100 metre backstroke,P. Harding
Swimming at the 1924 Summer Olympics – Men's 4 × 200 metre freestyle relay,A. Borg,Swimming at the 1928 Summer Olympics – Men's 4 × 200 metre freestyle relay,B. Charlton
Swimming at the 1924 Summer Olympics – Men's 400 metre freestyle,B. Charlton,Swimming at the 1928 Summer Olympics – Men's 400 metre freestyle,A. Borg
Swimming at the 1924 Summer Olympics – Men's 200 metre breaststroke,B. Kirschbaum,Swimming at the 1928 Summer Olympics – Men's 200 metre breaststroke,J. D. Combe
Swimming at the 1924 Summer Olympics – Men's 1500 metre freestyle,F. Beaurepaire,Swimming at the 1928 Summer Olympics – Men's 1500 metre freestyle,A. Borg
Swimming at the 1924 Summer Olympics – Men's 100 metre freestyle,S. Kahanamoku,Swimming at the 1928 Summer Olympics – Men's 100 metre freestyle,D. Kahanamoku
Swimming at the 1924 Summer Olympics – Men's 100 metre backstroke,K. Bartha,Swimming at the 1928 Summer Olympics – Men's 100 metre backstroke,P. Wyatt
Swimming at the 1924 Summer Olympics – Women's 4 × 100 metre freestyle relay,H. Töpel,Swimming at the 1928 Summer Olympics – Women's 4 × 100 metre freestyle relay,C. Jeans
Swimming at the 1924 Summer Olympics – Women's 400 metre freestyle,G. Ederle,Swimming at the 1928 Summer Olympics – Women's 400 metre freestyle,H. Wainwright
Swimming at the 1924 Summer Olympics – Women's 200 metre breaststroke,G. Carson,Swimming at the 1928 Summer Olympics – Women's 200 metre breaststroke,A. Geraghty
Swimming at the 1924 Summer Olympics – Women's 100 metre freestyle,G. Ederle,Swimming at the 1928 Summer Olympics – Women's 100 metre freestyle,M. Wehselau
Swimming at the 1924 Summer Olympics – Women's 100 metre backstroke,A. Riggin,Swimming at the 1928 Summer Olympics – Women's 100 metre backstroke,P. Harding
Swimming at the 1924 Summer Olympics – Men's 4 × 200 metre freestyle relay,A. Borg,Swimming at the 1928 Summer Olympics – Men's 4 × 200 metre freestyle relay,E. Henry
Swimming at the 1924 Summer Olympics – Men's 400 metre freestyle,B. Charlton,Swimming at the 1928 Summer Olympics – Men's 400 metre freestyle,A. Borg
Swimming at the 1924 Summer Olympics – Men's 200 metre breaststroke,B. Kirschbaum,Swimming at the 1928 Summer Olympics – Men's 200 metre breaststroke,J. D. Combe
Swimming at the 1924 Summer Olympics – Men's 1500 metre freestyle,F. Beaurepaire,Swimming at the 1928 Summer Olympics – Men's 1500 metre freestyle,A. Borg
Swimming at the 1924 Summer Olympics – Men's 100 metre freestyle,S. Kahanamoku,Swimming at the 1928 Summer Olympics – Men's 100 metre freestyle,D. Kahanamoku
Swimming at the 1924 Summer Olympics – Men's 100 metre backstroke,K. Bartha,Swimming at the 1928 Summer Olympics – Men's 100 metre backstroke,P. Wyatt
