col0,col1,col2,col3
Speed skating at the 1998 Winter Olympics – Men's 5000 metres,B. Veldkamp,Speed skating at the 2002 Winter Olympics – Men's 5000 metres,R. Ritsma
Speed skating at the 1998 Winter Olympics – Men's 1500 metres,R. Ritsma,Speed skating at the 2002 Winter Olympics – Men's 1500 metres,I. Postma
Speed skating at the 1998 Winter Olympics – Men's 1000 metres,H. Shimizu,Speed skating at the 2002 Winter Olympics – Men's 1000 metres,J. Bos
"Speed skating at the 1998 Winter Olympics – Men's 10,000 metres",R. Ritsma,"Speed skating at the 2002 Winter Olympics – Men's 10,000 metres",B. d. Jong
Speed skating at the 1998 Winter Olympics – Women's 500 metres,T. Okazaki,Speed skating at the 2002 Winter Olympics – Women's 500 metres,S. Auch
Speed skating at the 1998 Winter Olympics – Women's 5000 metres,L. Prokasheva,Speed skating at the 2002 Winter Olympics – Women's 5000 metres,G. Niemann-Stirnemann
Speed skating at the 1998 Winter Olympics – Women's 3000 metres,A. Friesinger-Postma,Speed skating at the 2002 Winter Olympics – Women's 3000 metres,C. Pechstein
Speed skating at the 1998 Winter Olympics – Women's 1500 metres,C. Witty,Speed skating at the 2002 Winter Olympics – Women's 1500 metres,G. Niemann-Stirnemann
Speed skating at the 1998 Winter Olympics – Women's 1000 metres,C. L. Doan,Speed skating at the 2002 Winter Olympics – Women's 1000 metres,C. Witty
Speed skating at the 1998 Winter Olympics – Men's 500 metres,K. Overland,Speed skating at the 2002 Winter Olympics – Men's 500 metres,J. Wotherspoon
Speed skating at the 1998 Winter Olympics – Men's 5000 metres,B. Veldkamp,Speed skating at the 2002 Winter Olympics – Men's 5000 metres,R. Ritsma
Speed skating at the 1998 Winter Olympics – Men's 1500 metres,R. Ritsma,Speed skating at the 2002 Winter Olympics – Men's 1500 metres,I. Postma
Speed skating at the 1998 Winter Olympics – Men's 1000 metres,H. Shimizu,Speed skating at the 2002 Winter Olympics – Men's 1000 metres,J. Bos
"Speed skating at the 1998 Winter Olympics – Men's 10,000 metres",R. Ritsma,"Speed skating at the 2002 Winter Olympics – Men's 10,000 metres",B. d. Jong
Speed skating at the 1994 Winter Olympics – Women's 500 metres,F. Schenk,Speed skating at the 1998 Winter Olympics – Women's 500 metres,S. Auch
Speed skating at the 1994 Winter Olympics – Women's 5000 metres,H. Yamamoto,Speed skating at the 1998 Winter Olympics – Women's 5000 metres,G. Niemann-Stirnemann
Speed skating at the 1994 Winter Olympics – Women's 3000 metres,C. Pechstein,Speed skating at the 1998 Winter Olympics – Women's 3000 metres,E. Hunyady
Speed skating at the 1994 Winter Olympics – Women's 1500 metres,G. Niemann-Stirnemann,Speed skating at the 1998 Winter Olympics – Women's 1500 metres,S. Fedotkina
Speed skating at the 1994 Winter Olympics – Women's 1000 metres,Y. Qiaobo,Speed skating at the 1998 Winter Olympics – Women's 1000 metres,A. Baier-Loef
Speed skating at the 1994 Winter Olympics – Men's 500 metres,M. Horii,Speed skating at the 1998 Winter Olympics – Men's 500 metres,S. Klevchenya
Speed skating at the 1994 Winter Olympics – Men's 5000 metres,R. Ritsma,Speed skating at the 1998 Winter Olympics – Men's 5000 metres,K. Storelid
Speed skating at the 1994 Winter Olympics – Men's 1500 metres,F. Zandstra,Speed skating at the 1998 Winter Olympics – Men's 1500 metres,R. Ritsma
Speed skating at the 1994 Winter Olympics – Men's 1000 metres,S. Klevchenya,Speed skating at the 1998 Winter Olympics – Men's 1000 metres,I. Zhelezovski
"Speed skating at the 1994 Winter Olympics – Men's 10,000 metres",R. Ritsma,"Speed skating at the 1998 Winter Olympics – Men's 10,000 metres",K. Storelid
Speed skating at the 1994 Winter Olympics – Women's 500 metres,F. Schenk,Speed skating at the 1998 Winter Olympics – Women's 500 metres,S. Auch
Speed skating at the 1994 Winter Olympics – Women's 5000 metres,H. Yamamoto,Speed skating at the 1998 Winter Olympics – Women's 5000 metres,G. Niemann-Stirnemann
Speed skating at the 1994 Winter Olympics – Women's 3000 metres,C. Pechstein,Speed skating at the 1998 Winter Olympics – Women's 3000 metres,E. Hunyady
Speed skating at the 1994 Winter Olympics – Women's 1500 metres,G. Niemann-Stirnemann,Speed skating at the 1998 Winter Olympics – Women's 1500 metres,S. Fedotkina
Speed skating at the 1994 Winter Olympics – Women's 1000 metres,Y. Qiaobo,Speed skating at the 1998 Winter Olympics – Women's 1000 metres,A. Baier-Loef
Speed skating at the 1994 Winter Olympics – Men's 500 metres,M. Horii,Speed skating at the 1998 Winter Olympics – Men's 500 metres,S. Klevchenya
Speed skating at the 1994 Winter Olympics – Men's 5000 metres,R. Ritsma,Speed skating at the 1998 Winter Olympics – Men's 5000 metres,K. Storelid
Speed skating at the 1994 Winter Olympics – Men's 1500 metres,F. Zandstra,Speed skating at the 1998 Winter Olympics – Men's 1500 metres,R. Ritsma
Speed skating at the 1994 Winter Olympics – Men's 1000 metres,S. Klevchenya,Speed skating at the 1998 Winter Olympics – Men's 1000 metres,I. Zhelezovski
"Speed skating at the 1994 Winter Olympics – Men's 10,000 metres",R. Ritsma,"Speed skating at the 1998 Winter Olympics – Men's 10,000 metres",K. Storelid
Speed skating at the 1992 Winter Olympics – Women's 500 metres,C. Luding-Rothenburger,Speed skating at the 1994 Winter Olympics – Women's 500 metres,Y. Qiaobo
Speed skating at the 1992 Winter Olympics – Women's 5000 metres,C. Pechstein,Speed skating at the 1994 Winter Olympics – Women's 5000 metres,H. Warnicke
Speed skating at the 1992 Winter Olympics – Women's 3000 metres,E. Hunyady,Speed skating at the 1994 Winter Olympics – Women's 3000 metres,H. Warnicke
Speed skating at the 1992 Winter Olympics – Women's 1500 metres,S. Hashimoto,Speed skating at the 1994 Winter Olympics – Women's 1500 metres,G. Niemann-Stirnemann
Speed skating at the 1992 Winter Olympics – Women's 1000 metres,M. Garbrecht-Enfeldt,Speed skating at the 1994 Winter Olympics – Women's 1000 metres,Y. Qiaobo
Speed skating at the 1992 Winter Olympics – Men's 500 metres,J. Inoue,Speed skating at the 1994 Winter Olympics – Men's 500 metres,T. Kuroiwa
Speed skating at the 1992 Winter Olympics – Men's 5000 metres,L. Visser,Speed skating at the 1994 Winter Olympics – Men's 5000 metres,F. Zandstra
Speed skating at the 1992 Winter Olympics – Men's 1500 metres,L. Visser,Speed skating at the 1994 Winter Olympics – Men's 1500 metres,Å. Søndrål
Speed skating at the 1992 Winter Olympics – Men's 1000 metres,Y. Miyabe,Speed skating at the 1994 Winter Olympics – Men's 1000 metres,K. Yoon-man
"Speed skating at the 1992 Winter Olympics – Men's 10,000 metres",G. Karlstad,"Speed skating at the 1994 Winter Olympics – Men's 10,000 metres",J. O. Koss
Speed skating at the 1992 Winter Olympics – Women's 500 metres,C. Luding-Rothenburger,Speed skating at the 1994 Winter Olympics – Women's 500 metres,Y. Qiaobo
Speed skating at the 1992 Winter Olympics – Women's 5000 metres,C. Pechstein,Speed skating at the 1994 Winter Olympics – Women's 5000 metres,H. Warnicke
Speed skating at the 1992 Winter Olympics – Women's 3000 metres,E. Hunyady,Speed skating at the 1994 Winter Olympics – Women's 3000 metres,H. Warnicke
Speed skating at the 1992 Winter Olympics – Women's 1500 metres,S. Hashimoto,Speed skating at the 1994 Winter Olympics – Women's 1500 metres,G. Niemann-Stirnemann
Speed skating at the 1992 Winter Olympics – Women's 1000 metres,M. Garbrecht-Enfeldt,Speed skating at the 1994 Winter Olympics – Women's 1000 metres,Y. Qiaobo
Speed skating at the 1992 Winter Olympics – Men's 500 metres,J. Inoue,Speed skating at the 1994 Winter Olympics – Men's 500 metres,T. Kuroiwa
Speed skating at the 1992 Winter Olympics – Men's 5000 metres,L. Visser,Speed skating at the 1994 Winter Olympics – Men's 5000 metres,F. Zandstra
Speed skating at the 1992 Winter Olympics – Men's 1500 metres,L. Visser,Speed skating at the 1994 Winter Olympics – Men's 1500 metres,Å. Søndrål
Speed skating at the 1992 Winter Olympics – Men's 1000 metres,Y. Miyabe,Speed skating at the 1994 Winter Olympics – Men's 1000 metres,K. Yoon-man
"Speed skating at the 1992 Winter Olympics – Men's 10,000 metres",G. Karlstad,"Speed skating at the 1994 Winter Olympics – Men's 10,000 metres",J. O. Koss
Speed skating at the 1988 Winter Olympics – Women's 500 metres,K. Enke,Speed skating at the 1992 Winter Olympics – Women's 500 metres,C. Luding-Rothenburger
Speed skating at the 1988 Winter Olympics – Women's 5000 metres,G. Zange,Speed skating at the 1992 Winter Olympics – Women's 5000 metres,A. Ehrig-Mitscherlich
Speed skating at the 1988 Winter Olympics – Women's 3000 metres,G. Zange,Speed skating at the 1992 Winter Olympics – Women's 3000 metres,A. Ehrig-Mitscherlich
Speed skating at the 1988 Winter Olympics – Women's 1500 metres,A. Ehrig-Mitscherlich,Speed skating at the 1992 Winter Olympics – Women's 1500 metres,K. Enke
Speed skating at the 1988 Winter Olympics – Women's 1000 metres,B. Blair,Speed skating at the 1992 Winter Olympics – Women's 1000 metres,K. Enke
Speed skating at the 1988 Winter Olympics – Men's 500 metres,A. Kuroiwa,Speed skating at the 1992 Winter Olympics – Men's 500 metres,J. Ykema
Speed skating at the 1988 Winter Olympics – Men's 5000 metres,G. Kemkers,Speed skating at the 1992 Winter Olympics – Men's 5000 metres,L. Visser
Speed skating at the 1988 Winter Olympics – Men's 1500 metres,M. Hadschieff,Speed skating at the 1992 Winter Olympics – Men's 1500 metres,E. Flaim
