col0,col1,col2,col3
"Speed skating at the 1964 Winter Olympics – Men's 10,000 metres",K. Johannesen,"Speed skating at the 1968 Winter Olympics – Men's 10,000 metres",F. A. Maier
Speed skating at the 1964 Winter Olympics – Women's 500 metres,T. Sidorova,Speed skating at the 1968 Winter Olympics – Women's 500 metres,I. Yegorova
Speed skating at the 1964 Winter Olympics – Women's 1500 metres,B. Kolokoltseva,Speed skating at the 1968 Winter Olympics – Women's 1500 metres,K. Mustonen
Speed skating at the 1964 Winter Olympics – Women's 1000 metres,K. Mustonen,Speed skating at the 1968 Winter Olympics – Women's 1000 metres,L. Titova
Speed skating at the 1964 Winter Olympics – Men's 5000 metres,F. A. Maier,Speed skating at the 1968 Winter Olympics – Men's 5000 metres,P. I. Moe
Speed skating at the 1964 Winter Olympics – Men's 1500 metres,V. Haugen,Speed skating at the 1968 Winter Olympics – Men's 1500 metres,K. Verkerk
"Speed skating at the 1964 Winter Olympics – Men's 10,000 metres",K. Johannesen,"Speed skating at the 1968 Winter Olympics – Men's 10,000 metres",F. A. Maier
Speed skating at the 1960 Winter Olympics – Women's 500 metres,J. Ashworth,Speed skating at the 1964 Winter Olympics – Women's 500 metres,N. Donchenko
Speed skating at the 1960 Winter Olympics – Women's 3000 metres,E. Huttunen,Speed skating at the 1964 Winter Olympics – Women's 3000 metres,V. Stenina
Speed skating at the 1960 Winter Olympics – Women's 1500 metres,H. Pilejczyk,Speed skating at the 1964 Winter Olympics – Women's 1500 metres,E. Seroczyńska
Speed skating at the 1960 Winter Olympics – Women's 1000 metres,T. Rylova,Speed skating at the 1964 Winter Olympics – Women's 1000 metres,H. Haase
Speed skating at the 1960 Winter Olympics – Men's 500 metres,R. Grach,Speed skating at the 1964 Winter Olympics – Men's 500 metres,B. Disney
Speed skating at the 1960 Winter Olympics – Men's 5000 metres,J. Pesman,Speed skating at the 1964 Winter Olympics – Men's 5000 metres,K. Johannesen
"Speed skating at the 1960 Winter Olympics – Men's 10,000 metres",K. Bäckman,"Speed skating at the 1964 Winter Olympics – Men's 10,000 metres",V. Kosichkin
Speed skating at the 1960 Winter Olympics – Women's 500 metres,J. Ashworth,Speed skating at the 1964 Winter Olympics – Women's 500 metres,N. Donchenko
Speed skating at the 1960 Winter Olympics – Women's 3000 metres,E. Huttunen,Speed skating at the 1964 Winter Olympics – Women's 3000 metres,V. Stenina
Speed skating at the 1960 Winter Olympics – Women's 1500 metres,H. Pilejczyk,Speed skating at the 1964 Winter Olympics – Women's 1500 metres,E. Seroczyńska
Speed skating at the 1960 Winter Olympics – Women's 1000 metres,T. Rylova,Speed skating at the 1964 Winter Olympics – Women's 1000 metres,H. Haase
Speed skating at the 1960 Winter Olympics – Men's 500 metres,R. Grach,Speed skating at the 1964 Winter Olympics – Men's 500 metres,B. Disney
Speed skating at the 1960 Winter Olympics – Men's 5000 metres,J. Pesman,Speed skating at the 1964 Winter Olympics – Men's 5000 metres,K. Johannesen
"Speed skating at the 1960 Winter Olympics – Men's 10,000 metres",K. Bäckman,"Speed skating at the 1964 Winter Olympics – Men's 10,000 metres",V. Kosichkin
Speed skating at the 1956 Winter Olympics – Men's 500 metres,A. Gjestvang,Speed skating at the 1960 Winter Olympics – Men's 500 metres,R. Grach
Speed skating at the 1956 Winter Olympics – Men's 5000 metres,O. Goncharenko,Speed skating at the 1960 Winter Olympics – Men's 5000 metres,S. Ericsson
"Speed skating at the 1956 Winter Olympics – Men's 10,000 metres",O. Goncharenko,"Speed skating at the 1960 Winter Olympics – Men's 10,000 metres",K. Johannesen
Speed skating at the 1956 Winter Olympics – Men's 500 metres,A. Gjestvang,Speed skating at the 1960 Winter Olympics – Men's 500 metres,R. Grach
Speed skating at the 1956 Winter Olympics – Men's 5000 metres,O. Goncharenko,Speed skating at the 1960 Winter Olympics – Men's 5000 metres,S. Ericsson
"Speed skating at the 1956 Winter Olympics – Men's 10,000 metres",O. Goncharenko,"Speed skating at the 1960 Winter Olympics – Men's 10,000 metres",K. Johannesen
Speed skating at the 1952 Winter Olympics – Men's 500 metres,G. Audley,Speed skating at the 1956 Winter Olympics – Men's 500 metres,D. McDermott
Speed skating at the 1952 Winter Olympics – Men's 5000 metres,S. I. Haugli,Speed skating at the 1956 Winter Olympics – Men's 5000 metres,K. Broekman
Speed skating at the 1952 Winter Olympics – Men's 1500 metres,R. Aas,Speed skating at the 1956 Winter Olympics – Men's 1500 metres,Wim van der Voort
"Speed skating at the 1952 Winter Olympics – Men's 10,000 metres",C. Asplund,"Speed skating at the 1956 Winter Olympics – Men's 10,000 metres",K. Broekman
Speed skating at the 1952 Winter Olympics – Men's 500 metres,G. Audley,Speed skating at the 1956 Winter Olympics – Men's 500 metres,D. McDermott
Speed skating at the 1952 Winter Olympics – Men's 5000 metres,S. I. Haugli,Speed skating at the 1956 Winter Olympics – Men's 5000 metres,K. Broekman
Speed skating at the 1952 Winter Olympics – Men's 1500 metres,R. Aas,Speed skating at the 1956 Winter Olympics – Men's 1500 metres,Wim van der Voort
"Speed skating at the 1952 Winter Olympics – Men's 10,000 metres",C. Asplund,"Speed skating at the 1956 Winter Olympics – Men's 10,000 metres",K. Broekman
Speed skating at the 1948 Winter Olympics – Men's 5000 metres,G. Hedlund,Speed skating at the 1952 Winter Olympics – Men's 5000 metres,O. Lundberg
Speed skating at the 1948 Winter Olympics – Men's 1500 metres,O. Lundberg,Speed skating at the 1952 Winter Olympics – Men's 1500 metres,Å. Seyffarth
"Speed skating at the 1948 Winter Olympics – Men's 10,000 metres",P. Lammio,"Speed skating at the 1952 Winter Olympics – Men's 10,000 metres",L. Parkkinen
Speed skating at the 1948 Winter Olympics – Men's 5000 metres,G. Hedlund,Speed skating at the 1952 Winter Olympics – Men's 5000 metres,O. Lundberg
Speed skating at the 1948 Winter Olympics – Men's 1500 metres,O. Lundberg,Speed skating at the 1952 Winter Olympics – Men's 1500 metres,Å. Seyffarth
"Speed skating at the 1948 Winter Olympics – Men's 10,000 metres",P. Lammio,"Speed skating at the 1952 Winter Olympics – Men's 10,000 metres",L. Parkkinen
Speed skating at the 1936 Winter Olympics – Men's 500 metres,L. Freisinger,Speed skating at the 1948 Winter Olympics – Men's 500 metres,G. Krog
Speed skating at the 1936 Winter Olympics – Men's 5000 metres,A. Ojala,Speed skating at the 1948 Winter Olympics – Men's 5000 metres,B. Wasenius
Speed skating at the 1936 Winter Olympics – Men's 1500 metres,B. Wasenius,Speed skating at the 1948 Winter Olympics – Men's 1500 metres,I. Ballangrud
"Speed skating at the 1936 Winter Olympics – Men's 10,000 metres",M. Stiepl,"Speed skating at the 1948 Winter Olympics – Men's 10,000 metres",B. Wasenius
Speed skating at the 1936 Winter Olympics – Men's 500 metres,L. Freisinger,Speed skating at the 1948 Winter Olympics – Men's 500 metres,G. Krog
Speed skating at the 1936 Winter Olympics – Men's 5000 metres,A. Ojala,Speed skating at the 1948 Winter Olympics – Men's 5000 metres,B. Wasenius
Speed skating at the 1936 Winter Olympics – Men's 1500 metres,B. Wasenius,Speed skating at the 1948 Winter Olympics – Men's 1500 metres,I. Ballangrud
"Speed skating at the 1936 Winter Olympics – Men's 10,000 metres",M. Stiepl,"Speed skating at the 1948 Winter Olympics – Men's 10,000 metres",B. Wasenius
Speed skating at the 1932 Winter Olympics – Men's 500 metres,A. Hurd,Speed skating at the 1936 Winter Olympics – Men's 500 metres,B. Evensen
Speed skating at the 1932 Winter Olympics – Men's 5000 metres,W. Logan,Speed skating at the 1936 Winter Olympics – Men's 5000 metres,E. Murphy
Speed skating at the 1932 Winter Olympics – Men's 1500 metres,W. Logan,Speed skating at the 1936 Winter Olympics – Men's 1500 metres,A. Hurd
"Speed skating at the 1932 Winter Olympics – Men's 10,000 metres",F. Stack,"Speed skating at the 1936 Winter Olympics – Men's 10,000 metres",I. Ballangrud
Speed skating at the 1932 Winter Olympics – Men's 500 metres,A. Hurd,Speed skating at the 1936 Winter Olympics – Men's 500 metres,B. Evensen
Speed skating at the 1932 Winter Olympics – Men's 5000 metres,W. Logan,Speed skating at the 1936 Winter Olympics – Men's 5000 metres,E. Murphy
Speed skating at the 1932 Winter Olympics – Men's 1500 metres,W. Logan,Speed skating at the 1936 Winter Olympics – Men's 1500 metres,A. Hurd
"Speed skating at the 1932 Winter Olympics – Men's 10,000 metres",F. Stack,"Speed skating at the 1936 Winter Olympics – Men's 10,000 metres",I. Ballangrud
Speed skating at the 1928 Winter Olympics – Men's 5000 metres,B. Evensen,Speed skating at the 1932 Winter Olympics – Men's 5000 metres,J. Skutnabb
Speed skating at the 1928 Winter Olympics – Men's 1500 metres,I. Ballangrud,Speed skating at the 1932 Winter Olympics – Men's 1500 metres,B. Evensen
Speed skating at the 1928 Winter Olympics – Men's 5000 metres,B. Evensen,Speed skating at the 1932 Winter Olympics – Men's 5000 metres,J. Skutnabb
Speed skating at the 1928 Winter Olympics – Men's 1500 metres,I. Ballangrud,Speed skating at the 1932 Winter Olympics – Men's 1500 metres,B. Evensen
Speed skating at the 1924 Winter Olympics – Men's 500 metres,R. Larsen,Speed skating at the 1928 Winter Olympics – Men's 500 metres,O. Olsen
Speed skating at the 1924 Winter Olympics – Men's 5000 metres,R. Larsen,Speed skating at the 1928 Winter Olympics – Men's 5000 metres,J. Skutnabb
Speed skating at the 1924 Winter Olympics – Men's 1500 metres,S. Moen,Speed skating at the 1928 Winter Olympics – Men's 1500 metres,R. Larsen
"Speed skating at the 1924 Winter Olympics – Men's 10,000 metres",R. Larsen,"Speed skating at the 1928 Winter Olympics – Men's 10,000 metres",C. Thunberg
Speed skating at the 1924 Winter Olympics – Men's 500 metres,R. Larsen,Speed skating at the 1928 Winter Olympics – Men's 500 metres,O. Olsen
Speed skating at the 1924 Winter Olympics – Men's 5000 metres,R. Larsen,Speed skating at the 1928 Winter Olympics – Men's 5000 metres,J. Skutnabb
Speed skating at the 1924 Winter Olympics – Men's 1500 metres,S. Moen,Speed skating at the 1928 Winter Olympics – Men's 1500 metres,R. Larsen
"Speed skating at the 1924 Winter Olympics – Men's 10,000 metres",R. Larsen,"Speed skating at the 1928 Winter Olympics – Men's 10,000 metres",C. Thunberg
Snowboarding at the 2010 Winter Olympics – Women's snowboard cross,O. Nobs,Snowboarding at the 2014 Winter Olympics – Women's snowboard cross,D. Anthonioz
Snowboarding at the 2010 Winter Olympics – Women's parallel giant slalom,M. Kreiner,Snowboarding at the 2014 Winter Olympics – Women's parallel giant slalom,Y. Ilyukhina
Snowboarding at the 2010 Winter Olympics – Women's halfpipe,K. Clark,Snowboarding at the 2014 Winter Olympics – Women's halfpipe,H. Teter
Snowboarding at the 2010 Winter Olympics – Men's snowboard cross,T. Ramoin,Snowboarding at the 2014 Winter Olympics – Men's snowboard cross,M. Robertson
Snowboarding at the 2010 Winter Olympics – Men's parallel giant slalom,M. Bozzetto,Snowboarding at the 2014 Winter Olympics – Men's parallel giant slalom,B. Karl
Snowboarding at the 2010 Winter Olympics – Men's halfpipe,S. Lago,Snowboarding at the 2014 Winter Olympics – Men's halfpipe,P. Piiroinen
Snowboarding at the 2010 Winter Olympics – Women's snowboard cross,O. Nobs,Snowboarding at the 2014 Winter Olympics – Women's snowboard cross,D. Anthonioz
Snowboarding at the 2010 Winter Olympics – Women's parallel giant slalom,M. Kreiner,Snowboarding at the 2014 Winter Olympics – Women's parallel giant slalom,Y. Ilyukhina
Snowboarding at the 2010 Winter Olympics – Women's halfpipe,K. Clark,Snowboarding at the 2014 Winter Olympics – Women's halfpipe,H. Teter
Snowboarding at the 2010 Winter Olympics – Men's snowboard cross,T. Ramoin,Snowboarding at the 2014 Winter Olympics – Men's snowboard cross,M. Robertson
Snowboarding at the 2010 Winter Olympics – Men's parallel giant slalom,M. Bozzetto,Snowboarding at the 2014 Winter Olympics – Men's parallel giant slalom,B. Karl
Snowboarding at the 2010 Winter Olympics – Men's halfpipe,S. Lago,Snowboarding at the 2014 Winter Olympics – Men's halfpipe,P. Piiroinen
Snowboarding at the 2006 Winter Olympics – Women's snowboard cross,D. Maltais,Snowboarding at the 2010 Winter Olympics – Women's snowboard cross,L. Jacobellis
Snowboarding at the 2006 Winter Olympics – Women's parallel giant slalom,R. Fletcher,Snowboarding at the 2010 Winter Olympics – Women's parallel giant slalom,A. Kober
Snowboarding at the 2006 Winter Olympics – Women's halfpipe,K. Buaas,Snowboarding at the 2010 Winter Olympics – Women's halfpipe,G. Bleiler
Snowboarding at the 2006 Winter Olympics – Men's snowboard cross,Paul-Henri de Le Rue,Snowboarding at the 2010 Winter Olympics – Men's snowboard cross,R. Židek
Snowboarding at the 2006 Winter Olympics – Men's parallel giant slalom,S. Grabner,Snowboarding at the 2010 Winter Olympics – Men's parallel giant slalom,S. Schoch
Snowboarding at the 2006 Winter Olympics – Men's halfpipe,M. Koski,Snowboarding at the 2010 Winter Olympics – Men's halfpipe,D. Kass
Snowboarding at the 2006 Winter Olympics – Women's snowboard cross,D. Maltais,Snowboarding at the 2010 Winter Olympics – Women's snowboard cross,L. Jacobellis
Snowboarding at the 2006 Winter Olympics – Women's parallel giant slalom,R. Fletcher,Snowboarding at the 2010 Winter Olympics – Women's parallel giant slalom,A. Kober
Snowboarding at the 2006 Winter Olympics – Women's halfpipe,K. Buaas,Snowboarding at the 2010 Winter Olympics – Women's halfpipe,G. Bleiler
Snowboarding at the 2006 Winter Olympics – Men's snowboard cross,Paul-Henri de Le Rue,Snowboarding at the 2010 Winter Olympics – Men's snowboard cross,R. Židek
Snowboarding at the 2006 Winter Olympics – Men's parallel giant slalom,S. Grabner,Snowboarding at the 2010 Winter Olympics – Men's parallel giant slalom,S. Schoch
Snowboarding at the 2006 Winter Olympics – Men's halfpipe,M. Koski,Snowboarding at the 2010 Winter Olympics – Men's halfpipe,D. Kass
Snowboarding at the 2002 Winter Olympics – Women's parallel giant slalom,L. Trettel,Snowboarding at the 2006 Winter Olympics – Women's parallel giant slalom,K. Ruby
Snowboarding at the 2002 Winter Olympics – Men's parallel giant slalom,C. Klug,Snowboarding at the 2006 Winter Olympics – Men's parallel giant slalom,R. Richardsson
Snowboarding at the 2002 Winter Olympics – Men's halfpipe,J. Thomas,Snowboarding at the 2006 Winter Olympics – Men's halfpipe,D. Kass
Snowboarding at the 2002 Winter Olympics – Women's parallel giant slalom,L. Trettel,Snowboarding at the 2006 Winter Olympics – Women's parallel giant slalom,K. Ruby
Snowboarding at the 2002 Winter Olympics – Men's parallel giant slalom,C. Klug,Snowboarding at the 2006 Winter Olympics – Men's parallel giant slalom,R. Richardsson
Snowboarding at the 2002 Winter Olympics – Men's halfpipe,J. Thomas,Snowboarding at the 2006 Winter Olympics – Men's halfpipe,D. Kass
Snowboarding at the 1998 Winter Olympics – Women's halfpipe,S. Dunn-Downing,Snowboarding at the 2002 Winter Olympics – Women's halfpipe,S. B. Kjeldaas
Snowboarding at the 1998 Winter Olympics – Men's halfpipe,R. Powers,Snowboarding at the 2002 Winter Olympics – Men's halfpipe,D. Franck
Snowboarding at the 1998 Winter Olympics – Women's halfpipe,S. Dunn-Downing,Snowboarding at the 2002 Winter Olympics – Women's halfpipe,S. B. Kjeldaas
Snowboarding at the 1998 Winter Olympics – Men's halfpipe,R. Powers,Snowboarding at the 2002 Winter Olympics – Men's halfpipe,D. Franck
Ski jumping at the 2010 Winter Olympics – Large hill team,A. Jacobsen,Ski jumping at the 2014 Winter Olympics – Men's large hill team,M. Schmitt
Ski jumping at the 2010 Winter Olympics – Large hill individual,G. Schlierenzauer,Ski jumping at the 2014 Winter Olympics – Men's large hill individual,A. Małysz
Ski jumping at the 2010 Winter Olympics – Large hill team,A. Jacobsen,Ski jumping at the 2014 Winter Olympics – Men's large hill team,M. Schmitt
Ski jumping at the 2010 Winter Olympics – Large hill individual,G. Schlierenzauer,Ski jumping at the 2014 Winter Olympics – Men's large hill individual,A. Małysz
Ski jumping at the 2006 Winter Olympics – Normal hill individual,R. Ljøkelsøy,Ski jumping at the 2010 Winter Olympics – Normal hill individual,M. Hautamäki
Ski jumping at the 2006 Winter Olympics – Large hill team,B. E. Romøren,Ski jumping at the 2010 Winter Olympics – Large hill team,J. Ahonen
Ski jumping at the 2006 Winter Olympics – Large hill individual,L. Bystøl,Ski jumping at the 2010 Winter Olympics – Large hill individual,A. Kofler
Ski jumping at the 2006 Winter Olympics – Normal hill individual,R. Ljøkelsøy,Ski jumping at the 2010 Winter Olympics – Normal hill individual,M. Hautamäki
Ski jumping at the 2006 Winter Olympics – Large hill team,B. E. Romøren,Ski jumping at the 2010 Winter Olympics – Large hill team,J. Ahonen
Ski jumping at the 2006 Winter Olympics – Large hill individual,L. Bystøl,Ski jumping at the 2010 Winter Olympics – Large hill individual,A. Kofler
Ski jumping at the 2002 Winter Olympics – Normal hill individual,A. Małysz,Ski jumping at the 2006 Winter Olympics – Normal hill individual,S. Hannawald
Ski jumping at the 2002 Winter Olympics – Large hill team,D. Fras,Ski jumping at the 2006 Winter Olympics – Large hill team,J. Ahonen
Ski jumping at the 2002 Winter Olympics – Large hill individual,M. Hautamäki,Ski jumping at the 2006 Winter Olympics – Large hill individual,A. Małysz
Ski jumping at the 2002 Winter Olympics – Normal hill individual,A. Małysz,Ski jumping at the 2006 Winter Olympics – Normal hill individual,S. Hannawald
Ski jumping at the 2002 Winter Olympics – Large hill team,P. Peterka,Ski jumping at the 2006 Winter Olympics – Large hill team,M. Hautamäki
Ski jumping at the 2002 Winter Olympics – Large hill individual,M. Hautamäki,Ski jumping at the 2006 Winter Olympics – Large hill individual,A. Małysz
Ski jumping at the 1998 Winter Olympics – Normal hill individual,A. Widhölzl,Ski jumping at the 2002 Winter Olympics – Normal hill individual,K. Funaki
Ski jumping at the 1998 Winter Olympics – Large hill team,R. Schwarzenberger,Ski jumping at the 2002 Winter Olympics – Large hill team,S. Hannawald
Ski jumping at the 1998 Winter Olympics – Large hill individual,M. Harada,Ski jumping at the 2002 Winter Olympics – Large hill individual,J. Soininen
Ski jumping at the 1998 Winter Olympics – Normal hill individual,A. Widhölzl,Ski jumping at the 2002 Winter Olympics – Normal hill individual,K. Funaki
Ski jumping at the 1998 Winter Olympics – Large hill team,R. Schwarzenberger,Ski jumping at the 2002 Winter Olympics – Large hill team,M. Schmitt
Ski jumping at the 1998 Winter Olympics – Large hill individual,M. Harada,Ski jumping at the 2002 Winter Olympics – Large hill individual,J. Soininen
Ski jumping at the 1994 Winter Olympics – Normal hill individual,D. Thoma,Ski jumping at the 1998 Winter Olympics – Normal hill individual,L. Ottesen
Ski jumping at the 1994 Winter Olympics – Large hill team,A. Goldberger,Ski jumping at the 1998 Winter Olympics – Large hill team,J. Nishikata
Ski jumping at the 1994 Winter Olympics – Large hill individual,A. Goldberger,Ski jumping at the 1998 Winter Olympics – Large hill individual,E. Bredesen
Ski jumping at the 1994 Winter Olympics – Normal hill individual,D. Thoma,Ski jumping at the 1998 Winter Olympics – Normal hill individual,L. Ottesen
Ski jumping at the 1994 Winter Olympics – Large hill team,A. Goldberger,Ski jumping at the 1998 Winter Olympics – Large hill team,N. Kasai
Ski jumping at the 1994 Winter Olympics – Large hill individual,A. Goldberger,Ski jumping at the 1998 Winter Olympics – Large hill individual,E. Bredesen
Ski jumping at the 1992 Winter Olympics – Normal hill individual,T. Nieminen,Ski jumping at the 1994 Winter Olympics – Normal hill individual,M. Höllwarth
Ski jumping at the 1992 Winter Olympics – Large hill team,T. Goder,Ski jumping at the 1994 Winter Olympics – Large hill team,A. Felder
Ski jumping at the 1992 Winter Olympics – Large hill individual,H. Kuttin,Ski jumping at the 1994 Winter Olympics – Large hill individual,M. Höllwarth
Ski jumping at the 1992 Winter Olympics – Normal hill individual,T. Nieminen,Ski jumping at the 1994 Winter Olympics – Normal hill individual,M. Höllwarth
Ski jumping at the 1992 Winter Olympics – Large hill team,F. Jež,Ski jumping at the 1994 Winter Olympics – Large hill team,E. Vettori
Ski jumping at the 1992 Winter Olympics – Large hill individual,H. Kuttin,Ski jumping at the 1994 Winter Olympics – Large hill individual,M. Höllwarth
Ski jumping at the 1988 Winter Olympics – Normal hill individual,J. Malec,Ski jumping at the 1992 Winter Olympics – Normal hill individual,P. Ploc
Ski jumping at the 1988 Winter Olympics – Large hill team,O. G. Fidjestøl,Ski jumping at the 1992 Winter Olympics – Large hill team,M. Tepeš
Ski jumping at the 1988 Winter Olympics – Large hill individual,M. Debelak,Ski jumping at the 1992 Winter Olympics – Large hill individual,E. Johnsen
Ski jumping at the 1988 Winter Olympics – Normal hill individual,J. Malec,Ski jumping at the 1992 Winter Olympics – Normal hill individual,P. Ploc
Ski jumping at the 1988 Winter Olympics – Large hill team,O. G. Fidjestøl,Ski jumping at the 1992 Winter Olympics – Large hill team,M. Tepeš
Ski jumping at the 1988 Winter Olympics – Large hill individual,M. Debelak,Ski jumping at the 1992 Winter Olympics – Large hill individual,E. Johnsen
Ski jumping at the 1984 Winter Olympics – Normal hill individual,J. Puikkonen,Ski jumping at the 1988 Winter Olympics – Normal hill individual,M. Nykänen
Ski jumping at the 1984 Winter Olympics – Large hill individual,P. Ploc,Ski jumping at the 1988 Winter Olympics – Large hill individual,J. Weißflog
Ski jumping at the 1984 Winter Olympics – Normal hill individual,J. Puikkonen,Ski jumping at the 1988 Winter Olympics – Normal hill individual,M. Nykänen
Ski jumping at the 1984 Winter Olympics – Large hill individual,P. Ploc,Ski jumping at the 1988 Winter Olympics – Large hill individual,J. Weißflog
Ski jumping at the 1980 Winter Olympics – Large hill individual,J. Puikkonen,Ski jumping at the 1984 Winter Olympics – Large hill individual,H. Neuper
Ski jumping at the 1976 Winter Olympics – Normal hill individual,K. Schnabl,Ski jumping at the 1980 Winter Olympics – Normal hill individual,J. Danneberg
Ski jumping at the 1976 Winter Olympics – Large hill individual,H. Glaß,Ski jumping at the 1980 Winter Olympics – Large hill individual,T. Innauer
Ski jumping at the 1976 Winter Olympics – Normal hill individual,K. Schnabl,Ski jumping at the 1980 Winter Olympics – Normal hill individual,J. Danneberg
Ski jumping at the 1976 Winter Olympics – Large hill individual,H. Glaß,Ski jumping at the 1980 Winter Olympics – Large hill individual,T. Innauer
Ski jumping at the 1972 Winter Olympics – Normal hill individual,S. Aochi,Ski jumping at the 1976 Winter Olympics – Normal hill individual,A. Konno
Ski jumping at the 1972 Winter Olympics – Large hill individual,R. Schmidt,Ski jumping at the 1976 Winter Olympics – Large hill individual,W. Steiner
Ski jumping at the 1972 Winter Olympics – Normal hill individual,S. Aochi,Ski jumping at the 1976 Winter Olympics – Normal hill individual,A. Konno
Ski jumping at the 1972 Winter Olympics – Large hill individual,R. Schmidt,Ski jumping at the 1976 Winter Olympics – Large hill individual,W. Steiner
Ski jumping at the 1968 Winter Olympics – Normal hill individual,B. Preiml,Ski jumping at the 1972 Winter Olympics – Normal hill individual,R. Bachler
Ski jumping at the 1968 Winter Olympics – Large hill individual,L. Grini,Ski jumping at the 1972 Winter Olympics – Large hill individual,J. Raška
Ski jumping at the 1968 Winter Olympics – Normal hill individual,B. Preiml,Ski jumping at the 1972 Winter Olympics – Normal hill individual,R. Bachler
Ski jumping at the 1968 Winter Olympics – Large hill individual,L. Grini,Ski jumping at the 1972 Winter Olympics – Large hill individual,J. Raška
Ski jumping at the 1964 Winter Olympics – Normal hill individual,T. Brandtzæg,Ski jumping at the 1968 Winter Olympics – Normal hill individual,T. Engan
Ski jumping at the 1964 Winter Olympics – Large hill individual,T. Brandtzæg,Ski jumping at the 1968 Winter Olympics – Large hill individual,V. Kankkonen
Ski jumping at the 1964 Winter Olympics – Normal hill individual,T. Brandtzæg,Ski jumping at the 1968 Winter Olympics – Normal hill individual,T. Engan
Ski jumping at the 1964 Winter Olympics – Large hill individual,T. Brandtzæg,Ski jumping at the 1968 Winter Olympics – Large hill individual,V. Kankkonen
Ski jumping at the 1960 Winter Olympics,O. Leodolter,Ski jumping at the 1964 Winter Olympics,N. Halonen
Ski jumping at the 1956 Winter Olympics,H. Glaß,Ski jumping at the 1960 Winter Olympics,A. Kallakorpi
Ski jumping at the 1952 Winter Olympics,K. Holmström,Ski jumping at the 1956 Winter Olympics,T. Falkanger
Ski jumping at the 1948 Winter Olympics,T. Schjelderup,Ski jumping at the 1952 Winter Olympics,B. Ruud
Ski jumping at the 1936 Winter Olympics,R. Andersen,Ski jumping at the 1948 Winter Olympics,S. Selånger
