col0,col1,col2,col3
Shooting at the 1988 Summer Olympics – Women's 10 metre air rifle,A. Maloukhina,Shooting at the 1992 Summer Olympics - Women's 10 metre air rifle,S. Sperber
Shooting at the 1988 Summer Olympics – Women's 10 metre air pistol,M. Logvinenko,Shooting at the 1992 Summer Olympics - Women's 10 metre air pistol,N. Salukvadze
Shooting at the 1988 Summer Olympics – Mixed trap,F. Peeters,Shooting at the 1992 Summer Olympics - Trap,M. Bednařík
Shooting at the 1988 Summer Olympics – Mixed skeet,J. Guardiola,Shooting at the 1992 Summer Olympics - Skeet,A. d. Iruarrizaga
Shooting at the 1988 Summer Olympics – Men's 50 metre running target,G. Avramenko,Shooting at the 1992 Summer Olympics - Men's 10 metre running target,H. Shiping
Shooting at the 1988 Summer Olympics – Men's 50 metre rifle three positions,K. Ivanov,Shooting at the 1992 Summer Olympics – Men's 50 metre rifle three positions,A. Allan
Shooting at the 1988 Summer Olympics – Men's 50 metre rifle prone,A. Záhonyi,Shooting at the 1992 Summer Olympics - Men's 50 metre rifle prone,C. Young-chul
Shooting at the 1988 Summer Olympics – Men's 50 metre pistol,I. Basinski,Shooting at the 1992 Summer Olympics - Men's 50 metre pistol,R. Skanåker
Shooting at the 1988 Summer Olympics – Men's 25 metre rapid fire pistol,Z. Kovács,Shooting at the 1992 Summer Olympics - Men's 25 metre rapid fire pistol,R. Schumann
Shooting at the 1988 Summer Olympics – Men's 10 metre air rifle,J. Riederer,Shooting at the 1992 Summer Olympics - Men's 10 metre air rifle,N. Berthelot
Shooting at the 1988 Summer Olympics – Men's 10 metre air pistol,X. Haifeng,Shooting at the 1992 Summer Olympics - Men's 10 metre air pistol,E. Buljung
Shooting at the 1988 Summer Olympics – Women's 50 metre rifle three positions,V. Cherkasova,Shooting at the 1992 Summer Olympics - Women's 50 metre rifle three positions,V. Letcheva
Shooting at the 1988 Summer Olympics – Women's 25 metre pistol,J. Šekarić,Shooting at the 1992 Summer Olympics - Women's 25 metre pistol,T. Hasegawa
Shooting at the 1988 Summer Olympics – Women's 10 metre air rifle,A. Maloukhina,Shooting at the 1992 Summer Olympics - Women's 10 metre air rifle,S. Sperber
Shooting at the 1988 Summer Olympics – Women's 10 metre air pistol,M. Logvinenko,Shooting at the 1992 Summer Olympics - Women's 10 metre air pistol,N. Salukvadze
Shooting at the 1988 Summer Olympics – Mixed trap,F. Peeters,Shooting at the 1992 Summer Olympics - Trap,M. Bednařík
Shooting at the 1988 Summer Olympics – Mixed skeet,J. Guardiola,Shooting at the 1992 Summer Olympics - Skeet,A. d. Iruarrizaga
Shooting at the 1988 Summer Olympics – Men's 50 metre running target,G. Avramenko,Shooting at the 1992 Summer Olympics - Men's 10 metre running target,H. Shiping
Shooting at the 1988 Summer Olympics – Men's 50 metre rifle three positions,K. Ivanov,Shooting at the 1992 Summer Olympics – Men's 50 metre rifle three positions,A. Allan
Shooting at the 1988 Summer Olympics – Men's 50 metre rifle prone,A. Záhonyi,Shooting at the 1992 Summer Olympics - Men's 50 metre rifle prone,C. Young-chul
Shooting at the 1988 Summer Olympics – Men's 50 metre pistol,I. Basinski,Shooting at the 1992 Summer Olympics - Men's 50 metre pistol,R. Skanåker
Shooting at the 1988 Summer Olympics – Men's 25 metre rapid fire pistol,Z. Kovács,Shooting at the 1992 Summer Olympics - Men's 25 metre rapid fire pistol,R. Schumann
Shooting at the 1988 Summer Olympics – Men's 10 metre air rifle,J. Riederer,Shooting at the 1992 Summer Olympics - Men's 10 metre air rifle,N. Berthelot
Shooting at the 1988 Summer Olympics – Men's 10 metre air pistol,X. Haifeng,Shooting at the 1992 Summer Olympics - Men's 10 metre air pistol,E. Buljung
Shooting at the 1984 Summer Olympics – Women's 50 metre rifle three positions,W. Jewell,Shooting at the 1988 Summer Olympics – Women's 50 metre rifle three positions,U. Holmer
