col0,col1,col2,col3,col4
T. Costa,Italy,1634-1-1,1690,1634-1-1
S. S. Herford,United Kingdom,1818-0-0,1870,1818-0-0
S. Isham,United States,1855-05-12,1914,1855-05-12
R. M. Gutti,Italy,1851-0-0,1943,1851-0-0
R. M. Emslie,United Kingdom,1854-0-0,1932,1854-0-0
Ottmar Elliger the Younger,Netherlands,1666-1-1,1735,1666-1-1
N. Bodenheim,Netherlands,1874-05-27,1951,1874-05-27
M. Smythe,United Kingdom,1872-0-0,1955,1872-0-0
M. Goodman,United Kingdom,1860-0-0,1938,1860-0-0
M. L. Kirschner,Germany,1852-01-07,1931,1852-01-07
M. Davids,Germany,1847-03-05,1905,1847-03-05
M. D. Robinson,United Kingdom,1840-0-0,1920,1840-0-0
M. Meen,United Kingdom,1750-0-0,1824,1750-0-0
M. Marrable,United Kingdom,1833-1-17,1916,1833-1-17
L. Starr,United Kingdom,1845-0-0,1909,1845-0-0
L. Blatherwick,United Kingdom,1854-0-0,1934,1854-0-0
Joseph Heintz the Younger,Germany,1600-1-1,1678,1600-1-1
J. Simpson,United Kingdom of Great Britain and Ireland,1782-1-1,1847,1782-1-1
J. Macgregor,United Kingdom,1847-0-0,1919,1847-0-0
I. Heitland,United Kingdom,1875-0-0,1895,1875-0-0
H. A. Darmesteter,United Kingdom,1854-0-0,1923,1854-0-0
H. C. Angell,United Kingdom,1847-1-0,1884,1847-1-0
H. Schaare,United States,1922-05-23,2008,1922-05-23
H. Multscher,German people,1400-1-1,1467,1400-1-1
