col0,col1,col2,col3,col4
H. Grundig,German Democratic Republic,1901-02-19,1958,1901-02-19
H. A. Darmesteter,United Kingdom,1854-0-0,1923,1854-0-0
G. D. Hammond,United Kingdom,1862-0-0,1952,1862-0-0
F. Hogenberg,Duchy of Burgundy,1535-1-1,1590,1535-1-1
F. B. Bisi,Italy,1601-10-09,1659,1601-10-09
F. White,United Kingdom,1860-0-0,1932,1860-0-0
F. Holroyd,United Kingdom,1863-11-17,1924,1863-11-17
E. Martineau,United Kingdom,1842-1-17,1909,1842-1-17
D. Maetzel-Johannsen,Germany,1886-02-06,1930,1886-02-06
C. Phillott,United Kingdom,1842-0-0,1931,1842-0-0
C. Reder,Germany,1656-0-0,1729,1656-0-0
B. Jenkins,United Kingdom,1850-0-0,1915,1850-0-0
B. d. Vicenza,Italy,1375-0-0,1438,1375-0-0
A. M. Youngman,United Kingdom,1860-0-0,1919,1860-0-0
A. M. Hobson,United Kingdom,1860-0-0,1934,1860-0-0
A. Salles-Wagner,Germany,1825-1-1,1890,1825-1-1
