col0,col1,col2,col3
Francesco Baratta the elder,Massa,Italy,1666-1-1
F. Fowler,"Bowling Green, Kentucky",United States,1943-06-05
F. B. Bisi,Bologna,Italy,1659-12-05
F. Holroyd,"Moonee Ponds, Victoria",United Kingdom,1924-0-0
E. Taruffi,Bologna,Italy,1696-1-1
E. v. Gebhardt,Järva-Jaani,Baltic German,1925-02-03
E. Martineau,Liverpool,United Kingdom,1909-1-17
D. Maetzel-Johannsen,Lensahn,Germany,1930-02-08
D. Chanase,Palermo,United States,1975-7-15
C. Ridolfi,Verona,Italy,1644-1-1
C. Reder,Leipzig,Germany,1729-1-26
C. Gennari,Cento,Italy,1688-02-11
C. Dandini,Florence,Italy,1657-02-07
B. Law,England,England,2004-04-17
B. Bimbi,Florence,Italy,1729-1-1
A. Jernberg,Sweden,Sweden,1896-06-22
A. H. Smith,"Norfolk, Virginia",United States,2013-02-20
A. Paglia,Brescia,Italy,1747-1-1
A. M. Youngman,Saffron Walden,United Kingdom,1919-01-11
A. T. Blacker,England,United Kingdom,2006-12-18
A. Caroselli,Rome,Italy,1652-4-8
A. Magnelli,Florence,Italy,1971-04-20
A. Salles-Wagner,Dresden,Germany,1890-07-02
