col0,col1,col2,col3,col4
Yalakom Provincial Park,British Columbia,British Columbia,British Columbia,British Columbia
Whaleboat Island Marine Provincial Park,British Columbia,British Columbia,British Columbia,British Columbia
Weymer Creek Provincial Park,British Columbia,British Columbia,British Columbia,British Columbia
West Twin Provincial Park and Protected Area,British Columbia,British Columbia,British Columbia,British Columbia
West Shawnigan Lake Provincial Park,British Columbia,British Columbia,British Columbia,British Columbia
West Lake Provincial Park,British Columbia,British Columbia,British Columbia,British Columbia
West Arm Provincial Park,British Columbia,British Columbia,British Columbia,British Columbia
Weewanie Hot Springs Provincial Park,British Columbia,British Columbia,British Columbia,British Columbia
Wasa Lake Provincial Park,British Columbia,British Columbia,British Columbia,British Columbia
Wardner Provincial Park,British Columbia,British Columbia,British Columbia,British Columbia
Wapiti Lake Provincial Park,British Columbia,British Columbia,British Columbia,British Columbia
Walsh Cove Provincial Park,British Columbia,British Columbia,British Columbia,British Columbia
Walloper Lake Provincial Park,British Columbia,British Columbia,British Columbia,British Columbia
Walhachin Oxbows Provincial Park,British Columbia,British Columbia,British Columbia,British Columbia
Victor Lake Provincial Park,British Columbia,British Columbia,British Columbia,British Columbia
Vargas Island Provincial Park,British Columbia,British Columbia,British Columbia,British Columbia
Valhalla Provincial Park,British Columbia,British Columbia,British Columbia,British Columbia
Upper Violet Creek Provincial Park,British Columbia,British Columbia,British Columbia,British Columbia
Upper Seymour River Provincial Park,British Columbia,British Columbia,British Columbia,British Columbia
Upper Lillooet Provincial Park,British Columbia,British Columbia,British Columbia,British Columbia
Upper Adams River Provincial Park,British Columbia,British Columbia,British Columbia,British Columbia
Union Passage Marine Provincial Park,British Columbia,British Columbia,British Columbia,British Columbia
Uncha Mountain Red Hills Provincial Park,British Columbia,British Columbia,British Columbia,British Columbia
Tyhee Lake Provincial Park,British Columbia,British Columbia,British Columbia,British Columbia
Tuya Mountains Provincial Park,British Columbia,British Columbia,British Columbia,British Columbia
Tunkwa Provincial Park,British Columbia,British Columbia,British Columbia,British Columbia
Tudyah Lake Provincial Park,British Columbia,British Columbia,British Columbia,British Columbia
Tsintsunko Lakes Provincial Park,British Columbia,British Columbia,British Columbia,British Columbia
Ts'il?os Provincial Park,British Columbia,British Columbia,British Columbia,British Columbia
Truman Dagnus Locheed Provincial Park,British Columbia,British Columbia,British Columbia,British Columbia
Trepanier Provincial Park,British Columbia,British Columbia,British Columbia,British Columbia
Trembleur Lake Provincial Park,British Columbia,British Columbia,British Columbia,British Columbia
Tranquil Creek Provincial Park,British Columbia,British Columbia,British Columbia,British Columbia
Topley Landing Provincial Park,British Columbia,British Columbia,British Columbia,British Columbia
Todagin South Slope Provincial Park,British Columbia,British Columbia,British Columbia,British Columbia
Toad River Hot Springs Provincial Park,British Columbia,British Columbia,British Columbia,British Columbia
Thurston Bay Marine Provincial Park,British Columbia,British Columbia,British Columbia,British Columbia
Thunder Hill Provincial Park,British Columbia,British Columbia,British Columbia,British Columbia
Three Sisters Lakes Provincial Park,British Columbia,British Columbia,British Columbia,British Columbia
Tetsa River Provincial Park,British Columbia,British Columbia,British Columbia,British Columbia
Tetrahedron Provincial Park,British Columbia,British Columbia,British Columbia,British Columbia
Ten Mile Lake Provincial Park,British Columbia,British Columbia,British Columbia,British Columbia
Teakerne Arm Provincial Park,British Columbia,British Columbia,British Columbia,British Columbia
Taylor Landing Provincial Park,British Columbia,British Columbia,British Columbia,British Columbia
Taylor Arm Provincial Park,British Columbia,British Columbia,British Columbia,British Columbia
Taweel Provincial Park,British Columbia,British Columbia,British Columbia,British Columbia
Tatlatui Provincial Park,British Columbia,British Columbia,British Columbia,British Columbia
Tantalus Provincial Park,British Columbia,British Columbia,British Columbia,British Columbia
Takla Lake Marine Provincial Park,British Columbia,British Columbia,British Columbia,British Columbia
Tahsish-Kwois Provincial Park,British Columbia,British Columbia,British Columbia,British Columbia
Syringa Provincial Park,British Columbia,British Columbia,British Columbia,British Columbia
Sydney Inlet Provincial Park,British Columbia,British Columbia,British Columbia,British Columbia
Swan Lake Provincial Park,British Columbia,British Columbia,British Columbia,British Columbia
Swan Lake Kispiox River Provincial Park,British Columbia,British Columbia,British Columbia,British Columbia
Sutherland River Provincial Park and Protected Area,British Columbia,British Columbia,British Columbia,British Columbia
Sustut Provincial Park and Protected Area,British Columbia,British Columbia,British Columbia,British Columbia
Surrey Bend Regional Park,British Columbia,British Columbia,British Columbia,British Columbia
Surge Narrows Provincial Park,British Columbia,British Columbia,British Columbia,British Columbia
Sunnybrae Provincial Park,British Columbia,British Columbia,British Columbia,British Columbia
