col0,col1,col2,col3,col4
Nechako Canyon Protected Area,British Columbia,British Columbia,British Columbia,British Columbia
Nazko Lake Provincial Park,British Columbia,British Columbia,British Columbia,British Columbia
Nation Lakes Provincial Park,British Columbia,British Columbia,British Columbia,British Columbia
Nancy Greene Provincial Park,British Columbia,British Columbia,British Columbia,British Columbia
Nalbeelah Creek Wetlands Provincial Park,British Columbia,British Columbia,British Columbia,British Columbia
Nahatlatch Provincial Park and Protected Area,British Columbia,British Columbia,British Columbia,British Columbia
Musket Island Marine Provincial Park,British Columbia,British Columbia,British Columbia,British Columbia
Muscovite Lakes Provincial Park,British Columbia,British Columbia,British Columbia,British Columbia
Mudzenchoot Provincial Park,British Columbia,British Columbia,British Columbia,British Columbia
Mud Lake Delta Provincial Park,British Columbia,British Columbia,British Columbia,British Columbia
Moyie Lake Provincial Park,British Columbia,British Columbia,British Columbia,British Columbia
Mountain View Park,British Columbia,British Columbia,British Columbia,British Columbia
Mount Terry Fox Provincial Park,British Columbia,British Columbia,British Columbia,British Columbia
Mount Savona Provincial Park,British Columbia,British Columbia,British Columbia,British Columbia
Mount Richardson Provincial Park,British Columbia,British Columbia,British Columbia,British Columbia
Mount Pope Provincial Park,British Columbia,British Columbia,British Columbia,British Columbia
Mount Maxwell Provincial Park,British Columbia,British Columbia,British Columbia,British Columbia
Mount Griffin Provincial Park,British Columbia,British Columbia,British Columbia,British Columbia
Mount Fernie Provincial Park,British Columbia,British Columbia,British Columbia,British Columbia
Mount Elphinstone Provincial Park,British Columbia,British Columbia,British Columbia,British Columbia
Mount Edziza Provincial Park and Recreation Area,British Columbia,British Columbia,British Columbia,British Columbia
Mount Blanchet Provincial Park,British Columbia,British Columbia,British Columbia,British Columbia
Morton Lake Provincial Park,British Columbia,British Columbia,British Columbia,British Columbia
Morrissey Provincial Park,British Columbia,British Columbia,British Columbia,British Columbia
Morden Colliery Historic Provincial Park,British Columbia,British Columbia,British Columbia,British Columbia
Moose Valley Provincial Park,British Columbia,British Columbia,British Columbia,British Columbia
Monte Lake Provincial Park,British Columbia,British Columbia,British Columbia,British Columbia
Monte Creek Provincial Park,British Columbia,British Columbia,British Columbia,British Columbia
Montague Harbour Marine Provincial Park,British Columbia,British Columbia,British Columbia,British Columbia
Monck Provincial Park,British Columbia,British Columbia,British Columbia,British Columbia
Monashee Provincial Park,British Columbia,British Columbia,British Columbia,British Columbia
Momich Lakes Provincial Park,British Columbia,British Columbia,British Columbia,British Columbia
Moberly Lake Provincial Park,British Columbia,British Columbia,British Columbia,British Columbia
Miracle Beach Provincial Park,British Columbia,British Columbia,British Columbia,British Columbia
Milligan Hills Provincial Park,British Columbia,British Columbia,British Columbia,British Columbia
Meziadin Lake Provincial Park,British Columbia,British Columbia,British Columbia,British Columbia
Memory Island Provincial Park,British Columbia,British Columbia,British Columbia,British Columbia
Mehatl Creek Provincial Park,British Columbia,British Columbia,British Columbia,British Columbia
McDonald Creek Provincial Park,British Columbia,British Columbia,British Columbia,British Columbia
McConnell Lake Provincial Park,British Columbia,British Columbia,British Columbia,British Columbia
Marble River Provincial Park,British Columbia,British Columbia,British Columbia,British Columbia
Marble Range Provincial Park,British Columbia,British Columbia,British Columbia,British Columbia
Marble Canyon Provincial Park,British Columbia,British Columbia,British Columbia,British Columbia
Maquinna Marine Provincial Park,British Columbia,British Columbia,British Columbia,British Columbia
Malaspina Provincial Park,British Columbia,British Columbia,British Columbia,British Columbia
Main Lake Provincial Park,British Columbia,British Columbia,British Columbia,British Columbia
Mabel Lake Provincial Park,British Columbia,British Columbia,British Columbia,British Columbia
Lower Nimpkish Provincial Park,British Columbia,British Columbia,British Columbia,British Columbia
Lowe Inlet Marine Provincial Park,British Columbia,British Columbia,British Columbia,British Columbia
Loveland Bay Provincial Park,British Columbia,British Columbia,British Columbia,British Columbia
Lockhart Creek Provincial Park,British Columbia,British Columbia,British Columbia,British Columbia
Little River Nature Park,British Columbia,British Columbia,British Columbia,British Columbia
Little Andrews Bay Marine Provincial Park,British Columbia,British Columbia,British Columbia,British Columbia
Liard River Corridor Provincial Park and Protected Area,British Columbia,British Columbia,British Columbia,British Columbia
Lazo Wildlife Park,British Columbia,British Columbia,British Columbia,British Columbia
Lawn Point Provincial Park,British Columbia,British Columbia,British Columbia,British Columbia
Lava Forks Provincial Park,British Columbia,British Columbia,British Columbia,British Columbia
Lanz and Cox Islands Provincial Park,British Columbia,British Columbia,British Columbia,British Columbia
Lakelse Lake Wetlands Provincial Park,British Columbia,British Columbia,British Columbia,British Columbia
Lac La Hache Provincial Park,British Columbia,British Columbia,British Columbia,British Columbia
Kwadacha Wilderness Provincial Park,British Columbia,British Columbia,British Columbia,British Columbia
Kotcho Lake Village Provincial Park,British Columbia,British Columbia,British Columbia,British Columbia
Kootenay Lake Provincial Park,British Columbia,British Columbia,British Columbia,British Columbia
Koksilah River Provincial Park,British Columbia,British Columbia,British Columbia,British Columbia
Kluskoil Lake Provincial Park,British Columbia,British Columbia,British Columbia,British Columbia
Kleanza Creek Provincial Park,British Columbia,British Columbia,British Columbia,British Columbia
Kitwanga Mountain Provincial Park,British Columbia,British Columbia,British Columbia,British Columbia
Kitsumkalum Provincial Park,British Columbia,British Columbia,British Columbia,British Columbia
Kitson Island Marine Provincial Park,British Columbia,British Columbia,British Columbia,British Columbia
Kitimat River Provincial Park,British Columbia,British Columbia,British Columbia,British Columbia
Kiskatinaw Provincial Park,British Columbia,British Columbia,British Columbia,British Columbia
Kingfisher Creek Provincial Park,British Columbia,British Columbia,British Columbia,British Columbia
King George VI Provincial Park,British Columbia,British Columbia,British Columbia,British Columbia
Kinaskan Lake Provincial Park,British Columbia,British Columbia,British Columbia,British Columbia
Kin Beach Provincial Park,British Columbia,British Columbia,British Columbia,British Columbia
Kickininee Provincial Park,British Columbia,British Columbia,British Columbia,British Columbia
Kianuko Provincial Park,British Columbia,British Columbia,British Columbia,British Columbia
Keremeos Columns Provincial Park,British Columbia,British Columbia,British Columbia,British Columbia
Kennedy River Bog Provincial Park,British Columbia,British Columbia,British Columbia,British Columbia
Kennedy Lake Provincial Park,British Columbia,British Columbia,British Columbia,British Columbia
Kenna Cartwright Park,British Columbia,British Columbia,British Columbia,British Columbia
Kekuli Bay Provincial Park,British Columbia,British Columbia,British Columbia,British Columbia
Kanaka Creek Regional Park,British Columbia,British Columbia,British Columbia,British Columbia
Kalamalka Lake Provincial Park and Protected Area,British Columbia,British Columbia,British Columbia,British Columbia
Kakwa Provincial Park and Protected Area,British Columbia,British Columbia,British Columbia,British Columbia
Juniper Beach Provincial Park,British Columbia,British Columbia,British Columbia,British Columbia
Johnstone Creek Provincial Park,British Columbia,British Columbia,British Columbia,British Columbia
Jimsmith Lake Provincial Park,British Columbia,British Columbia,British Columbia,British Columbia
Jewel Lake Provincial Park,British Columbia,British Columbia,British Columbia,British Columbia
James Chabot Provincial Park,British Columbia,British Columbia,British Columbia,British Columbia
Jackson Narrows Marine Provincial Park,British Columbia,British Columbia,British Columbia,British Columbia
Jackpine Remnant Provincial Park,British Columbia,British Columbia,British Columbia,British Columbia
Jackman Flats Provincial Park,British Columbia,British Columbia,British Columbia,British Columbia
Inland Lake Provincial Park,British Columbia,British Columbia,British Columbia,British Columbia
Inkaneep Provincial Park,British Columbia,British Columbia,British Columbia,British Columbia
Idlewild Road Park,North Carolina,North Carolina,North Carolina,North Carolina
Háthayim Marine Provincial Park,British Columbia,British Columbia,British Columbia,British Columbia
Hyland River Provincial Park,British Columbia,British Columbia,British Columbia,British Columbia
Horsefly Lake Provincial Park,British Columbia,British Columbia,British Columbia,British Columbia
Hornets Nest Park,North Carolina,North Carolina,North Carolina,North Carolina
Horneline Creek Provincial Park,British Columbia,British Columbia,British Columbia,British Columbia
Horne Lake Caves Provincial Park,British Columbia,British Columbia,British Columbia,British Columbia
Homathko Estuary Provincial Park,British Columbia,British Columbia,British Columbia,British Columbia
Hole-in-the-Wall Provincial Park,British Columbia,British Columbia,British Columbia,British Columbia
Hitchie Creek Provincial Park,British Columbia,British Columbia,British Columbia,British Columbia
High Lakes Basin Provincial Park,British Columbia,British Columbia,British Columbia,British Columbia
Hesquiat Lake Provincial Park,British Columbia,British Columbia,British Columbia,British Columbia
Herald Provincial Park,British Columbia,British Columbia,British Columbia,British Columbia
Hemer Provincial Park,British Columbia,British Columbia,British Columbia,British Columbia
Heather-Dina Lakes Provincial Park,British Columbia,British Columbia,British Columbia,British Columbia
Harry Lake Aspen Provincial Park,British Columbia,British Columbia,British Columbia,British Columbia
Harmony Islands Marine Provincial Park,British Columbia,British Columbia,British Columbia,British Columbia
Hardy Island Marine Provincial Park,British Columbia,British Columbia,British Columbia,British Columbia
Harbour Dudgeon Lakes Provincial Park,British Columbia,British Columbia,British Columbia,British Columbia
Halkett Bay Provincial Park,British Columbia,British Columbia,British Columbia,British Columbia
Hai Lake–Mount Herman Provincial Park,British Columbia,British Columbia,British Columbia,British Columbia
Háthayim Marine Provincial Park,British Columbia,British Columbia,British Columbia,British Columbia
Gwyneth Lake Provincial Park,British Columbia,British Columbia,British Columbia,British Columbia
Gwillim Lake Provincial Park,British Columbia,British Columbia,British Columbia,British Columbia
Grohman Narrows Provincial Park,British Columbia,British Columbia,British Columbia,British Columbia
Greenstone Mountain Provincial Park,British Columbia,British Columbia,British Columbia,British Columbia
Green Lake Provincial Park,British Columbia,British Columbia,British Columbia,British Columbia
Green Inlet Marine Provincial Park,British Columbia,British Columbia,British Columbia,British Columbia
Great Glacier Provincial Park,British Columbia,British Columbia,British Columbia,British Columbia
Graystokes Protected Area,British Columbia,British Columbia,British Columbia,British Columbia
Granby Provincial Park,British Columbia,British Columbia,British Columbia,British Columbia
Graham-Laurier Provincial Park,British Columbia,British Columbia,British Columbia,British Columbia
Gowlland Tod Provincial Park,British Columbia,British Columbia,British Columbia,British Columbia
Gordon Bay Provincial Park,British Columbia,British Columbia,British Columbia,British Columbia
Goldstream Provincial Park,British Columbia,British Columbia,British Columbia,British Columbia
Goldpan Provincial Park,British Columbia,British Columbia,British Columbia,British Columbia
Gold Muchalat Provincial Park,British Columbia,British Columbia,British Columbia,British Columbia
God's Pocket Marine Provincial Park,British Columbia,British Columbia,British Columbia,British Columbia
Goat Range Provincial Park,British Columbia,British Columbia,British Columbia,British Columbia
