col0,col1,col2,col3
Études Phénoménologiques,1985,12876393,2008
Zeitschrift für Philosophie und philosophische Kritik,1847,183316332,1918
Zeitschrift für Naturforschung C,1973,647943207,1973
Zeitschrift für Naturforschung B,1947,476230307,1947
Zeitschrift für Naturforschung A,1947,223522613,1947
Zeitschrift für Naturforschung,1946,49026338,1947
Zeitschrift für Philosophie und philosophische Kritik,1847,183316332,1918
Zeitschrift für Naturforschung C,1973,647943207,1973
Zeitschrift für Naturforschung B,1947,476230307,1947
Zeitschrift für Naturforschung A,1947,223522613,1947
Zeitschrift für Naturforschung,1946,49026338,1947
Zambezia,1969,1785804,2005
Yale Review of Law and Social Action,1970,1770280,1973
Yale Journal of Criticism,1988,750909818,2005
Wjm,1856,1799362,2002
Urology,1973,1785123,1973
United Nations Economic Commission for Europe,1982,900948641,2007
Tulane Studies in Philosophy,1952,1605064,1987
Trowel,1988,37151816,1988
Tropical Grasslands,1967,1767784,2010
Topology and its Applications,1971,5843055,1971
Topology,1962,77547955,2009
Tolkien Studies,2004,53302682,2004
Tohoku Mathematical Journal,1911,1642556,1943
Thought: Fordham University Quarterly,1926,1767458,1992
The Veliger,1958,488613692,2014
The Princeton Theological Review,1825,1762859,1929
The Pomegranate,1996,43190189,1996
The Philosophical Forum,1943,863263119,1964
The Monist,1890,1758549,1936
The Modern Schoolman,1925,1758490,2012
The Journal of Welsh Religious History,1984,29788206,2005
The Journal of Pathology,1892,1754718,1892
The Journal of Korean Studies,1969,5735985,1971
The Journal of Collective Negotiations,1972,72051000,2008
The Journal of Clinical Endocrinology and Metabolism,1941,7747175,1951
The Journal of Business,1928,1605755,2006
The Johns Hopkins Medical Journal,1889,2240006,1982
The ISME Journal,2007,182943088,2007
The Hopkins Review,1947,664601577,1953
The Fourth River,2005,62715594,2013
The Eugenics Review,1909,1568371,1968
The Econometrics Journal,1998,858834121,1998
The Developing Economies,1963,60616955,1963
The Chess Monthly,1857,1554064,1861
The Artist and Journal of Home Culture,1880,503359263,1902
Texas Review of Entertainment & Sports Law,2000,45176548,2000
Texas Law Review,1922,1767356,1922
Tetrahedron,1957,1606999,1957
Tectonophysics,1964,1767232,1964
Teaching Philosophy,1975,2773264,1975
Studies in Mycology,1972,2604492,1972
Studies in Intelligence,1955,30965384,1955
Studies in Comparative Religion,1963,1695943,1963
Stroke,1970,1714534,1970
Stenopetala,1982,50219329,2016
Southern Medical Journal,1836,1766196,1839
Somatic Cell and Molecular Genetics,1975,10009256,2002
Sirena,2004,57715689,2012
Semeia,1972,48523858,2002
Scientific Review of Alternative Medicine,1997,37478842,2007
SORT,1977,54674505,2002
Russian Journal of Physical Chemistry B,2007,785834532,2007
Revista Colombiana de Estadistica,1968,229174225,1968
Review of Palaeobotany and Palynology,1967,644510722,1967
Review of International Political Economy,1994,30378162,1994
Research on Language and Computation,2003,605141752,2010
Recueil des Travaux Chimiques des Pays-Bas,1882,643799499,1996
Real-world economics review,2000,367587215,2000
Queensland Agricultural Journal,1897,1763300,1989
Quality Assurance Journal,1997,488616651,2011
Psyche,1994,67943271,2010
Professional Ethics,1992,26103927,2003
Proceedings of the Entomological Society of Washington,1890,630167895,1890
Polish Journal of Chemistry,1921,3875870,2009
Platinum Metals Review,1957,45130790,2014
Plant Disease,1917,263603135,1922
Physikalische Zeitschrift,1899,1762351,1945
PhysChemComm,1998,40310988,2003
Philosophical Transactions of the Royal Society B,1887,1403239,1887
Perspectives on Science and Christian Faith,1949,61313836,1949
Personality and Individual Differences,1980,4965018,1980
Pattern Recognition in Physics,2013,858879687,2014
Patma-Banasirakan Handes,1958,470223840,1958
Pathologica,1908,1681013,1908
Past & Present,1952,265436895,1952
Paper & Printing Trades Journal,1872,49554303,1891
Pacific Insects,1959,1761674,1985
Oryx,1903,476155896,1903
Organic Geochemistry,1977,3637170,1977
Open Medicine,2007,123294121,2014
Open Access Journal of Medicinal and Aromatic Plants,2010,859394415,2010
Oncology Reports,1994,29502443,1994
Off our backs,1970,1038241,2008
Novitates entomologicae,1931,477589226,1944
Novi Plamen,2007,643257497,2015
Nouvelles Annales de Mathématiques,1842,643505664,1927
New Vico Studies,1983,8675347,2010
Neuropharmacology,1962,1796748,1962
Neotropical Ichthyology,2003,56597180,2003
Nature Structural & Molecular Biology,1994,52847740,2003
Myconet,1997,185380272,2007
Mount Sinai Journal of Medicine,1934,1758779,2012
Molecular Microbiology,1987,15473109,1987
Molecular Biology and Evolution,1983,439813139,1983
Miscellanea Entomologica,1892,13652156,1988
Meteorologische Zeitschrift,1866,166105260,1944
Metamaterials,2007,86110990,2013
Messenger of Mathematics,1871,2448539,1929
Melbourne Journal of International Law,2000,45753327,2000
Medical History,1957,715771375,1957
Marxism Today,1967,472455801,1991
Marquette Law Review,1916,818986734,1916
Mammalian Genome,1991,39981254,1998
Maledicta,1977,3188018,2005
Magnetohydrodynamics,1965,52651490,1965
Long River Review,1983,49745855,1983
Living Reviews in Landscape Research,2007,180173004,2014
Life Sciences in Space Research,2014,881179832,2014
Leeds Studies in English,1967,1755705,1967
Le Naturaliste Canadien,1868,6312227,1891
L'Intermédiaire des Mathématiciens,1894,504209870,1925
Journal of the National Cancer Institute,1940,1064763,1940
Journal of the Gay and Lesbian Medical Association,1997,35446123,2002
"Journal of the Chemical Society, Faraday Transactions",1905,20905692,1998
Journal of the Burma Research Society,1911,1537852,1980
Journal of the Ancient Near Eastern Society,1968,730040442,2009
Journal of the American Medical Informatics Association,1994,27252647,1994
Journal of the American Geriatrics Society,2001,1084746,2001
Journal of the Adventist Theological Society,1990,38543183,1990
Journal of Zoological Systematics and Evolutionary Research,1963,45232394,1963
Journal of World History,1990,474784178,1990
Journal of Topology,2008,643146824,2008
Journal of Psychohistory,1973,2428996,1973
Journal of Physics and Chemistry of Solids,1957,644501948,1957
Journal of Physics D,1968,50353526,1968
Journal of Physics B,1968,17570920,1968
Journal of Physics A,1968,78212172,1972
Journal of Photochemistry and Photobiology,1972,49854039,1972
Journal of Palestine Studies,1971,757505811,1971
Journal of Neurotherapy,1995,34309324,2013
