col0,col1,col2,col3
Journal of Neuroscience Research,1975,2244695,1975
Journal of Mundane Behavior,2000,43635461,2004
Journal of Mental Health,1992,288963954,1992
Journal of Medicine,1970,1357589,2004
Journal of Materials Chemistry,1991,23295112,2012
Journal of Libertarian Studies,1977,742555861,2008
Journal of Integer Sequences,1998,42458787,1998
Journal of Indigenous Studies,1989,19758199,1997
Journal of Historical Review,1980,5584935,2002
Journal of Higher Criticism,1994,30121399,2003
Journal of Global Drug Policy and Practice,2006,74670291,2006
Journal of Geophysical Research,1896,2396688,1896
Journal of Genetics,1910,1643134,1977
Journal of Econometrics,1973,1788577,1973
Journal of Dental Biomechanics,2009,555920034,2015
Journal of Comparative and Physiological Psychology,1921,1714812,1982
Journal of Chemical Education,1924,1754494,1924
Journal of Chemical Crystallography,1971,43954962,1980
Journal of Cellular Biochemistry,1972,7980584,1980
Journal of Cell Biology,1955,1390147,1955
Journal of Biology,2002,741465271,2010
Journal of Behavioral Optometry,1990,20268909,2013
Journal of Asthma & Allergy Educators,2010,428973455,2013
Johnsonia,1941,1607451,1975
Iranshenasi,1989,603611281,1989
International Pinguicula Study Group Newsletter,1992,183251653,2000
International Journal of Sexuality and Gender Studies,1996,44513472,2002
International Journal of Primatology,1980,4556695,1980
International Journal of Hematology,1937,24372334,1937
International Journal of Greek Love,1965,4453528,1966
International Journal of Communication,2007,70824656,2007
International Catalogue of Scientific Literature,1902,32556927,1921
Interface Focus,2008,712021929,2008
Insektenbörse,1884,1606262,1939
Inquiry: Critical Thinking Across the Disciplines,1988,27954006,2005
Indian Journal of Theology,1952,1752931,2004
Indian Journal of Medical Research,1913,475425104,1913
Immunity,1994,37832296,1994
IEEE Transactions on Advanced Packaging,1999,39742480,2010
Human Genomics and Proteomics,2009,502418829,2011
Hospitals-Meddelelser,1848,50352611,1856
Historical Biology,1988,915061764,1988
Historia Mathematica,1974,2240703,1974
Hepatology,1981,42755926,1981
Hebraic Political Studies,2005,61480010,2009
Guy's Hospital Reports,1836,1462583,1974
Grace Theological Journal,1980,6203551,1991
General Systems,1956,1429672,1956
Gazzetta Chimica Italiana,1871,472409114,1997
Forum Geometricorum,2001,46354245,2001
Foresight,2005,60195048,2005
Forensic Science International: Genetics,2007,901016687,2007
Forensic Science International,1972,222758907,1972
Fordham Law Review,1914,1569695,1917
Food Structure,1982,20496653,1993
Family and Consumer Sciences Research Journal,1972,712800910,1972
Explorations in Economic History,1949,1568657,1958
European Political Economy Review,2003,55703803,2008
European Journal of Political Research,1973,230744489,1989
Environmental Biology of Fishes,1976,2986368,1976
Electronic Journal of Sociology,1994,34297444,2008
Electronic Journal of Human Sexuality,1998,44230072,1998
Economic Thought,2012,809833644,2012
ECS Solid State Letters,2012,746495790,2015
ECS Electrochemistry Letters,2012,746495709,2015
Dumbarton Oaks Papers,1941,58423962,1941
Discrete Mathematics & Theoretical Computer Science,1997,300813040,1997
Discrete Applied Mathematics,1979,123479568,1979
Disability and Rehabilitation: Assistive Technology,2006,321020372,2006
Differences,1989,186382457,1989
Diabetes and Vascular Disease Research,2004,317944981,2004
Democracy & Nature,1992,33396638,1992
Davidsonia,1971,488567184,1980
Dartmouth Law Journal,2003,122345200,2003
Dalton Transactions,1966,51500500,1971
Cretica Chronica,1947,889570392,1947
Cotinga,1994,76905041,2009
Computer,1970,2240099,1970
Computational Science & Discovery,2008,285313364,2015
Comprehensive Therapy,1975,2242426,2010
Comparative Technology Transfer and Society,2003,51540537,2009
Communications of the Lunar and Planetary Laboratory,1962,1188055,1973
Combustion and Flame,16,758103070,16
"Combinatorics, Probability and Computing",1992,26286529,1992
Collectanea Hibernica,1958,248557020,2006
Clinical Leukemia,2006,226240251,2009
Clare Market Review,1905,4075139,1973
Circulation Research,1953,856122,1953
Child Language Teaching and Therapy,-1985,42662298,-1985
Chemische Berichte,1868,36290071,1945
Cerebral Cortex,1991,20665497,1991
Cases Journal,2008,234326274,2010
Capitalism Nature Socialism,1988,19480060,1988
Cancer Cell,2002,49209210,2002
Canadian Journal of Public Health,1910,1553158,1928
Canadian Aeronautics and Space Journal,1954,57918853,1954
Buxbaumia,1947,243889284,1970
Bulletin of the Australian Carnivorous Plant Society,1982,612101080,2003
Bulletin of Volcanology,1922,13622617,1922
Bulletin de la Société Sciences Nat,1972,477589226,1995
British Museum Quarterly,1926,300432851,1973
British Journal of Medical Hypnotism,1949,183400179,1966
Bowling Green Studies in Applied Philosophy,1979,7762186,1986
Books in Canada,1971,421761698,2008
Bogoslovni vestnik,1920,439849909,1945
Biuletyn Peryglacjalny,1954,915048162,2000
Bipolar Disorders,1999,462826263,1999
Biological Conservation,1968,38840579,1968
Bioelectromagnetics,1980,6152871,1980
Between the Species,1985,812132348,1996
Bell System Technical Journal,1922,6313803,1995
"Aviation, Space, and Environmental Medicine",1930,165744230,1930
Australian Journal of Physics,1948,1518825,2001
Australasian Journal of Bone & Joint Medicine,2002,223430052,2005
Astronomische Nachrichten,1821,76516376,1821
Asia,1898,1514415,1946
Ars Disputandi,2001,52587239,2012
Arkiv för nordisk filologi,1882,1514175,1882
Aries,2001,768086463,2001
Archives of Microbiology,1930,2239811,1930
