col0,col1,col2,col3
Eodiaptomus shihi,Diaptomidae,IUCN2.3,VU
Eodiaptomus lumholtzi,Diaptomidae,IUCN2.3,VU
Enoplometopus antillensis,Enoplometopidae,iucn3.1,LC
Engaewa similis,Parastacidae,iucn3.1,LC
Eidocamptophallus,Pseudothelphusidae,iucn3.1,DD
Dussartius,Diaptomidae,IUCN2.3,VU
Dugastella marocana,Atyidae,IUCN3.1,EN
Disparithelphusa,Pseudothelphusidae,iucn3.1,DD
Dexteria,Chirocephalidae,iucn2.3,CR
Demanietta renongensis,Potamidae,iucn3.1,LC
Daphnia occidentalis,Daphniidae,IUCN2.3,VU
Daphnia nivalis,Daphniidae,IUCN2.3,VU
Daphnia jollyi,Daphniidae,IUCN2.3,VU
Daphnia coronata,Daphniidae,IUCN2.3,VU
Curassanthura bermudensis,Leptanthuridae,IUCN2.3,CR
Crangonyx hobbsi,Crangonyctidae,IUCN2.3,VU
Crangonyx grandimanus,Crangonyctidae,IUCN2.3,VU
Crangonyx dearolfi,Crangonyctidae,IUCN2.3,EN
Conservancy fairy shrimp,Branchinectidae,IUCN2.3,EN
Common yabby,Crayfish,iucn2.3,vu
Coconut crab,Hermit crab,iucn2.3,DD
Cocoharpinia,Phoxocephalidae,IUCN2.3,CR
Clinothelphusa,Gecarcinucidae,IUCN3.1,CR
Chirocephalus reiseri,Chirocephalidae,IUCN2.3,VU
Chirocephalus pelagonicus,Chirocephalidae,IUCN2.3,VU
Chirocephalus croaticus,Chirocephalidae,IUCN2.3,VU
Cherax tenuimanus,Parastacidae,iucn3.1,CR
Cherax quinquecarinatus,Crayfish,IUCN3.1,LC
Cherax quadricarinatus,Parastacidae,iucn3.1,LC
Cherax parvus,Parastacidae,IUCN2.3,DD
Cherax nucifraga,Parastacidae,IUCN2.3,DD
Cherax holthuisi,Parastacidae,iucn3.1,DD
Ceylonthelphusa callista,Gecarcinucidae,IUCN3.1,CR
Ceylonthelphusa armata,Gecarcinucidae,IUCN3.1,EN
Ceylonthelphusa alpina,Gecarcinucidae,IUCN3.1,EN
Carinurella,Niphargidae,IUCN2.3,VU
Caridina thambipillai,Atyidae,IUCN3.1,LC
Caridina serratirostris,Atyidae,IUCN3.1,LC
Caridina nilotica,Atyidae,IUCN3.1,LC
Caridina multidentata,Atyidae,IUCN3.1,LC
Caridina gracilirostris,Atyidae,IUCN3.1,LC
Cardus crucifer,Polychelidae,iucn3.1,LC
Cape lobster,Lobster,iucn3.1,DD
Canthocamptus longipes,Canthocamptidae,IUCN2.3,VU
Camptophallus,Pseudothelphusidae,iucn3.1,DD
Cambarus zophonastes,Cambaridae,iucn3.1,CR
Cambarus smilax,Cambaridae,iucn3.1,NE
Cambarus pecki,Cambaridae,IUCN3.1,EN
Cambarus nerterius,Cambaridae,iucn3.1,NT
Cambarus diogenes,Cambaridae,iucn3.1,LC
Cambarus cryptodytes,Cambaridae,iucn3.1,LC
Cambarus chasmodactylus,Cambaridae,iucn3.1,LC
Cambarus bartonii,Cambaridae,iucn3.1,LC
Cambarus aculabrum,Cambaridae,IUCN3.1,CR
Cambaroides wladiwostokensis,Cambaridae,iucn3.1,DD
Cambaroides similis,Cambaridae,iucn3.1,DD
Cambaroides schrenckii,Cambaridae,iucn3.1,DD
