col0,col1,col2,col3,col4
World Journal of Gastroenterology,1007-9327,WJGAF2,Yes,Weekly
Wjm,0093-0415,WJMDA2,Yes,Monthly
Western North American Naturalist,1527-0904,WNANF5,Delayed(after 24 months),Quarterly
Virology,0042-6822,VIRLAX,"Delayed, after 12 months;hybrid",26 per year
Veterinary Immunology and Immunopathology,0165-2427,VIIMDS,Hybrid,Biweekly
Turkish Journal of Biology,1300-0152,TJBIEZ,Yes,Bimonthly
Trials,1745-6215,TRIACW,Yes,Upon acceptance
Translational Psychiatry,2158-3188,TPRSCF,Yes,Articles published upon acceptance
Transactions of the Royal Society of Tropical Medicine and Hygiene,0035-9203,TRSTAZ,Hybrid,Monthly
Toxicological Sciences,1094-2025,TOSCF2,"Hybridanddelayed, after 12 months",Monthly
Thyroid,1050-7256,THYRER,Hybrid,Monthly
Theoretical and Applied Genetics,0040-5752,THAGA6,Partially,8/year
Theoretical Population Biology,0040-5809,TLPBAQ,Hybrid,Bimonthly
The Turkish Journal of Pediatrics,0041-4301,TJPDAI,Yes,Quarterly
The Scientific World Journal,1537-744X,THESAS,Yes,Articles published as accepted
The New Zealand Medical Journal,0028-8446,NZMJAX,"Delayed, after 6 months",20/year
The Nautilus,0028-1344,NUTLA5,After 3-6 years,Quarterly
The Journal of Rheumatology,0315-162X,JRHUA9,Hybrid,Monthly
The Journal of Physiology,0022-3751,JPHYA7,"Hybridanddelayed, after 1 year",Biweekly (24 issues per year)
The Journal of Pathology,0022-3417,JPTLAS,Immediate upon payment of OnlineOpen fee; after 12-months NIH funded; after six months HHMI funded,Monthly
The Journal of Infectious Diseases,0022-1899,JIDIAQ,Hybrid,Biweekly
The Journal of General Physiology,0022-1295,JGPLAD,After 6 months,Monthly
The International Journal of Developmental Biology,0214-6282,IJDBE5,Hybrid,Monthly
The Independent Review,1086-1653,IREVFP,Delayed,Quarterly
The EMBO Journal,0261-4189,EMJ0DG,"Delayed, after 12 months",Biweekly
The Canadian Journal of Psychiatry,0706-7437,CPAJAK,6 month embargo,Monthly
The Biological Bulletin,0006-3185,BIBUBX,After 1 yr,Bimonthly
The BMJ,0959-8138,DXRA5,"Immediate, research articles only",Weekly
The Angle Orthodontist,0003-3219,ANORAA,Yes,Bimonthly
The American Journal of Pathology,0002-9440,AJPAA4,"Delayed, after 12 months",Monthly
The American Journal of Economics and Sociology,0002-9246,AJESA3,Hybrid,5/year
Tellus A,0280-6495,TSAOD8,Yes,Bimonthly
Tectonophysics,0040-1951,TCTOAM,Hybrid,28/year
Sydowia,0082-0598,SYAMAU,Hybrid,Biannual
Superconductor Science and Technology,0953-2048,SUSTEF,Hybrid,Monthly
Studies in Mycology,0166-0616,SMYCA2,Yes,3/year
Statistical Applications in Genetics and Molecular Biology,1544-6115,SAGMCU,"Delayed, after 12 months",Bimonthly
South African Medical Journal,0256-9574,SAMJEJ,Yes,Monthly
South African Journal of Science,0038-2353,SAJSAR,Yes,Bi-monthly
Solid State Communications,0038-1098,SSCOA4,Hybrid,Bimonthly
Sleep,0161-8105,SLEED6,"Delayed, after 6 months",Monthly
Sensors,1424-8220,SENSC9,Yes,Monthly
Scripta Geologica,0375-7587,SCGLA5,Since 2007,Biannually
Scientia Pharmaceutica,0036-8709,SCPHA4,Yes,Quarterly
Scientia Marina,0214-8358,SCIMEM,yes,quarterly
Science and Technology of Advanced Materials,1468-6996,STAMCV,Yes,Bimonthly
Science,0036-8075,SCIEAS,No,Weekly
SIAM Journal on Scientific Computing,1064-8275,SJOCE3,no,once every two months
SIAM Journal on Computing,0097-5397,SMJCAT,no,once every two months
Revue Médicale de Bruxelles,0035-3639,RMBRDQ,"Delayed, after 12 months",Bimonthly
Revista Cubana de Física,0253-9268,RECFD7,Yes,Biannually
Revista Colombiana de Química,0120-2804,RCLQAY,Yes,Triannual
Review of Palaeobotany and Palynology,0034-6667,RPPYAX,Author fee,Monthly
Review of International Political Economy,0969-2290,RIPEFV,no,Bimonthly
Respiratory Research,1465-9921,RREEBZ,Yes,Upon acceptance
Resource and Energy Economics,0928-7655,REEEEF,Hybrid,Quarterly
Reproduction,1470-1626,RCUKBS,After 12 months,Monthly
Radiology,0033-8419,RADLAX,After 1 year,Monthly
Radiation and Environmental Biophysics,0301-634X,REBPAT,Hybrid,Quarterly
Radiation Measurements,1350-4487,RMEAEP,Hybrid,Monthly
RNA,1355-8382,RNARFU,"Delayed, after 12 months",Monthly
Quarterly Journal of Mathematics,0033-5606,QJMAAT,Hybrid,Quarterly
Public Health Reports,0033-3549,PHRPA6,"Delayed, after 1 year",Bimonthly
Psychosomatic Medicine,0033-3174,PSMEAP,After two years,9 times per year
Psychological Medicine,0033-2917,PSMDCO,Hybrid,Monthly
Psychologica Belgica,0033-2879,PBELAN,Yes,Quarterly
Protein Science,0961-8368,PRCIEI,Delayed,Monthly
Protein & Cell,1674-800X,PCREFB,Yes,Monthly
Progress of Theoretical and Experimental Physics,0033-068X,PTPKAV,Yes,Monthly
Progress in Nuclear Energy,0149-1970,PNENDE,Hybrid,Monthly
Proceedings of the National Academy of Sciences of the United States of America,0027-8424,PNASA6,Delayed,Weekly
Primates,0032-8332,PRMTBU,Hybrid,Quarterly
Postgraduate Medical Journal,0032-5473,PGMJAO,Hybrid,Monthly
Platinum Metals Review,0032-1400,PTMRA3,Yes,Quarterly
Plant Systematics and Evolution,0378-2697,ESPFBP,Hybrid,Biannual
Plant Disease,0191-2917,PLDIDE,"Delayed, 1 year",Monthly
Physiological Reports,2051-817X,PRHEJ2,Yes,Articles published upon acceptance
Physics and Chemistry of Glasses: European Journal of Glass Science and Technology Part B,1750-6689,PCGECL,Hybrid,Bimonthly
Physical Review X,2160-3308,PRXHAE,Yes,Quarterly
Physical Review Letters,0031-9007,PRLTAO,partial,52 per year
Physical Review Focus,1539-0748,PRFHAQ,Yes,Weekly
Physical Review E,1539-3755,PRESCM,Partial (see text),Monthly
Physical Review B,1098-0121,PRBMDO,Partial,4 issues per month
Physical Review A,1050-2947,PLRAAN,Hybrid,Monthly
Philosophy and Phenomenological Research,0031-8205,PPHRAI,No,Bimonthly
Philosophical Transactions of the Royal Society B,0962-8436,PTRBAE,Hybrid,Biweekly
Philosophical Transactions of the Royal Society A,1364-503X,PTMSFB,"Hybrid and delayed, after 24 months",Fortnightly
Pharmacotherapy,0277-0008,PHPYDQ,Hybrid,Monthly
Pharmacology & Therapeutics,0163-7258,PHTHDT,optional,Monthly
PharmacoEconomics,1170-7690,PARMEK,Hybrid,Monthly
Parasitology,0031-1820,PARAAE,Hybrid,14/year
Parasite,1252-607X,PASIED,Yes,Upon acceptance
Pan American Journal of Public Health,1020-4989,RPSPFQ,Yes,Monthly
Organic Syntheses,0078-6209,ORSYAT,Yes,"Annual, articles posted online upon acceptance"
Optics Communications,0030-4018,OPCOB8,partly,Biweekly
Open Life Sciences,2391-5412,OLSPBT,Yes,Monthly
Open Biology,2046-2441,OBPICQ,Yes,Upon publication
Open Access Journal of Medicinal and Aromatic Plants,0974-7877,OAJMAX,Yes,Biannually
Oil Shale,0208-189X,OSIHA3,Yes,Quarterly
Occupational and Environmental Medicine,1351-0711,OEMEEM,Hybrid,Monthly
Nutrients,2072-6643,NUTRHU,Yes,Monthly
Nucleic Acids Research,0305-1048,NARHAD,Hybrid,Biweekly
Notes and Records,0035-9149,NOREAY,Hybrid,Quarterly
Nonlinearity,0951-7715,NONLE5,Hybrid,Monthly
Neuroscience & Biobehavioral Reviews,0149-7634,NBREDE,optional,10/year
Neuropsychopharmacology,0893-133X,NEROEW,"Delayed, after 12 months",Monthly
Neuron,0896-6273,NERNET,Partial,Biweekly
NeuroToxicology,0161-813X,NRTXDN,Hybrid,Bimonthly
NeuroRehabilitation,1053-8135,NRORFG,Hybrid,8/year
NeuroImage,1053-8119,NEIMEF,Hybrid,20/year
Neural Regeneration Research,1673-5374,NRREBM,Yes,Biweekly
Nederlands Tijdschrift voor Geneeskunde,0028-2162,NETJAN,After 5 years,Weekly
Naturwissenschaften,0028-1042,NATWAY,Hybrid,Monthly
Nature Communications,2041-1723,NCAOBW,Yes,Upon acceptance
Nature,0028-0836,NATUAS,No,Weekly
Nano Letters,1530-6984,NALEFD,Hybrid,Monthly
NPG Asia Materials,1884-4057,NAMPCE,Yes,Continuous
Myanmar Medical Journal,0007-6295,BMDJA3,Yes,Quarterly
Monthly Weather Review,0027-0644,MWREAB,"Delayed, after 2 years",Monthly
Monthly Notices of the Royal Astronomical Society,0035-8711,MNRAA4,Hybridanddelayed,36/year
Molecules,1420-3049,MOLEFW,Yes,Monthly
Molecular Pain,1744-8069,MPOAC5,Yes,Upon acceptance
Molecular Neurodegeneration,1750-1326,MNOEAZ,Yes,Upon acceptance
Molecular Biology of the Cell,1059-1524,MBCEEV,"Delayed, after 2 months",Biweekly
Molecular Biology and Evolution,0737-4038,MBEVEO,Hybrid,Monthly
Molecular Autism,2040-2392,MAOUBR,Yes,Upon acceptance
Middle East Quarterly,1073-9467,MEQUFZ,Yes,Quarterly
Microbiology and Molecular Biology Reviews,1092-2172,MMBRF7,"Delayed, after 12 months",Quarterly
Microbiology,1350-0872,MIBLAO,After 12 months,Monthly
Metrologia,0026-1394,MTRGAU,Hybrid,6
Metallomics,1756-5901,METAJS,Hybrid,Monthly
Memórias do Instituto Oswaldo Cruz,0074-0276,MIOCAS,Yes,8/year
Medical Physics,0094-2405,MPHYA6,Hybrid,12 per year
Medical History,0025-7273,MDHIAA,Yes,4/year
Mechanisms of Development,0925-4773,MEDVE6,"Delayed, after 12 months",Monthly
Measurement Science and Technology,0957-0233,MSTCEP,Hybrid,Monthly
Mathematics of Computation,0025-5718,MCMPAF,"Delayed, after 5 years",Bimonthly
Materials Today,1369-7021,MTOUAN,Yes,Monthly
Materials,1996-1944,MATEG9,yes,Monthly
Marine Ecology Progress Series,0171-8630,MESEDT,After five years,23/year
Marine Biology,0025-3162,MBIOAJ,Hybrid,Monthly
Machine Vision and Applications,0932-8092,MVAPEO,Hybrid,Bimonthly
Life,2075-1729,LBSIB7,Yes,Quarterly
Learning & Memory,1072-0502,LEMEFO,"Hybridanddelayed, after 12 months",Monthly
Koedoe,0075-6458,KOEDB2,Yes,1 issue per year
Journal of the Science of Food and Agriculture,0022-5142,JSFAAE,yes,15/year
Journal of the Royal Society of Medicine,0141-0768,JRSMD9,Hybrid,Monthly
Journal of the Royal Society Interface,1742-5662,JRSICU,Hybrid,Monthly
Journal of the Royal Astronomical Society of Canada,0035-872X,JRASA2,After one year,Bimonthly
Journal of the Renin-Angiotensin-Aldosterone System,1470-3203,JRAAAG,yes,Quarterly
Journal of the Physical Society of Japan,0031-9015,JUPSAU,some,monthly
Journal of the Korean Physical Society,0374-4884,JKPSDV,Delayed,Biweekly
Journal of the Korean Astronomical Society,1225-4614,CHACDE,Yes,Bimonthly
Journal of the History of Medicine and Allied Sciences,0022-5045,JHMAA6,Hybrid,Quarterly
Journal of the American Board of Family Medicine,1557-2625,JABPEJ,Yes,bimonthly
Journal of Virology,0022-538X,JOVIAM,"Delayed, after 4 months",Biweekly
Journal of Theoretical Biology,0022-5193,JTBIAP,Hybrid,Biweekly
Journal of Rehabilitation Research and Development,0748-7711,JRRDEC,Yes,10/year
Journal of Radiological Protection,0952-4746,JRPREA,Hybrid,Quarterly
Journal of Radiation Research,0449-3060,JRARAX,Yes,Bimonthly
Journal of Psychopharmacology,0269-8811,JOPSEQ,Hybrid,Monthly
Journal of Psychiatry & Neuroscience,1180-4882,JPNEEF,Yes,Bimonthly
Journal of Population Economics,0933-1433,JPECEW,Hybrid,Quarterly
Journal of Polymer Science Part B,0887-6266,JPBPEM,Hybrid,Biweekly
Journal of Physics G,0954-3899,JPGPED,Hybrid,12
Journal of Physics D,0022-3727,JPDBAK,Hybrid,50/year
Journal of Physics B,0953-4075,JPAPEH,Hybrid,Biweekly
Journal of Physics A,1751-8113,JPAMB5,Hybrid,50/year
Journal of Physics: Condensed Matter,0953-8984,JCOMEL,Hybrid,Weekly
Journal of Physical Oceanography,0022-3670,JPYOBT,"Delayed, after 2 years",Monthly
Journal of Pharmacy and Pharmaceutical Sciences,1482-1826,JPPSFY,Yes,Triannual
Journal of Pharmacology and Experimental Therapeutics,0022-3565,JPETAB,After 12 months,12/year
Journal of Perinatal & Neonatal Nursing,0893-2190,JPNNE8,Hybrid,Quarterly
Journal of Nutrition,0022-3166,JONUAI,"Delayed, after 12 months",Monthly
Journal of Nuclear Materials,0022-3115,JNUMAM,Hybrid,Monthly
