col0,col1,col2,col3,col4
Biomedical Research,0970-938X,BIRSE8,Yes,Quarterly
Biomedical Optics Express,2156-7085,BOEICL,Yes,Monthly
Biomedical Materials,1748-6041,BMBUCS,Hybrid,Bimonthly
Biology,2079-7737,BBSIBX,Yes,Quarterly
Bioinspiration & Biomimetics,1748-3182,BBIICI,Hybrid,4
Bioinformatics,1367-4803,BOINFP,Hybrid,Biweekly
Biofabrication,1758-5082,BIOFCK,Hybrid,Quarterly
Biochemical Society Transactions,0300-5127,BCSTB5,"Delayed, after 12 months",Bimonthly
Biochemical Journal,0264-6021,BIJOAK,After 12 months/hybrid,24/year
BioDrugs,1173-8804,BIDRF4,Hybrid,6/year
Behavior Genetics,0001-8244,BHGNAT,Hybrid,Bimonthly
BMC Health Services Research,1472-6963,BHSRAX,Yes,Yearly
Autonomic Neuroscience: Basic and Clinical,1566-0702,ANUEB2,Hybrid,8/year
Australian Journal of Physics,0004-9506,AUJPAS,1997-2001 freely accessible online,6/year
Australian Feminist Studies,0816-4649,AFSTFJ,Hybrid,Quarterly
Australasian Physical & Engineering Sciences in Medicine,0158-9938,AUPMDI,Hybrid,Quarterly
Atmosphere,2073-4433,ATMOCZ,Yes,Monthly
Astronomy and Astrophysics,0004-6361,AAEJAF,After 12 months,16/year
Astrobiology,1531-1074,ASTRC4,Hybrid,Bimonthly
Asian Journal of Andrology,1008-682X,ASJAF8,Yes,Quarterly
Arthritis & Rheumatology,0004-3591,ARHEAW,Hybrid,Monthly
Arquivos de Neuro-Psiquiatria,0004-282X,ANPIAM,Yes,Monthly
Archives of Sexual Behavior,0004-0002,ASXBA,Hybrid,Bimonthly
Archives of Microbiology,0302-8933,AMICCW,Hybrid,10/year
Archives Italiennes de Biologie,0003-9829,AIBLAS,Yes,Quarterly
Aquaculture Research,1355-557X,AQREFC,Hybrid,monthly
Applied Radiation and Isotopes,0969-8043,ARISEF,Hybrid,Monthly
Applied Physics Letters,0003-6951,APPLAB,Hybrid,Weekly
Applied Acoustics,0003-682X,AACOBL,Parital,Bimonthly
Appetite,0195-6663,APPTD4,Hybrid,Bimonthly
AoB Plants,2041-2851,APOLD9,Yes,Upon acceptance
Antiviral Therapy,1359-6535,ANTHFA,"Delayed, after 12 months",8/year
Antiviral Chemistry & Chemotherapy,0956-3202,ACCHEH,"Delayed, after 12 months",6/year
Annals of the Rheumatic Diseases,0003-4967,ARDIAO,"Delayed, after 12 months",Monthly
Annals of the New York Academy of Sciences,0077-8923,ANYAA9,Hybrid,32/year
Annals of the Institute of Statistical Mathematics,0020-3157,AISXAD,Hybrid,Bimonthly
Annals of Saudi Medicine,0256-4947,ANSMEJ,Yes,Bimonthly
Annals of Oncology,0923-7534,ANONE2,Hybrid,Monthly
Annals of Nuclear Energy,0306-4549,ANENDJ,Hybrid,Monthly
Annals of Mathematics,0003-486X,ANMAAH,"Delayed, after 5 years",Bimonthly
Annals of Internal Medicine,0003-4819,AIMEAS,Hybrid,Weekly
Annals of Intensive Care,2110-5820,AICNC7,Yes,Monthly
Annali di Matematica Pura ed Applicata,0373-3114,ANLMAE,Hybrid,Bimonthly
