col0,col1,col2,col3
P. H. Cooke,California,W. R. Hearst,Phoebe Millicent Hearst
P. Robertson,Louisiana,S. Robertson,Phil Alexander Robertson
P. Keoghan,California,A. Keoghan,Philip John Keoghan
P. List,California,S. List,Peyton Roi List
P. Stunt,Los Angeles,T. Ecclestone,Petra Ecclestone
P. Fonda,"Paradise Valley, Montana",J. Fonda,Peter Henry Fonda
P. Douglas,"Santa Barbara, California",M. Douglas,Peter Vincent Douglas
P. Bazalgette,London,J. Bazalgette,Peter Lytton Bazalgette
P. Ross,Slough,J. Ross,John Paul Ross
P. Giamatti,Brooklyn,M. Giamatti,Paul Edward Valentine Giamatti
P. Allen,"Mercer Island, Washington",J. Allen,Paul Gardner Allen
P. Hill,New York,M. J. Hill,Patty Smith Hill
P. Wymark,London,W. W. Jacobs,Patrick Carl Cheeseman
P. Baynes,"Philadelphia, Pennsylvania",United States Army Rangers,Patrick Ryan Baynes
P. C. Frist,"Belle Meade, Tennessee",B. Frist,Patricia Champion
P. Hilton,"Beverly Hills, California",E. Taylor,Paris Whitney Hilton
Pallaso,Kampala,Chameleone,Pius Mayanja
P. Schreiber,"Los Angeles, California",L. Schreiber,Pablo Tell Schreiber
P. R. Shankar,Karnataka,Aadi,Ravi Shankar Pudipeddi
P. A. Arun Prasad,"Hyderabad, India",A. Ravipudi,Alaparthi Sivanagaprasad Chowdary
O. d. Havilland,Paris,J. Fontaine,Olivia Mary de Havilland
O. Platt,New York,N. Platt,Oliver James Platt
N. d. Rothschild,Hôtel de Pontalba,Edmond James de Rothschild,Noémie Halphen
N. B. Ream,Chicago,A. Vonsyatsky,Norman Bruce Ream
N. Wyle,"Los Angeles, California",J. C. Katz,Noah Strausser Speer Wyle
N. d. Rothschild,Hôtel de Pontalba,Edmond James de Rothschild,Noémie Halphen
N. Bhandari,Bangalore,A. Bhandari,Nirup
N. Kidman,Sydney,A. Kidman,Nicole Mary Kidman
N. Appleton,England,N. Appleton,Nicole Marie Appleton
N. Lachey,"Sherman Oaks, Los Angeles",D. Lachey,Nicholas Scott Lachey
N. Tueni,Beirut,G. Tueni,Nayla Gebran Tueni
N. Law,England,J. Law,Andrea Natasha Law
N. Appleton,England,N. Appleton,Natalie Jane Appleton
N. Rohit,Telangana,N. C. Naidu,Nara Rohit
N. K. Ram,Hyderabad,N. T. Rama Rao Jr.,Nandamuri Kalyan Ram
Nancy Walker Bush Ellis,Boston,G. H. Bush,Nancy Walker Bush
N. Bujji,India,B. Suresh,Nallamalupu Srinivas
N. Babu,India,R. Charan,Konidela Nagendra Babu (also known as Naga Babu)
N. Chaitanya,India,D. Ramanaidu,Naga Chaitanya Akkineni
N. T. Rama Rao Jr.,India,Nandamuri Taraka Rama Rao,Nandamuri Taraka Rama Rao Jr.
Mumtaz,London,F. Khan,Mumtaz Askari
M. Al-Makki,Sukkur,J. S. Bukhari,Muhammad
Mohanlal,Kerala,K. Balaji,Mohanlal Viswanathan Nair
M. M. Rahman,Bangladesh,W. E. Karim,Mohammad Mafzalur Rahman
M. Murali,India,M. Murali,Mithun Murali
M. Sethi,Karachi,A. Sethi,Mira Sethi
M. Macpherson,Australia,E. Macpherson,Miriam Frances Gow
M. Cyrus,"Los Angeles, California",N. Cyrus,Destiny Hope Cyrus
M. Weatherly,"Los Angeles, California",A. Breckenridge,"Michael Manning Weatherly, Jr."
M. Socha,England,L. Socha,Michael Robert Socha
M. Dobson,Canada,P. Dobson,Michael Richard Dobson
M. B. Hartono,Central Java,R. B. Hartono,Michael Bambang Hartono
M. Farrow,"Bridgewater, Connecticut",P. Farrow,María de Lourdes Villiers Farrow
M. Gorga,New Jersey,T. Giudice,Melissa Ann Marco
M. F. Sr.,Beverly Hills,J. Factor,Maksymilian Faktorowicz
M. Kishimoto,"Okayama, Okayama",S. Kishimoto,Kishimoto Masashi
M. Sinclair,"Los Angeles, California",C. Bergen,Ella Dolores Cook
M. Pickford,"Beverly Hills, California",J. Pickford,Gladys Louise Smith
M. A. Paul,"Paris, France","Anthony Joseph Drexel Biddle, Jr.",Mary Astor Paul
M. Boyd,Rome,R. Boyd,Martin à Beckett Boyd
M. A. Ryerson,Chicago,L. Campau,Martin Antoine Ryerson
M. Zuckerberg,"Palo Alto, California",R. Zuckerberg,Mark Elliot Zuckerberg
M. Hyde,London,R. Dudley-Williams,Marina Elizabeth Catherine Dudley-Williams
M. C. Liebmann,Bozeman,Austen S. Cargill II,Marianne Cargill
Maria Helena Moraes Scripilliti,São Paulo,Ermirio Pereira de Moraes,Maria Helena de Moraes
Margaret Johnson Erwin Dudley,"Foote, Mississippi",R. M. Johnson,Margaret Johnson
M. Ravichandran,Bangalore,N. Veeraswamy,Manoranjan
M. Ghattamaneni,Telangana,M. Babu,Manjula
M. Warrier,India,M. Warrier,Manju Warrier
M. Vishnu,Hyderabad,L. Manchu,Manchu Vishnu Vardhan Naidu
M. Manoj,Hyderabad,L. Manchu,Manchu Manoj Kumar
M. Karky,Chennai,K. Vairamuthu,Madhan Karky Vairamuthu
M. Sichun,Beijing,J. Wenli,Sandra Ma
L. Johnson,Lakeport Plantation,R. M. Johnson,Lycurgus Leonidas Johnson
L. Schweiger,Germany,E. T. Schweiger,Luna Marie Schweiger
L. Zaleski-Zamenhof,France,L. L. Zamenhof,Ludwik Zamenhof
L. Tham,Stockholm,S. Persson,Helga Liselott Persson
L. D. Means,Winnebago Reservation,R. Means,Lorelei DeCora
L. Guinness,Acapulco,L. P. Guinness,Thomas Loel Evelyn Bulkeley Guinness
L. Minnelli,California,L. Luft,Liza May Minnelli
L. Torvalds,"Dunthorpe, Oregon",L. Törnqvist,Linus Benedict Torvalds
L. Wagner,"Dungeness, Washington",E. Thrasher,Lindsay Jean Wagner
L. Carroll,Oregon,F. B. Cobain,Linda Anne Risi
L. Pastré,Château Pastré,B. P. Magnan,Marie-Louise Double de Saint-Lambert
L. Allen,Gloucestershire,S. Smith,Lily Rose Beatrice Allen
L. Schweiger,Germany,E. T. Schweiger,Lilli Camille Schweiger
L. P. Simmons,Massachusetts,J. Pritzker,Liesel Anne Pritzker
L. M. Hargrave,"York Factory, Manitoba",W. Mactavish,Letitia MacTavish
L. Socha,Derbyshire,M. Socha,Lauren Marie Socha
L. Conrad,California,B. Conrad,Lauren Katherine Conrad
L. S. McCorquodale,Lincolnshire,"Diana, Princess of Wales",The Honourable Elizabeth Sarah Lavinia Spencer
L. Murdoch,California,E. Murdoch,Lachlan Keith Murdoch
K. Minogue,"Chelsea, London",D. Minogue,Kylie Ann Minogue
K. Jenner,United States of America,K. Kardashian,Kylie Kristen Jenner
