col0,col1,col2,col3
K. Richards,"Bel Air, Los Angeles",P. Hilton,Kyle Richards
K. Boban,Kerala,Kunchacko,Kunchacko Boban
K. Raju,Hyderabad,Prabhas,Uppalapati Venkata Krishnam Raju
Krisdayanti,Dutch East Indies,Y. Shara,Krisdayanti
K. Kardashian,"Calabasas, California",K. Kardashian,Kourtney Mary Kardashian
K. Jireček,Prague,P. J. Šafárik,Konstantin Josef Jireček
K. Kardashian,"Calabasas, California",K. Kardashian,Khloé Alexandra Kardashian
K. Mori,Mexico,B. Mori,Kenya Mori Ochoa
K. Fisher,"Camas, Washington",P. A. Fisher,Kenneth Lawrence Fisher
K. Clarkson,"Nashville, Tennessee",R. McEntire,Kelly Brianne Clarkson
K. D. Black,"Los Angeles, California",Order of the British Empire,"Keith D. Black, also known as Dorian Black andThe HonorableKeith D. Black"
K. Panabaker,"Los Angeles, California",D. Panabaker,Stephanie Kay Panabaker
K. Wakile,"Franklin Lakes, New Jersey",T. Giudice,Katherina Pierri
K. Waterston,New York,J. Waterston,Katherine Boyer Waterston
K. Mara,"Los Angeles, California",A. Rooney,Kate Rooney Mara
K. Tointon,England,H. Tointon,Kara Louise Tointon
K. Koduri,India,K. V. Vijayendra Prasad,Kalyan Koduri
K. Vairamuthu,Chennai,M. Karky,Kabilan Vairamuthu
J. Trottier,Ontario,L. Trottier,Justin Trottier
J. Moore,New York,P. M. Smith,Julie Anne Smith
J. Whedon,Los Angeles,J. Whedon,Joseph Hill Whedon
J. Bassett,"Uintah County, Utah",A. Bassett,Josephine Bassett
J. Flagg,Beverly Hills,E. Flagg,Joshua Daniel Flagg
J. Langley,England,J. Yeadon,Annie Howarth
J. J. Allaire,Massachusetts,J. Allaire,Joseph J. Allaire
J. Shlain,California,T. Shlain,Jordan Lewis Shlain
J. Karl,"McLean, Virginia",A. Karl,Jonathan David Karl
J. Ito,Boston,M. Itō,Joichi Ito
John de Mol Jr.,Netherlands,L. d. Mol,Johannes Hendrikus Hubert de Mol
J. Travolta,"Ocala, Florida",E. Travolta,John Joseph Travolta
J. J. Astor,New York City,A. family,Johann Jakob Astor
J. Cusack,"Chicago, Illinois",J. Cusack,John Paul Cusack
J. Hiedler,Lower Austria,A. Hitler,Johanna Hiedler
J. Kinnaman,"Los Angeles, California",M. Kinnaman,Charles Joel Nordström Kinnaman
J. Hambro,Gloucestershire,C. J. Hambro,Jocelyn Olaf Hambro
J. Phoenix,California,C. Affleck,Joaquín Rafael Bottom
Jishnu,India,Raghavan,Jishnu Raghavan Alingkil
J. Moses,India,J. Lever,Jimmy Moses
J. Walton,Arkansas,S. R. Walton,James Carr Walton
J. Vienneau,"Nashville, Tennessee",F. B. Walker,James Francis Vienneau
J. Soloway,"Silver Lake, Los Angeles",F. Soloway,Jill L. Soloway
J. Arrington,"Beverly Hills, California",E. Fanning,Tiffany Arrington
Jiiva,Chennai,J. Ramesh,Amar Choudary
J. Simpson,California,A. Simpson,Jessica Ann Simpson
J. Dylan,California,B. Dylan,Jesse Byron Dylan
J. Hill,California,J. J. Hill,Jerome Hill
J. Sisto,"Laurel Canyon, Los Angeles, California",M. Sisto,Jeremy Merton Sisto
J. Paxman,Oxfordshire,G. Paxman,Jeremy Dickson Paxman
J. Adams,"Cambridge, Massachusetts",J. Adams,Jeremiah Adams
J. Lopez,Los Angeles,L. Lopez,Jennifer Lynn Lopez
J. Lee,New York,Z. Lee,Jennifer Anne Lee
J. Kohan,"Los Feliz, Los Angeles, California",D. Kohan,Jenji Leslie Kohan
J. Matarazzo,Rio de Janeiro,M. Matarazzo,Jayme Monjardim Matarazzo Filho
J. Schwartzman,"San Fernando Valley, California",F. F. Coppola,Jason Francesco Schwartzman
J. Lever,India,J. Moses,Jamie Janumala
James Pinson Labulo Davies,Lagos Colony,J. K. Randle,James Pinson Lalubo Davies
J. Murdoch,New York,E. Murdoch,James Rupert Jacob Murdoch
J. Lafferty,California,S. Lafferty,James Lafferty
J. Fox,England,E. Fox,William Fox
J. Arness,"Brentwood, Los Angeles",P. Graves,James King Aurness
Jacques Le Clerc de Juigné,Château du Bois-Rouaud,H. Schneider,Jacques Auguste Marie Le Clerc de Juigné
I. Trump,Manhattan,E. Trump,Ivanka Marie Trump
I. H. Hilliard,"Grand Lake, Arkansas",H. Murfree,"Isaac Henry Hilliard, Jr."
I. P. DeLoache,"Preston Hollow, Dallas",C. C. Slaughter,Ira Pleasant DeLoache
I. L. Webber,New York City,J. L. Webber,Imogen Anne Lloyd Webber
I. Livingstone,England,R. Livingstone,Ian Malcolm Livingstone
H. Jawad,Bahrain,N. Rajab,Hussain Jawad Or Hussain Parweez
H. Weaving,Australia,S. Weaving,Hugo Wallace Weaving
H. L. Beyers,Prussia,B. Holtermann,Ludwig Hugo Beyers
H. Paulmann,Santiago de Chile,J. Paulmann,Horst Paulmann Kemna
H. Valance,London,O. Valance,Holly Rachel Vukadinović
H. Montag,Utah,S. Pratt,Holly Montag
H. Barry,Auckland,L. Barry,Hilary Ann Pankhurst
H. D. Aldrich,Manhattan,T. U. Dudley,Herman Daggett Aldrich
H. Macaulay,"Lagos, Nigeria",S. A. Crowther,Olayinka Badmus Macaulay
H. L. Carr,Cardiff,E. Carr,Henry Lascelles Carr
H. Keswick,"Oare, Wiltshire",C. Keswick,Henry Neville Lindley Keswick
H. Johnson-Leipold,"Racine, Wisconsin",Herbert Fisk Johnson III,Helen Johnson
H. Meijer,Grand Rapids,D. Meijer,Hendrik G. Meijer
H. Aslam,Canada,Z. Bangash,Haniya Aslam
G. Mulliez,"Croix, Nord",M. Leclercq,Gérard Paul Louis Marie-Joseph Mulliez
G. Raverat,Cambridge,D. family,Gwendolen Mary Darwin
G. Spence,Belfast,F. Curry,Augustus Andrew Spence
G. Poehler,Stockholm,A. Poehler,Gregory M. Poehler
G. J. Clarke,Indiana,J. R. Giddings,Grace Giddings Julian
G. Farahani,Paris,B. Farahani,Rahavard Farahani
G. Guinness,Acapulco,L. P. Guinness,Gloria Rubio Altorre
G. Hadid,New York,B. Hadid,Jelena Noura Hadid
G. R. Babu,India,M. Babu,Ramesh Babu Ghattamaneni
G. Khan,India,N. Khan,Gauahar Zafar Khan
G. Mulliez,"Croix, Nord",M. Leclercq,Gérard Paul Louis Marie-Joseph Mulliez
F. D. Sulcer,New York State,Q. Marston,Frederick Durham Sulcer
F. Fox,London,J. Fox,Frederick Samson Robert Morice Fox
"François de Cossé Brissac, 11th Duke of Brissac",Château de Brissac,J. Say,Anne Marie Timoléon François Cossé-Brissac
F. Perry,"Aspen, Colorado",C. M. Schwab,"Frank Joseph Perry, Jr."
F. F. III,Nevada,L. Fertitta,Frank Joseph Fertitta III
F. C. Rand,"University City, Missouri","William R. Orthwein, Jr.",Frank Chambless Rand
F. B. Walker,"Little Neck, New York",J. Vienneau,Francis Buckley Walker
F. Hilton,"Los Angeles, California",E. Taylor,Constance Francesca Gabor Hilton
F. Eastwood,California,S. Eastwood,Francesca Ruth Fisher-Eastwood
"François de Cossé Brissac, 11th Duke of Brissac",Château de Brissac,J. Say,Anne Marie Timoléon François Cossé-Brissac
F. M. Jr.,"McLean, Virginia",F. C. Mars,Forrest Edward Mars Jr.
Flora MacLeod of MacLeod,Scotland,"Stafford Northcote, 1st Earl of Iddesleigh",Flora Louisa Cecilia MacLeod
F. Silvestre,Mexico,L. P. Linda,Guillermina Jiménez Chabolla
F. Khan,Karachi,H. Malick,Feroze Malik
F. L. Herff,San Antonio,J. O. Meusebach,Ferdinand Ludwig von Herff
F. Karim,Bangladesh,Colonel Dr. M. M. Rahman,Fazlul Karim
F. Faasil,Kerala,N. Nazim,Ismail Faasil
F. Faasil,Kerala,F. Faasil,Fahad Fazil
F. D. Reeve,"Wilmington, Vermont",F. D'Olier,Franklin D'Olier Reeve
E. McGregor,"Los Angeles, California",D. Lawson,Ewan Gordon McGregor
E. Norvind,Mexico,G. Kajanus,Eva Johanne Chegodayeva Sakonsky
E. S. II,Château d'Apremont-sur-Allier,A. Schneider,Charles Prosper Eugène Schneider
E. Washington,Maryland,G. Washington,Eugenia Scholay Washington
E. S. II,Château d'Apremont-sur-Allier,A. Schneider,Charles Prosper Eugène Schneider
"Esther Koplowitz, Marquise of Cubas",Madrid,"Alicia Koplowitz, 7th Marquise of Bellavista",Esther María Koplowitz y Romero de Juseu
E. Prince,Abu Dhabi,B. DeVos,Erik Dean Prince
E. Trump,Manhattan,I. Trump,Eric Frederick Trump
E. Iglesias,Miami,J. I. Jr.,Enrique Miguel Iglesias Preysler
E. Ferrarese,Argentina,E. Montes-Bradley,Enrico Francesco Leopoldo Ferrarese
E. T. Schweiger,Germany,L. Schweiger,Emma Tiger Schweiger
E. Musk,"Bel Air, Los Angeles",K. Musk,Elon Reeve Musk
E. C. Long,Florida,D. S. Walker,Ellen Walker Call
E. Fanning,California,D. Fanning,Mary Elle Fanning
E. C. Busch,South Carolina,S. Colbert,Elizabeth Colbert
E. Waggoner,Wharton-Scott House,Albert Buckman Wharton III,Electra Waggoner
E. Wynn,Las Vegas Valley,A. Pascal,Elaine Farrell Pascal
E. Warburg,Manhattan,J. Schiff,Edward Mortimer Morris Warburg
E. W. Hooper,Boston,W. Sturgis,Edward William Hooper
E. Carlson,Chicago,M. Carlson,Edward Elmer Carlson
E. Flagg,"Los Angeles, California",J. Flagg,Edith Feuerstein
Edith Ewing Bouvier Beale,Grey Gardens,J. Kennedy,Edith Ewing Bouvier
E. B. Sr.,New York City,C. Bronfman,Edgar Miles Bronfman
D. Tsarnaev,ADX Florence,T. Tsarnaev,Dzhokhar Anzorovich Tsarnaev
D. B. Koch,"Bethesda, Maryland",G. W. Bush,Dorothy Walker Bush
D. Versace,Milan,G. Versace,Donatella Francesca Versace
D. Trump,Manhattan,Trump,Donald John Trump
D. Sutherland,Canada,S. Sutherland,Donald McNichol Sutherland
D. Hastings,Upstate New York,B. Hastings,Donald Francis Michael Hastings
D. Schneidre,France,A. Schneider,Dominique Schneider
D. Paleta,Mexico,L. Paleta,Dominika Paleta Paciorek
D. Minichiello,Canada,P. Minichiello,Domenic Minichiello
D. Giannakopoulos,Athens,T. Giannakopoulos,Dimitrios Giannakopoulos
D. D. York,"Canfield, Ohio","Edward J. DeBartolo, Jr.",Marie Denise DeBartolo
D. McCall,England,C. Hennion,Davina Lucy Pascale McCall
D. Wallechinsky,France,A. Wallace,David Wallace
D. Nelson,United States,C. family,David Keith Nelson
D. McSavage,Dublin,B. Andrews,David Andrews Jr.
D. Birkhead,"Louisville, Kentucky",D. W. Smith,Dannielynn Hope Marshall Stern
D. Rouzier,Haiti,F. Rouzier,Daniel-Gérard Rouzier
D. Padilla,Philippines,R. Padilla,Daniel John Ford Padilla
D. Ivin,Croatia,I. Goldstein,Danko Goldstein
Daniel Higford Davall Burr,Aldermaston Court,"Charles Howard, 11th Duke of Norfolk",Daniel Higford Davall Burr
D. T. Cathy,"Atlanta, Georgia",B. Cathy,Daniel Truett Cathy
D. Snow,London,D. L. George,Daniel Robert Snow
D. Bilzerian,Hollywood Hills,A. Bilzerian,Dan Brandon Bilzerian
D. Venkatesh,Hyderabad,R. Daggubati,Venkatesh Daggubati
D. S. Babu,Telangana,N. Chaitanya,Daggubati Suresh Babu
C. Carter,Missouri,J. Carter,Chester Conlan Carter
C. Roberts,"Bethesda, Maryland",William C. C. Claiborne,Mary Martha Corinne Morrison Claiborne Boggs
C. Wrottesley,St Moritz,U. Schwarzenbach,Clifton Hugh Lancelot de Verdon Wrottesley
C. Balding,London,T. Balding,Clare Victoria Balding
C. Ganguly,Kolkata,S. Ganguly,Churni Banerjee
C. Walton,"Teton Village, Wyoming",S. Walton,Christy Ruth Tallant
C. Noxon,"Los Feliz, Los Angeles, California",M. Noxon,Christopher Lane Noxon
C. Nolan,"Los Angeles, California",J. Nolan,Christopher Edward Nolan
C. Matthews,"Chevy Chase, Maryland",J. Matthews,Christopher John Matthews
C. Evans,"Ascot, Berkshire",T. Evans,Christopher James Evans
C. Evans,"Los Angeles, California",M. Capuano,Christopher Robert Evans
C. Tiegs,Los Angeles,C. Peck,Cheryl Rae Tiegs
C. Bono,California,E. B. Allman,Chastity Sun Bono
C. Rampling,Paris,G. Rampling,Tessa Charlotte Rampling
"Charles Hambro, Baron Hambro",Dixton Manor,C. J. Hambro,Charles Eric Alexander Hambro
C. E. Keyser,Aldermaston Court,E. Blore,Charles Edward Keyser
C. Bluhdorn,"Ridgefield, Connecticut",H. d. Camps,Karl Georg Blühdorn
Champa,Dhaka,Moushumi,Gulshan Ara Akter Champa
C. L. Ahmanson,Beverly Wilshire Hotel,H. A. Jr.,Caroline Leonetti
C. Thatcher,Klosters-Serneus,M. Thatcher,Carol Jane Thatcher
C. Celdran,Philippines,C. Celdran,John Charles Edward Pamintuan Celdran
