col0,col1,col2,col3
Z. Kirkor-Kiedroniowa,S. Grabski,1952,1872-05-14
Z. Zuoren,Z. Jianren,1967,1885-01-16
Z. Vinski,O. Alexander,1996,1913-05-03
X. Zhimo,J. Yong,1931,1897-01-15
Winnemucca,Numaga,1882,1820-0-0
"William du Pont, Jr.",M. d. Scott,1965,1896-02-11
William Temple Thomson Mason,G. Mason,1862,1782-07-24
W. T. Baird,J. Baird,1897,1819-1-1
W. R. Grace,M. P. Grace,1904,1832-05-10
W. Rockefeller,R. family,1922,1841-05-31
W. P. Mason,G. Mason,1922,1843-01-10
W. Paltridge,J. Dunn,1890,1834-1-1
W. P. Ford,I. Ford,2008,1936-04-28
W. Mason,G. Mason,1818,1757-11-22
William Lewis Moody Jr.,S. M. Jr.,1954,1865-01-25
"William Lewis Moody, Sr.",S. M. Jr.,1920,1828-05-19
William Jefferson Blythe Jr.,C. Clinton,1946,1910-02-27
W. J. Whipper,W. Whipper,1907,1834-01-23
W. H. Mallock,J. A. Froude,1923,1849-02-07
W. H. Letterman,J. K. Letterman,1881,1832-08-12
W. H. Gorman,A. P. Gorman,1915,1843-08-29
W. Hanley,G. Hanley,2012,1931-10-22
W. H. Perry,James Ben Ali Haggin,1993,1910-12-05
W. H. Rau,W. Bell,1920,1855-01-19
W. G. Rice,A. E. Rice,1945,1856-12-23
W. Goodfellow,D. Goodfellow,1974,1880-05-26
W. G. Sr.,A. Gooderham,1881,1790-08-29
W. G. Stewart,T. Spiva,1925,1854-10-25
W. F. Steuart,G. H. Steuart,1889,1816-0-0
William Frank Buckley Sr.,C. Buckley,1958,1881-07-11
W. C. Minor,T. T. Minor,1920,1834-6-0
W. B. Carpenter,"Sarah Hogg, Viscountess Hailsham",1918,1841-03-26
W. Billington,B. family,1952,1875-1-1
W. B. Carpenter,R. L. Carpenter,1885,1813-10-29
W. Bell,W. H. Rau,1910,1830-0-0
W. Baldwin,A. Buchanan,1917,1838-0-0
W. Rouse,J. Rouse,2003,1942-0-0
W. S. Bain,J. W. Bain,1944,1848-09-05
W. Wagner,R. Wagner,1966,1917-01-05
W. Houston,D. Warwick,2012,1963-08-09
W. Jack,"William Pike Hall, Sr.",1989,1906-07-10
W. Dryden,C. Chaplin,1957,1892-08-31
W. Fulton,R. B. Fulton,1946,1871-08-03
W. West,"James Marion West, Jr.",1984,1906-06-06
W. Murdoch,E. Murdoch,1970,1874-09-17
"Walter E. Hussman, Sr.",C. E. Palmer,1988,1906-07-20
W. C. Grant,C. Grant,1861,1822-05-27
W. Disney,D. family,1966,1901-12-05
W. Timm,O. Timm,1978,1896-08-08
W. McCain,H. McCain,2011,1930-04-09
W. Juffali,K. Juffali,2016,1955-04-30
W. P. Keeton,M. McClellan,1999,1909-08-22
W. H. Auden,G. A. Auden,1973,1907-02-21
V. C. Kelley,C. Clinton,1994,1923-06-06
V. Cordery,N. Macklin,1983,1900-01-10
V. M. Sr.,J. McMahon,1984,1914-07-06
V. Esbensen,C. A. Larsen,1942,1881-03-11
V. Alexander,O. Alexander,1934,1865-05-01
V. Kumaranatunga,J. Kumaranatunga,1988,1945-10-09
V. Morpurgo,T. Morpurgo,1911,1838-05-07
V. Y. Pinzón,P. brothers,1514,1460-1-1
V. Silayan,V. Silayan,1987,1929-01-31
V. E. Howard,A. H. Howard,2000,1911-09-29
T. M. Kerr,R. S. Kerr,1970,1902-07-28
T. Gaudio,E. Gaudio,1951,1883-11-20
T. J. Smith,T. Waterhouse,1998,1916-09-03
T. Morpurgo,V. Morpurgo,1944,1907-03-06
T. Eaton,E. family,1907,1834-3-0
T. Omana,J. D. Ormond,1970,1891-12-18
T. Vanier,G. Vanier,2014,1923-02-27
T. Reinach,S. Reinach,1928,1860-07-03
Thucydides,Olorus,-400,-460-1-1
T. Mason,G. Mason,1820,1759-03-04
T. Mason,G. Mason,1785,1733-08-14
T. F. Mason,G. Mason,1838,1785-1-1
T. Walsh,E. B. McLean,1910,1850-04-02
"Thomas Rowe Price, Jr.",B. a. Decker,1983,1898-03-16
T. Pierrepoint,A. Pierrepoint,1954,1870-1-1
T. Mason,G. Mason,1800,1770-05-01
T. Keefer,T. McKay,1915,1821-11-04
T. Johnes,W. Wilberforce,1816,1748-09-01
T. D. Boyd,D. F. Boyd,1932,1854-01-20
Thomas De Witt Talmage,John Van Nest Talmage,1902,1832-01-07
T. Billington,B. family,1902,1872-0-0
T. Attwood,D. Wakefield,1856,1783-10-06
T. E. Steinway,H. E. Steinway,1957,1883-10-06
T. Hutcheson,"Joseph Chappell Hutcheson, Jr.",1986,1915-10-29
T. Vanier,G. Vanier,2014,1923-02-27
T. Reinach,S. Reinach,1928,1860-07-03
T. K. Kee,L. K. Chian,1961,1874-10-21
T. S. Soundram,T. V. Sundaram Iyengar,1984,1904-08-18
S. A. Reed,W. B. Parsons,1935,1854-04-08
S. Paget,"Almeric Paget, 1st Baron Queenborough",1916,1857-04-19
S. Chaplin,C. Chaplin,1965,1885-03-16
S. Weishi,Z. Enlai,1968,1921-1-1
S. Mukherjee,S. Mukherjee,2005,1921-04-14
