col0,col1,col2,col3
S. Shi,S. Zhe,1101,1037-01-08
S. Hobhouse,B. Webb,1961,1881-08-05
S. Henderson,E. McCombs,1962,1871-10-25
S. Skouras,C. Skouras,1971,1893-03-28
S. T. Olin,J. M. Olin,1995,1900-08-20
S. Juneau,J. Alaska,1856,1793-08-09
S. H. Gie,A. Budiman,1969,1942-12-17
S. Moody,"Maxey Dell Moody, Jr.",1898,1834-02-16
S. Wolf,Married and maiden names,1936,1862-12-26
"Sir Charles Asgill, 2nd Baronet",J. Asgill,1823,1762-04-06
S. Ward,M. McIntyre,2012,1941-10-16
"Simon Marks, 1st Baron Marks of Broughton",M. Marks,1964,1888-07-09
S. Ghimpu,M. Ghimpu,2010,1939-05-24
S. Tan,S. Qian,-110,-165-0-0
S. Qian,S. Tan,-86,-145-1-1
S. Jackson,A. Sheldon,1909,1834-05-18
S. Sim,D. Attenborough,2016,1922-06-05
S. M. Jr.,"William Lewis Moody, Jr.",1996,1933-05-23
S. Hua,M. Zedong,2008,1938-10-30
S. L. James,D. Nicholls,1956,1890-05-15
S. Barbour,J. Barbour,1848,1813-07-26
S. Mikhalkov,M. Mikhalkov,2009,1913-3-13
Senachwine,C. Gomo,1831,1744-0-0
Selena,A. Quintanilla,1995,1971-04-16
S. Porter,N. Porter,1900,1813-08-17
S. P. Remond,C. L. Remond,1894,1815-06-06
S. E. Doyle,T. A. Doyle,1922,1830-03-22
S. Lewis,E. Lewis,2016,1931-01-22
S. Yukimura,S. Nobuyuki,1615,1567-1-1
S. Polyakov,L. Polyakov,1888,1837-12-24
S. P. Bush,George H. W. Bush,1948,1863-10-04
S. Jackson,J. H. Jackson,1913,1831-04-16
S. Gregg,J. H. Jr.,1872,1799-07-01
S. D. Alexander,O. Alexander,1943,1862-07-13
S. Bentham,J. Bentham,1831,1757-01-11
S. Frashëri,A. Frashëri,1904,1850-06-01
S. Heine,H. Heine,1844,1767-10-19
"Sally Grosvenor, Duchess of Westminster",J. Ackerley,1990,1909-1-1
S. a. Gaddafi,M. Gaddafi,2011,1982-1-1
R. C. Stapleton,J. Carter,1983,1929-08-07
R. L. Carpenter,W. B. Carpenter,1816,1816-12-17
R. Egerton-Warburton,P. Warburton,1891,1804-09-14
Roundhead,Leatherlips,1813,1760-0-0
R. Sonneschein,H. B. Fassel,1932,1847-0-0
R. Diaz,P. Diaz,2005,1941-11-14
R. Cioflec,E. Gavriliţă,1955,1882-04-01
Roger Sherman Baldwin Foster,R. S. Baldwin,1924,1857-04-21
R. Sandeman,W. Sandeman,1771,1718-04-29
R. McCormick,M. family,1846,1780-06-08
R. Louis-Dreyfus,J. Louis-Dreyfus,2009,1946-06-14
Robert Livingston the Elder,L. family,1728,1654-12-13
R. Livingston,L. family,1790,1708-12-16
R. Hotung,S. Ho,1956,1862-12-22
R. H. Bolton,A. Bolton,2003,1908-06-19
R. C. Reeve,D. Sheldon,1980,1902-03-27
R. S. Steuart,G. H. Steuart,1876,1797-1-1
R. N. Mason,G. Mason,1940,1876-06-26
R. Lonergan,B. Lovett,1925,1900-01-16
R. Leigh,L. Greene,2007,1943-08-16
Richard Chichester du Pont,Alice du Pont Mills,1943,1911-01-02
R. C. Mason,G. Mason,1869,1793-05-07
R. Brennan,O. Brennan,2015,1931-11-30
R. Bertram,S. N. Zippers,2000,1916-02-04
R. Attenborough,D. Attenborough,2014,1923-08-29
R. Montalbán,C. Montalbán,2009,1920-11-25
R. Yaron,Married and maiden names,1956,1932-1-1
R. Niebuhr,H. R. Niebuhr,1971,1892-06-21
R. Lewis,L. Nicolas-Lewis,1993,1942-12-07
R. R. Guest,Winston Frederick Churchill Guest,1991,1907-11-25
R. MacDonald,C. Comcomly,1894,1824-02-03
R. W. Phipps,"Henry Phipps, 1st Earl of Mulgrave",1923,1838-04-10
R. T. Jimenez,S. Jimenez,2013,1924-06-26
R. Renick,D. Renick,1991,1928-08-09
R. Murray,A. Murray,1983,1908-03-03
R. E. Truman,H. S. Truman,1962,1880-05-10
R. Gurney,M. Gough,2001,1920-03-05
Q. Hubbard,R. DeWolf,1976,1954-01-06
P. Ōtsu,E. Temmu,686,663-1-1
P. Nagaya,P. Takechi,729,684-1-1
P. Ōtsu,E. Temmu,686,663-1-1
P. Kurup,K. P. P. Nambiar,2016,1966-10-03
P. Amor,E. Poniatowska,2000,1918-05-30
P. Nothomb,A. Nothomb,1966,1887-03-28
P. L. Ber,Charles le Moyne de Longueuil et de Châteauguay,1707,1669-1-1
P. A. Gemayel,P. Gemayel,2006,1972-09-23
P. Judson,I. N. Ebey,1926,1831-10-25
P. P. Carpenter,W. B. Carpenter,1877,1819-04-11
P. Oppenheimer,E. Oppenheimer,1995,1911-10-29
P. H. Carpenter,R. L. Carpenter,1891,1852-02-06
P. B. Jr.,J. K. Onassis,1993,1920-06-16
P. v. Schaack,P. Silvester,1832,1747-3-1
P. G. Hay,S. R. Clarke,1961,1879-07-09
P. Foulger,F. Father,1690,1617-1-1
P. Bronfman,S. Bronfman,1996,1929-10-02
Peter Arrell Brown Widener,H. E. Widener,1915,1834-11-13
P. Winslow,C. F. Winslow,1890,1815-02-25
P. Boyd,A. Boyd,1923,1890-08-15
P. Fortnum,K. Brownlow,2016,1919-12-23
P. Bolton,A. Bolton,1987,1917-08-19
Pedro Collor de Mello,Fernando Collor de Mello,1994,1952-12-14
P. A. Santos,J. A. Santos,1945,1876-01-31
P. Vanier,G. Vanier,1991,1898-03-28
P. Reichmann,R. family,2013,1930-09-27
Paul M. Davis Jr.,J. W. Bolton,2007,1919-09-01
P. Fix,H. C. Jr.,1983,1901-03-13
P. Desmarais,F. C. Desmarais,2013,1927-01-04
P. Crouch,B. Crouch,2013,1934-03-30
P. Burke,A. Shawkat,2009,1926-07-21
P. K. Lawford,K. family,2006,1924-05-06
P. Qiriazi,S. Qiriazi,1970,1880-06-02
P. Diaz,R. Diaz,2011,1937-05-28
P. Dean,B. Cleveland,2011,1915-08-25
P. Bai,Mynavathi,2003,1928-09-18
Panbanisha,Kanzi,2012,1985-11-17
O. Stanley,A. O. Stanley,2011,1935-01-19
O. Brennan,R. Brennan,1955,1910-04-05
O. Timm,W. Timm,1978,1893-10-28
O. Miskolczy,E. Miskolczy,1978,1909-01-23
O. Bernheimer,K. Bernheimer,1960,1877-07-14
O. Alexander,S. D. Alexander,1953,1876-02-20
O. F. Shennib,A. F. Shennib,1953,1883-0-0
O. Belmont,M. C. Perry,1908,1858-11-12
O. Grabar,A. Grabar,2011,1929-11-03
N. d. Villa,P. Soriano,2004,1928-07-06
N. V. Ustryalov,N. G. Ustryalov,1937,1890-11-25
N. Trott,W. Rhett,1740,1663-01-19
N. Reagan,R. Reagan,1996,1908-09-16
N. F. Hawkins,J. Hawkins,1950,1903-0-0
N. Begg,R. C. Begg,1995,1915-04-13
N. Al-Kharafi,J. Al-Kharafi,2011,1943-06-17
N. Abraham,M. A. Jr.,1965,1885-02-15
N. d. Villa,P. Soriano,2004,1928-07-06
M. Hussein,S. Hussein,2003,1989-01-03
M. H. Ansari,M. A. Ansari,1985,1937-12-23
M. S. Grace,M. P. Grace,1903,1837-02-28
M. Barbour,P. P. Barbour,1846,1763-10-21
M. Brewster,H. Atkinson,1973,1886-02-10
M. Brant,J. Brant,1796,1736-1-1
M. Seegar,S. Seegar,2011,1907-09-01
M. Klobučar,H. Ehrlich,1956,1888-07-28
M. Baxter,V. M. Brown,1984,1888-01-08
M. Stone,F. Stone,1980,1904-07-05
M. Greenstein,J. Greenstein,2016,1920-12-06
M. Ephrussi,M. Ephrussi,1914,1844-05-10
M. P. Grace,W. R. Grace,1920,1842-0-0
M. G. Phipps,H. B. Phipps,1973,1910-01-10
M. Gough,R. Gurney,2011,1916-11-23
M. Gardner,P. Buchanan,2002,1912-10-20
M. Meighen,A. Meighen,1992,1908-06-05
Maxime de la Falaise,M. Birley,2009,1922-06-25
Maxey Dell Moody Jr.,S. Moody,1987,1913-06-15
M. D. Moody,Rogue,1949,1883-12-12
M. Fisher,S. M. Ross,2005,1908-07-15
M. Ephrussi,M. Ephrussi,1916,1849-11-18
M. Reagan,M. Reagan,2001,1941-01-04
M. Kirtley,T. Kirtley,1873,1813-02-06
M. Barnett,A. Barnett,1935,1859-06-06
M. Rapaport,A. Rapaport,2016,1986-01-29
M. M. Northen,S. M. Jr.,1986,1892-02-10
M. H. Rumsey,E. R. Harriman,1934,1881-11-17
M. Gibson,H. Gibson,1929,1864-10-28
M. Carpenter,W. B. Carpenter,1877,1807-04-03
M. Alcorn,M. Alcorn,1928,1866-03-30
M. A. Pinzón,P. brothers,1493,1441-1-1
M. L. Ramsay,H. Laurens,1811,1759-11-03
M. Ehrlich,H. Ehrlich,1980,1910-04-27
M. A. Pinzón,P. brothers,1493,1441-1-1
M. S. Cornwell,J. J. Cornwell,1898,1871-10-18
M. Dietrich,J. M. Riva,1992,1901-12-27
M. Birley,H. H. Birley,2007,1930-05-30
M. Fowler,N. Johnson,2016,1920-07-16
M. Cole,D. Cole,2011,1924-12-09
M. Carandini,C. Lee,1894,1826-02-01
