col0,col1,col2,col3
M. Norris,B. Norris,1994,1927-1-1
M. S. Grierson,J. A. Cooper,1997,1900-06-27
M. Alcorn,M. Alcorn,1967,1868-0-0
M. Irani,M. Baba,1996,1918-12-15
M. Bošković-Stulli,M. Bošković,2012,1922-10-9
M. Bošković,M. Bošković-Stulli,1942,1914-0-0
M. Blake,M. Stone,1969,1899-05-31
M. Montour,C. Montour,1753,1667-0-0
L. S. Bear,H. S. Bear,1939,1868-12-0
L. Mott,M. Folger,1880,1793-01-03
L. S. Storrs,H. R. Storrs,1945,1869-01-04
Loulou de la Falaise,Balthus,2011,1947-5-4
L. Howard,G. Howard,1969,1880-12-26
Louis d'Ailleboust de Coulonge,F. Hotman,1660,1612-1-1
L. Audette,A. Stuart,1995,1907-04-07
L. Glackmeyer,É. Lagueux,1881,1793-12-07
L. Stock,E. Stock,1948,1866-12-16
L. Huiyin,L. Qichao,1955,1904-06-10
L. Congjie,L. Qichao,2010,1932-08-04
L. Heng,L. Chan,1936,1878-02-17
L. C. Handy,M. Brady,1932,1855-1-1
L. Coffin,L. C. Mott,1877,1798-10-28
L. H. Humphrey,O. C. Skinner,1902,1850-01-22
Leod,F. son,1280,1200-0-0
L. Sternbach,Married and maiden names,2005,1908-05-07
L. Müller,A. Müller,1941,1894-1-1
L. Bernheimer,K. Bernheimer,1918,1841-12-27
L. Polyakov,S. Polyakov,1914,1842-1-1
L. Carpenter,W. B. Carpenter,1840,1780-09-02
Lammot du Pont II,Pierre S. du Pont,1952,1880-10-12
L. R. Hubbard,J. DeWolf,1986,1911-03-13
L. M. Kit Carson,H. Carson,2014,1941-08-12
Kálmán Hunyady de Kéthely,Júlia Hunyady de Kéthely,1901,1828-10-13
K. Clark,J. Carr,2012,1922-07-31
K. Todd,A. Todd,1968,1898-11-19
K. G. Howard,J. S. Graham,1986,1898-09-30
K. M. Rowland,G. Mason,1916,1840-06-22
K. E. Isitt,L. Isitt,1948,1876-07-20
K. Carmack,D. Charlie,1920,1862-1-1
K. Weissmann,Married and maiden names,1953,1890-02-14
K. Liebknecht,W. Liebknecht,1919,1871-08-13
K. Brandi,A. Brandi,1946,1868-05-20
K. Kennedy,J. F. Kennedy,2011,1960-02-27
K. Abe,S. Abe,1946,1894-04-29
K. Sadasivam,R. Viswanathan,1997,1902-09-04
K. P. P. Nambiar,P. Kurup,2015,1929-04-15
Kálmán Hunyady de Kéthely,Júlia Hunyady de Kéthely,1901,1828-10-13
J. Lacoste-Beaubien,A. Lacoste,1967,1877-10-01
J. Wilson,"Bolivar Edwards Kemp, Jr.",2001,1914-04-24
J. Manet,É. Manet,1966,1878-11-14
J. Warhola,J. Warhola,1972,1892-11-17
"Josiah K. Lilly, Jr.",E. Lilly,1893,1893-09-25
J. Franklin,B. Franklin,1745,1657-12-23
J. M. Street,T. Posey,1840,1782-10-18
J. Brant,M. Brant,1807,1742-1-1
J. Barss,E. DeWolf,1824,1776-02-21
J. A. Kemp,F. Kell,1930,1861-07-31
J. G. Murray,W. J. Murray,1995,1954-11-16
John Van Nest Talmage,Thomas De Witt Talmage,1892,1819-08-18
John Thornton Augustine Washington,G. Washington,1841,1783-05-20
J. T. Mason,G. Mason,1850,1787-01-08
J. S. Barbour,P. P. Barbour,1952,1866-08-10
J. Sontag,G. Contant,1893,1861-05-27
J. Ross,M. G. Ross,1866,1790-10-03
J. Redpath,G. A. Drummond,1869,1796-1-1
J. Monckton,L. Monckton,1902,1832-07-08
J. M. Olin,S. T. Olin,1982,1892-11-10
J. Labatt,J. K. Labatt,1915,1838-12-11
J. J. Hardin,M. D. Hardin,1847,1810-01-06
J. J. Doles,Judge,2004,1895-04-26
J. G. Bergen,T. Bergen,1867,1814-12-04
John F. Kennedy Jr.,K. family,1999,1960-11-25
J. Edgcumbe,J. Reynolds,2001,1920-0-0
J. Dougall,J. Dougall,1886,1808-1-1
J. D. Rockefeller,R. family,1937,1839-07-08
J. D. MacArthur,H. Hayes,1978,1897-03-06
J. Cotton,C. Mather,1652,1585-12-04
J. Carne,J. Carne,1844,1789-06-18
J. Billington,B. family,1905,1880-1-1
J. A. Tory,J. M. Tory,2011,1930-03-07
J. Brinkley,A. Brinkley,2014,1952-07-22
J. Spinell,S. Spagnuolo,1989,1936-10-28
J. H. Jr.,S. Gregg,1908,1833-06-03
J. Dru,P. Marshall,1996,1922-01-31
J. Benham,O. Sturgess,1981,1918-05-17
J. Hope,J. Hope,1905,1836-0-0
J. New,J. Bowman,1827,1757-09-20
J. H. Lincoln,A. Lincoln,1948,1875-11-06
J. Mitford,N. Mitford,1996,1917-09-11
J. N. Elizalde,V. Ty-Navarro,610,1924-05-22
J. Rivera,L. Rivera,2012,1969-07-02
J. Piccard,A. Piccard,1981,1895-01-05
Jean Kane Foulke du Pont,W. P. Foulke,1985,1891-05-21
J. Al-Kharafi,F. Al-Kharafi,2015,1940-1-1
J. Waldo,E. Waldo,2016,1920-02-04
J. W. Bolton,A. Bolton,1936,1869-08-04
J. S. Spore,M. S. Bush,1937,1885-05-13
J. Mulvey,R. Branca,1973,1899-04-23
J. Masterson,B. Masterson,1895,1855-09-18
"James Marion West, Jr.",W. West,1957,1903-09-26
J. M. Henderson,J. DeMint,1995,1921-03-28
J. L. Knight,J. S. Knight,1991,1909-07-21
J. J. Reynolds,Q. Reynolds,1986,1907-01-08
J. H. Coyne,J. Coyne,1942,1849-10-03
J. Hector,C. Monro,1907,1834-03-16
J. H. Laughlin,J. Laughlin,1882,1806-03-01
J. G. Scott,R. F. Scott,1935,1851-12-24
J. Fletcher,C. Schreiber,1908,1852-03-28
J. Dougall,J. Dougall,1888,1810-09-21
J. D. Norris,B. Norris,1966,1906-11-06
J. Cowan,J. Cowan,1890,1848-04-21
J. Billington,B. family,1901,1847-1-1
J. Barnston,G. Barnston,1858,1831-07-03
J. Barbour,P. P. Barbour,1895,1828-02-26
J. A. Froude,W. Froude,1894,1818-04-23
J. Agha,Agha,1995,1946-0-0
J. Eliot,L. Eliot,2006,1966-03-24
J. Zabludovsky,A. Zabludovsky,2015,1928-05-24
J. Cooper,N. Taurog,2011,1922-09-15
J. Macdonald,L. MacDonald,1982,1907-10-26
J. B. Joel,W. Barnato,1940,1862-09-29
J. G. Fairfax,J. Fairfax,1976,1886-07-15
J. C. Fargo,W. Fargo,1915,1829-05-05
