col0,col1,col2,col3
J. B. Danquah,N. Akufo-Addo,1965,1895-12-1
I. Fišer,I. Fischer,1967,1905-06-13
I. Christian,W. Fleming,1784,1720-1-1
I. B. Cogswell,H. H. Cogswell,1874,1819-07-06
I. Ruddell,J. Bowman,1812,1737-1-1
I. Roosevelt,R. family,1863,1790-09-29
I. N. Ebey,P. Judson,1857,1818-01-22
I. E. Emerson,Alfred Gwynne Vanderbilt I,1931,1859-07-24
I. Bowman,J. Bowman,1826,1757-04-24
I. E. Ryan,G. Sharrock,1997,1909-09-10
I. R. Whipper,L. Whipper,1953,1872-09-08
I. Halippa,P. Halippa,1941,1871-01-04
I. Badiday,L. J. Magsanoc,2003,1944-08-06
H. Ehrlich,M. Ehrlich,1936,1879-01-31
H. Franklin,R. Franklin,1962,1889-05-27
H. Townsend,S. Townsend,1867,1823-11-22
H. G. Bolaños,R. G. Bolaños,1999,1930-06-28
H. Davenport,R. C. Geer,1912,1867-03-08
H. B. Chenery,P. Chenery,1994,1918-01-06
H. Ehrlich,M. Ehrlich,1895,1836-08-09
H. Mason,J. Gielgud,1960,1891-1-1
H. Brooks,D. Brooks,2003,1937-08-05
H. S. Chapman,M. Chapman,1881,1803-07-21
H. Pierrepoint,T. Pierrepoint,1922,1874-1-1
H. P. Jr.,P. family,1930,1839-09-27
H. Hobhouse,S. H. Hobhouse,2016,1924-12-24
H. Gratiot,C. Gratiot,1836,1789-04-25
H. Eckford,James Ellsworth De Kay,1832,1775-03-12
H. Farman,M. Farman,1958,1874-05-26
H. Casgrain,C. Casgrain,1904,1831-12-16
H. Gibson,M. Gibson,1938,1868-07-14
H. Bentwich,"Herbert Samuel, 1st Viscount Samuel",1972,1892-01-06
H. Rebac,M. Savić,1953,1894-0-0
H. C. Couch,P. C. Remmel,1941,1877-08-21
H. P. Whitney,P. Whitney,1930,1872-04-29
H. C. Jr.,P. Fix,2012,1921-05-16
H. R. Steacy,D. Denham,2012,1923-06-07
H. M. Fox,Vogue,1967,1889-09-28
H. Hecht,E. Buzzell,1985,1907-06-01
H. Alfond,J. Alfond,2007,1914-03-06
Hans Eleonardus Møller Sr.,Hans J. C. Aall,1860,1780-0-0
H. Dutton,F. Dutton,1849,1805-0-0
H. Roosevelt,R. family,1941,1891-06-28
H. Lyons,W. S. Wilkinson,1998,1923-07-22
H. S. Ngor,C. Sarun,1996,1940-03-22
G. Somerset,R. Alley,1988,1894-11-16
G. Nickalls,V. Nickalls,1935,1866-11-13
G. Gélinas,Mitsou,1999,1909-12-08
G. M. Vanderbilt,A. Cooper,1965,1904-08-23
G. Strange,R. Allen,1973,1899-08-16
G. M. Phipps,O. L. Mills,1970,1883-06-19
G. Qiriazi,S. Qiriazi,1912,1868-1-1
G. Qiriazi,S. Qiriazi,1894,1858-1-1
G. Pomodoro,A. Pomodoro,2002,1930-11-17
G. Nahmad,E. Safra,2012,1932-1-1
G. d. Botton,"Leonard Wolfson, Baron Wolfson",2000,1935-02-16
G. Mantell,W. Mantell,1852,1790-02-03
G. Adams,S. Adams,1834,1755-2-11
G. Pomodoro,A. Pomodoro,2002,1930-11-17
G. Helwys,T. Helwys,1615,1561-09-01
G. T. Widener,J. A. Dix,1970,1897-07-08
G. Ellenbogen,P. Whiteman,2003,1917-01-07
G. Philips,A. Philips,1942,1858-10-09
G. W. Baines,L. B. Johnson,1882,1809-12-29
G. W. Woodruff,R. W. Woodruff,1987,1895-08-25
G. V. Forman,A. Goodyear,1922,1841-12-03
G. R. Carpenter,M. S. Carpenter,1909,1863-10-25
G. N. Jr.,H. Ligarde,2015,1930-05-14
G. M. VI,G. Mason,1834,1786-08-11
G. M. V,G. Mason,1796,1753-04-30
G. M. III,G. Mason,1735,1690-0-0
G. Jackson,J. P. Jackson,1971,1941-09-23
G. H. Moore,J. Moore,1870,1810-03-01
G. Gibb,A. Gibb,1925,1850-04-30
G. E. Sr.,Massachusetts,1858,1796-10-20
G. Contant,J. Sontag,1930,1864-04-10
G. C. Yount,H. Yount,1865,1794-05-04
G. Bowman,J. Bowman,2,1699-2-10
G. Arbuthnot,R. Arbuthnot,1865,1802-11-20
"Gene S. Walker, Sr.",T. Tijerina,2015,1926-03-15
G. Aivazovsky,I. Aivazovsky,1879,1812-05-22
F. Wagner,R. Wagner,1991,1918-03-29
F. H. Jackson,M. E. Grant Duff,1921,1863-0-0
"Frederick Hervey, 4th Earl of Bristol",L. V. Hervey,1803,1730-08-01
F. A. Muhlenberg,M. family,1980,1887-09-25
F. Stone,M. Stone,1959,1873-08-19
F. Dior,C. Dior,1993,1932-04-07
F. D'Olier,C. Reeve,1953,1877-04-28
F. V. Jr.,F. X. Ransdell,2002,1921-02-12
F. Galbally,J. Galbally,2005,1922-10-13
F. Costigan,P. Costigan,2009,1931-01-14
F. W. Eppes,T. Jefferson,1881,1801-09-20
F. L. Petre,"William Petre, 11th Baron Petre",1925,1852-02-22
F. A. Shields,M. E. Moore,2003,1941-05-16
F. Rafferty,M. Rafferty,2004,1922-06-16
F. Dior,C. Dior,1993,1932-04-07
F. L. Follette,P. L. Follette,1970,1882-09-10
F. Meyer,K. Graham,1962,1911-01-22
E. d. Rothschild,Anthony Gustav de Rothschild,1917,1886-01-06
E. W. McLean,R. R. Reynolds,1947,1886-08-01
E. Taché,É. Taché,1912,1836-10-25
E. Gaudio,T. Gaudio,1920,1886-12-31
E. Miskolczy,O. Miskolczy,1947,1907-01-16
E. Taché,É. Taché,1912,1836-10-25
E. d. Pont,D. P. family,1965,1916-01-30
E. Brandi,K. Brandi,1937,1875-07-13
E. Pacaud,P. Pacaud,1904,1850-08-25
E. Botín,J. Botín,2014,1934-10-01
E. Stock,L. Stock,1951,1868-08-03
E. Locke,K. Locke,2001,1912-08-17
E. H. Smith,J. A. Hughes,1940,1893-08-07
E. A. Franklin,"Herbert Samuel, 1st Viscount Samuel",1964,1894-1-1
E. A. Franklin,"Herbert Samuel, 1st Viscount Samuel",1909,1822-10-05
E. Lilly,E. Lilly,1977,1885-04-01
E. Lilly,E. Lilly,1898,1838-07-08
E. T. Gerry,E. Gerry,1927,1837-12-25
E. v. Neindorff,E. v. Neindorff,2004,1923-11-01
E. Stinson,K. Stinson,1932,1893-07-11
E. J. Salisbury,F. O. Salisbury,1978,1886-04-16
E. J. Sanford,A. Chavannes,1902,1831-11-23
E. Bronfman,P. Bronfman,2005,1927-11-01
E. Broad,C. H. Broad,1913,1875-04-30
E. A. Knight,J. Austen,1852,1768-10-07
E. Safra,M. Safra,1999,1932-08-06
E. Langevin,H. Langevin,1889,1824-08-30
E. B. Beale,J. K. Onassis,2002,1917-11-07
E. Masterson,B. Masterson,1878,1852-09-22
D. Canoe,Attakullakulla,1792,1730-0-0
D. Goodfellow,W. Goodfellow,2014,1917-07-23
D. Benegas,J. M. Benegas,2016,1951-0-0
"D. "". Paskowitz",S. Darrin,2014,1921-03-03
D. Symington,"J. Fife Symington, Jr.",2013,1925-08-30
D. Keyhoe,A. N.C.,1988,1897-06-20
D. Devlin,L. Brenner,2000,1930-02-26
D. Bubani,G. Bubani,2006,1926-09-18
D. Mitford,N. Mitford,2003,1910-06-17
D. Mulvey,S. McKeever,1968,1898-6-0
D. Voelker,F. X. Ransdell,2013,1953-05-13
D. Frankfurter,Married and maiden names,1982,1909-07-09
D. A. Prior,T. Prior,2015,1955-10-05
D. Brozović,R. Matasović,2009,1927-07-28
C. McCormick,M. family,1884,1809-02-15
C. V. Whitney,F. P. Whitney,1992,1899-02-20
C. Vanderbilt,V. family,1877,1794-05-27
C. Roosevelt,R. family,1871,1794-01-30
C. d. Witt,J. d. Witt,1672,1623-06-15
C. Ypsilantis,A. Callimachi,1816,1760-1-1
C. Puyo,T. Corbière,1933,1857-11-12
C. Bain,B. Bain,2013,1923-02-04
C. Mackenzie,F. Compton,1972,1883-01-17
C. Dunn,G. Franklin,2012,1920-01-09
C. A. Jr.,T. Abbe,1934,1872-03-25
C. H. Lewis,J. H. Couch,1897,1826-12-22
C. Robinson,J. B. Robinson,1905,1828-01-21
C. Onassis,A. Onassis,1988,1950-12-11
C. Henderson,E. McCombs,1953,1861-08-15
C. Joseph,Ollokot,1904,1840-03-03
C. Yu-tung,A. Cheng,2016,1925-08-26
C. Yinke,C. Baozhen,1969,1890-07-03
C. Sanli,C. Yinke,1937,1853-10-23
C. Douglas,W. F. Douglas,1916,1840-07-01
C. Wyly,S. Wyly,2011,1933-10-13
C. W. Hursthouse,H. R. Richmond,1911,1841-06-26
C. M. McGhee,J. White,1907,1828-01-23
C. L. Remond,S. P. Remond,1873,1810-02-01
C. Lallemant,G. Lalemant,1674,1587-11-17
C. H. King,G. Ford,1930,1853-03-12
C. G. Tripp,H. Harper,1897,1826-07-01
