col0,col1,col2,col3
C. DeWitt,C. G. DeWitt,1787,1727-04-27
C. Cameron,G. S. Kingston,1827,1779-07-26
C. Franklin,R. Franklin,1961,1887-03-09
C. R. Putnam,S. P. Remond,1908,1826-0-0
C. Benn,M. W. Benn,2000,1926-10-13
C. Montalbán,R. Montalbán,1991,1903-06-05
C. Weiss,B. Pavy,1935,1906-12-06
C. Göring,M. v. Rosen,1931,1888-10-21
C. Claudel,P. Claudel,1943,1864-12-08
B. Giacometti,D. Giacometti,2012,1907-08-24
B. Norris,J. D. Norris,1986,1924-02-19
B. B. Osler,W. Osler,1901,1839-06-19
B. Beale,J. K. Onassis,1994,1922-02-13
B. Considine,T. Considine,1975,1906-11-04
B. McLaren,R. Lawson,2010,1923-10-16
B. Hinnant,S. Hinnant,1978,1935-08-28
B. Hewitt,F. Hewitt,1996,1928-12-08
Berthold Schenk Graf von Stauffenberg,C. v. Stauffenberg,1944,1905-03-15
B. Lamarre,J. Lamarre,2016,1931-08-06
B. Sen,B. Sengupta,2011,1932-05-26
B. B. IV,B. family,1878,1808-07-12
B. Bradlee,C. family,2014,1921-08-26
"Beatrice Forbes, Countess of Granard",O. L. Mills,1972,1883-07-19
B. Masterson,J. Masterson,1921,1853-11-26
"Basil Sanderson, 1st Baron Sanderson of Ayot",J. B. Ismay,1971,1894-06-19
B. Ellenbogen,G. Ellenbogen,1996,1917-12-22
B. Gu,B. Chao,9232,32-1-1
B. Yang,Y. Mo,1996,1920-03-04
B. M. Gafoor,B. M. Suhara,2003,1942-05-04
A. Shaheb,Caliph,1932,1828-0-0
A. Hobhouse,S. H. Hobhouse,1965,1886-02-15
A. Gamgee,D. Thompson,1909,1841-10-11
A. Barnett,M. Barnett,1959,1873-0-0
A. J. Toynbee,A. Toynbee,1975,1889-04-14
A. Onassis,A. O. Roussel,1975,1906-01-20
A. Jamieson,D. A. Jamieson,1959,1884-0-0
A. Grimké,F. J. Grimké,1930,1849-08-17
A. Cary,R. Randolph,1787,1721-01-24
A. Boyd,W. Boyd-Carpenter,1883,1803-1-1
A. Churchill,W. Churchill,2007,1949-10-30
A. Nantel,G. Nantel,1929,1839-09-17
A. Visconti,"Albert III, Duke of Bavaria",1405,1350-1-1
A. Philips,G. Philips,1951,1874-03-14
Anthony Gustav de Rothschild,Evelyn Achille de Rothschild,1961,1887-06-26
A. Allaire,J. Lamb,1903,1820-2-17
A. Kirkbride,J. Kirkbride,2015,1954-06-21
A. Hutchinson,F. D. Roosevelt,1643,1591-07-20
A. S. Rebac,M. Savić,1953,1892-10-04
A. Tennant,W. R. Mortlock,1913,1835-06-20
A. Quiambao,M. Quiambao,2013,1947-01-19
A. Lafargue,M. Lafargue,1963,1883-10-14
A. H. Howard,V. E. Howard,2006,1925-03-28
