col0,col1,col2,col3
A. Boone,D. Boone,1850,1796-11-07
A. M. Bowman,I. Bowman,1913,1847-01-11
A. McLean,J. McLean,1907,1822-05-24
Alice du Pont Mills,"Alexis Felix du Pont, Jr.",2002,1912-12-13
A. R. Longworth,R. family,1980,1884-02-12
A. Müller,L. Müller,1945,1888-1-1
A. M. Barbour,P. P. Barbour,1866,1829-04-17
A. Müller,L. Müller,1945,1888-1-1
A. H. Morris,D. H. Morris,1959,1864-03-03
A. Goodwill,J. Goodwill,1905,1830-11-07
A. Callimachi,S. Ghica,1821,1737-1-1
A. Onassis,C. Onassis,1973,1948-04-30
