col0,col1,col2,col3
A. M. Sturm,A. M. Jr.,1951,1923-06-23
A. C. Begg,R. C. Begg,1991,1912-02-28
A. Ehrmann,Married and maiden names,1965,1879-09-14
A. N. Wildenstein,G. Wildenstein,2008,1940-08-05
A. v. Graefe,Karl Ferdinand von Graefe,1933,1868-01-01
Albert C. Bostwick Jr.,L. B. Phipps,1980,1901-04-01
"Alan Sainsbury, Baron Sainsbury",R. Sainsbury,1998,1902-08-13
A. Bolton,G. W. Bolton,2014,1925-10-24
Akaitcho,F. Beaulieu,1838,1786-0-0
A. Bowman,J. Bowman,1837,1749-10-16
A. S. Duniway,H. W. Scott,1915,1834-10-22
A. A. Low,W. H. Low,1893,1811-02-07
A. Frashëri,A. S. Yen,1892,1839-06-01
A. Saunders,F. Coe,1883,1851-10-14
A. 4. Mayanja,Chameleone,2015,1990-06-19
