col0,col1,col2,col3,col4
É. Sylvain,Quebec,Saint-Romuald,1971-06-16,1971-06-16
Z. Dejia,Harbin,Harbin,1983-04-07,1983-04-07
Z. Yan,Harbin,Harbin,1982-9-30,1982-9-30
Z. Jialiang,Harbin,Heilongjiang,1988-01-12,1988-01-12
Z. Bikše,Latvia,Jelgava,1970-10-01,1970-10-01
Y. Funayama,Hokkaido,Japan,1978-04-05,1978-04-05
Y. Qingshuang,Harbin,Harbin,1985-10-07,1985-10-07
X. Xiaoming,Harbin,Harbin,1984-9-14,1984-9-14
W. Lyburn,Scotland,Winnipeg,1975-05-08,1975-05-08
W. Miller,New Brunswick,Northwest Territories,1981-03-03,1981-03-03
W. Middaugh,"Brampton, Ontario","Etobicoke, Ontario",1967-09-20,1967-09-20
W. Fengchun,Harbin,Harbin,1982-02-02,1982-02-02
W. Bingyu,Harbin,Harbin,1984-10-07,1984-10-07
V. Kjäll,Sweden,Sweden,1985-06-13,1985-06-13
V. Adams,Edinburgh,Scotland,1989-11-16,1989-11-16
V. Sweeting,Saskatchewan,"Edmonton, Alberta",1987-07-09,1987-07-09
U. Min-ji,Korea,Korea,1991-02-01,1991-02-01
U. Schmidt,Copenhagen,Hvidovre,1962-08-19,1962-08-19
T. Griffith,Alberta,"Kelowna, British Columbia",1985-12-22,1985-12-22
T. Hogan,Australia,Australia,1998-07-11,1998-07-11
T. George,Minnesota,Duluth Curling Club,1982-10-06,1982-10-06
T. MacGregor,Prince Edward Island,"Charlottetown, Prince Edward Island",1970-09-25,1970-09-25
T. Andrews,Minnesota,Bemidji Curling Club,1990-05-21,1990-05-21
T. Fleury,Ontario,Greater Sudbury,1986-06-13,1986-06-13
T. Nergård,Norway,Oslo,1974-12-12,1974-12-12
T. Brewster,Scotland,Aberdeen,1974-04-10,1974-04-10
T. Birr,"Mankato, Minnesota","Blaine, Minnesota",1968-04-20,1968-04-20
T. Steuber,Alberta,Edmonton,1977-07-17,1977-07-17
T. Ulsrud,Norway,Norway,1971-10-21,1971-10-21
T. Sallows,Alberta,"Grande Prairie, Alberta",1984-03-03,1984-03-03
T. Løvold,Oslo,Norway,1981-01-27,1981-01-27
T. Dufour,Chamonix,Chamonix,1973-2-12,1973-2-12
T. Meek,Saskatchewan,Calgary,1962-11-03,1962-11-03
T. Udle,"Amherst, Nova Scotia","Halifax, Nova Scotia",1981-04-11,1981-04-11
T. Appelman,Alberta,Alberta,1980-08-27,1980-08-27
T. Peterson,"Burnsville, Minnesota","St. Paul, Minnesota",1991-05-28,1991-05-28
T. Peterson,"Burnsville, Minnesota","St. Paul, Minnesota",1989-03-06,1989-03-06
S. Michel,Brienz,Switzerland,1988-03-30,1988-03-30
S. Birt,"Summerside, Prince Edward Island",Charlottetown,1981-10-02,1981-10-02
S. O'Connor,Alberta,Calgary,1977-05-03,1977-05-03
S. McInnis,"Charlottetown, Prince Edward Island",Charlottetown,1963-06-18,1963-06-18
S. Laycock,Saskatchewan,"Saskatoon, Saskatchewan",1982-10-29,1982-10-29
S. Bice,Ontario,"Sarnia, Ontario",1981-10-05,1981-10-05
S. Schmidt,Saskatoon,"Regina, Saskatchewan",1989-11-01,1989-11-01
S. Hanna,Canada,Ottawa,1982-07-31,1982-07-31
S. Heiß,Germany,Garmisch-Partenkirchen,1993-01-15,1993-01-15
S. Lawton,"Prince Albert, Saskatchewan",Nutana Curling Club,1980-06-20,1980-06-20
S. Clark,Prince Edward Island,Prince Edward Island,1980-11-10,1980-11-10
S. Curtis,"St. John's, Newfoundland and Labrador","St. John's, Newfoundland and Labrador",1986-05-27,1986-05-27
S. Tirinzoni,Switzerland,Aarau,1979-06-25,1979-06-25
S. Barbour,Calgary,Yellowknife,1979-07-04,1979-07-04
S. Mi-sung,Korea,Gyeonggi-do,1978-04-15,1978-04-15
S. Middaugh,"Rosetown, Saskatchewan","Coldwater, Ontario",1966-10-11,1966-10-11
S. Singler,Saskatchewan,"Saskatoon, Saskatchewan",1974-02-19,1974-02-19
S. Bradley,New Brunswick,Charlottetown,1970-11-17,1970-11-17
S. Hardy,Newfoundland and Labrador,"St. John's, Newfoundland and Labrador",1982-05-19,1982-05-19
S. Rojeski,"Virginia, Minnesota","Hibbing, Minnesota",1972-01-21,1972-01-21
S. Adams,"Bridgewater, Nova Scotia","Halifax, Nova Scotia",1974-04-04,1974-04-04
S. Cormier,"Regina, Saskatchewan","Yellowknife, Northwest Territories",1964-07-08,1964-07-08
S. Kleibrink,Saskatchewan,"Coaldale, Alberta",1968-10-07,1968-10-07
S. Kraupp,Stockholm,Sweden,1985-05-20,1985-05-20
S. Beighton,Washington,"Blaine, Minnesota",1988-11-22,1988-11-22
S. Becker,New Zealand,New Zealand,1975-07-07,1975-07-07
S. Pfeifer,"St. Albert, Alberta",Edmonton,1977-01-05,1977-01-05
S. Jones,Moncton,"Moncton, New Brunswick",1971-11-4,1971-11-4
S. Howard,Ontario,"Etobicoke, Ontario",1990-07-11,1990-07-11
S. Bitz,Saskatchewan,"Regina, Saskatchewan",1973-10-29,1973-10-29
S. Bailey,Ontario,"Ingersoll, Ontario",1970-03-12,1970-03-12
S. Andrews,"Irvine, North Ayrshire",Aberdeen,1989-06-14,1989-06-14
S. Fujisawa,Hokkaido,Japan,1991-05-24,1991-05-24
S. Reid,"Paisley, Renfrewshire",Scotland,1985-11-28,1985-11-28
S. Pyke,Manitoba,Kelowna,1987-01-13,1987-01-13
S. Fullerton,Prince Edward Island,Charlottetown,1991-03-08,1991-03-08
S. Preston,Alberta,Calgary,1984-12-15,1984-12-15
R. Kuhn,"Vernon, British Columbia","Vernon, British Columbia",1982-12-26,1982-12-26
R. Harnden,Ontario,"Sault Ste. Marie, Ontario",1986-06-28,1986-06-28
R. Fry,Manitoba,"Sault Ste. Marie, Ontario",1978-07-25,1978-07-25
R. Brunt,"Portage, Wisconsin","St. Paul, Minnesota",1985-11-18,1985-11-18
R. MacPhee,Prince Edward Island,Charlottetown,1983-08-11,1983-08-11
R. Materi,"Regina, Saskatchewan","Regina, Saskatchewan",1975-04-06,1975-04-06
R. Rumfeldt,"Windsor, Ontario","Collingwood, Ontario",1966-02-18,1966-02-18
R. Hürlimann,Solothurn,St. Moritz,1967-08-18,1967-08-18
R. H. Pickering,"Wilcox, Saskatchewan","Avonlea, Saskatchewan",1932-09-19,1932-09-19
R. Hürlimann,Solothurn,St. Moritz,1967-08-18,1967-08-18
R. Campbell,Prince Edward Island,"Charlottetown, Prince Edward Island",1966-06-24,1966-06-24
R. Doherty,Prince Edward Island,Charlottetown,1988-08-06,1988-08-06
R. Lobel,Quebec,"Thornhill, Ontario",1966-06-02,1966-06-02
R. Fowler,"Brandon, Manitoba",Charleswood Curling Club,1975-06-25,1975-06-25
R. Sawatsky,Ontario,Kelowna Curling Club,1976-02-26,1976-02-26
R. Folk,Saskatchewan,"Kelowna, British Columbia",1950-03-05,1950-03-05
R. Hart,Ontario,"Toronto, ON",1968-10-14,1968-10-14
R. Daneault,Manitoba,Winnipeg,1976-12-24,1976-12-24
R. Varnes,Manitoba,Ottawa,1984-04-14,1984-04-14
R. Sonnenberg,Alberta,Edmonton,1971-3-22,1971-3-22
R. Carruthers,Manitoba,"West St. Paul, Manitoba",1984-12-30,1984-12-30
R. J. MacDonald,"Charlottetown, Prince Edward Island","Charlottetown, Prince Edward Island",1974-03-25,1974-03-25
R. Stjerne,Denmark,Denmark,1988-05-26,1988-05-26
R. Stöckli,Switzerland,Basel,1976-7-23,1976-7-23
R. Brown,"Smithers, British Columbia",Saville Sports Centre,1986-07-06,1986-07-06
R. Homan,Ontario,Ottawa,1989-04-05,1989-04-05
P. Charette,"Masson, Quebec","Thurso, Quebec",1955-06-23,1955-06-23
P. Ménard,"Amos, Quebec","Saint-Bruno, Quebec",1986-08-15,1986-08-15
P. d. Cruz,England,Geneva,1990-01-04,1990-01-04
P. d. Boer,Dunfermline,Auckland,1971-08-26,1971-08-26
P. Gallant,Prince Edward Island,"Charlottetown, Prince Edward Island",1958-12-20,1958-12-20
P. Corner,"Brampton, Ontario",St. George's Golf & Country Club,1968-05-20,1968-05-20
P. Fenson,Minnesota,Bemidji Curling Club,1968-02-29,1968-02-29
P. Pustovar,Minnesota,Minnesota,1951-12-17,1951-12-17
P. Flemming,Halifax Regional Municipality,Mayflower Curling Club,1968-10-08,1968-10-08
P. Lank,"Midale, Saskatchewan","Niagara Falls, Ontario",1964-07-04,1964-07-04
P. McCallum,Alberta,Charleswood Curling Club,1969-09-06,1969-09-06
P. Ferris,"North York, Ontario","Grimsby, Ontario",1975-10-28,1975-10-28
O. Eriksson,Sweden,Karlstad,1991-05-29,1991-05-29
O. Dupont,Denmark,Hvidovre,1990-01-06,1990-01-06
N. Thiessen,"Pilot Mound, Manitoba",Calgary,1980-11-06,1980-11-06
N. Ezekh,Moscow,Moscow,1983-10-17,1983-10-17
N. Roth,Wisconsin,"Blaine, Minnesota",1988-07-21,1988-07-21
N. Edin,Örnsköldsvik,Karlstad,1985-07-06,1985-07-06
N. Joraanstad,Seattle,Madison Curling Club,1980-11-10,1980-11-10
N. Nicholson,Seattle,Bemidji Curling Club,1976-03-10,1976-03-10
N. McConnery,Canada,"Halifax, Nova Scotia",1963-02-26,1963-02-26
N. Delahunt,Canada,Halifax Regional Municipality,1959-01-05,1959-01-05
N. Lehmann,Worb,"Baden, Switzerland",1990-08-09,1990-08-09
M. Thomas,Australia,Australia,1998-05-04,1998-05-04
M. Poulsen,Denmark,Hvidovre,1984-10-17,1984-10-17
M. McEwen,"Brandon, Manitoba",Winnipeg,1980-07-30,1980-07-30
M. Harris,Ontario,Toronto,1967-06-09,1967-06-09
M. Englot,"Montmartre, Saskatchewan","Regina, Saskatchewan",1964-01-22,1964-01-22
M. Goodfellow,Stirling,Kilsyth Curling Club,1988-10-08,1988-10-08
M. d. Neergaard,Copenhagen,Hvidovre,1991-11-06,1991-11-06
M. Cormier,Northwest Territories,Northwest Territories,1989-07-18,1989-07-18
M. Blandford,Newfoundland and Labrador,Lethbridge,1985-04-16,1985-04-16
M. Wozniak,Manitoba,Winnipeg,1983-01-06,1983-01-06
M. Hamilton,"Madison, Wisconsin","Madison, Wisconsin",1989-02-19,1989-02-19
M. Camm,Ottawa,"Cornwall, Ontario",1990-03-29,1990-03-29
M. Arsenault,Ontario,"Dartmouth, Nova Scotia",1968-08-19,1968-08-19
M. Ferland,Quebec,"Cap-de-la-Madeleine, Quebec",1970-11-08,1970-11-08
M. Crête,Quebec,"Saint-Romuald, Quebec",1985-03-12,1985-03-12
M. Kasner,"Prince Albert, Saskatchewan","Saskatoon, Saskatchewan",1982-01-08,1982-01-08
M. Høiberg,Norway,Oppdal,1991-06-06,1991-06-06
M. Uusipaavalniemi,Finland,Helsinki,1966-11-23,1966-11-23
M. O'Rourke,Prince Edward Island,"Charlottetown, Prince Edward Island",1962-07-07,1962-07-07
M. Nichols,Newfoundland and Labrador,"St. John's, Newfoundland and Labrador",1980-01-01,1980-01-01
M. Dacey,Saskatchewan,"Halifax, Nova Scotia",1966-06-22,1966-06-22
M. Bice,Ontario,"Sarnia, Ontario",1984-10-10,1984-10-10
M. Bodogh,Ontario,"St. Catharines, Ontario",1955-03-09,1955-03-09
M. Larouche,Quebec,"Saint-Romuald, Quebec",1980-06-05,1980-06-05
M. Rørvik,Bærum,Norway,1983-08-02,1983-08-02
M. Wennerström,Skellefteå,Skellefteå,1985-04-10,1985-04-10
M. Prytz,Sveg,Skellefteå,1976-10-18,1976-10-18
M. Poulsen,Hvidovre,Denmark,1984-10-29,1984-10-29
M. Motohashi,Hokkaido,Kitami,1986-06-10,1986-06-10
M. Smith,Manitoba,"St. Paul, Minnesota",1960-03-20,1960-03-20
M. Fomina,Russian SFSR,Moscow,1988-08-19,1988-08-19
M. Sigfridsson,Sweden,Skellefteå,1976-01-28,1976-01-28
M. Ramstein,Basel,St. Moritz,1978-11-22,1978-11-22
M. Berthelot,"Murdochville, Quebec","Cap-de-la-Madeleine, Quebec",1972-12-11,1972-12-11
M. Pfister,Sumiswald,Bern,1989-09-26,1989-09-26
M. Kennedy,"St. Albert, Alberta","Edmonton, Alberta",1982-02-05,1982-02-05
L. Olson-Johns,Canada,Saville Sports Centre,1976-11-24,1976-11-24
L. Fyfe,Manitoba,East St. Paul,1987-10-03,1987-10-03
L. Privivkova,Moscow,Moscow,1986-09-13,1986-09-13
L. Yin,Harbin,Harbin,1981-08-19,1981-08-19
L. Rui,Harbin,Harbin,1982-3-13,1982-3-13
L. Jinli,Harbin,Harbin,1989-03-16,1989-03-16
L. Weagle,Ontario,Ottawa,1985-03-24,1985-03-24
L. Eyamie,Manitoba,"Coaldale, Alberta",1977-04-10,1977-04-10
L. Warkentin,Manitoba,"Winnipeg, Manitoba",1982-11-08,1982-11-08
L. MacDougall,"Lachine, Quebec","Charlottetown, Prince Edward Island",1970-04-29,1970-04-29
L. Nielsen,Denmark,Hvidovre,1986-08-31,1986-08-31
L. Strong,"St. John's, Newfoundland and Labrador","Kronau, Saskatchewan",1979-10-31,1979-10-31
L. Hallisey,"Medfield, Massachusetts","Paoli, Pennsylvania",1986-12-31,1986-12-31
L. Vågberg,Sollefteå,Oslo,1967-6-30,1967-6-30
L. Vilandt,Denmark,Denmark,1974-08-22,1974-08-22
L. Vågberg,Sollefteå,Oslo,1967-6-30,1967-6-30
L. Vey,"Saskatoon, Saskatchewan","Regina, Saskatchewan",1984-04-06,1984-04-06
K. Karwacki,Manitoba,Winnipeg,1991-04-30,1991-04-30
K. McDonald,Manitoba,Granite Curling Club,1979-05-20,1979-05-20
K. T. Løvseth,Lillehammer,Oslo,1973-4-6,1973-4-6
K. Moore,Grande Prairie,"Regina, Saskatchewan",1979-04-22,1979-04-22
K. Lindström,Sweden,Karlstad,1989-11-04,1989-11-04
K. McCarville,Ontario,Thunder Bay,1982-11-10,1982-11-10
K. Ishizaki,"Obihiro, Hokkaido","Aomori, Aomori",1979-01-04,1979-01-04
K. Wall,"Milton, Ontario","Milton, Ontario",1975-11-27,1975-11-27
K. Muyres,"St. Gregor, Saskatchewan","Saskatoon, Saskatchewan",1990-06-29,1990-06-29
K. Schneider,Saskatchewan,"Kronau, Saskatchewan",1984-08-21,1984-08-21
K. Kelly,"Halifax, Nova Scotia",Halifax Regional Municipality,1962-04-04,1962-04-04
