col0,col1,col2,col3,col4,col5,col6
Étienne de La Boétie,Sarlat-la-Canéda,Bordeaux,1530-11-01,1563,1530-11-01,1563-08-18
É. Souriau,Lille,Paris,1892-04-26,1979,1892-04-26,1979-11-19
É. Gilson,Paris,Auxerre,1884-06-13,1978,1884-06-13,1978-09-19
Étienne Bonnot de Condillac,Grenoble,Beaugency,1714-09-30,1780,1714-09-30,1780-08-03
É. Meyerson,Lublin,France,1859-02-12,1933,1859-02-12,1933-11-2
É. Chartier,Orne,Le Vésinet,1868-03-03,1951,1868-03-03,1951-06-02
É. Boutroux,Montrouge,Paris,1845-07-28,1921,1845-07-28,1921-11-22
É. Halévy,Étretat,Sucy-en-Brie,1870-09-06,1937,1870-09-06,1937-08-21
Z. o. Sidon,Sidon,Athens,-150-0-0,-75,-150-0-0,-75-0-0
Z. o. Elea,Velia,"Syracuse, Sicily",-490-0-0,-430,-490-0-0,-425-0-0
Z. o. Citium,Cyprus,Athens,-333-1-1,-262,-333-1-1,-263-1-1
Z. Vendler,Hungary,Hungary,1921-1-1,2004,1921-1-1,2004-01-13
Z. Chafee,"Providence, Rhode Island","Boston, Massachusetts",1885-12-07,1957,1885-12-07,1957-02-08
Z. al-Arsuzi,İskenderun,Damascus,1900-6-1,1968,1900-6-1,1968-07-02
Y. M. André,Châteaulin,Caen,1675-05-22,1764,1675-05-22,1764-02-26
Yusuf ibn Abd al-Rahman al-Mizzi,Aleppo,Damascus,1256-1-1,743,1256-1-1,1341-1-1
Y. N. Öztürk,Sürmene,Constantinople,1945-6-22,2016,1945-6-22,2016-06-22
Y. Ansai,Kyoto,Kyoto,1619-01-24,1682,1619-01-24,1682-09-16
Y. i. Ma'in,Baghdad,Medina,775-1-1,233,775-1-1,848-1-1
Y. N. Öztürk,Bayburt,Constantinople,1945-6-22,2016,1945-6-22,2016-06-22
X. Fuguan,Qing dynasty,Taipei,1904-01-31,1982,1904-01-31,1982-04-01
Xenocrates,Chalcedon,Athens,-396-1-1,314,-396-1-1,-314-1-1
X. Zubiri,San Sebastián,Madrid,1898-12-04,1983,1898-12-04,1983-09-21
W. Stegmüller,First Republic of Austria,Germany,1923-06-03,1991,1923-06-03,1991-06-11
W. H. Sheldon,"Newton, Massachusetts",Rutland,1875-4-4,1981,1875-4-4,1980-2-26
W. o. Ockham,England,Bavaria,1288-1-1,1347,1288-1-1,1347-1-1
W. Wollaston,Staffordshire,London,1659-03-26,1724,1659-03-26,1724-10-29
W. Thompson,Kingdom of Ireland,Rosscarbery,1775-06-30,1833,1775-06-30,1833-03-28
W. Stringfellow,United States,Rhode Island,1928-04-28,1985,1928-04-28,1985-03-02
W. Petty,Romsey,London,1623-05-26,1687,1623-05-26,1687-12-16
W. L. Rowe,United States,"Lafayette, Indiana",1931-07-26,2015,1931-07-26,2015-08-22
W. James,New York City,"Tamworth, New Hampshire",1842-01-11,1910,1842-01-11,1910-08-26
W. H. Chamberlin,Salt Lake City,"Logan, Utah",1870-02-12,1921,1870-02-12,1921-05-09
W. H. Poteat,Kaifeng,"Durham, North Carolina",1919-04-19,2000,1919-04-19,2000-05-17
W. Frankena,Montana,Michigan,1908-06-21,1994,1908-06-21,1994-10-22
W. B. Riley,"Greene County, Indiana",Minnesota,1861-03-22,1947,1861-03-22,1947-12-05
W. Alston,"Shreveport, Louisiana","Jamesville, New York",1921-11-29,2009,1921-11-29,2009-09-13
W. A. Earle,"Saginaw, Michigan",Illinois,1919-1-1,1988,1919-1-1,1988-10-16
Willard Van Orman Quine,Ohio,Boston,1908-06-25,2000,1908-06-25,2000-12-25
W. v. Humboldt,Potsdam,Berlin,1767-06-22,1835,1767-06-22,1835-04-08
W. Windelband,Kingdom of Prussia,Grand Duchy of Baden,1848-05-11,2011,1848-05-11,1915-10-22
W. Dilthey,German Confederation,Seis am Schlern,1833-11-19,1911,1833-11-19,1911-10-01
W. Sellars,"Ann Arbor, Michigan",Pittsburgh,1912-05-20,1989,1912-05-20,1989-07-02
W. T. Smith,Kent,"Malibu, California",1885-06-09,1957,1885-06-09,1957-04-27
W. Kaufmann,Freiburg im Breisgau,"Princeton, New Jersey",1921-07-01,1980,1921-07-01,1980-09-04
W. Benjamin,Berlin,Catalonia,1892-07-15,1940,1892-07-15,1940-09-26
W. i. Munabbih,"Dhamar, Yemen",Sana'a,655-0-0,725,655-0-0,738-1-1
W. D. Ross,Scotland,Oxford,1877-04-15,1971,1877-04-15,1971-05-05
V. Solovyov,Moscow,Moscow Governorate,1853-01-28,1900,1853-01-28,1900-08-13
V. Jankélévitch,Bourges,Paris,1903-08-31,1985,1903-08-31,1985-06-06
V. Benussi,Austria-Hungary,Kingdom of Italy,1878-01-17,1927,1878-01-17,1927-11-24
V. L. Welby,London,"Harrow, London",1837-04-27,1912,1837-04-27,1912-03-29
V. P. Considerant,Salins-les-Bains,Paris,1808-10-12,1893,1808-10-12,1893-12-27
V. Cousin,Paris,Cannes,1792-11-28,1867,1792-11-28,1867-1-13
V. Rozanov,Russian Empire,Union of Soviet Socialist Republics,1856-5-2,1919,1856-5-2,1919-02-05
V. Pogor,Moldavia,Iași,1833-08-20,1906,1833-08-20,1906-03-20
U. Maharaj,"Satana, India",India,1870-05-15,1941,1870-05-15,1941-12-24
U. Eco,Alessandria,Milan,1932-01-05,2016,1932-01-05,2016-02-19
T. Brăileanu,Austria-Hungary,Kingdom of Romania,1882-09-14,1947,1882-09-14,1947-10-03
T. Palamidessi,Pisa,Italy,1915-02-16,1983,1915-02-16,1983-04-29
T. Sprigge,London,Lewes,1932-01-14,2007,1932-01-14,2007-07-11
Théodore Eugène César Ruyssen,Chinon,France,1868-08-11,1967,1868-08-11,1967-05-05
T. T. Shields,Bristol,Canada,1873-11-01,1955,1873-11-01,1955-04-04
T. Reid,"Strachan, Aberdeenshire",Glasgow,1710-04-26,1796,1710-04-26,1796-10-07
T. Paine,Norfolk,Greenwich Village,1737-02-09,1809,1737-02-09,1809-06-08
T. Kuhn,Cincinnati,"Cambridge, Massachusetts",1922-07-18,1996,1922-07-18,1996-06-17
T. Hobbes,"Westport, Wiltshire",Derbyshire,1588-04-05,1679,1588-04-05,1679-12-04
T. H. Green,West Yorkshire,Oxford,1836-04-07,1882,1836-04-07,1882-03-26
T. Flanginis,Corfu,Venice,1578-1-1,1648,1578-1-1,1648-1-1
Theophrastus,Eresos,Athens,-371-0-0,-287,-371-0-0,-287-0-0
T. Kairis,Andros,Syros,1784-10-19,1853,1784-10-19,1853-01-13
T. Farmakidis,Ottoman Empire,Athens,1784-01-15,1860,1784-01-15,1860-04-26
T. o. Alexandria,Alexandria,Egypt,210,270,210,270-1-1
T. W. Adorno,Frankfurt,Valais,1903-09-11,1969,1903-09-11,1969-08-06
T. Lipps,Wallhalben,Munich,1851-07-28,1914,1851-07-28,1914-10-17
Théodore Eugène César Ruyssen,Clisson,Grenoble,1868-08-11,1967,1868-08-11,1967-05-05
T. Malaka,Indonesia,Dutch East Indies,1897-06-02,1949,1897-06-02,1949-02-21
T. Horowitz,"Brooklyn, New York","Shadyside, Pittsburgh",1950-11-07,2000,1950-11-07,2000-01-30
T. M. Badruddin,British India,India,1861-01-27,1925,1861-01-27,1925-08-17
Tahir Allauddin Al-Qadri Al-Gillani,Baghdad,Germany,1932-06-18,1991,1932-06-18,1991-06-07
T. Hussein,Maghagha,Cairo,1889-11-14,1973,1889-11-14,1973-10-28
T. Kotarbiński,Congress Poland,People's Republic of Poland,1886-03-31,1981,1886-03-31,1981-10-03
S. Kierkegaard,Copenhagen,Copenhagen,1813-05-05,1855,1813-05-05,1855-11-11
Syed Zahoor Shah Hashmi,British Raj,British India,1926-04-21,1978,1926-04-21,1978-03-04
Syed Shujaat Ali Qadri,Uttar Pradesh,Indonesia,1941-1-1,1993,1941-1-1,1993-01-27
S. M. Khundmiri,India,India,1938-02-14,2011,1938-02-14,2011-01-16
S. A. Ali,British Raj,England,1849-1-1,1928,1849-1-1,1928-1-1
S. A. Khan,Delhi,Aligarh,1817-10-17,1898,1817-10-17,1898-03-27
S. Marković,Principality of Serbia,Austria-Hungary,1846-09-21,1875,1846-09-21,1875-02-26
S. Briet,France,Paris,1894-02-01,1989,1894-02-01,1989-2-13
S. Langer,Manhattan,"Old Lyme, Connecticut",1895-12-20,1985,1895-12-20,1985-07-17
S. Strange,Dorset,Aylesbury,1923-06-09,1998,1923-06-09,1998-10-25
S. al-Thawri,Kufa,Basra,716-1-1,161,716-1-1,778-1-1
S. Hampshire,"Healing, Lincolnshire",Oxford,1914-10-01,2004,1914-10-01,2004-06-13
S. o. Lampsacus,Lampsacus,Athens,-335-1-1,-269,-335-1-1,-269-1-1
S. Toulmin,London,Los Angeles,1922-03-25,2009,1922-03-25,2009-12-04
S. Rosen,"Cleveland, Ohio","Philadelphia, Pennsylvania",1929-07-29,2014,1929-07-29,2014-05-04
S. Cohen,South Africa,London,1942-02-23,2013,1942-02-23,2013-01-07
Speusippus,Athens,Athens,-408-1-1,339,-408-1-1,-339-0-0
S. i. Gabirol,Caliphate of Cordoba,Taifa of Valencia,1021-1-1,1050,1021-1-1,1058-1-1
Socrates,Classical Athens,Classical Athens,-469-0-0,-399,-469-0-0,-398-0-0
S. Kraal,Jammu and Kashmir,Pulwama,1782,1854,1782,1854-11-29
"Sir William Hamilton, 9th Baronet",Glasgow,Edinburgh,1788-03-08,1856,1788-03-08,1856-05-06
S. d. Beauvoir,6th arrondissement of Paris,Paris,1908-01-09,1986,1908-01-09,1986-04-14
S. Weil,Paris,Kent,1909-02-03,1943,1909-02-03,1943-08-24
S. Hook,New York City,"Stanford, California",1902-12-20,1989,1902-12-20,1989-07-12
Sibawayh,"Ardakan, Fars",Shiraz,760-1-1,796,760-1-1,797-1-1
S. Kuki,Tokyo,Kyoto,1888-02-15,1941,1888-02-15,1941-05-06
S. Chaeho,Chungcheong,Empire of Japan,1880-11-07,1936,1880-11-07,1936-02-21
S. Gerashi,Qajar dynasty,Qajar dynasty,1879-12-03,1920,1879-12-03,1920-04-03
S. Wolin,Chicago,"Salem, Oregon",1922-08-04,2015,1922-08-04,2015-10-21
S. A. Aziz,Delhi,Delhi,1746-0-0,1824,1746-0-0,1824-0-0
S. Kuki,Tokyo,Kyoto,1888-02-15,1941,1888-02-15,1941-05-06
S. Starostin,Moscow,Moscow,1953-03-24,2005,1953-03-24,2005-09-30
S. Bulgakov,Oryol Governorate,France,1871-07-28,1944,1871-07-28,1944-07-12
S. t. Younger,"Córdoba, Spain",Rome,-4-1-1,65,-4-1-1,65-1-1
S. Shaumyan,Russian Empire,United States,1916-02-27,2007,1916-02-27,2007-01-21
Sayed Muhammad Amimul Ehasan Barkati,Bihar,Bangladesh,1911-01-24,1974,1911-01-24,1974-10-27
S. Kofman,Paris,Paris,1934-09-14,1994,1934-09-14,1994-10-15
S. M. Thompson,"Mays, Indiana","Monmouth, Illinois",1902-03-10,1983,1902-03-10,1983-06-20
Samuel Edward Konkin III,Saskatchewan,Los Angeles,1947-07-08,2004,1947-07-08,2004-02-23
S. Bailey,Dunstable,Sheffield,1791-07-05,1870,1791-07-05,1870-01-18
S. Alexander,Sydney,Lancashire,1859-01-06,1938,1859-01-06,1938-9-13
S. Maimon,Grand Duchy of Lithuania,Habsburg Monarchy,1754-1-1,1800,1754-1-1,1800-11-22
S. Shirazi,Shiraz,Shiraz,1181-0-0,1291,1181-0-0,1291-1-1
S. i. Jubayr,Kufa,Kufa,665-1-1,95,665-1-1,714-1-1
S. V. Mir Ahmed Ali,Chennai,Chennai,1902-07-15,1976,1902-07-15,1976-09-17
S. Kierkegaard,Copenhagen,Copenhagen,1813-05-05,1855,1813-05-05,1855-11-11
R. B. Marcus,The Bronx,"New Haven, Connecticut",1921-08-02,2012,1921-08-02,2012-02-19
R. Kirk,"Plymouth, Michigan","Mecosta, Michigan",1918-10-19,1994,1918-10-19,1994-04-29
R. v. Jhering,Kingdom of Hanover,Göttingen,1818-08-22,1892,1818-08-22,1892-09-17
R. Sutermeister,Switzerland,Switzerland,1802-05-04,1868,1802-05-04,1868-05-09
R. Steiner,Donji Kraljevec,Dornach,1861-2-25,1925,1861-2-25,1925-03-30
R. Eisler,Vienna,Vienna,1873-01-07,1926,1873-01-07,1926-12-13
R. C. Eucken,Kingdom of Hanover,Thuringia,1846-01-05,1926,1846-01-05,1926-09-15
R. Carnap,Düsseldorf,"Santa Monica, California",1891-05-18,1970,1891-05-18,1970-09-14
R. Dworkin,"Providence, Rhode Island",England,1931-12-11,2013,1931-12-11,2013-02-14
R. Jakobson,Moscow,Boston,1896-10-11,1982,1896-10-11,1982-07-18
R. Ingarden,Kraków,Kraków,1893-02-05,1970,1893-02-05,1970-06-04
R. Barthes,France,France,1915-11-12,1980,1915-11-12,1980-03-26
R. Gibson,United States,United States,1944-02-21,2015,1944-02-21,2015-09-30
R. Garaudy,Marseille,France,1913-07-17,2012,1913-07-17,2012-06-13
R. Chisholm,"North Attleboro, Massachusetts","Providence, Rhode Island",1916-11-27,1999,1916-11-27,1999-01-19
R. Nozick,Brooklyn,"Cambridge, Massachusetts",1938-11-16,2002,1938-11-16,2002-01-23
R. M. MacIver,Scotland,New York City,1882-04-17,1970,1882-04-17,1970-06-15
R. C. Solomon,United States,Switzerland,1942-09-14,2007,1942-09-14,2007-01-02
R. A. Wilson,Brooklyn,"Capitola, California",1932-01-18,2007,1932-01-18,2007-01-11
R. Feraios,Ottoman Empire,Belgrade,1757-1-1,1798,1757-1-1,1798-06-24
R. T. Alexander,"Smicksburg, Pennsylvania","Waynesville, North Carolina",1887-07-03,1971,1887-07-03,1971-10-16
R. Rorty,New York City,"Palo Alto, California",1931-10-04,2007,1931-10-04,2007-06-08
R. Popkin,Manhattan,California,1923-12-27,2005,1923-12-27,2005-04-14
R. McKeon,"Union Hill, New Jersey",Chicago,1900-04-26,1985,1900-04-26,1985-03-31
R. Cantillon,County Kerry,England,1680-1-1,1734,1680-1-1,1734-5-14
R. Avenarius,Paris,Zurich,1843-11-19,1896,1843-11-19,1896-08-18
R. Aaron,Glamorgan,Wales,1901-11-06,1987,1901-11-06,1987-03-29
R. Guénon,Blois,Cairo,1886-11-15,1951,1886-11-15,1951-01-07
R. Descartes,Kingdom of France,Stockholm,1596-03-31,1650,1596-03-31,1650-02-11
R. Novatore,Kingdom of Italy,Genoa,1890-05-12,2012,1890-05-12,1922-11-29
R. Guénon,Blois,Cairo,1886-11-15,1951,1886-11-15,1951-01-07
R. Descartes,"Descartes, Indre-et-Loire",Stockholm,1596-03-31,1650,1596-03-31,1650-02-11
R. Williams,Wales,Saffron Walden,1921-08-31,1988,1921-08-31,1988-01-26
R. Aron,Paris,Paris,1905-03-14,1983,1905-03-14,1983-10-17
R. Dunayevskaya,Russian Empire,Chicago,1910-05-01,1987,1910-05-01,1987-06-09
R. Turabi,"Hyderabad, India",Karachi,1908-07-09,1973,1908-07-09,1973-12-18
R. d. Maeztu,Restoration,Madrid,1874-5-4,1936,1874-5-4,1936-10-29
R. W. Emerson,Boston,"Concord, Massachusetts",1803-05-25,1882,1803-05-25,1882-04-27
R. M. Hare,Somerset,Oxfordshire,1919-03-21,2002,1919-03-21,2002-01-29
R. G. Collingwood,Lancashire,Lancashire,1889-02-22,1943,1889-02-22,1943-01-09
Q. B. Auliya,Uttar Pradesh,Karachi,1898-1-1,1979,1898-1-1,1979-01-27
Pythagoras,Samos,Metapontum,-570,-495,-570,-500-0-0
Pyrrho,Elis,Elis,-359-1-1,-270,-359-1-1,-271-1-1
P. Lavrov,Pskov Oblast,Paris,1823-06-14,1900,1823-06-14,1900-02-06
Protagoras,"Abdera, Thrace",Ionian Sea,-486-1-1,-420,-486-1-1,-411-1-1
Proclus,Constantinople,Athens,0412-02-08,485,0412-02-08,0485-04-17
Posidonius,Apamea,Rhodes,-135-1-1,-51,-135-1-1,-51-1-1
Porphyry,Roman Empire,Roman Empire,233-1-1,305,233-1-1,305-1-1
Plinio Corrêa de Oliveira,São Paulo,Brazil,1908-1-1,1995,1908-1-1,1995-10-03
Plato,Classical Athens,Athens,-427-0-0,348,-427-0-0,-347-0-0
P. Rauti,Kingdom of Italy,Rome,1926-11-19,2012,1926-11-19,2012-11-02
P. Hadot,Paris,Orsay,1922-02-21,2010,1922-02-21,2010-04-24
P. Gassendi,Provence,Paris,1592-01-22,1655,1592-01-22,1655-10-24
