col0,col1,col2,col3,col4,col5,col6
P. Duhem,Paris,Cabrespine,1861-06-09,1916,1861-06-09,1916-09-14
P. Charron,Paris,Paris,1541-1-1,1603,1541-1-1,1603-11-16
P. Bourdieu,France,France,1930-08-01,2002,1930-08-01,2002-01-23
P. Bayle,Kingdom of France,Dutch Republic,1647-11-18,1706,1647-11-18,1706-12-28
P. Proudhon,Besançon,Passy,1809-01-15,1865,1809-01-15,1865-01-19
Philodemus,Gadara,Herculaneum,-110-1-1,40,-110-1-1,-35-1-1
P. Lacoue-Labarthe,Tours,Paris,1940-03-06,2007,1940-03-06,2007-01-27
P. Foot,Lincolnshire,Oxford,1920-10-03,2010,1920-10-03,2010-10-03
P. Mainländer,Grand Duchy of Hesse,Grand Duchy of Hesse,1841-1-1,1876,1841-1-1,1876-04-01
P. Chelčický,Chelčice,Chelčice,1390-1-1,1460,1390-1-1,1460-0-0
P. W. Zapffe,Tromsø,Asker,1899-12-18,1990,1899-12-18,1990-10-12
P. W. Schramm,Győr,"Ashland, Ohio",1946-12-03,2015,1946-12-03,2015-08-16
P. Lipton,New York City,Cambridge,1954-10-09,2007,1954-10-09,2007-11-25
P. Kropotkin,Moscow,Russian SFSR,1842-12-09,1921,1842-12-09,1921-02-08
P. Geach,London,Cambridge,1916-03-29,2013,1916-03-29,2013-12-21
P. Blau,Austria,New York City,1918-02-07,2002,1918-02-07,2002-03-12
P. Abelard,Le Pallet,Chalon-sur-Saône,1079-1-1,1142,1079-1-1,1142-0-0
P. I. Petrović-Njegoš,Njeguši,Cetinje,1813-11-13,1851,1813-11-13,1851-10-31
P. d. Man,Antwerp,"New Haven, Connecticut",1919-12-06,1983,1919-12-06,1983-12-21
P. Weiss,New York City,"Washington, D.C.",1901-05-19,2002,1901-05-19,2002-07-05
P. Watzlawick,First Austrian Republic,"Palo Alto, California",1921-07-25,1925,1921-07-25,1925-07-07
P. Thieme,Berlin,London,1905-03-18,2001,1905-03-18,2001-04-24
P. Souriau,Douai,"Nancy, France",1852-10-21,1926,1852-10-21,1926-06-21
P. Ricœur,France,France,1913-02-27,2005,1913-02-27,2005-05-20
P. L. Landsberg,Bonn,Sachsenhausen concentration camp,1901-12-03,1944,1901-12-03,1944-04-02
P. Kurtz,"Newark, New Jersey","Amherst, New York",1925-12-21,2012,1925-12-21,2012-10-20
P. Grice,Birmingham,"Berkeley, California",1913-03-13,1988,1913-03-13,1988-08-28
P. Feyerabend,Vienna,Switzerland,1924-01-13,1994,1924-01-13,1994-02-11
P. Suppes,Oklahoma,"Stanford, California",1922-03-17,2014,1922-03-17,2014-11-17
P. Ji-won,Seoul,Seoul,1737-03-05,1805,1737-03-05,1805-10-20
Paracelsus,Old Swiss Confederacy,Archbishopric of Salzburg,1493-11-10,1541,1493-11-10,1541-09-24
P. Galagali,Karnataka,Karnataka,1922-07-10,2015,1922-07-10,2015-08-29
P. Kondylis,Elis,Greece,1943-08-17,1998,1943-08-17,1998-07-11
Panaetius,Rhodes,Athens,-185-1-1,110,-185-1-1,-109-0-0
P. F. Strawson,Ealing,Oxford,1919-11-23,2006,1919-11-23,2006-02-13
O. Weininger,Vienna,Austria-Hungary,1880-04-03,1903,1880-04-03,1903-10-04
O. Neurath,Austria,Oxford,1882-12-10,1945,1882-12-10,1945-12-22
O. Spann,Austria-Hungary,Austria,1878-10-01,1950,1878-10-01,1950-07-08
O. Spengler,Duchy of Brunswick,Munich,1880-05-29,1936,1880-05-29,1936-05-08
O. M. Aïvanhov,Ottoman Empire,France,1900-01-31,1986,1900-01-31,1986-12-25
O. Khayyam,Greater Khorasan,Greater Khorasan,1048-05-18,1131,1048-05-18,1131-12-04
O. Marquard,Słupsk,Celle,1928-02-26,2015,1928-02-26,2015-05-09
N. Rishi,Jammu and Kashmir,Jammu and Kashmir,1377-0-0,842,1377-0-0,1440-0-0
N. Frye,Quebec,Canada,1912-07-14,1991,1912-07-14,1991-01-23
N. O. Brown,"El Oro Municipality, Mexico State","Santa Cruz, California",1913-09-25,2002,1913-09-25,2002-10-02
N. Malcolm,Kansas,London,1911-06-11,1990,1911-06-11,1990-08-04
N. Bobbio,Torino,Italy,1909-10-18,2004,1909-10-18,2004-01-09
N. Elias,Wrocław,Government of Amsterdam,1897-06-22,1990,1897-06-22,1990-08-01
N. Lossky,Krāslava,France,1870-12-06,1965,1870-12-06,1965-01-24
N. Stankevich,Russian Empire,Novi Ligure,1813-10-09,1840,1813-10-09,1840-07-07
N. F. Fyodorov,Russian Empire,Moscow,1829-06-09,1903,1829-06-09,1903-12-28
N. Berdyaev,Kiev,Clamart,1874-03-18,1948,1874-03-18,1948-03-24
N. Poulantzas,Kingdom of Greece,France,1936-09-21,1979,1936-09-21,1979-10-03
N. G. Dávila,Bogotá,Bogotá,1913-05-18,1994,1913-05-18,1994-05-17
N. Oresme,Lower Normandy,Lisieux,1322-1-1,1382,1322-1-1,1382-07-11
N. Malebranche,Kingdom of France,Kingdom of France,1638-08-06,1715,1638-08-06,1715-10-13
N. Hartmann,Riga,Göttingen,1882-02-20,1950,1882-02-20,1950-10-09
N. Abbagnano,Italy,Italy,1901-07-15,1990,1901-07-15,1990-09-09
N. G. Dávila,Bogotá,Bogotá,1913-05-18,1994,1913-05-18,1994-05-17
N. o. Cusa,Holy Roman Empire,Papal States,1401-1-1,1464,1401-1-1,1464-08-11
N. Machiavelli,Florence,Florence,1469-05-03,1527,1469-05-03,1527-06-21
N. Goodman,"Somerville, Massachusetts","Needham, Massachusetts",1906-08-07,1998,1906-08-07,1998-11-25
N. F. Kısakürek,Constantinople,İstanbul,1904-05-26,1983,1904-05-26,1983-05-25
N. Magnat,Moscow,Moscow,1954-11-05,1997,1954-11-05,1997-10-18
N. Maharaj,Bagalkot,Kedgaon,1885-05-20,1945,1885-05-20,1945-09-03
Nahmanides,Spain,Kingdom of Jerusalem,1194-1-1,1270,1194-1-1,1270-1-1
Mário Ferreira dos Santos,Brazil,Brazil,1907-01-03,1968,1907-01-03,1968-04-11
M. S. 'Askari,Iraq,Iran,1914-05-14,2007,1914-05-14,2007-09-16
M. Bookchin,New York,"Burlington, Vermont",1921-01-14,2006,1921-01-14,2006-07-30
M. Sadra,Shiraz,Basra,1571-1-1,1640,1571-1-1,1636-1-1
M. i. Jabr,Mecca,Mecca,645-1-1,722,645-1-1,722-1-1
Muhammad ibn Zakariya al-Razi,Iran,Iran,864-1-1,932,864-1-1,925-1-1
M. al-Shaybani,"Wasit, Iraq",Tehran Province,749-1-1,805,749-1-1,805-1-1
M. U. Damani,Dera Ismail Khan,Pakistan,1244,1897,1244,1897-01-26
M. S. Naqshbandi,India,India,1879-12-30,1915,1879-12-30,1915-02-12
Muhammad Mian Mansoor Ansari,Uttar Pradesh,Jalalabad,1884-3-10,1946,1884-3-10,1946-01-11
M. Iqbal,British Raj,Lahore,1877-11-09,1938,1877-11-09,1938-04-21
M. H. Tabataba'i,Azerbaijan,Tehran,1892-1-1,1981,1892-1-1,1981-11-07
M. Hamidullah,Hyderabad,"Jacksonville, Florida",1908-02-09,2002,1908-02-09,2002-12-17
M. F. Khan,Mardan,Pakistan,1951-1-1,2010,1951-1-1,2010-10-02
M. Asad,Austria-Hungary,Granada,1900-07-12,1992,1900-07-12,1992-02-20
M. Zongsan,Qing Dynasty,Taipei,1909-06-12,1995,1909-06-12,1995-04-12
M. Mendelssohn,Dessau,Berlin,1729-09-06,1786,1729-09-06,1786-01-04
M. J. Adler,New York City,"Palo Alto, California",1902-12-28,2001,1902-12-28,2001-06-28
M. Schlick,Berlin,Federal State of Austria,1882-04-14,1936,1882-04-14,1936-06-22
Montesquieu,Chile,France,1689-01-18,1755,1689-01-18,1755-02-10
M. Chishti,Sistan and Baluchestan Province,Rajasthan,1141-1-1,1236,1141-1-1,1236-03-15
M. Arkoun,Algeria,Paris,1928-02-01,2010,1928-02-01,2010-09-14
M. A. al-Jabri,Morocco,Casablanca,1935-12-27,2010,1935-12-27,2010-05-03
Mohammad Ebrahim Bastani Parizi,Pariz,Qajar dynasty,1924-12-24,2014,1924-12-24,2014-03-25
M. J. Chirri,Lebanon,"Dearborn, MI",1905-1-1,1994,1905-1-1,1994-1-1
M. Baien,Japan,Japan,1723-9-1,1789,1723-9-1,1789-4-9
M. Djilas,Kingdom of Montenegro,Belgrade,1911-06-04,1995,1911-06-04,1995-04-20
M. Čapek,Austria-Hungary,United States,1909-01-26,1997,1909-01-26,1997-11-17
M. Kangrga,"Kingdom of Serbs, Croats and Slovenes",Zagreb,1923-05-01,2008,1923-05-01,2008-04-25
M. Bakunin,Russian Empire,Bern,1814-05-30,1876,1814-05-30,1876-07-01
M. Bakhtin,Russian Empire,Moscow,1895-11-17,1975,1895-11-17,1975-03-07
M. d. Unamuno,Spain,Spain,1864-09-29,1936,1864-09-29,1936-12-31
M. Reale,São Bento do Sapucaí,São Paulo,1910-11-06,2006,1910-11-06,2006-04-14
M. d. Montaigne,Guyenne,Guyenne,1533-02-28,1592,1533-02-28,1592-09-13
M. Henry,Haiphong,Albi,1922-01-10,2002,1922-01-10,2002-07-03
M. Foucault,Poitiers,Paris,1926-10-15,1984,1926-10-15,1984-06-25
M. Clouscard,Montpinier,Gaillac,1928-08-06,2009,1928-08-06,2009-02-21
M. Bréal,Kingdom of Bavaria,Paris,1832-03-26,1915,1832-03-26,1915-11-25
M. Oakeshott,England,"Acton, Dorset",1901-12-11,1990,1901-12-11,1990-12-19
M. H. Heim,New York City,Los Angeles,1943-01-21,2012,1943-01-21,2012-09-29
M. Frede,Berlin,Greece,1940-05-31,2007,1940-05-31,2007-08-11
M. Dummett,London,England,1925-06-27,2011,1925-06-27,2011-12-27
M. Curti,"Papillion, Nebraska","Madison, Wisconsin",1897-09-15,1996,1897-09-15,1996-03-09
M. Eckhart,Holy Roman Empire,Avignon,1260-1-1,1327,1260-1-1,1328-1-1
M. Baba,British Raj,Meherazad,1894-02-25,1969,1894-02-25,1969-01-31
M. Greene,"Brooklyn, New York","Manhattan, New York",1917-12-22,2014,1917-12-22,2014-05-29
M. Stirner,Bayreuth,Berlin,1806-10-25,1856,1806-10-25,1856-06-26
M. Scheler,German Empire,Frankfurt,1874-08-22,1928,1874-08-22,1928-05-19
M. Müller,German Empire,Baden-Württemberg,1906-09-06,1994,1906-09-06,1994-10-18
M. Horkheimer,Kingdom of Württemberg,Bavaria,1895-02-14,1973,1895-02-14,1973-07-07
M. Black,Baku,"Ithaca, New York",1909-02-24,1988,1909-02-24,1988-08-27
M. Adler,Vienna,Vienna,1873-01-15,1937,1873-01-15,1937-06-28
M. Natanson,New York City,California,1924-11-26,1996,1924-11-26,1996-08-16
M. Merleau-Ponty,"Rochefort, Charente-Maritime",Paris,1908-03-14,1961,1908-03-14,1961-05-03
M. Halbwachs,Reims,Buchenwald concentration camp,1877-03-11,1945,1877-03-11,1945-03-16
M. Cornforth,Willesden,Islington,1909-10-28,1980,1909-10-28,1980-12-31
M. Blondel,Dijon,Aix-en-Provence,1861-11-02,1949,1861-11-02,1949-6-4
M. Blanchot,France,Paris,1907-09-22,2003,1907-09-22,2003-02-20
M. Ahmadzadeh,Iran,Tehran,1946-10-14,1972,1946-10-14,1972-12-04
M. Daly,"Schenectady, New York","Gardner, Massachusetts",1928-10-16,2010,1928-10-16,2010-01-03
M. Knutzen,Russia,Königsberg,1713-12-14,1751,1713-12-14,1751-01-29
Martin J. H. Mogridge,United Kingdom,London,1940-12-02,2000,1940-12-02,2000-02-29
M. Heidegger,Meßkirch,Baden-Württemberg,1889-09-26,1976,1889-09-26,1976-05-26
M. Buber,Austria-Hungary,Jerusalem,1878-02-08,1965,1878-02-08,1965-06-13
M. Gueroult,France,France,1891-12-15,1976,1891-12-15,1976-08-13
M. o. Inghen,Nijmegen,Heidelberg,1335-0-0,1396,1335-0-0,1396-08-20
M. McLuhan,Alberta,Ontario,1911-07-21,1980,1911-07-21,1980-12-31
M. d. Sade,Kingdom of France,Bourbon Restoration,1740-06-02,1814,1740-06-02,1814-12-02
M. Paquet,Belgium,Poznań,1947-02-21,2014,1947-02-21,2014-11-22
M. d. Biran,County of Périgord,Paris,1766-11-29,1824,1766-11-29,1824-07-20
Maimonides,Almoravid Empire,Fustat,1135-0-0,1204,1135-0-0,1204-12-12
M. Amel,Lebanon,"Beirut, Lebanon",1936-1-1,1987,1936-1-1,1987-05-18
M. M. Sharif,Lahore,Islamabad,1893-0-0,1965,1893-0-0,1965-0-0
Mário Ferreira dos Santos,Brazil,Brazil,1907-01-03,1968,1907-01-03,1968-04-11
L. K. Định,French Indochina,"Carthage, Missouri",1914-06-15,1997,1914-06-15,1997-03-25
L. d. Poncins,France,France,1897-11-03,1975,1897-11-03,1975-12-18
L. Brunschvicg,Paris,Aix-les-Bains,1869-11-10,1944,1869-11-10,1944-01-18
L. Taparelli,Kingdom of Sardinia,Papal States,1793-11-24,1862,1793-11-24,1862-09-21
L. Wittgenstein,Austria-Hungary,Cambridge,1889-04-26,1951,1889-04-26,1951-04-29
L. Klages,German Empire,"Kilchberg, Zurich",1872-12-10,1956,1872-12-10,1956-07-29
L. Feuerbach,Electorate of Bavaria,German Empire,1804-07-28,1872,1804-07-28,1872-09-13
L. Büchner,Grand Duchy of Hesse,Darmstadt,1824-03-29,1899,1824-03-29,1899-05-01
Lucretius,Pompei,Rome,-99-0-0,-55,-99-0-0,-55-1-1
L. Vanini,Taurisano,France,1585-1-1,1619,1585-1-1,1619-02-09
L. Tesnière,Mont-Saint-Aignan,Montpellier,1893-05-13,1954,1893-05-13,1954-12-06
L. Jerphagnon,"Nancy, France",Rueil-Malmaison,1921-09-07,2011,1921-09-07,2011-09-16
L. Goldmann,Bucharest,Paris,1913-07-20,1970,1913-07-20,1970-10-08
L. Pye,China,Boston,1921-10-21,2008,1921-10-21,2008-09-05
L. Lavelle,Saint-Martin-de-Villeréal,Parranquet,1883-07-15,1951,1883-07-15,1951-09-01
Louis Gabriel Ambroise de Bonald,Millau,Millau,1754-10-02,1840,1754-10-02,1840-11-23
L. Blanc,Kingdom of Spain,Cannes,1811-10-29,1882,1811-10-29,1882-12-06
L. Althusser,Birmendreïs,La Verrière,1918-10-16,1990,1918-10-16,1990-10-22
L. Cedroni,Rome,Rome,1961-05-24,2013,1961-05-24,2013-08-28
L. L. Fuller,Texas,Munich,1902-06-15,1978,1902-06-15,1978-04-08
L. Hixon,"Pasadena, California",New York,1941-12-25,1995,1941-12-25,1995-11-01
L. Shestov,Kiev,Paris,1866-02-12,1938,1866-02-12,1938-11-19
L. Kołakowski,Radom,Oxford,1927-10-23,2009,1927-10-23,2009-07-17
L. Dewart,Madrid,Canada,1922-12-18,2009,1922-12-18,2009-12-20
L. Polo,Madrid,Spain,1926-02-01,2013,1926-02-01,2013-02-09
L. Strauss,German Empire,Annapolis,1899-09-20,1973,1899-09-20,1973-10-18
L. Gross,Galicia,"Cambridge, Massachusetts",1903-04-06,1990,1903-04-06,1990-11-08
L. Șăineanu,Ploiești,France,1859-04-23,1934,1859-04-23,1934-05-11
L. A. Cremin,New York City,New York City,1925-10-31,1990,1925-10-31,1990-09-04
Laozi,Zhou Dynasty,Zhou Dynasty,-579-0-0,-531,-579-0-0,-499-0-0
L. Joo,Kashmir,Kashmir,1907-05-09,1991,1907-05-09,1991-09-27
L. K. Định,French Indochina,"Carthage, Missouri",1914-06-15,1997,1914-06-15,1997-03-25
L. d. Poncins,Loire,Toulon,1897-11-03,1975,1897-11-03,1975-12-18
L. Brunschvicg,Paris,Aix-les-Bains,1869-11-10,1944,1869-11-10,1944-01-18
K. Grelling,Berlin,Auschwitz concentration camp,1886-03-02,1942,1886-03-02,1942-9-1
K. Fischer,German Confederation,German Empire,1824-07-23,1907,1824-07-23,1907-07-05
K. S. Murthy,India,Andhra Pradesh,1924-0-0,2011,1924-0-0,2011-01-25
K. Axelos,Athens,Paris,1924-06-26,2010,1924-06-26,2010-02-04
K. Mollenhauer,Germany,Göttingen,1928-10-31,1998,1928-10-31,1998-03-18
K. Nishida,"Kahoku, Ishikawa","Kahoku, Ishikawa",1870-05-19,1945,1870-05-19,1945-06-07
