col0,col1,col2,col3,col4,col5,col6
K. A. Yassawi,Sayram,Yasi,1103-1-1,1166,1103-1-1,1166-1-1
K. Waltz,"Ann Arbor, Michigan","Washington, D.C.",1924-06-08,2013,1924-06-08,2013-05-12
Karl Wilhelm Friedrich Schlegel,Hanover,Dresden,1772-0-0,1829,1772-0-0,1829-1-12
K. Vogt,Giessen,Geneva,1817-07-05,1895,1817-07-05,1895-5-5
Karl Robert Eduard von Hartmann,Kingdom of Prussia,Berlin,1842-02-23,1906,1842-02-23,1906-06-05
K. Rahner,German Empire,Austria,1904-03-05,1984,1904-03-05,1984-03-30
K. Popper,Austria-Hungary,England,1902-07-28,1994,1902-07-28,1994-09-17
K. Marx,Kingdom of Prussia,England,1818-05-05,1883,1818-05-05,1883-03-14
Karl Ludwig von Haller,Bern,Solothurn,1768-08-01,1854,1768-08-01,1854-05-20
K. L. Reinhold,Archduchy of Austria,German Confederation,1757-10-26,1823,1757-10-26,1823-4-10
K. Korsch,German Empire,"Belmont, Massachusetts",1886-08-15,1961,1886-08-15,1961-10-21
K. Kautsky,Austrian Empire,Amsterdam,1854-10-16,1938,1854-10-16,1938-10-17
K. Jaspers,Oldenburg,Basel,1883-02-23,1969,1883-02-23,1969-02-26
Karl Christian Friedrich Krause,Saxe-Gotha-Altenburg,Munich,1781-05-06,1832,1781-05-06,1832-9-27
K. Brugmann,Wiesbaden,Leipzig,1849-03-16,1919,1849-03-16,1919-06-29
K. Kosík,Czechoslovakia,Czech Republic,1926-06-26,2003,1926-06-26,2003-02-21
Kalanos,Taxila,Susa,-398-0-0,-323,-398-0-0,-323-1-1
J. Phule,British India,Pune,1827-04-11,1890,1827-04-11,1890-11-28
J. Buchler,"New York City, New York",Chambersburg,1914-03-27,1991,1914-03-27,1991-03-19
J. Leiber,Chicago,Tallahassee,1938-07-10,2016,1938-07-10,2016-03-22
J. Tsuji,Tōkyō,Japan,1884-10-04,1944,1884-10-04,1944-11-24
J. T. Fraser,Kingdom of Hungary,Connecticut,1923-05-07,2010,1923-05-07,2010-11-20
J. Evola,Kingdom of Italy,Rome,1898-05-19,1974,1898-05-19,1974-06-11
Julien Offray de La Mettrie,Kingdom of France,Berlin,1709-11-23,1751,1709-11-23,1751-11-11
J. Vuillemin,Pierrefontaine-les-Varans,Doubs,1920-02-15,2001,1920-02-15,2001-01-16
J. Lequier,Quintin,Plérin,1814-01-30,1862,1814-01-30,1862-02-11
J. Halevi,Spain,Jerusalem,1079-1-1,1141,1079-1-1,1141-1-1
Juan Vázquez de Mella,Cangas de Onís,Madrid,1861-06-08,1928,1861-06-08,1928-02-26
J. Nuño,Madrid,Caracas,1927-03-27,1995,1927-03-27,1995-05-05
J. L. Vives,Crown of Aragon,Bruges,1492-3-2,1540,1492-3-2,1540-05-06
Juan David García Bacca,Pamplona,Ecuador,1901-06-26,1995,1901-06-26,1992-8-5
J. C. Portantiero,Argentina,Argentina,1934-0-0,2007,1934-0-0,2007-03-09
J. Došenović,Lika,Austrian Empire,1781-10-20,1813,1781-10-20,1813-0-0
J. d. Espronceda,Spain,Spain,1808-03-25,1842,1808-03-25,1842-05-23
José Ortega y Gasset,Madrid,Francoist Spain,1883-05-09,1955,1883-05-09,1955-10-18
J. G. Merquior,Rio de Janeiro,Rio de Janeiro,1941-04-22,1991,1941-04-22,1991-01-07
J. C. Mariátegui,Moquegua,Lima,1894-06-14,1930,1894-06-14,1930-04-16
J. Warren,Boston,Boston,1798-1-1,1874,1798-1-1,1874-04-14
J. Royce,"Grass Valley, California","Cambridge, Massachusetts",1855-11-20,1916,1855-11-20,1916-09-14
J. d. Maistre,Chambéry,Turin,1753-04-01,1821,1753-04-01,1821-02-26
J. Maréchal,Belgium,Belgium,1878-07-01,1944,1878-07-01,1944-12-11
J. Dietzgen,German Confederation,Chicago,1828-10-28,1888,1828-10-28,1888-04-15
J. Pieper,German Empire,Germany,1904-05-04,1997,1904-05-04,1997-11-06
J. Dobrovský,Kingdom of Hungary,Brno,1753-08-17,1829,1753-08-17,1829-01-06
J. Breuer,Austrian Empire,Vienna,1842-01-15,1925,1842-01-15,1925-06-20
J. d. Espronceda,Province of Badajoz,Madrid,1808-03-25,1842,1808-03-25,1842-05-23
José Ortega y Gasset,Madrid,Francoist Spain,1883-05-09,1955,1883-05-09,1955-10-18
J. G. Merquior,Rio de Janeiro,Rio de Janeiro,1941-04-22,1991,1941-04-22,1991-01-07
J. C. Mariátegui,Peru,Lima,1894-06-14,1930,1894-06-14,1930-04-16
Jorge Ángel Livraga Rizzi,Buenos Aires,Madrid,1930-09-03,1991,1930-09-03,1991-10-07
J. H. Sobel,Chicago,Ontario,1929-09-22,2010,1929-09-22,2010-03-26
J. Wycliffe,Kingdom of England,Kingdom of England,1330-1-1,1384,1330-1-1,1384-12-31
J. Toland,Kingdom of Ireland,Kingdom of Great Britain,1670-11-30,1722,1670-11-30,1722-03-11
J. S. Mill,London Borough of Islington,Avignon,1806-05-20,1873,1806-05-20,1873-05-08
J. Selden,Salvington,London,1584-12-16,1654,1584-12-16,1654-11-30
J. S. Eriugena,Gaelic Ireland,West Francia,810-1-1,877,810-1-1,877-1-1
J. R. Straton,Indiana,"Clifton Springs, New York",1875-04-06,1929,1875-04-06,1929-10-29
J. Rawls,Baltimore,"Lexington, Massachusetts",1921-02-21,2002,1921-02-21,2002-11-24
J. Plamenatz,Kingdom of Montenegro,United Kingdom,1912-05-16,1975,1912-05-16,1975-02-19
J. Passmore,Sydney,Sydney,1914-09-09,2004,1914-09-09,2004-07-25
J. Macmurray,Maxwelltown,Edinburgh,1891-02-16,1976,1891-02-16,1976-06-21
J. Locke,Bristol,Essex,1622-8-29,1704,1622-8-29,1704-10-28
J. Hick,"Scarborough, North Yorkshire",Birmingham,1922-01-20,2012,1922-01-20,2012-02-09
J. H. Muirhead,Glasgow,Sussex,1855-04-28,1940,1855-04-28,1940-05-24
J. Foster,London,London,1941-05-05,2009,1941-05-05,2009-01-01
J. Fiske,"Hartford, Connecticut",Massachusetts,1842-03-30,1901,1842-03-30,1901-07-04
J. Dewey,United States,New York,1859-10-20,1952,1859-10-20,1952-06-01
J. D. Wild,"Chicago, Illinois","New Haven, Connecticut",1902-04-10,1972,1902-04-10,1972-10-23
J. Colet,Kingdom of England,Kingdom of England,1467-1-15,1519,1467-1-15,1519-09-16
J. Cartwright,England,England,1740-09-17,1824,1740-09-17,1824-09-23
J. Austin,Suffolk,Weybridge,1790-03-03,1859,1790-03-03,1859-12-01
J. Argyropoulos,Byzantine Empire,Florence,1415-1-1,1487,1415-1-1,1487-6-26
J. Anderson,"Stonehouse, South Lanarkshire",Sydney,1893-11-01,1962,1893-11-01,1962-07-06
J. N. Tetens,Denmark,Copenhagen,1736-09-16,1807,1736-09-16,1807-08-17
J. Reuchlin,Pforzheim,Stuttgart,1455-02-22,1522,1455-02-22,1522-06-30
