col0,col1,col2,col3,col4,col5,col6
I. Urbančič,Slovenia,Ljubljana,1930-11-12,2016,1930-11-12,2016-08-07
I. Sviták,Hranice,Czech Republic,1925-10-10,1994,1925-10-10,1994-10-20
I. Illich,Vienna,Bremen,1926-09-04,2002,1926-09-04,2002-12-02
I. Ahmed,Punjab Province,Lahore,1932-04-26,2010,1932-04-26,2010-04-14
I. Berlin,Governorate of Livonia,Oxford,1909-06-06,1997,1909-06-06,1997-11-05
I. Kristol,"Brooklyn, New York","Falls Church, Virginia",1920-01-22,2009,1920-01-22,2009-09-18
I. M. Young,New York City,Chicago,1949-01-02,2006,1949-01-02,2006-08-01
I. Abidi,Pakistan,Karachi,1950-0-0,10,1950-0-0,1998-1-22
I. Krzywicka,Russian Empire,France,1899-05-28,1994,1899-05-28,1994-07-12
I. Dragoumis,Athens,Athens,1878-09-14,1920,1878-09-14,1920-07-31
I. Kottounios,Veria,Padua,1577-1-1,1658,1577-1-1,1658-1-1
I. Lakatos,Kingdom of Hungary,England,1922-11-09,1974,1922-11-09,1974-02-02
I. Kant,Kingdom of Prussia,Kingdom of Prussia,1724-04-22,1804,1724-04-22,1804-02-12
I. H. Fichte,Jena,Kingdom of Württemberg,1796-07-18,1879,1796-07-18,1879-08-08
I. Ellacuría,Spain,El Salvador,1930-11-09,1989,1930-11-09,1989-11-16
I. al-Rumi,Abbasid Caliphate,Abbasid Caliphate,0836-06-21,896,0836-06-21,0896-07-13
I. Maḍāʾ,"Córdoba, Spain",Seville,1120-0-0,1195,1120-0-0,1196-0-0
I. Battah,Ukbara,Ukbara,916-0-0,997,916-0-0,997-0-0
I. Arabi,Spain,Damascus,1165-07-26,1240,1165-07-26,1240-11-10
I. A. Asim,Basra,Isfahan,206,287,206,900-0-0
Hypatia,Alexandria,Alexandria,370-0-0,415,370-0-0,415-1-1
H. Grotius,Delft,Rostock,1583-04-10,1645,1583-04-10,1645-08-28
H. Shih,Qing Empire,Republic of China,1891-12-17,1962,1891-12-17,1962-02-24
H. Kahane,Cleveland,California,1928-04-19,2001,1928-04-19,2001-05-02
H. M. Quelle,Hanover,Tijuana,1912-01-30,1999,1912-01-30,1999-12-27
H. Dae-yong,South Chungcheong Province,Joseon,1731-05-12,1783,1731-05-12,1783-11-17
H. i. Urwah,Medina,Baghdad,680-1-1,772,680-1-1,763-1-1
H. Putnam,Illinois,"Arlington, Massachusetts",1926-07-31,2016,1926-07-31,2016-03-13
H. Gildin,Poland,Manhattan,1928-11-28,2015,1928-11-28,2015-03-04
H. v. Keyserling,Livonia,Innsbruck,1880-07-20,1946,1880-07-20,1946-04-26
H. Ulrici,Brandenburg-Prussia,German Empire,1806-03-23,1884,1806-03-23,1884-01-11
H. Lotze,Bautzen,Berlin,1817-05-21,1881,1817-05-21,1881-07-01
H. Spiegelberg,Alsace-Lorraine,"St. Louis, Missouri",1904-05-18,1990,1904-05-18,1990-09-06
H. Spencer,Derby,Brighton,1820-04-27,1903,1820-04-27,1903-12-08
H. Marcuse,Berlin,West Germany,1898-07-19,1979,1898-07-19,1979-07-29
H. Butterfield,Yorkshire,Cambridgeshire,1900-10-07,1979,1900-10-07,1979-07-20
H. Blumer,"St. Louis, Missouri",California,1900-03-07,1987,1900-03-07,1987-04-13
Heraclitus,Achaemenid Empire,Ephesus,-535-0-0,-475,-535-0-0,-470-0-0
H. Sidgwick,Yorkshire,Cambridge,1838-05-31,1900,1838-05-31,1900-08-28
H. D. Thoreau,"Concord, Massachusetts","Concord, Massachusetts",1817-07-12,1862,1817-07-12,1862-05-06
H. Corbin,France,France,1903-04-14,1978,1903-04-14,1978-10-07
H. Lefebvre,Hagetmau,Navarrenx,1901-06-16,1991,1901-06-16,1991-06-29
H. Bourassa,Canada,"Outremont, Quebec",1868-09-01,1952,1868-09-01,1952-08-31
H. Bergson,Paris,Paris,1859-10-18,1941,1859-10-18,1941-01-04
H. Roerich,Saint Petersburg,Kalimpong,1879-02-12,1955,1879-02-12,1955-10-05
H. Blavatsky,Russian Empire,London,1831-8-12,1891,1831-8-12,1891-05-08
H. Rickert,Kingdom of Prussia,Heidelberg,1863-05-25,1936,1863-05-25,1936-07-25
H. Bull,Australia,United Kingdom,1932-06-10,1985,1932-06-10,1985-05-18
H. Babajan,"Balochistan, Afghanistan",India,1806-0-0,1931,1806-0-0,1931-09-21
H. Amuli,Iran,Iraq,1319,1385,1319,1385-1-1
H. Joachim,London,Croyde,1868-05-28,1938,1868-05-28,1938-07-30
H. Reichenbach,Hamburg,California,1891-09-26,1953,1891-09-26,1953-04-09
H. Lipps,Pirna,Russia,1889-11-22,1941,1889-11-22,1941-09-10
H. Kelsen,Prague,United States,1881-10-11,1973,1881-10-11,1973-04-19
H. Jonas,Mönchengladbach,New York City,1903-05-10,1993,1903-05-10,1993-02-05
H. Gadamer,German Empire,Germany,1900-02-11,2002,1900-02-11,2002-03-13
H. Arendt,German Empire,New York City,1906-10-14,1975,1906-10-14,1975-12-04
H. Ryner,French Algeria,French Third Republic,1861-12-07,1938,1861-12-07,1938-02-06
H. Makhdoom,Kashmir,Downtown Srinagar,900,984,900,1576-1-1
Hamka,Dutch East Indies,Dutch East Indies,1908-02-17,1981,1908-02-17,1981-07-24
H. Aqil,"Hyderabad, India","Hyderabad, India",1928-07-23,2010,1928-07-23,2010-04-14
Haji Dost Muhammad Qandhari,Afghanistan,Pakistan,1216,1868,1216,1868-02-17
H. L. A. Hart,Harrogate,Oxford,1907-07-18,1992,1907-07-18,1992-12-19
H. H. Price,Glamorganshire,Oxford,1899-05-17,1984,1899-05-17,1984-11-26
H. B. Acton,London,Edinburgh,1908-06-02,1974,1908-06-02,1974-06-16
G. Lukács,Austria-Hungary,Budapest,1885-04-13,1971,1885-04-13,1971-06-04
G. Hocquenghem,France,France,1946-12-10,1988,1946-12-10,1988-08-28
G. Debord,France,France,1931-12-28,1994,1931-12-28,1994-11-30
G. Bueno,La Rioja,Asturias,1924-09-01,2016,1924-09-01,2016-08-07
G. Thibon,Saint-Marcel d'Ardèche,Saint-Marcel-d'Ardèche,1903-09-02,2001,1903-09-02,2001-01-19
G. Budé,Paris,Paris,1467-01-26,1540,1467-01-26,1540-08-23
G. Pomerants,Vilnius,Moscow,1918-03-13,2013,1918-03-13,2013-02-16
G. Mints,Russian Soviet Federative Socialist Republic,California,1939-06-07,2014,1939-06-07,2014-05-29
G. Frege,Grand duchy of Mecklenburg-Schwerin,Weimar Republic,1848-11-08,1925,1848-11-08,1925-07-26
G. E. Schulze,Thuringia,Göttingen,1761-08-23,1833,1761-08-23,1833-01-14
G. W. Leibniz,Holy Roman Empire,Hanover,1646-07-01,1716,1646-07-01,1716-11-14
Gorgias,Leontini,Larissa,-483-1-1,-380,-483-1-1,-375-0-0
G. Arango,"Andes, Antioquia",Tocancipá,1931-01-18,1976,1931-01-18,1976-09-25
G. Mazzini,Genoa,Kingdom of Italy,1805-06-22,1872,1805-06-22,1872-03-10
Giovanni Pico della Mirandola,Mirandola,Florence,1463-02-24,1494,1463-02-24,1494-11-17
G. D. Vecchio,Bologna,Italy,1878-8-26,1970,1878-8-26,1970-0-0
G. Bruno,Nola,Papal States,1548-1-1,1600,1548-1-1,1600-2-17
G. Rose,London,Warwickshire,1947-09-20,1995,1947-09-20,1995-12-09
G. Deleuze,France,France,1925-01-18,1995,1925-01-18,1995-11-04
G. Châtelet,"Paris, France",Paris,1944-02-02,1999,1944-02-02,1999-06-11
G. Simondon,Saint-Étienne,Palaiseau,1924-10-02,1989,1924-10-02,1989-02-07
G. Ryle,Brighton,Oxford,1900-08-19,1976,1900-08-19,1976-10-06
G. Vico,Naples,Naples,1668-06-23,1744,1668-06-23,1744-01-23
G. Leopardi,Recanati,Naples,1798-06-29,1837,1798-06-29,1837-06-14
G. A. Dihlawi,Patiala,Delhi,1743-0-0,1824,1743-0-0,1824-0-0
G. d. Staël,Paris,Bourbon Restoration,1766-04-22,1817,1766-04-22,1817-07-14
Gerard van der Leeuw,The Hague,Utrecht,1890-03-18,1950,1890-03-18,1950-11-18
G. Heard,London,"Santa Monica, California",1889-10-06,1971,1889-10-06,1971-08-14
G. Cohen,Montreal,Oxford,1941-04-14,2009,1941-04-14,2009-08-05
G. Sorel,Cherbourg,Boulogne-Billancourt,1847-11-02,1922,1847-11-02,1922-08-29
G. Palante,France,Saint-Brieuc,1862-11-20,1925,1862-11-20,1925-08-05
