col0,col1,col2,col3,col4,col5,col6
G. Dumézil,Paris,Paris,1898-03-04,1986,1898-03-04,1986-10-11
G. Canguilhem,Aude,Marly-le-Roi,1904-06-04,1995,1904-06-04,1995-09-11
G. Bataille,France,France,1897-09-10,1962,1897-09-10,1962-07-09
G. Santayana,Madrid,Rome,1863-12-16,1952,1863-12-16,1952-09-26
G. Ripley,England,"Boston, Lincolnshire",1415-1-1,1490,1415-1-1,1490-1-1
G. Hourani,"Manchester, England","Buffalo, New York",1913-06-13,1984,1913-06-13,1984-09-19
G. H. Mead,Massachusetts,Chicago,1863-02-27,1931,1863-02-27,1931-04-26
G. Gurdjieff,Armenia,France,1866-1-13,1949,1866-1-13,1949-10-29
G. Grant,Ontario,Canada,1918-11-1,1988,1918-11-1,1988-9-27
G. C. Robertson,Aberdeen,London,1842-03-10,1892,1842-03-10,1892-09-20
G. Campbell,Aberdeen,Aberdeen,1719-12-25,1796,1719-12-25,1796-04-06
G. Boolos,New York City,"Cambridge, Massachusetts",1940-09-04,1996,1940-09-04,1996-05-27
G. Boole,"Lincoln, England","Ballintemple, Cork",1815-11-02,1864,1815-11-02,1864-12-08
G. Berkeley,County Kilkenny,Oxford,1685-03-12,1753,1685-03-12,1753-01-14
Georg Wilhelm Friedrich Hegel,Duchy of Württemberg,Berlin,1770-08-27,1831,1770-08-27,1831-11-14
G. Wenker,Düsseldorf,Marburg,1852-01-25,1911,1852-01-25,1911-07-17
G. Simmel,Berlin,German Empire,1858-03-01,1918,1858-03-01,1918-09-28
G. Morgenstierne,Norway,Oslo,1892-01-02,1978,1892-01-02,1978-03-03
Georg Henrik von Wright,Finland,Helsinki,1916-06-14,2003,1916-06-14,2003-06-16
G. Hunter,England,Wales,1925-12-14,2000,1925-12-14,2000-06-08
G. Pletho,Constantinople,Mystras,1355-1-1,1452,1355-1-1,1452-6-26
G. Bachelard,Bar-sur-Aube,Paris,1884-06-27,1962,1884-06-27,1962-10-16
G. Evans,London,Oxford,1946-05-12,1980,1946-05-12,1980-08-10
G. Wagner,Quedlinburg,Göttingen,1660-1-1,1717,1660-1-1,1717-1-1
G. Marcel,France,France,1889-12-07,1973,1889-12-07,1973-10-08
G. E. Moore,London,Cambridge,1873-11-04,1958,1873-11-04,1958-10-24
F. Ravaisson-Mollien,Namur,French Third Republic,1813-10-23,1900,1813-10-23,1900-05-18
F. Guattari,Oise,Paris,1930-04-30,1992,1930-04-30,1992-08-29
F. Mauthner,Hořice,Weimar Germany,1849-11-22,1923,1849-11-22,1923-06-29
Friedrich Wilhelm Joseph Schelling,Leonberg,Swiss Confederation,1775-01-27,1854,1775-01-27,1854-08-20
F. W. Foerster,Kingdom of Prussia,Switzerland,1869-06-02,1966,1869-06-02,1966-01-09
F. Schleiermacher,Breslau,Berlin,1768-11-21,1834,1768-11-21,1834-02-12
F. Nietzsche,Röcken,German Empire,1844-10-15,1900,1844-10-15,1900-08-25
F. H. Jacobi,Holy Roman Empire,German Confederation,1743-01-25,1819,1743-01-25,1819-03-10
F. Fröbel,Oberweißbach,Germany,1782-04-21,1852,1782-04-21,1852-06-21
F. Engels,Barmen,London,1820-11-28,1895,1820-11-28,1895-08-05
F. E. Beneke,Berlin,Berlin,1798-02-17,1854,1798-02-17,1854-03-01
Friedrich Carl von Savigny,Frankfurt,Berlin,1779-02-21,1861,1779-02-21,1861-10-25
F. A. Trendelenburg,Eutin,German Empire,1802-11-30,1872,1802-11-30,1872-01-24
F. v. Leenhof,Netherlands,Netherlands,1647-09-01,1715,1647-09-01,1715-10-13
F. Babeuf,Kingdom of France,Kingdom of France,1760-11-23,1797,1760-11-23,1797-05-27
F. Rosenzweig,German Empire,Frankfurt,1886-12-25,1929,1886-12-25,1929-12-10
F. Brentano,Rhine Province,Zürich,1838-01-16,1917,1838-01-16,1917-03-17
F. Bopp,Mainz,Berlin,1791-09-14,1867,1791-09-14,1867-10-23
F. Fanon,Martinique,"Bethesda, Maryland",1925-07-20,1961,1925-07-20,1961-12-06
F. P. Ramsey,Cambridge,London,1903-02-22,1930,1903-02-22,1930-01-19
F. Servois,France,France,1767-07-18,1847,1767-07-18,1847-04-17
Franciscus van den Enden,Antwerp,Paris,1602-02-05,1674,1602-02-05,1674-11-27
F. Patricius,Republic of Venice,Papal States,1529-04-25,1597,1529-04-25,1597-02-06
F. Suárez,Granada,Lisbon,1548-01-05,1617,1548-01-05,1617-09-25
F. Sanches,"Tui, Galicia",Toulouse,1550-1-1,1623,1550-1-1,1623-11-16
F. P. Yockey,Chicago,California,1917-09-18,1960,1917-09-18,1960-06-16
F. Hutcheson,County Down,Dublin,1694-08-08,1746,1694-08-08,1746-08-08
F. E. Abbot,Boston,"Beverly, Massachusetts",1836-11-06,1903,1836-11-06,1903-10-23
F. Bacon,"Strand, London",Highgate,1561-01-22,1626,1561-01-22,1626-04-09
F. Babeuf,Kingdom of France,Kingdom of France,1760-11-23,1797,1760-11-23,1797-05-27
F. González,Envigado,Colombia,1895-04-24,1964,1895-04-24,1964-02-16
F. d. Saussure,Geneva,Switzerland,1857-11-26,1913,1857-11-26,1913-02-22
F. Riu,Lleida,Caracas,1925-05-14,1985,1925-05-14,1985-12-09
F. H. Amini,Dhaka,Bangladesh,1943-1-1,2012,1943-1-1,2012-12-12
F. A. Qureshi,"Daud Khel, Punjab",Punjab,1853-1-1,1935,1853-1-1,1935-11-28
F. H. Bradley,England,Oxford,1846-01-30,1924,1846-01-30,1924-09-18
F. C. S. Schiller,Ottensen,Los Angeles,1864-08-16,1937,1864-08-16,1937-08-06
F. Ravaisson-Mollien,"Namur, Belgium",French Third Republic,1813-10-23,1900,1813-10-23,1900-05-18
F. Guattari,Oise,Paris,1930-04-30,1992,1930-04-30,1992-08-29
E. Ilyenkov,Smolensk,Moscow,1924-02-18,1979,1924-02-18,1979-03-21
E. t. Athonite,Georgia,Mount Athos,955-0-0,1024,955-0-0,1028-1-1
E. Tavares,Cape Verde,Cape Verde,1867-10-18,1930,1867-10-18,1930-06-01
E. Zuleta,Colombia,Colombia,1935-02-03,1990,1935-02-03,1990-02-17
E. Platner,Leipzig,Leipzig,1744-06-11,1818,1744-06-11,1818-12-27
E. Mally,Kranj,"Schwanberg, Styria",1879-1-1,1944,1879-1-1,1944-3-8
E. Lohmeyer,Dorsten,Hanshagen,1890-08-07,1946,1890-08-07,1946-09-19
Ernst Christian Gottlieb Reinhold,Jena,Jena,1793-10-18,1855,1793-10-18,1855-09-17
E. Cassirer,Wrocław,New York,1874-07-28,1945,1874-07-28,1945-04-13
E. Bloch,Ludwigshafen,Tübingen,1885-07-08,1977,1885-07-08,1977-08-04
E. Laclau,Buenos Aires,Seville,1935-10-06,2014,1935-10-06,2014-04-13
E. Renan,Tréguier,France,1823-02-28,1892,1823-02-28,1892-10-02
E. Nagel,Nové Mesto nad Váhom,New York City,1901-11-16,1985,1901-11-16,1985-09-20
E. Gellner,Paris,Prague,1925-12-09,1995,1925-12-09,1995-11-05
E. Callenbach,"Williamsport, Pennsylvania","Berkeley, California",1929-04-03,2012,1929-04-03,2012-04-16
E. Fromm,Frankfurt am Main,Switzerland,1900-03-23,1980,1900-03-23,1980-03-18
E. Voegelin,German Empire,California,1901-01-03,1985,1901-01-03,1985-01-19
Erasmus,Rotterdam,Old Swiss Confederacy,1466-0-0,1536,1466-0-0,1536-07-12
Epicurus,Samos,Athens,-340-1-1,-270,-340-1-1,-269-1-1
Empedocles,Sicily,Sicily,-490-0-0,-430,-490-0-0,-430-0-0
E. Mounier,France,Châtenay-Malabry,1905-05-01,1950,1905-05-01,1950-03-22
E. Levinas,Lithuania,France,1906-01-12,1995,1906-01-12,1995-12-25
E. Goldman,Kaunas,Toronto,1869-06-27,1940,1869-06-27,1940-05-14
E. Lask,Austria-Hungary,Austria-Hungary,1875-09-25,1915,1875-09-25,1915-5-26
E. Fackenheim,Province of Saxony,Israel,1916-06-22,2003,1916-06-22,2003-09-18
E. Cioran,Rășinari,Paris,1911-04-08,1995,1911-04-08,1995-06-21
E. d. Vattel,Switzerland,Neuchâtel,1714-04-25,1767,1714-04-25,1767-12-28
E. Anscombe,Limerick,Cambridge,1919-03-18,2001,1919-03-18,2001-01-05
E. Petropoulos,Athens,Paris,1928-1-1,2003,1928-1-1,2003-09-03
E. Oznobkina,Russia,Moscow,1959-04-25,1925,1959-04-25,1925-04-10
E. C. Piscopia,Republic of Venice,Padua,1646-06-05,1684,1646-06-05,1684-07-26
E. A. Burtt,"Groton, Massachusetts","Ithaca, New York",1892-10-11,1989,1892-10-11,1989-09-06
E. Shils,"Springfield, Massachusetts",Chicago,1910-07-01,1995,1910-07-01,1995-01-23
E. Said,Jerusalem,New York City,1935-11-01,2003,1935-11-01,2003-09-25
E. Abramowski,Ukraine,Poland,1868-08-17,1918,1868-08-17,1918-06-21
E. Rabossi,Argentina,Cusco,1930-03-20,2005,1930-03-20,2005-11-11
E. Husserl,Margraviate of Moravia,Freiburg,1859-04-08,1938,1859-04-08,1938-04-27
E. Burke,Dublin,Kingdom of Great Britain,1729-01-12,1797,1729-01-12,1797-07-09
E. Stein,Wrocław,General Government,1891-10-12,1942,1891-10-12,1942-08-09
E. Penrose,United States,England,1914-11-15,1996,1914-11-15,1996-10-11
D. Scotus,Kingdom of Scotland,Cologne,1265-0-0,1308,1265-0-0,1308-11-08
D. Davidson,"Springfield, Massachusetts","Berkeley, California",1917-03-06,2003,1917-03-06,2003-08-30
D. Janicaud,Paris,Èze,1937-11-14,2002,1937-11-14,2002-08-18
D. o. Flanders,French Flanders,Florence,1425,1479,1425,1479-07-16
D. o. Sinope,"Sinop, Turkey",Ancient Corinth,-404-1-1,-323,-404-1-1,-322-1-1
D. Liantinis,Greece,Greece,1942-07-23,1998,1942-07-23,1998-7-0
D. v. Hildebrand,Florence,New Rochelle,1889-10-12,1977,1889-10-12,1977-01-26
D. Z. Phillips,Wales,Wales,1934-11-24,2006,1934-11-24,2006-07-25
D. Diderot,Langres,Paris,1713-10-05,1784,1713-10-05,1784-07-31
D. Santos,Portugal,Portugal,1907-11-06,1966,1907-11-06,1966-09-25
D. Chattopadhyaya,Kolkata,Kolkata,1918-11-19,1993,1918-11-19,1993-05-08
D. Stove,"Moree, New South Wales","Mulgoa, New South Wales",1927-09-15,1994,1927-09-15,1994-06-02
D. Ruhnken,Kingdom of Prussia,Leiden,1723-01-02,1798,1723-01-02,1798-04-14
D. M. Armstrong,Australia,Australia,1926-07-08,2014,1926-07-08,2014-05-13
D. Lewis,Ohio,New Jersey,1941-09-28,2001,1941-09-28,2001-10-14
D. Hume,Edinburgh,Kingdom of Great Britain,1711-4-26,1776,1711-4-26,1776-08-25
D. Hartley,"Halifax, West Yorkshire","Bath, Somerset",1705-08-30,1757,1705-08-30,1757-1-1
D. B. Zilberman,Odessa,Boston,1938-05-25,1977,1938-05-25,1977-07-25
D. Bensaïd,Toulouse,Paris,1946-03-25,2010,1946-03-25,2010-01-12
D. C. Masham,Cambridge,London,1659-01-18,1708,1659-01-18,1708-04-20
D. Willard,"Buffalo, Missouri","Pasadena, California",1935-09-04,2013,1935-09-04,2013-05-08
C. o. Thebes,"Thebes, Greece",Boeotia,-365-0-0,-285,-365-0-0,-285-1-1
C. Preve,Italy,Italy,1943-04-14,2013,1943-04-14,2013-11-23
C. Castoriadis,Constantinople,France,1922-03-11,1997,1922-03-11,1997-12-26
C. Brunner,German Confederation,Netherlands,1862-08-27,1937,1862-08-27,1937-08-27
Confucius,State of Lu,Lu,-0551-09-28,-479,-0551-09-28,-478-1-1
C. M. Turbayne,Australia,Queensland,1916-02-07,2006,1916-02-07,2006-05-16
Cleanthes,Assos,Athens,-330-1-1,-230,-330-1-1,-232-1-1
C. Card,"Pardeeville, Wisconsin","Fitchburg, Wisconsin",1940-09-30,2015,1940-09-30,2015-09-12
C. Lévi-Strauss,Brussels,Paris,1908-11-28,2009,1908-11-28,2009-10-30
"Claude Henri de Rouvroy, comte de Saint-Simon",Kingdom of France,Bourbon Restoration,1760-10-17,1825,1760-10-17,1825-05-19
C. A. Helvétius,France,Paris,1715-01-26,1771,1715-01-26,1771-12-26
Chrysippus,"Soli, Cilicia",Athens,-281-1-1,-206,-281-1-1,-208-1-1
C. Hitchens,Portsmouth,Houston,1949-04-13,2011,1949-04-13,2011-12-15
C. v. Sigwart,Württemberg,Tübingen,1830-03-28,1904,1830-03-28,1904-08-04
C. v. Ehrenfels,Austrian Empire,Republic of Austria,1859-06-20,1932,1859-06-20,1932-9-8
C. Wolff,Wrocław,Halle,1679-01-24,1754,1679-01-24,1754-04-09
C. J. Kraus,Ducal Prussia,East Prussia,1753-07-27,1807,1753-07-27,1807-08-25
C. Garve,Wrocław,Breslau,1742-01-07,1798,1742-01-07,1798-12-01
C. Perelman,Warsaw,Belgium,1912-05-20,1984,1912-05-20,1984-01-22
C. Stevenson,Cincinnati,"Bennington, Vermont",1908-06-27,1979,1908-06-27,1979-03-14
C. Maurras,Bouches-du-Rhône,Tours,1868-04-20,1952,1868-04-20,1952-11-16
C. Fourier,France,France,1772-04-07,1837,1772-04-07,1837-10-10
C. Cooley,"Ann Arbor, Michigan","Ann Arbor, Michigan",1864-08-17,1929,1864-08-17,1929-05-07
C. B. Renouvier,Montpellier,"Prades, Pyrénées-Orientales",1815-01-01,1903,1815-01-01,1903-09-01
C. Perelman,Warsaw,Belgium,1912-05-20,1984,1912-05-20,1984-01-22
C. Mu,Jiangsu Province,Taipei,1895-07-30,1990,1895-07-30,1990-08-30
C. Cremonini,Emilia-Romagna,Padua,1550-12-22,1631,1550-12-22,1631-07-19
Carneades,"Cyrene, Libya",Athens,-214-1-1,-128,-214-1-1,-0128-11-05
C. M. Gaite,Salamanca,Madrid,1925-12-08,2000,1925-12-08,2000-07-23
C. Stumpf,Wiesentheid,Berlin,1848-04-21,1936,1848-04-21,1936-12-25
C. Schmitt,Kingdom of Prussia,North Rhine-Westphalia,1888-07-11,1985,1888-07-11,1985-04-07
C. G. Hempel,German Empire,"Princeton, New Jersey",1905-01-08,1997,1905-01-08,1997-11-09
C. Baldi,Bologna,Bologna,1547-1-1,1637,1547-1-1,1637-03-24
C. E. M. Joad,"Durham, England",London,1891-08-12,1953,1891-08-12,1953-04-09
C. D. Broad,Middlesex,Cambridge,1887-12-30,1971,1887-12-30,1971-03-11
B. Dreben,Boston,Boston,1927-09-27,1999,1927-09-27,1999-07-11
B. Leoni,Ancona,Italy,1913-04-25,1967,1913-04-25,1967-11-21
B. Bauer,Saxe-Altenburg,German Empire,1809-09-06,1882,1809-09-06,1882-04-13
B. Blanshard,"Fredericksburg, Ohio","New Haven, Connecticut",1892-08-27,1987,1892-08-27,1987-11-19
B. Echeverría,Ecuador,Mexico,1941-01-31,2010,1941-01-31,2010-06-05
Boethius,Odoacer,Ostrogothic Kingdom,480-1-1,524,480-1-1,524-0-0
B. Pascal,Clermont-Ferrand,Paris,1623-06-19,1662,1623-06-19,1662-08-19
B. Spaventa,"Bomba, Abruzzo",Naples,1817-06-26,1883,1817-06-26,1883-09-20
B. d. Jouvenel,Paris,Paris,1903-10-31,1987,1903-10-31,1987-03-01
B. Russell,United Kingdom,United Kingdom,1872-05-18,1970,1872-05-18,1970-02-02
B. Williams,Westcliff-on-Sea,Rome,1929-09-21,2003,1929-09-21,2003-06-10
B. Mandeville,Rotterdam,London Borough of Hackney,1670-11-15,1733,1670-11-15,1733-01-21
B. Gert,Cincinnati,"Chapel Hill, North Carolina",1934-10-16,2011,1934-10-16,2011-12-24
B. Bosanquet,Alnwick,London,1848-06-14,1923,1848-06-14,1923-02-08
B. Bolzano,Kingdom of Bohemia,Kingdom of Bohemia,1781-10-05,1848,1781-10-05,1848-12-18
B. Lévy,Cairo,Israel,1945-08-28,2003,1945-08-28,2003-10-15
B. Kerry,Vienna,Vienna,1858-12-11,1889,1858-12-11,1889-5-20
B. Bastami,Bastam,Bastam,804-1-1,874,804-1-1,874-1-1
B. Spinoza,Amsterdam,Dutch Republic,1632-11-24,1677,1632-11-24,1677-02-21
B. d'Holbach,Palatinate region,Paris,1723-12-8,1789,1723-12-8,1789-01-21
B. Skarga,Poland,Poland,1919-10-25,2009,1919-10-25,2009-09-18
B. Hebraeus,Malatya,Persia,1226-1-1,1286,1226-1-1,1286-7-30
