col0,col1,col2,col3,col4,col5,col6
Baltasar Lopes da Silva,"São Nicolau, Cape Verde",Cape Verde,1907-04-23,1989,1907-04-23,1989-05-28
B. Gracián,"Belmonte, Zaragoza",Aragon,1601-01-08,1658,1601-01-08,1658-12-06
Averroes,Al-Andalus,Almohad Caliphate,1126-04-14,1198,1126-04-14,1198-12-10
A. Kolnai,Austria-Hungary,England,1900-12-05,1973,1900-12-05,1973-06-28
A. Wróblewski,Russian Empire,Russian Empire,1866-07-20,1913,1866-07-20,1913-07-20
A. D. Noce,Kingdom of Italy,Italy,1910-08-11,1989,1910-08-11,1989-12-30
A. Comte,French First Republic,Paris,1798-01-19,1857,1798-01-19,1857-09-05
A. W. Schlegel,Hanover,Bonn,1767-09-08,1845,1767-09-08,1845-05-12
A. Schleicher,Meiningen,Thuringia,1821-02-19,1868,1821-02-19,1868-12-6
A. L. Hülsen,Aken,Stechow-Ferchesar,1765-03-03,1809,1765-03-03,1809-09-24
A. Leskien,Kiel,Leipzig,1840-07-08,1916,1840-07-08,1916-09-20
Ata ibn Abi Rabah,Yemen,Mecca,647-0-0,114,647-0-0,732-0-0
