col0,col1,col2,col3,col4,col5,col6
A. Schopenhauer,Gdańsk,Frankfurt,1788-02-22,1860,1788-02-22,1860-09-21
A. Prior,New Zealand,Trondheim,1914-12-04,1969,1914-12-04,1969-10-06
A. Drews,Uetersen,Nazi Germany,1865-11-01,1935,1865-11-01,1935-07-19
A. Danto,"Ann Arbor, Michigan",New York City,1924-01-01,2013,1924-01-01,2013-10-25
A. Keyserling,Hamburg,Matrei am Brenner,1922-02-09,2005,1922-02-09,2005-09-07
A. Næss,Slemdal,Oslo,1912-01-27,2009,1912-01-27,2009-01-12
Arnaldus de Villa Nova,Villanueva de Jiloca,Genoa,1240-1-1,1311,1240-1-1,1311-0-0
Aristotle,Greece,Chalcis,-383-1-1,-322,-383-1-1,-321-1-1
Aristippus,"Cyrene, Libya","Cyrene, Libya",-434-1-1,-356,-434-1-1,-355-1-1
A. o. Caesarea,Patras,Kayseri,860-1-1,939,860-1-1,935-1-1
A. Denkel,Ankara,Constantinople,1949-07-06,2000,1949-07-06,2000-05-21
Archytas,Magna Graecia,Taranto,-428-0-0,-347,-428-0-0,-347-0-0
Arcesilaus,Aeolis,Athens,-315-1-1,241,-315-1-1,-240-1-1
A. o. Tyana,Tyana,Pozzuoli,2-1-1,1,2-1-1,98-1-1
A. Shakra,Safed,Amman,1908-04-22,1992,1908-04-22,1992-04-01
A. Saadeh,Lebanon,Beirut,1904-03-01,1949,1904-03-01,1949-07-08
A. Flew,England,England,1923-02-11,2010,1923-02-11,2010-04-08
A. Rosmini-Serbati,Holy Roman Empire,Kingdom of Sardinia,1797-03-24,1855,1797-03-24,1855-07-01
A. Millán-Puelles,Alcalá de los Gazules,Madrid,1921-02-11,2005,1921-02-11,2005-03-22
A. Labriola,Papal States,Kingdom of Italy,1843-07-02,1904,1843-07-02,1904-02-12
A. Gramsci,Kingdom of Italy,Kingdom of Italy,1891-01-22,1937,1891-01-22,1937-04-27
A. Marty,Switzerland,Austria-Hungary,1847-10-18,1914,1847-10-18,1914-10-01
Antoine Blanc de Saint-Bonnet,Lyon,Lyon,1815-01-28,1880,1815-01-28,1880-06-08
A. Ludovici,England,England,1882-01-08,1971,1882-01-08,1971-05-03
A. Collins,Middlesex,London,1676-06-21,1729,1676-06-21,1729-12-13
A. Baier,New Zealand,New Zealand,1929-10-11,2012,1929-10-11,2012-11-02
A. Tymieniecka,"Marianowo, West Pomeranian Voivodeship",New Hampshire,1923-02-28,2014,1923-02-28,2014-06-07
A. Gorz,Vienna,Vosnon,1923-02-09,2007,1923-02-09,2007-09-22
A. Glucksmann,Boulogne-Billancourt,Paris,1937-06-19,2015,1937-06-19,2015-11-10
A. Gorz,Vienna,Vosnon,1923-02-09,2007,1923-02-09,2007-09-22
