col0,col1,col2,col3,col4,col5,col6
A. Glucksmann,Boulogne-Billancourt,Paris,1937-06-19,2015,1937-06-19,2015-11-10
A. Chydenius,Sweden,Finland,1729-02-26,1803,1729-02-26,1803-02-01
Anaxagoras,Clazomenae,Lampsacus,-496-1-1,-428,-496-1-1,-428-1-1
A. A. Islahi,Azamgarh,Lahore,1904-1-1,1997,1904-1-1,1997-1-1
A. Gotthelf,Brooklyn,Philadelphia,1942-12-30,2013,1942-12-30,2013-08-30
A. Bloom,Indianapolis,Chicago,1930-09-14,1992,1930-09-14,1992-10-07
A. Sidney,Baynard's Castle,Tower Hill,1623-1-15,1683,1623-1-15,1683-12-07
A. N. Whitehead,Kent,"Cambridge, Massachusetts",1861-02-15,1947,1861-02-15,1947-12-30
A. E. Taylor,Oundle,Edinburgh,1869-12-22,1945,1869-12-22,1945-10-31
A. Meinong,Lviv,Graz,1853-07-17,1920,1853-07-17,1920-11-27
A. d. Tocqueville,Paris,Cannes,1805-07-29,1859,1805-07-29,1859-04-16
A. Koyré,Russian Empire,France,1892-08-29,1964,1892-08-29,1964-04-28
A. Kojève,Moscow,Belgium,1902-04-28,1968,1902-04-28,1968-06-04
A. Spirkin,Saratov Oblast,Moscow,1918-12-24,2004,1918-12-24,2004-06-28
A. Piatigorsky,Moscow,London,1929-01-30,2009,1929-01-30,2009-10-25
A. Herzen,Imperial Russia,Paris,1812-04-06,1870,1812-04-06,1870-01-21
A. G. Baumgarten,Berlin,Frankfurt,1714-0-0,1762,1714-0-0,1762-0-0
A. Losev,Novocherkassk,Moscow,1893-09-23,1988,1893-09-23,1988-05-24
A. Korn,"San Vicente, Buenos Aires",Argentina,1860-05-03,1936,1860-05-03,1936-10-09
A. Capitini,Perugia,Perugia,1899-12-23,1968,1899-12-23,1968-10-19
A. o. Saxony,Velpke,Halberstadt,1316-1-1,1390,1316-1-1,1390-07-08
