col0,col1,col2,col3,col4
K. Ji-sun,South Korea,Korea,1987-06-27,1987-06-27
K. Eun-jung,Korea,Uiseong County,1990-11-29,1990-11-29
K. Dolan,Prince Edward Island,Charlottetown,1958-04-12,1958-04-12
K. Park,"Hythe, Alberta",Edmonton,1964-09-02,1964-09-02
K. Koe,Edmonton,Calgary,1975-01-11,1975-01-11
K. Galusha,"Yellowknife, Northwest Territories","Yellowknife, Northwest Territories",1977-11-03,1977-11-03
K. Einarson,"Gimli, Manitoba",East St. Paul,1987-10-03,1987-10-03
K. Lilly,Ontario,"Sudbury, Ontario",1991-06-18,1991-06-18
K. Scott,Manitoba,Kelowna,1977-06-01,1977-06-01
K. Mittelstadt,Alberta,"Halifax, Nova Scotia",1975-06-01,1975-06-01
K. Law,Burnaby,"New Westminster, British Columbia",1966-01-11,1966-01-11
K. Hakunti,Helsinki,"Lohja, Finland",1988-11-17,1988-11-17
K. Lavoie,Ontario,"Thunder Bay, Ontario",1977-12-25,1977-12-25
K. Hennigar,"Halifax, Nova Scotia","Truro, Nova Scotia",1953-02-28,1953-02-28
K. V. Osch,Nanaimo,Nanaimo,1993-10-08,1993-10-08
K. Lawes,Manitoba,Manitoba,1988-12-16,1988-12-16
J. Tippin,Quebec,"Woodstock, Ontario",1983-08-16,1983-08-16
J. Hastings,Ontario,Ontario,1975-09-05,1975-09-05
J. Devereaux,"St. John's, Newfoundland and Labrador","St. John's, Newfoundland and Labrador",1989-01-15,1989-01-15
J. Pinder,"Miramichi, New Brunswick","Lower Sackville, Nova Scotia",1984-04-24,1984-04-24
J. Mead,Saskatchewan,Winnipeg,1967-04-10,1967-04-10
J. Campbell,"Saskatoon, Saskatchewan","Regina, Saskatchewan",1981-08-12,1981-08-12
J. Frederiksen,Rødovre,Hvidovre,1975-07-31,1975-07-31
J. Shuster,Minnesota,"Duluth, Minnesota",1982-11-3,1982-11-3
J. Morris,Manitoba,Chestermere,1978-12-16,1978-12-16
J. Landsteiner,"Mankato, Minnesota","Duluth, Minnesota",1990-05-19,1990-05-19
J. Epping,"Peterborough, Ontario",Toronto,1983-03-20,1983-03-20
J. Benton,"Stillwater, Minnesota","St. Paul, Minnesota",1969-06-23,1969-06-23
J. Jordison,Saskatchewan,Saskatchewan,1978-03-11,1978-03-11
J. Polo,"Duluth, Minnesota",Bemidji Curling Club,1982-12-10,1982-12-10
J. Frans,"Grimsby, Ontario","Ingersoll, Ontario",1975-07-01,1975-07-01
J. deSolla,Montreal,"Oromocto, New Brunswick",1982-04-11,1982-04-11
J. Peterman,"Red Deer, Alberta","Calgary, Alberta",1993-09-23,1993-09-23
J. Courtney,Alberta,Ottawa,1989-03-07,1989-03-07
J. Rizzo,Zweibrücken,"Coldwater, Ontario",1965-06-01,1965-06-01
J. Snítil,Czechoslovakia,Brno,1975-02-24,1975-02-24
J. Cotter,British Columbia,"Vernon, British Columbia",1974-10-15,1974-10-15
J. Thurston,Manitoba,Granite Curling Club,1971-12-02,1971-12-02
J. Officer,Manitoba,Manitoba,1975-06-02,1975-06-02
J. Brothers,"Liverpool, Nova Scotia",Halifax Regional Municipality,1983-05-20,1983-05-20
J. Snítil,Czechoslovakia,Brno,1975-02-24,1975-02-24
J. Kaufman,Alberta,"Edmonton, Alberta",1988-08-24,1988-08-24
J. Schultz,"Anchorage, Alaska",St. Paul Curling Club,1985-01-02,1985-01-02
J. Mair,Alberta,Saville Sports Centre,1984-05-14,1984-05-14
J. Jones,Manitoba,Manitoba,1974-07-07,1974-07-07
J. Gates,Ontario,Alberta,1990-04-22,1990-04-22
