col0,col1,col2,col3
Zürich,Zürich,871,91880000
Zweisimmen,Obersimmental-Saanen,2476,73100000
Zürich,Zürich,871,91880000
Yvonand,Jura-North Vaudois District,658,13380000
Wynigen,Emmental,850,28000000
Wolfershausen,Schwalm-Eder-Kreis,194,3690000
Winterthur,Winterthur,687,67930000
Welsberg-Taisten,South Tyrol,2687,46000000
Weiach,Dielsdorf district,615,9640000
Vuiteboeuf,Jura-North Vaudois District,1165,5030000
Vilters-Wangs,Sarganserland,2645,32700000
Vaz/Obervaz,Albula,2865,42450000
Vallorbe,Jura-North Vaudois District,1480,23180000
Unterems,Leuk,1200,1400000
Turtmann-Unterems,Leuk,1200,1400000
Tujetsch,Surselva,3327,134000000
Tredozio,Province of Forlì-Cesena,998,62400000
Trachselwald,Emmental,1200,15980000
Thun,Thun,1172,21600000
Teuffenthal,Thun,1396,4500000
St. Gallen,St. Gallen,1074,39410000
Sant'Anna Arresi,Province of South Sardinia,375,36700000
San Zeno Naviglio,Province of Brescia,60,6000000
San Cesario sul Panaro,Province of Modena,77,27400000
Saanen,Obersimmental-Saanen,2542,120060000
Rosenheim,List of German urban districts,470,37220000
"Root, Switzerland",Lucerne,891,8650000
Rocca d'Evandro,Province of Caserta,960,49400000
Ratingen-Lintorf,Ratingen,42,16850000
Rapperswil-Jona,See-Gaster,544,22170000
Randogne,Sierre,2995,16900000
Pully,Lavaux-Oron District,800,5910000
Prata di Pordenone,Province of Pordenone,50,22900000
Powder King Mountain Resort,British Columbia,1829,5970000
Paese,Province of Treviso,73,38000000
Ormont-Dessus,Aigle,3209,61650000
Odalengo Piccolo,Province of Alessandria,414,7630000
Obersiggenthal,Baden,618,8360000
Oberrohrdorf,Baden,702,4300000
Mount Baldy Ski Area,British Columbia,180,2023428
Motteggiana,Province of Mantua,26,24600000
"Mollens, Valais",Sierre,3177,32500000
"Mex, Valais",Saint-Maurice,3180,7900000
Metzerlen-Mariastein,Dorneck,875,8490000
Mellingen,Baden,445,4860000
Maienfeld,Landquart,2574,32340000
Lusciano,Province of Caserta,50,4000000
Lucerne,Lucerne,800,37400000
Les Bois,Franches-Montagnes,1119,24700000
Lausanne,Lausanne,929,41370000
Langnau im Emmental,Emmental,1332,48000000
Kimberley Alpine Resort,British Columbia,1982,7280000
Kandersteg,Frutigen-Niedersimmental,3698,133900000
"Höfen, Thun",Thun,833,4620000
"Hochdorf, Lucerne",Hochdorf,513,9600000
Hasle bei Burgdorf,Emmental,918,21890000
Harper Mountain,British Columbia,1524,1220000
Hanhofen,Rhein-Pfalz-Kreis,107,5800000
"Höfen, Thun",Thun,833,4620000
Gränichen,Aarau,615,17210000
Gebenstorf,Baden,561,5640000
Fribourg,Sarine,702,9320000
Frauenfeld,Frauenfeld,593,27400000
Evolène,Hérens,4357,209900000
Estavayer-le-Lac,Broye,489,6410000
Entracque,Province of Cuneo,3297,159900000
Embrach,Bülach,609,12720000
Elsau,Winterthur,610,8060000
Elgg,Winterthur,825,15530000
Cuneo,Province of Cuneo,615,119000000
Crissolo,Province of Cuneo,3841,48800000
Creazzo,Province of Vicenza,200,10000000
Chur,Plessur,1885,28010000
Charmey,Gruyère,2389,78440000
Catanzaro,Province of Catanzaro,342,102300000
Castione della Presolana,Province of Bergamo,2521,42600000
Canossa,Province of Reggio Emilia,689,53000000
Canosa di Puglia,Province of Barletta-Andria-Trani,249,149000000
Bütschwil-Ganterschwil,Toggenburg,942,21810000
Bütschwil,Toggenburg,942,13790000
"Büren, Solothurn",Dorneck,727,6230000
Bättwil,Dorneck,530,1670000
Bäretswil,Hinwil,1074,22230000
Burtigny,Nyon District,896,5690000
"Buchs, St. Gallen",Werdenberg,2232,15950000
Brunslar,Melsungen,273,16410000
"Brunello, Lombardy",Province of Varese,423,1600000
Brugg,Brugg,516,5560000
Brittnau,Zofingen,614,13690000
Brienz,Interlaken-Oberhasli,2928,48000000
Brescia,Province of Brescia,874,90300000
Bremgarten bei Bern,Bern-Mittelland,589,1900000
"Bremgarten, Aargau",Bremgarten,475,8020000
Brembilla,Province of Bergamo,1400,20000000
Bognanco,Province of Verbano-Cusio-Ossola,2173,58100000
Bevaix,Boudry,1335,10760000
Bettringen,Schwäbisch Gmünd,549,10860000
Bern,Bern-Mittelland,674,51600000
Bergeggi,Province of Savona,110,3700000
Beatenberg,Interlaken,2063,29200000
Barlassina,Province of Monza and Brianza,300,2900000
Bagnaria Arsa,Province of Udine,22,19100000
Bad Homburg vor der Höhe,Hochtaunuskreis,250,51170000
Bad Godesberg,Bonn,195,31970000
Bütschwil-Ganterschwil,Toggenburg,942,21810000
Bütschwil,Toggenburg,942,13790000
"Büren, Solothurn",Dorneck,727,6230000
