"Position","Film","Points","Link"
"1","My Love Ð\u009CÐ¾Ñ\u008F Ð»Ñ\u008EÐ±Ð¾Ð²Ñ\u008C (Moya lyubov)","110","[4]"
"2","Zhiharka Ð\u0096Ð¸Ñ Ð°Ñ\u0080ÐºÐ°","80","[5]"
"3","Lavatory Lovestory Ð£Ð±Ð¾Ñ\u0080Ð½Ð°Ñ\u008F Ð¸Ñ\u0081Ñ\u0082Ð¾Ñ\u0080Ð¸Ñ\u008F - Ð\u009BÑ\u008EÐ±Ð¾Ð²Ð½Ð°Ñ\u008F Ð¸Ñ\u0081Ñ\u0082Ð¾Ñ\u0080Ð¸Ñ\u008F (Ubornaya istoriya - Lyubovnaya istoriya)","59","[6]"
"4","Foolish Girl Ð\u0094ÐµÐ²Ð¾Ñ\u0087ÐºÐ° Ð´Ñ\u0083Ñ\u0080Ð° (Devochka dura)","42","[7]"
"5","The King Forgets Ð\u009AÐ¾Ñ\u0080Ð¾Ð»Ñ\u008C Ð·Ð°Ð±Ñ\u008BÐ²Ð°ÐµÑ\u0082 (Korol zabyvayet)","34","[8]"
"6","Kolobok Ð\u009AÐ¾Ð»Ð¾Ð±Ð¾Ðº","30","[9]"
"7","Once There Lived a Secretary of Defence Ð\u0096Ð¸Ð» Ð¼Ð¸Ð½Ð¸Ñ\u0081Ñ\u0082Ñ\u0080 Ð¾Ð±Ð¾Ñ\u0080Ð¾Ð½Ñ\u008B (Zhil ministr oborony)","22","[10]"
"8","Bear Stories Ð\u009CÐµÐ´Ð²ÐµÐ¶Ñ\u008CÐ¸ Ð¸Ñ\u0081Ñ\u0082Ð¾Ñ\u0080Ð¸Ð¸ (Medvezhyi istroriyi)","19","[11]"
"9","The Snow Maiden Ð¡Ð½ÐµÐ³Ñ\u0083Ñ\u0080Ð¾Ñ\u0087ÐºÐ° (Snegurochka)","17","[12]"
"10","Mother and Music Ð\u009CÐ°Ñ\u0082Ñ\u008C Ð¸ Ð¼Ñ\u0083Ð·Ñ\u008BÐºÐ° (Mat i muzyka)","15","[13]"
"11","Little Havroshechka (Mikhaylova) Ð\u009AÑ\u0080Ð¾Ñ\u0088ÐµÑ\u0087ÐºÐ° Ð¥Ð°Ð²Ñ\u0080Ð¾Ñ\u0088ÐµÑ\u0087ÐºÐ° (Kroshechka khavroshechka)","9","[14]"
"12","The Little Fish Ð Ñ\u008BÐ±ÐºÐ° (Rybka)","9","[15]"
"13","Tales of an Old Piano Ð¡ÐºÐ°Ð·ÐºÐ¸ Ñ\u0081Ñ\u0082Ð°Ñ\u0080Ð¾Ð³Ð¾ Ð¿Ð¸Ð°Ð½Ð¸Ð½Ð¾ (Skazki starovo pianino)","8","[16]"
"14","Little Havroshechka (Korzhnyova) Ð\u009AÑ\u0080Ð¾Ñ\u0088ÐµÑ\u0087ÐºÐ° Ð¥Ð°Ð²Ñ\u0080Ð¾Ñ\u0088ÐµÑ\u0087ÐºÐ° (Kroshechka khavroshechka)","8","[17]"
"15","Masquerade Ð\u009CÐ°Ñ\u0081ÐºÐ°Ñ\u0080Ð°Ð´ (Maskarad)","6","[18]"
"16","Sarah's Tale Ð¡ÐºÐ°Ð·ÐºÐ° Ð¡Ð°Ñ\u0080Ñ\u008B (Skazka Sary)","5","[19]"
"17","Cuban Lullaby Ð\u009AÑ\u0083Ð±Ð¸Ð½Ñ\u0081ÐºÐ°Ñ\u008F ÐºÐ¾Ð»Ñ\u008BÐ±ÐµÐ»Ñ\u008CÐ½Ð°Ñ\u008F (Kubinskaya kolybelnaya)","4","[20]"
"18","About the Bald Princess Ð\u009FÑ\u0080Ð¾ Ð»Ñ\u008BÑ\u0081Ñ\u0083Ñ\u008E Ð¿Ñ\u0080Ð¸Ð½Ñ\u0086ÐµÑ\u0081Ñ\u0081Ñ\u0083 (Pro lysuyu printsessu)","4","[21]"
"19","The Wielder of the Winged Hands Ð Ñ\u0083ÐºÐ¾ÐºÑ\u0080Ñ\u008BÐ»Ñ\u008BÐ¹ (Rukokrylyy)","3","[22]"
"20","Heart of the Beast Ð¡ÐµÑ\u0080Ð´Ñ\u0086Ðµ Ð·Ð²ÐµÑ\u0080Ñ\u008F (Serdtse zverya)","3","[23]"
"21","Ryaba Ð Ñ\u008FÐ±Ð°","3","[24]"
"22","Fantasia About a Dead Man to the Music of Beethoven Ð¤Ð°Ð½Ñ\u0082Ð°Ð·Ð¸Ñ\u008F Ð¾ Ð¼Ñ\u0091Ñ\u0080Ñ\u0082Ð²Ð¾Ð¼ Ñ\u0087ÐµÐ»Ð¾Ð²ÐµÐºÐµ Ð½Ð° Ð¼Ñ\u0083Ð·Ñ\u008BÐºÑ\u0083 Ð\u0091ÐµÑ\u0082Ñ Ð¾Ð²ÐµÐ½Ð° (Fantaziya o myortvom cheloveke na muzyku Betkhovena)","2","[25]"
"23","The Magic Booth Ð\u0092Ð¾Ð»Ñ\u0088ÐµÐ±Ð½Ð°Ñ\u008F Ð»Ð°Ð²ÐºÐ° (Volshebnaya lavka)","1","[26]"
"24","Unbendable Chen Ð\u009DÐµÑ\u0081Ð³Ð¸Ð±Ð°Ñ\u008FÐ¼Ñ\u008BÐ¹ Ð§ÐµÐ½ (Nesgibayemyy Chen)","1","[27]"

