"Best Cinematography","Best Editing"
"The Colour of the Clouds â\u0080\u0093 Jaume Peracaula The Chambermaid on the Titanic â\u0080\u0093 Patrick Blossier In Praise of Older Women â\u0080\u0093 JosÃ© Luis Alcaine","Airbag â\u0080\u0093 Pablo Blanco The Colour of the Clouds â\u0080\u0093 JosÃ© MarÃ­a Biurrun Secrets of the Heart â\u0080\u0093 Rosario SÃ¡inz de Rozas"
"Best Art Direction","Best Production Supervision"
"Secrets of the Heart â\u0080\u0093 FÃ©lix Murcia The Colour of the Clouds â\u0080\u0093 Antonio CortÃ©s In Praise of Older Women â\u0080\u0093 Baltasar Gallart and Josep Rosell","Perdita Durango â\u0080\u0093 JosÃ© Luis Escolar The Chambermaid on the Titanic â\u0080\u0093 Roberto Manni Comanche Territory â\u0080\u0093 Yousaf Bokhari"
"Best Sound","Best Special Effects"
"Secrets of the Heart â\u0080\u0093 Gilles Ortion, Alfonso Pino and Bela MarÃ­a da Costa El Tiempo de la Felicidad â\u0080\u0093 Daniel Goldstein, Ricardo Steinberg and Eduardo FernÃ¡ndez MartÃ­n (hache) â\u0080\u0093 Daniel Goldstein, Ricardo Steinberg, Carlos Garrido and Ã\u0081ngel Gallardo","Airbag â\u0080\u0093 Juan RamÃ³n Molina The Chambermaid on the Titanic â\u0080\u0093 Roberto Ricci Territorio comanche â\u0080\u0093 Reyes Abades and Emilio Ruiz"
"Best Costume Design","Best Makeup and Hairstyles"
"The Chambermaid on the Titanic â\u0080\u0093 Franca Squarciapino Perdita Durango â\u0080\u0093 MarÃ­a Estela FernÃ¡ndez and Glenn Ralston The Disappearance of Garcia Lorca â\u0080\u0093 LeÃ³n Revuelta","Perdita Durango â\u0080\u0093 JosÃ© QuetglÃ¡s and Mercedes Guillot The Disappearance of Garcia Lorca â\u0080\u0093 Miguel SesÃ© and Francisca Guillot La herida luminosa â\u0080\u0093 CristÃ³bal Criado and Alicia LÃ³pez Medina"
"Best Fictional Short Film","Best Original Score"
"Cazadores Campeones En Medio de Ninguna Parte Hola MamÃ¡ Pasaia","Lucky Star â\u0080\u0093 Eva Gancedo Perdita Durango â\u0080\u0093 Simon Boswell Tic tac â\u0080\u0093 JosÃ© Manuel PagÃ¡n"

