col0,col1,col2,col3,col4,col5
Roman Catholic Diocese of Iesi,Roman Catholic Archdiocese of Ancona-Osimo,Roman Catholic Archdiocese of Ancona-Osimo,Roman Catholic Archdiocese of Ancona-Osimo,315000000,315000000
Roman Catholic Diocese of Idah,Roman Catholic Archdiocese of Abuja,Roman Catholic Archdiocese of Abuja,Roman Catholic Archdiocese of Abuja,12898000000,12898000000
Roman Catholic Diocese of Ica,Roman Catholic Archdiocese of Lima,Roman Catholic Archdiocese of Lima,Roman Catholic Archdiocese of Lima,21305000000,21305000000
Roman Catholic Diocese of Iba,Archdiocese of San Fernando,Archdiocese of San Fernando,Archdiocese of San Fernando,3642000000,3642000000
Roman Catholic Diocese of Iași,Roman Catholic Archdiocese of Bucharest,Roman Catholic Archdiocese of Bucharest,Roman Catholic Archdiocese of Bucharest,46378000000,46378000000
Roman Catholic Diocese of Hải Phòng,Roman Catholic Archdiocese of Hanoi,Roman Catholic Archdiocese of Hanoi,Roman Catholic Archdiocese of Hanoi,10000000000,10000000000
Roman Catholic Diocese of Hưng Hóa,Roman Catholic Archdiocese of Hanoi,Roman Catholic Archdiocese of Hanoi,Roman Catholic Archdiocese of Hanoi,54351000000,54351000000
Roman Catholic Diocese of Hyderabad in Pakistan,Roman Catholic Archdiocese of Karachi,Roman Catholic Archdiocese of Karachi,Roman Catholic Archdiocese of Karachi,137386000000,137386000000
Roman Catholic Diocese of Hwange,Roman Catholic Archdiocese of Bulawayo,Roman Catholic Archdiocese of Bulawayo,Roman Catholic Archdiocese of Bulawayo,43427000000,43427000000
Roman Catholic Diocese of Hwalien,Roman Catholic Archdiocese of Taipei,Roman Catholic Archdiocese of Taipei,Roman Catholic Archdiocese of Taipei,8144000000,8144000000
Roman Catholic Diocese of Hvar-Brač-Vis,Roman Catholic Archdiocese of Split-Makarska,Roman Catholic Archdiocese of Split-Makarska,Roman Catholic Archdiocese of Split-Makarska,807000000,807000000
Roman Catholic Diocese of Huánuco,Roman Catholic Archdiocese of Huancayo,Roman Catholic Archdiocese of Huancayo,Roman Catholic Archdiocese of Huancayo,44000000000,44000000000
Roman Catholic Diocese of Humaitá,Roman Catholic Archdiocese of Porto Velho,Roman Catholic Archdiocese of Porto Velho,Roman Catholic Archdiocese of Porto Velho,109000000000,109000000000
Roman Catholic Diocese of Huesca,Roman Catholic Archdiocese of Zaragoza,Roman Catholic Archdiocese of Zaragoza,Roman Catholic Archdiocese of Zaragoza,4728000000,4728000000
Roman Catholic Diocese of Huelva,Roman Catholic Archdiocese of Seville,Roman Catholic Archdiocese of Seville,Roman Catholic Archdiocese of Seville,10085000000,10085000000
Roman Catholic Diocese of Huejutla,Roman Catholic Archdiocese of Tulancingo,Roman Catholic Archdiocese of Tulancingo,Roman Catholic Archdiocese of Tulancingo,6013952392,6013952392
Roman Catholic Diocese of Huehuetenango,Roman Catholic Archdiocese of Los Altos Quetzaltenango-Totonicapán,Roman Catholic Archdiocese of Los Altos Quetzaltenango-Totonicapán,Roman Catholic Archdiocese of Los Altos Quetzaltenango-Totonicapán,7400000000,7400000000
Roman Catholic Diocese of Huarí,Roman Catholic Archdiocese of Trujillo,Roman Catholic Archdiocese of Trujillo,Roman Catholic Archdiocese of Trujillo,23000000000,23000000000
Roman Catholic Diocese of Huaraz,Roman Catholic Archdiocese of Trujillo,Roman Catholic Archdiocese of Trujillo,Roman Catholic Archdiocese of Trujillo,13818000000,13818000000
Roman Catholic Diocese of Huarí,Roman Catholic Archdiocese of Trujillo,Roman Catholic Archdiocese of Trujillo,Roman Catholic Archdiocese of Trujillo,23000000000,23000000000
Roman Catholic Diocese of Huancavélica,Roman Catholic Archdiocese of Ayacucho,Roman Catholic Archdiocese of Ayacucho,Roman Catholic Archdiocese of Ayacucho,21078000000,21078000000
Roman Catholic Diocese of Huajuapan de León,Roman Catholic Archdiocese of Puebla de los Angeles,Roman Catholic Archdiocese of Puebla de los Angeles,Roman Catholic Archdiocese of Puebla de los Angeles,26008660603,26008660603
Roman Catholic Diocese of Huánuco,Roman Catholic Archdiocese of Huancayo,Roman Catholic Archdiocese of Huancayo,Roman Catholic Archdiocese of Huancayo,44000000000,44000000000
Roman Catholic Diocese of Hsinchu,Roman Catholic Archdiocese of Taipei,Roman Catholic Archdiocese of Taipei,Roman Catholic Archdiocese of Taipei,4750000000,4750000000
Roman Catholic Diocese of Hpa-an,Roman Catholic Archdiocese of Yangon,Roman Catholic Archdiocese of Yangon,Roman Catholic Archdiocese of Yangon,30164000000,30164000000
Roman Catholic Diocese of Honolulu,Roman Catholic Archdiocese of San Francisco,Roman Catholic Archdiocese of San Francisco,Roman Catholic Archdiocese of San Francisco,16666573490,16666573490
Roman Catholic Diocese of Holguín,Roman Catholic Archdiocese of Santiago de Cuba,Roman Catholic Archdiocese of Santiago de Cuba,Roman Catholic Archdiocese of Santiago de Cuba,14089000000,14089000000
Roman Catholic Diocese of Hiroshima,Roman Catholic Archdiocese of Osaka,Roman Catholic Archdiocese of Osaka,Roman Catholic Archdiocese of Osaka,3180000000,3180000000
Roman Catholic Diocese of Hinche,Roman Catholic Archdiocese of Cap-Haïtien,Roman Catholic Archdiocese of Cap-Haïtien,Roman Catholic Archdiocese of Cap-Haïtien,3000000000,3000000000
Roman Catholic Diocese of Hildesheim,Roman Catholic Archdiocese of Hamburg,Roman Catholic Archdiocese of Hamburg,Roman Catholic Archdiocese of Hamburg,30000000000,30000000000
Roman Catholic Diocese of Hexham and Newcastle,Roman Catholic Archdiocese of Liverpool,Roman Catholic Archdiocese of Liverpool,Roman Catholic Archdiocese of Liverpool,8438000000,8438000000
Roman Catholic Diocese of Hengzhou,Roman Catholic Archdiocese of Changsha,Roman Catholic Archdiocese of Changsha,Roman Catholic Archdiocese of Changsha,30000000000,30000000000
Roman Catholic Diocese of Helena,List of the Roman Catholic dioceses of the United States,List of the Roman Catholic dioceses of the United States,List of the Roman Catholic dioceses of the United States,134477362664,134477362664
Roman Catholic Diocese of Hearst,Ontario,Ontario,Ontario,108830000000,108830000000
Roman Catholic Diocese of Hazaribag,Roman Catholic Archdiocese of Ranchi,Roman Catholic Archdiocese of Ranchi,Roman Catholic Archdiocese of Ranchi,21213000000,21213000000
Roman Catholic Diocese of Hasselt,Roman Catholic Archdiocese of Mechelen-Brussels,Roman Catholic Archdiocese of Mechelen-Brussels,Roman Catholic Archdiocese of Mechelen-Brussels,2422000000,2422000000
Roman Catholic Diocese of Harrisburg,Archdiocese of Philadelphia,Archdiocese of Philadelphia,Archdiocese of Philadelphia,19839308925,19839308925
Roman Catholic Diocese of Hamhung,Roman Catholic Archdiocese of Seoul,Roman Catholic Archdiocese of Seoul,Roman Catholic Archdiocese of Seoul,49375000000,49375000000
Roman Catholic Diocese of Hallam,Roman Catholic Archdiocese of Liverpool,Roman Catholic Archdiocese of Liverpool,Roman Catholic Archdiocese of Liverpool,1030000000,1030000000
Roman Catholic Diocese of Hakha,Archdiocese of Mandalay,Archdiocese of Mandalay,Archdiocese of Mandalay,27516000000,27516000000
Roman Catholic Diocese of Haimen,Roman Catholic Archdiocese of Nanjing,Roman Catholic Archdiocese of Nanjing,Roman Catholic Archdiocese of Nanjing,13500000000,13500000000
Roman Catholic Diocese of Hải Phòng,Roman Catholic Archdiocese of Hanoi,Roman Catholic Archdiocese of Hanoi,Roman Catholic Archdiocese of Hanoi,10000000000,10000000000
Roman Catholic Diocese of Hưng Hóa,Roman Catholic Archdiocese of Hanoi,Roman Catholic Archdiocese of Hanoi,Roman Catholic Archdiocese of Hanoi,54351000000,54351000000
Roman Catholic Diocese of Görlitz,Roman Catholic Archdiocese of Berlin,Roman Catholic Archdiocese of Berlin,Roman Catholic Archdiocese of Berlin,9700000000,9700000000
Roman Catholic Diocese of Gómez Palacio,Roman Catholic Archdiocese of Durango,Roman Catholic Archdiocese of Durango,Roman Catholic Archdiocese of Durango,19111522266,19111522266
Roman Catholic Diocese of Győr,Roman Catholic Archdiocese of Esztergom-Budapest,Roman Catholic Archdiocese of Esztergom-Budapest,Roman Catholic Archdiocese of Esztergom-Budapest,5099686589,5099686589
Roman Catholic Diocese of Gweru,Roman Catholic Archdiocese of Bulawayo,Roman Catholic Archdiocese of Bulawayo,Roman Catholic Archdiocese of Bulawayo,29158000000,29158000000
Roman Catholic Diocese of Gwalior,Roman Catholic Archdiocese of Bhopal,Roman Catholic Archdiocese of Bhopal,Roman Catholic Archdiocese of Bhopal,33583000000,33583000000
Roman Catholic Diocese of Gurk,Roman Catholic Archdiocese of Salzburg,Roman Catholic Archdiocese of Salzburg,Roman Catholic Archdiocese of Salzburg,9533000000,9533000000
Roman Catholic Diocese of Guntur,Roman Catholic Archdiocese of Visakhapatnam,Roman Catholic Archdiocese of Visakhapatnam,Roman Catholic Archdiocese of Visakhapatnam,12803000000,12803000000
Roman Catholic Diocese of Gumla,Roman Catholic Archdiocese of Ranchi,Roman Catholic Archdiocese of Ranchi,Roman Catholic Archdiocese of Ranchi,5316000000,5316000000
Roman Catholic Diocese of Gumaca,Roman Catholic Archdiocese of Lipa,Roman Catholic Archdiocese of Lipa,Roman Catholic Archdiocese of Lipa,3666000000,3666000000
Roman Catholic Diocese of Gulbarga,Roman Catholic Archdiocese of Bangalore,Roman Catholic Archdiocese of Bangalore,Roman Catholic Archdiocese of Bangalore,38752000000,38752000000
Roman Catholic Diocese of Guide,Roman Catholic Archdiocese of Kaifeng,Roman Catholic Archdiocese of Kaifeng,Roman Catholic Archdiocese of Kaifeng,8000000000,8000000000
Roman Catholic Diocese of Gubbio,Roman Catholic Archdiocese of Perugia-Città della Pieve,Roman Catholic Archdiocese of Perugia-Città della Pieve,Roman Catholic Archdiocese of Perugia-Città della Pieve,900000000,900000000
Roman Catholic Diocese of Guaxupé,Roman Catholic Archdiocese of Pouso Alegre,Roman Catholic Archdiocese of Pouso Alegre,Roman Catholic Archdiocese of Pouso Alegre,13953000000,13953000000
