col0,col1,col2,col3,col4
Verticordia insignis subsp. eomagis,Verticordia insignis,Myrtaceae,P3,DECF
Verticordia fimbrilepis subsp. fimbrilepis,Verticordia fimbrilepis,Myrtaceae,EN,EPBC
Verticordia fimbrilepis subsp. australis,Verticordia fimbrilepis,Myrtaceae,VU,EPBC
Verticordia endlicheriana var. angustifolia,Verticordia endlicheriana,Myrtaceae,P3,DECF
Verticordia densiflora var. rosteostella,Verticordia densiflora,Myrtaceae,P3,DECF
Verticordia densiflora var. pedunculata,Verticordia densiflora,Myrtaceae,EN,EPBC
Taxus × media,Taxus cuspidata,Taxaceae,LR/lc,IUCN2.3
Sidalcea oregana var. calva,Sidalcea oregana,Malvaceae,LE,ESA
Sambucus racemosa subsp. racemosa,Sambucus racemosa,Adoxaceae,VU,IUCN2.3
Saint Helena olive,Extinction,Rhamnaceae,EX,iucn2.3
Oenothera deltoides subsp. howellii,Oenothera deltoides,Onagraceae,LE,ESA
Mauna Kea silversword,Argyroxiphium sandwicense,Asteraceae,CR,IUCN3.1
Lupinus latifolius var. barbatus,Lupinus latifolius,Fabaceae,G1,TNC
Lilium pardalinum subsp. pitkinense,Lilium pardalinum,Liliaceae,T1,TNC
Grevillea brachystylis subsp. grandis,Grevillea brachystylis,Proteaceae,CR,IUCN
Golden takin,Budorcas taxicolor,Bovidae,EN,iucn2.3
Eucalyptus scias subsp. apoda,Eucalyptus scias,Myrtaceae,VU,EPBC
Eucalyptus gunnii subsp. divaricata,Eucalyptus gunnii,Myrtaceae,EN,EPBC
Eriogonum longifolium var. gnaphalifolium,Eriogonum longifolium,Polygonaceae,LT,ESA
Endiandra muelleri subsp. bracteata,Endiandra muelleri,Lauraceae,EN,IUCN2.3
Cypripedium macranthum var. rebunense,Cypripedium macranthum,Orchidaceae,EN,iucn3.1
Cupressus arizonica var. glabra,Cupressus arizonica,Cupressaceae,NT,IUCN3.1
Calothamnus quadrifidus subsp. teretifolius,Calothamnus quadrifidus,Fabaceae,P4,DECF
Calothamnus quadrifidus subsp. asper,Calothamnus quadrifidus,Fabaceae,P2,DECF
Banksia sessilis var. cordata,Banksia sessilis,Proteaceae,P4,DECF
Athabasca rainbow trout,Oncorhynchus mykiss,Salmonidae,NE,iucn3.1
Argyroxiphium sandwicense subsp. macrocephalum,Argyroxiphium sandwicense,Asteraceae,VU,IUCN3.1
Acaciella angustissima var. suffrutescens,Acaciella angustissima,Fabaceae,G5,TNC
Abarema leucophylla var. vaupesensis,Abarema leucophylla,Fabaceae,VU,IUCN2.3
Abarema curvicarpa var. rodriguesii,Abarema curvicarpa,Fabaceae,VU,IUCN2.3
Abarema cochleata var. moniliformis,Abarema cochleata,Fabaceae,VU,IUCN2.3
Abarema alexandri var. troyana,Abarema alexandri,Fabaceae,NT,IUCN2.3
