col0,col1,col2,col3
Ẹni Ògún,W. Oguntokun,2014-07-19,Autobiographical works ofWole Soyinka
Zero Hour,J. Brochu,2006-07-07,The life and career of Zero Mostel
You Never Can Tell,G. B. Shaw,1899-11-26,A dentist falls in love and a family accidentally meet the father they have never known
Yentl,I. B. Singer,1975-10-23,"Gender roles, religion"
Yellow Jack,S. Howard,1934-03-06,MajorWalter Reedof the U.S. Army worked to diagnose and treatyellow fever(called “yellow jack”) in Cuba in 1898–1900
Yellow Fever,R. Shiomi,1982-12-01,Japanese Canadian Culture
Yellow Face,D. H. Hwang,2007-12-10,Culture/Race
Yajnaseni,S. Pokhrel,1916-10-02,"Marriage, womanhood, property, war, politics"
Woman in Mind,A. Ayckbourn,1985-05-30,"Madness, family neglect"
Widowers' Houses,G. B. Shaw,1892-12-09,An idealistic doctor finds his principles compromised
Who's Afraid of Virginia Woolf?,E. Albee,1962-10-13,Marital strife
Whenever,A. Ayckbourn,2000-12-05,Time travel
What the Butler Saw,J. Orton,1969-03-05,a couple succeed in extracurricular seductions and frantically try to hide their conquests
What Did We Do Wrong?,H. Denker,1967-10-09,generation gap
Wedding Bells,E. S. Field,1912-11-12,Divorce
Way Upstream,A. Ayckbourn,1981-10-02,Power struggles
Under Plain Cover,J. Osborne,1962-06-19,A young couple enjoy erotic role playing
Turandot,B. Brecht,1969-02-05,"Intellectuals,ideology,"
Trying,J. Glass,2004-03-29,Aging
Trelawny of the 'Wells',A. W. Pinero,1898-01-29,"theatre,class,love"
Travesties,T. Stoppard,1974-06-10,"An extravaganza of political history, literary pastiche, and Wildean parody, introducing Dadaist Tristan Tzara and Lenin his wife"
Toys in the Attic,L. Hellman,1960-02-25,A dysfunctional family
Too True to Be Good,G. B. Shaw,1932-02-29,A sick woman escapes to an exotic land
Tibet Through the Red Box,D. H. Hwang,2004-01-30,Family; Culture
Thunder Rock,R. Ardrey,1939-11-14,"World War II,American Isolationism"
This Is Where We Came In,A. Ayckbourn,1990-08-11,"Storytelling, re-inventing fairy tales"
Things We Do for Love,A. Ayckbourn,1997-04-29,Domestic Violence
Things That Go Bump,A. Ayckbourn,2008-05-27,"Various, all involving ghosts"
The Young Man from Atlanta,H. Foote,1995-01-27,Two parents attempt to cope with the death of their only son
The World of Paul Slickey,J. Osborne,1959-05-05,A gossip columnist encounters the absurdities of high-life
The Virtuous Island,J. Giraudoux,1935-11-21,Captain CookvisitsTahiti
The Underpants,S. Martin,2002-04-04,Die Hose byCarl Sternheim
The Trojan War Will Not Take Place,J. Giraudoux,1935-11-21,Trojan war
The Triumph of Love,P. d. Marivaux,1732-03-12,Love
The Trackers of Oxyrhynchus,T. Harrison,1988-07-12,Ichneutae
The TV Dinner Hour,R. O'Donnell,1987-03-10,American TV
The Speed of Darkness,S. Tesich,1989-04-24,Vietnam veterans
The Simpleton of the Unexpected Isles,G. B. Shaw,1935-02-18,Inhabitants of a newly formed island experiment with polygamy.
The Shewing-Up of Blanco Posnet,G. B. Shaw,1909-08-25,A man is saved from hanging by a prostitute
The Seven Year Itch,G. Axelrod,1952-11-20,Fidelity
The Secret River,A. Bovell,2013-01-08,The Secret River byKate Grenville
The River Niger,J. A. Walker,1972-12-05,a son returns home not the hero and militant anticipated
The Riots,G. Slovo,2011-11-22,Compiled from spoken evidence; interviews taken from different people directly and indirectly involved in the2011 England riots
The Rimers of Eldritch,L. Wilson,1966-07-13,A murder trial in a decaying Missouri town
The Rez Sisters,T. Highway,1986-11-26,Indian reserve life
The Real Thing,T. Stoppard,1982-11-16,"Love, reality versus fiction"
The Power of Yes,D. Hare,2009-10-06,Financial crisis of 2007
The Plough and the Stars,S. O'Casey,1926-02-08,Easter Rising
The Piano Lesson,A. Wilson,1987-11-26,The various members of an African-American family in the 1930s strive to overcome the past.
The Philanthropist,C. Hampton,1971-03-15,The Misanthrope
The Philanderer,G. B. Shaw,1905-02-20,A philandering young man encounters modern women
The Philadelphia Story,P. Barry,1939-03-28,"Love, marriage, divorce"
The Passion of Josef D.,P. Chayefsky,1964-02-11,Russian history
The Normal Heart,L. Kramer,1985-04-21,The rise of the HIV/AIDS crisis in New York City
The Musical Jigsaw Play,A. Ayckbourn,1994-12-01,interactive puzzle solving
The Music Cure,G. B. Shaw,1914-01-28,A weak-willed politician falls in love with a domineering pianist
The Miser,Molière,1668-09-09,Avarice
The Misanthrope,Molière,1666-06-04,Behavior of the aristocracy.
The Man with Blond Hair,N. Krasna,1941-11-04,Nazis
The Man of Destiny,G. B. Shaw,1897-07-01,A woman attempts to outwit Napoleon
The Man Who Stayed at Home,J. E. Harold Terry,1914-12-10,WWI espionage
The Madwoman of Chaillot,J. Giraudoux,1945-12-19,rights of the poor
The Long and the Short and the Tall,W. Hall,1959-01-07,Japanese InvasionofBritish MalayaduringWorld War II.
The Little Dog Laughed,D. C. Beane,2006-01-10,"Homosexuality, public perception"
The Last Days of Judas Iscariot,S. A. Guirgis,2005-03-02,"In modern times, Judas Iscariot is on appeal in Purgatory."
The Lady from the Sea,H. Ibsen,1889-02-12,"Marriage,freedom"
The Judas Kiss,D. Hare,1998-03-12,Oscar Wilde's decline at the hands of his loverBosie
The Jollies,A. Ayckbourn,2002-12-03,Magic
The Investigation,P. Weiss,1965-10-19,Frankfurt Auschwitz Trials(1963-65)
The Interlude at the Playhouse,G. B. Shaw,1907-01-28,An actor's wife pleads with the audience to be kind to her husband
The Inca of Perusalem,G. B. Shaw,1916-10-07,An Inca meets the impoverished widow of a millionaire
The Humans,S. Karam,2015-09-30,Family
The Hot l Baltimore,L. Wilson,1973-03-22,a manager's struggle to maintain order despite the hotel's destruction
The Homecoming,H. Pinter,1965-06-03,Family
The History Boys,A. Bennett,2004-05-18,"An unruly bunch of bright, funny boys in pursuit of sex, sport and a place at university"
The Heiress,R. Goetz,1947-09-29,Period 1850 heiress slowly gathers confidence in order to take her revenge
The Happy Journey to Trenton and Camden,T. Wilder,1931-11-25,a family travels by motorcar to visit a daughter in Camden
The Green Ring,Z. Gippius,1915-02-18,"teenage angst, collapse of the family, collectivism"
The Glimpse of Reality,G. B. Shaw,1927-11-20,A medieval Count is waylaid by murderers
The Gladiator,R. M. Bird,1831-09-26,Thracian slave revolt
The Freedom of the City,B. Friel,1973-02-23,"The Troubles,Bloody Sunday"
The Enchanted,J. Giraudoux,1933-02-27,A provincial town is haunted by a ghost
The Emperor Jones,E. O'Neill,1920-11-01,A Black porter attains power in the West Indies by exploiting the superstitions and ignorance of an island's residents.
The Doctor's Dilemma,G. B. Shaw,2020-11-20,A doctor must decide who will receive scarce life-saving treatment
The Destiny of Me,L. Kramer,1992-10-11,A young man undergoing an experimental treatment for AIDS looks back at his past
The Dead Guy,E. Coble,2005-09-03,An ambitious television producer searches for the ultimate reality show star—someone to die on live television
The Dark Lady of the Sonnets,G. B. Shaw,1910-11-24,Shakespeare tries to persuade the queen to create a national theatre
The Curious Incident of the Dog in the Night-Time,S. Stephens,2012-08-02,"Autism spectrum,Family drama,Crime fiction"
The Crucible,A. Miller,1953-01-22,"Salem witch trials,McCarthyism"
The Children's Hour,L. Hellman,1934-11-20,A child's lies destroy the lives of two women at a boarding school for girls
The Chickencoop Chinaman,F. Chin,1972-05-27,Asian Americanidentity
The Champion of Paribanou,A. Ayckbourn,1996-11-29,Family fantasy adventure
The Boy Who Fell Into a Book,A. Ayckbourn,1998-12-04,"Reading, Imagination"
The Blood of the Bambergs,J. Osborne,1962-06-19,A man has to stand in for a prince at a royal wedding
The Best Man,G. Vidal,1960-03-31,Five men vie for their party's nomination for president.
The Apple Cart,G. B. Shaw,1929-06-14,A British king defends his role in government
The Apollo of Bellac,J. Giraudoux,1942-06-16,A young woman learns the secret of how to handle men
The After-Dinner Joke,C. Churchill,1978-02-14,The politics ofcharity
Tessa,J. Giraudoux,1934-11-14,Overcoming fears and hardtimes
Tamara,J. Krizanc,1981-05-08,PainterTamara de Lempicka
Talley & Son,L. Wilson,1985-09-24,A father and son battle to control the future of the family business
Talley's Folly,L. Wilson,1980-02-20,"Two ""lame ducks"" who find a wholeness rare in human relationships"
Talents and Admirers,A. Ostrovsky,1881-12-20,Russian theatre
Taking Steps,A. Ayckbourn,1979-09-28,"Relationships, farce"
Sunrise at Campobello,D. Schary,1958-01-30,FDR's battle withpolio
Sugar Daddies,A. Ayckbourn,2003-07-23,"Self-delusion, crime"
Suburban Strains,A. Ayckbourn,1980-01-18,Unsatisfactory relationships
Starstruck,E. Lee,1980-04-16,A Feminist sci-fi tribute
St Helena,R. Sheriff,1936-02-04,Napoleon
Spring Awakening,F. Wedekind,1906-11-20,"Coming of age, sexual awakening"
Song of Songs,J. Giraudoux,1938-10-12,The bittersweet end of an affair
Sodom and Gomorrah,J. Giraudoux,1943-10-11,Divine retribution for human failure
Snake in the Grass,A. Ayckbourn,2002-06-05,"Ghosts, child abuse, domestic violence"
Six Dance Lessons in Six Weeks,R. Alfieri,2001-06-07,"ageism,intolerance"
Sisterly Feelings,A. Ayckbourn,1979-01-10,Consequences of decisions
Siegfried,J. Giraudoux,1928-05-03,An injured French soldier with amnesia becomes a German
Short Eyes,M. Piñero,1974-02-28,"young convicts in a prison fight, insult and entertain one another in an attempt to preserve their sanity and create a semblance of community"
She Has a Name,A. Kooman,2011-02-23,Child sex tourism
Shakes versus Shav,G. B. Shaw,1949-08-09,Shakespeare and Shaw bicker about who is the better writer
Shadow of Heroes,R. Ardrey,1958-10-07,"Hungarian Revolution of 1956, Post-war CommunistHungary"
Seven Deadly Sins Four Deadly Sinners,M. Sinden,2003-06-15,The 'Seven Deadly Sins' from a female perspective
Seminar,T. Rebeck,2011-11-20,A series of writing seminars.
Season's Greetings,A. Ayckbourn,1980-09-25,Dysfunctional families
Sardanapalus,"George Gordon Byron, 6th Baron Byron",1834-04-10,The fall of theAssyrian monarchy
"Same Time, Next Year",B. Slade,1975-03-14,An extramarital affair conducted one day each year for 24 years
Saint Joan of the Stockyards,B. Brecht,1959-04-30,Capitalismandreligion
Rupert,D. Williamson,2013-08-29,Rupert Murdoch
Romantic Comedy,B. Slade,1979-11-08,Two playwrights collaborate over the course of nine years
Romanoff and Juliet,P. Ustinov,1956-04-02,inspired by Romeo and Juliet and theCold War
RolePlay,A. Ayckbourn,2001-09-04,"Romance, class difference"
Rich Relations,D. H. Hwang,1986-04-21,Family; Religion
Rapid Transit,L. Egri,1927-04-07,furious pace of our machine age
Rafts and Dreams,R. Holman,1990-10-04,"child abuse,rising sea levels"
Processional,J. H. Lawson,1925-01-12,Ajazzsymphonyof American life
Privates on Parade,P. Nichols,1977-02-17,British army ENSA group after World War II
Private Lives,N. Coward,1930-08-18,A divorced couple unexpectedly honeymoon at the same place with their new spouses
Private Fears in Public Places,A. Ayckbourn,2004-08-17,Various
Press Cuttings,G. B. Shaw,1909-07-09,Female supporters and opponents of votes for women terrify male politicians.
Presence,D. Harrower,2001-04-19,The Beatles in Hamburg
Polar Bears,M. Haddon,2010-04-01,Bipolar disorder
Play Dead,Teller,2010-11-10,"Death,Deception,Spiritualism,Evil"
Phaedra's Love,S. Kane,1996-05-15,"Violence,sexuality"
Peter and the Starcatcher,R. Elice,2009-02-13,Peter and the Starcatcher
Peer Gynt,D. H. Hwang,1998-02-03,Selfishness; Love
Pecong,S. Carter,1990-01-09,Retelling of the Medea (play)
Paul Sills' Story Theatre,P. Sills,1970-10-26,Grimms' Fairy Tales
Panic,A. MacLeish,1935-03-14,Great Depression
Overruled,G. B. Shaw,1912-10-14,Two couples want to switch partners
Our Town,T. Wilder,1938-01-22,Life and death in an American small town
Other Desert Cities,J. R. Baitz,2011-01-13,Family secrets
Orvin – Champion Of Champions,A. Ayckbourn,2003-08-08,Swashbuckling adventure
Orphans,L. Kessler,1983-08-31,"Orphans,Crime"
One for the Road,H. Pinter,1984-03-13,"Torture, rape, and murder of political prisoners; human rights"
One Last Look,S. Carter,1967-11-13,Family members reflect on the death of a patriarch.
One Flew Over the Cuckoo's Nest,D. Wasserman,1963-11-13,One Flew Over the Cuckoo's Nest byKen Kesey
Once in a Lifetime,M. Hart,1930-09-24,Hollywood at the advent of talking pictures
On the Shore of the Wide World,S. Stephens,2005-04-18,"Epic play about love, family, Roy Keane and the size of the galaxy."
On the Rocks,G. B. Shaw,1933-11-25,characters discuss the breakdown of society
On the Razzle,T. Stoppard,1981-09-18,Mistaken identities lead to comedic chaos and romantic entanglements
Oedipus,Voltaire,1718-11-18,MythofOedipus
