col0,col1,col2,col3
Doubt: A Parable,J. P. Shanley,2004-11-23,A nun suspects a priest of molesting an altar boy
Death of a Salesman,A. Miller,1949-02-10,The waning days of a failing salesman
Death and the Maiden,A. Dorfman,1991-07-09,the aftereffects of psychological damage of people in a country emerging from totalitarian dictatorship
Dancing with the Dead,M. Mosulishvili,2008-05-12,"Boa, Davy, Lily, Tattoo, Owner"
Dancing at Lughnasa,B. Friel,1990-04-24,A month in the lives of five impoverished women.
Damsels in Distress,A. Ayckbourn,2001-05-24,Various
Dame Lorraine,S. Carter,1981-03-27,An elderly Caribbean couple anxiously await the return of their son from prison
Déjàvu,J. Osborne,1992-05-08,A middle-aged man rants about modern life
Communicating Doors,A. Ayckbourn,1994-02-02,"Time travel, changing history"
Comic Potential,A. Ayckbourn,1998-06-04,"Television, science fiction"
Clybourne Park,B. Norris,2010-02-01,Response to A Raisin in the Sun
Cloud 9,C. Churchill,1979-02-14,"Colonialism,gender"
Closer,P. Marber,1997-05-29,"A quartet of strangers in a sexual square dance in which partners are constantly swapped, caught between desire and betrayal."
"Cleo, Camping, Emmanuelle and Dick",T. Johnson,1998-09-21,Based on the life of Carry On star Sid James.
Class Enemy,N. Williams,2007-04-19,"Balkan,high school,bullying,juvenile delinquency,violence"
Christmas Goose with Quince,M. Mosulishvili,2009-12-25,"Bonifacius, Michael Danser, Helen Quince, Carlo, Rosalia, Horse from the TV"
Chapter Two,N. Simon,1977-10-07,A writer struggles to escape the memory of his recently deceased wife
Cavalcade,N. Coward,1931-10-13,"Death,War,Titanic,Great Depression,Romance,20th century"
Cat on a Hot Tin Roof,T. Williams,1955-03-24,"Death,mendacity,relationships,homosexuality,alcoholism"
Carry Me Back to Morningside Heights,R. A. Aurthur,1968-02-27,race relations
Captain Brassbound's Conversion,G. B. Shaw,1900-12-16,An aggrieved captain is persuaded to forego revenge
Candida,G. B. Shaw,1894-03-30,The wife of a clergyman must choose between her husband and a man who idealises her
Caesar and Cleopatra,G. B. Shaw,1899-03-15,Julius Caesar meets Cleopatra
Bury the Dead,I. Shaw,1936-04-18,World War I
Buoyant Billions,G. B. Shaw,1948-10-21,A billionaire's daughter meets a world betterer
Breaker Morant,K. G. Ross,1978-02-02,"The Boer Wars,Courts-martial,Military justice,Summary execution"
Boeing-Boeing,M. Camoletti,1960-12-10,“It all boils down to juggling timetables and a reliable maid who never forgets to change the photographs.”
Body Language,A. Ayckbourn,1990-05-21,Body image
Bloody Sunday: Scenes from the Saville Inquiry,R. Norton-Taylor,2005-04-07,"A dramatisation of the hearings of evidence given of the 1972 violence in Derry, Northern Ireland."
Blasted,S. Kane,1995-01-12,"war,sexual violence"
Bingo,E. Bond,1973-11-14,"Politics, Money,"
Biloxi Blues,N. Simon,1984-12-08,A Jewish boy from Brooklyn undergoes basic Army training in the Deep South
Big Toys,P. White,1977-07-27,A satire on Sydney high society
Betrayal,H. Pinter,1978-11-15,extramaritalaffair
Bent,M. Sherman,1979-05-03,The persecution of homosexuals during the holocaust
Barefoot in the Park,N. Simon,1963-10-23,"Newly weds learn to cope with life, and each other"
Bang Bang You're Dead,W. Mastrosimone,1999-04-07,School violence
Back to Methuselah,G. B. Shaw,1922-02-27,Evolving stages in the future progress of humanity
Awaking Beauty,A. Ayckbourn,2008-12-16,Adult parody of fairy tale
Awake and Sing!,C. Odets,1935-02-19,A family struggles for survival amongst harsh conditions
Augustus Does His Bit,G. B. Shaw,1917-01-21,A self-important aristocrat is outwitted by a female spy
August: Osage County,T. Letts,2007-06-28,A family is forced to confront its past and present.
Arms and the Man,G. B. Shaw,1894-04-21,Love and war
Arizona,A. Thomas,1899-06-12,Love
Arcadia,T. Stoppard,1993-04-13,"History, science, philosophy, mathematics, love, death"
Another Part of the Forest,L. Hellman,1946-11-20,The Hubbard family and their rise to prominence
Anne Pedersdotter,H. Wiers-Jenssen,1908-02-12,Witch-hunt
Anne Boleyn,H. Brenton,2010-07-24,English Reformation
"Annajanska, the Bolshevik Empress",G. B. Shaw,1918-01-21,A princess becomes a revolutionary
Anna Christie,E. O'Neill,1921-11-02,"A former prostitute falls in love, but runs into difficulty in turning her life around"
And Things That Go Bump in the Night,T. McNally,1965-04-26,"fear, relationships, and family structure"
An Triail,M. N. Ghráda,1964-09-22,"Prostitution,hypocrisy,Single motherhood,Magdalene asylums"
"An Evening with Elmore & Gwendolyn Putts, the Neighbors Next Door",R. O'Donnell,1986-10-31,A day in the life of a toilet seat salesman
An Ardent Heart,A. Ostrovsky,1869-01-15,Domestic despotism
Amphitryon 38,J. Giraudoux,1929-11-08,The god Jupiter intrudes into the faithful marriage of two mortals
America Hurrah,J. v. Itallie,1966-12-07,American consumerism
Amadeus,P. Shaffer,1979-11-02,Biography of Wolfgang Amadeus Mozart
All the Way,R. Schenkkan,2012-07-28,Politics
Accidental Death of an Anarchist,D. Fo,1970-12-05,Police corruption; the death of ItaliananarchistGiuseppe Pinelli
