col0,col1,col2,col3
M. Valchanova,1977-1-1,0,0
M. Collinson,1952-07-22,0,0
L. Austin,1961-04-15,0,0
L. Wiesmeier,1963-05-30,0,0
L. Lindeland,1945-12-07,0,0
List of Playboy Playmates of 2009,1980-06-19,0,0
List of Playboy Playmates of 2008,1979-08-20,0,0
List of Playboy Playmates of 2007,1981-09-01,0,0
List of Playboy Playmates of 2006,1979-08-15,0,0
List of Playboy Playmates of 2005,1979-04-06,0,0
List of Playboy Playmates of 2004,1974-05-01,0,0
List of Playboy Playmates of 2003,1967-08-26,0,0
