col0,col1,col2,col3
List of Playboy Playmates of 2002,1972-08-21,0,0
List of Playboy Playmates of 2001,1975-03-28,0,0
List of Playboy Playmates of 2000,1973-11-05,0,0
List of Playboy Playmates of 1999,1972-09-27,0,0
List of Playboy Playmates of 1998,1970-08-10,0,0
List of Playboy Playmates of 1997,1969-05-01,0,0
List of Playboy Playmates of 1996,1966-02-03,0,0
List of Playboy Playmates of 1995,1968-03-30,0,0
List of Playboy Playmates of 1994,1967-11-21,0,0
List of Playboy Playmates of 1993,1960-09-19,0,0
List of Playboy Playmates of 1992,1966-07-31,0,0
List of Playboy Playmates of 1991,1967-12-20,0,0
List of Playboy Playmates of 1990,1961-09-06,0,0
List of Playboy Playmates of 1989,1965-04-21,0,0
List of Playboy Playmates of 1988,1956-05-28,0,0
List of Playboy Playmates of 1987,1958-07-22,0,0
List of Playboy Playmates of 1986,1958-10-07,0,0
List of Playboy Playmates of 1985,1951-11-05,0,0
List of Playboy Playmates of 1984,1957-04-24,0,0
List of Playboy Playmates of 1983,1958-02-12,0,0
List of Playboy Playmates of 1982,1954-08-23,0,0
List of Playboy Playmates of 1981,1953-07-15,0,0
List of Playboy Playmates of 1980,1954-07-22,0,0
List of Playboy Playmates of 1979,1954-01-13,0,0
List of Playboy Playmates of 1978,1947-03-14,0,0
List of Playboy Playmates of 1977,1953-06-15,0,0
List of Playboy Playmates of 1976,1950-06-03,0,0
List of Playboy Playmates of 1975,1948-05-16,0,0
List of Playboy Playmates of 1974,1946-11-14,0,0
List of Playboy Playmates of 1973,1947-02-17,0,0
List of Playboy Playmates of 1972,1947-03-22,0,0
List of Playboy Playmates of 1971,1942-07-08,0,0
List of Playboy Playmates of 1970,1943-10-15,0,0
List of Playboy Playmates of 1969,1941-06-17,0,0
List of Playboy Playmates of 1968,1944-03-16,0,0
List of Playboy Playmates of 1967,1942-08-12,0,0
List of Playboy Playmates of 1966,1943-11-20,0,0
List of Playboy Playmates of 1965,1941-03-17,0,0
List of Playboy Playmates of 1964,1939-09-12,0,0
List of Playboy Playmates of 1963,1937-08-24,0,0
List of Playboy Playmates of 1962,1938-05-22,0,0
List of Playboy Playmates of 1961,1938-02-02,0,0
List of Playboy Playmates of 1960,1937-10-17,0,0
List of Playboy Playmates of 1959,1928-08-26,0,0
List of Playboy Playmates of 1958,1930-01-03,0,0
List of Playboy Playmates of 1957,1926-09-19,0,0
List of Playboy Playmates of 1956,1927-01-21,0,0
List of Playboy Playmates of 1955,1923-04-22,0,0
List of Playboy Playmates of 1954,1931-04-01,0,0
L. Baker,1944-03-19,0,0
L. Müller,1951-08-19,0,0
L. Söderberg,1951-03-31,0,0
L. Lyons,1954-10-22,0,0
K. Burke,1944-12-31,0,0
K. Shower,1953-03-08,0,0
K. Souri,1968-10-27,0,0
K. Conway,1946-07-05,0,0
K. Taylor,1971-11-28,0,0
K. Kennell,1964-06-21,0,0
K. Witter,1961-12-13,0,0
K. McDougal,1971-03-23,0,0
J. Blair,1933-10-20,0,0
J. Fretté,1983-12-25,0,0
J. Nizzari,1940-05-20,0,0
J. Staley,1940-05-20,0,0
J. Collins,1945-08-05,0,0
J. S. George,1946-10-13,0,0
J. Rovero,1978-12-12,0,0
J. L. Jackson,1969-03-21,0,0
J. Jackson,1945-02-06,0,0
J. Bell,1944-11-23,0,0
J. Mansfield,1933-04-19,1,0
J. Pennington,1942-07-08,0,0
I. Sørensen,1948-05-16,0,0
H. Michaelsen,1968-11-02,0,0
H. Kozar,1976-05-04,0,0
G. Root,1948-05-28,0,0
F. MacLaren,1965-12-18,0,0
