col0,col1,col2,col3
Vivekachudamani,Mumbai,A. Shankara,503
The Waste Land,Horace Liveright,T. S. Eliot,64
The Mirror of Love,Top Shelf Productions,A. Moore,136
The Battlefield Where The Moon Says I Love You,Lost Roads Publishers,F. Stanford,542
The Banner of Joan,"Donald M. Grant, Publisher, Inc.",H. W. Munn,127
Red Cotton Night-Cap Country,"Smith, Elder & Co.",R. Browning,282
On Snow,Suhrkamp Verlag,D. Grünbein,144
Kaka Vidura,Tulsi Peeth,Rambhadracharya,30
Girls on the Run,"Farrar, Straus and Giroux",J. Ashbery,55
For Anatole's Tomb,Éditions du Seuil,S. Mallarmé,315
Flow Chart,Alfred A. Knopf,J. Ashbery,216
Baltics,Albert Bonniers förlag,T. Tranströmer,36
A Useless Death,Gotham Book Mart,P. Smith,3
A Monster at Christmas,"Donald M. Grant, Publisher, Inc.",T. Canty,44
