col0,col1,col2,col3
Ya'ad – Civil Rights Movement,Alignment,Independent Socialist Faction,Secularism
Workers' Party of Spain–Communist Unity,Communist Party of Spain,Partido Socialista Obrero Español,Democratic socialism
Workers' International League,Militant Group,Revolutionary Communist Party,Trotskyist
Veritas,UK Independence Party,English Democrats,Euroscepticism
Veneto Autonomous Region Movement,Liga Veneta,Liga Veneta Repubblica,Regionalism
Vanguard Unionist Progressive Party,Ulster Unionist Party,Ulster Unionist Party,Federalism
Valdostan Renewal,Valdostan Union,Autonomy Liberty Participation Ecology,Social liberalism
Uttar Pradesh Revolutionary Socialist Party,Revolutionary Socialist Party,Communist Party of India,Communism
Uri Party,Democratic Party,United New Democratic Party,Social liberalism
Unity Party,Your Party,Japan Innovation Party,Decentralization
Unity,Our Home – Russia,United Russia,Conservatism
United Socialist Party,Italian Socialist Party,Italian Democratic Socialist Party,Social democracy
United Socialist Party,Italian Socialist Party,Italian Socialist Party,Anti-fascism
United Socialist Alignment of Greece,Panhellenic Socialist Movement,Synaspismos,Democratic socialism
United Christian Democrats,Italian People's Party,Union of the Centre,Christian democracy
Unitary Front,Panhellenic Socialist Movement,Syriza,Democratic socialism
Unionist Party,Conservative Party of Canada,Conservative Party of Canada,Conscription
Union of the Centre,Italian Liberal Party,Forza Italia,Liberalism
Union of Socialists,Italian Socialist Party,Italian Democratic Socialist Party,Social democracy
Ukraine – Forward!,Social Democratic Party of Ukraine,Opposition Bloc,Social democracy
