col0,col1,col2,col3,col4
Z. Hanzhi,Beijing Foreign Studies University,Beijing,2008-01-26,章含之
Y. B. Miller,Columbia University,"Norfolk, Virginia",2012-07-03,Yvonne Bond
Y. Gamarnik,Saint Petersburg State Medical Academy,Moscow,1937-05-31,Jakov Tzudikovich Gamarnik
W. Churchill,"Christ Church, Oxford",England,2010-03-02,Winston Spencer-Churchill
W. C. Wickham,University of Virginia,"Richmond, Virginia",1888-07-23,Williams Carter Wickham
W. M. Tuck,College of William & Mary,United States,1983-06-09,William Munford Tuck
W. L. Andrews,University of Virginia,United States,1936-07-19,William Luther Andrews
W. H. Ewing,Hampden–Sydney College,United States,1924-09-02,William Henry Ewing
W. Morse,Bachelor of Arts,"Portland, Oregon",1974-07-22,Wayne Lyman Morse
W. E. Barry,University of Massachusetts,Virginia,2016-03-31,Warren Everett Barry
W. E. Addison,University of Virginia,United States,1925-01-12,Walter Edmund Addison
W. P. Jennings,Virginia Tech,United States,1994-08-02,William Pat Jennings
W. D. Kendig,Medical College of Virginia,United States,1948-03-16,Walter Dennis Kendig
V. Marcantonio,New York University,New York,1954-08-09,Vito Anthony Marcantonio
V. Hartke,University of Evansville,"Falls Church, Virginia",2003-07-27,Rupert Vance Hartke
V. M. Sowder,University of Virginia School of Law,United States,1956-08-18,Valentine Marion Sowder
Ulysses S. Grant presidential administration scandals,United States Military Academy at West Point,"Wilton, New York",1885-07-23,Hiram Ulysses Grant
"Tony Banks, Baron Stratford",University of York,"Fort Myers, Florida",2006-01-08,Anthony Louis Banks
T. Lantos,"University of California, Berkeley",National Naval Medical Center,2008-02-11,Lantos Tamás Péter
T. T. Davis,Hamilton College,"Washington, D.C.",1872-05-02,Thomas Treadwell Davis
T. S. Hening,Medical College of Virginia,United States,1934-04-29,Thomas Scott Hening
T. L. Harris,"Hartford, Connecticut","Springfield, Illinois",1858-11-24,Thomas Langrell Harris
T. J. Dodd,Providence College,"Old Lyme, Connecticut",1971-05-24,Thomas Joseph Dodd
T. Eagleton,Amherst College,Missouri,2007-03-04,Thomas Francis Eagleton
T. Carter,"Trinity College, Dublin","Trim, County Meath",1763-09-03,Thomas Carter
T. B. Fugate,University of Tennessee,United States,1980-09-22,Thomas Bacon Fugate
T. Buchholdt,"University of Nevada, Las Vegas",Alaska,2007-11-05,Thelma Juana Garcia
T. Sanford,University of North Carolina at Chapel Hill,"Durham, North Carolina",1998-04-18,James Terry Sanford
T. Baldwin,University of Queensland,Australia,2008-01-01,Edgar Allan Baldwin
T. Galbraith,"Christ Church, Oxford",Scotland,1982-01-02,Thomas Galloway Dunlop Galbraith
T. C. Evans,Iowa State University,Iowa,2005-12-22,Thomas Cooper Evans
S. Sewall,Harvard College,"Bath, Maine",1965-01-25,Sumner Sewall
"Stanley Holmes, 1st Baron Dovercourt",City of London School,London,1961-04-22,Joseph Stanley Holmes
"Sir Richard Vyvyan, 8th Baronet","Christ Church, Oxford",Mawgan-in-Meneage,1879-08-15,Richard Rawlinson Vyvyan
S. Digby,"Trinity College, Cambridge",United Kingdom,1998-03-22,Kenelm Simon Digby Wingfield Digby
S. Peres,Harvard University,Ramat Gan,2016-09-28,Szymon Perski
S. Witte,Novorossiysk University,Russian Empire,1915-03-13,Sergei Yulyevich Witte
Sardar Saeed-ul haq dogar,Bachelor of Arts,Lahore,2005-11-10,Saeed ul haq Dogar
S. Gutiérrez,National University of Colombia,Bogotá,1872-02-06,José Santos Gutiérrez Prieto
S. Acosta,Our Lady of the Rosary University,Bogotá,1901-01-09,Manuel María de los Santos Acosta Castillo
S. Gayle,University of Richmond,United States,1918-12-21,Sands Gayle
R. W. Keeney,Master of Laws,Maryland,1958-01-11,Russell Watson Keeney
R. Reagan,Eureka College,"Bel Air, Los Angeles",2004-06-05,Ronald Wilson Reagan
R. D. Branigin,Harvard Law School,"Lafayette, Indiana",1975-11-19,Roger Douglas Branigin
R. W. Davis,Northern Michigan University,"Arlington County, Virginia",2009-10-16,Robert William Davis
R. O. Crockett,Washington and Lee University,United States,1955-10-29,Robert Oscar Crockett
R. K. Brock,Hampden–Sydney College,Virginia,1962-11-18,Robert Kincaid Brock
R. B. Meyner,Columbia Law School,"Captiva, Florida",1990-05-27,Robert Baumle Meyner
Richard G. L. Paige,Howard University,United States,1904-09-21,Richard Gault Leslie Paige
R. Withers,University of Western Australia,Perth,2014-11-15,Reginald Greive Withers
R. P. Shafer,Yale Law School,"Meadville, Pennsylvania",2006-12-12,Raymond Philip Shafer
R. Aston,University of Sydney,New South Wales,1988-05-23,Raymond William Aston
R. Pounder,"Christ's College, Cambridge",Northern Ireland,1991-03-16,Rafton John Pounder
R. Núñez,University of Cartagena,Colombia,1894-09-18,Rafael Wenceslao Núñez Moledo
R. W. Moore,University of Virginia,United States,1941-02-08,Robert Walton Moore
R. E. Thornton,University of Virginia,"Fairfax County, Virginia",1928-03-27,Richard Ewell Thornton
Presidency of Boris Yeltsin,Ural State Technical University,"Moscow, Russia",2007-04-23,(Борис Николаевич Ельцин)
P. Bush,Yale University,New York City,1972-10-08,Prescott Sheldon Bush
P. Colfox,Eton College,Dorset,1966-11-08,William Phillip Colfox
P. Crane,Hillsdale College,"Jefferson, Maryland",2014-11-08,Philip Miller Crane
P. Winston,University of Virginia,United States,1920-01-30,Peter Winston
P. Underwood,University of Tasmania,Hobart,2014-07-07,Peter George Underwood
P. J. Carter,Hampton University,United States,1886-07-19,Peter Jacob Carter
Pedro Nel Ospina Vázquez,UC Berkeley,Colombia,1927-07-01,Pedro Nel Tomás de Villanueva Ospina Vázquez
P. Tychyna,Kyiv National Economic University,Kiev,1967-09-16,Pavlo Hryhorovych Tychyna
P. Tsongas,Dartmouth College,"Lowell, Massachusetts",1997-01-18,Paul Efthemios Tsongas
P. Simon,University of Oregon,"Springfield, Illinois",2003-12-09,Paul Martin Simon
P. Landa,University of Sydney,Australia,1984-11-24,David Paul Landa
P. Douglas,Columbia University,"Washington, D.C.",1976-09-24,Paul Howard Douglas
P. H. Drewry,Randolph-Macon College,"Petersburg, Virginia",1947-12-21,Patrick Henry Drewry
P. Brown,San Francisco Law School,"Beverly Hills, California",1996-02-16,Edmund Gerald Brown
O. Barvinsky,Lviv University,Lviv,1926-12-25,Oleksandr Hryhorovych Barvinsky
N. Scott-Young,University of Sydney,Australia,1996-08-29,Norman Reginald Scott-Young
N. Begich,University of Colorado at Boulder,Alaska,1972-10-16,Nicholas Joseph Begich
N. Steers,Massachusetts Institute of Technology,"Bethesda, Maryland",1993-02-11,"Newton Ivan Steers, Jr."
N. W. Aldrich,East Greenwich Academy,New York City,1915-04-16,Nelson Wilmarth Aldrich
N. J. Webb,College of William and Mary,"Isle of Wight County, Virginia",1943-07-16,Nathaniel Jarrett Webb
N. B. Early,Virginia Military Institute,United States,1947-08-15,Nathaniel Bezaleel Early
M. Hrushevsky,Saint Vladimir University,USSR,1934-11-24,Mykhailo Serhiyovych Hrushevsky
M. Sharett,Istanbul University,Jerusalem,1965-07-07,Moshe Shertok
M. P. Borrero,Juris doctor,Bogotá,1997-08-21,Misael Eduardo Pastrana Borrero
M. Shapp,Case Western Reserve University,"Merion, Pennsylvania",1994-11-24,Milton Jerrold Shapiro
M. C. Garber,University of Iowa,"Alexandria, Minnesota",1948-09-12,Milton Cline Garber
M. Amruš,University of Zagreb,Zagreb,1919-05-26,Milan Emil Amruš
M. Koehl,University of Wisconsin–Milwaukee,United States,2014-10-09,"Matthias Koehl, Jr."
M. E. Welsh,University of Pennsylvania,Indianapolis,1995-05-28,Matthew Empson Welsh
M. Ewing,University of Glasgow,Morayshire,2006-03-21,Margaret Anne McAdam
M. Belgrano,University of Valladolid,United Provinces of the Río de la Plata,1820-06-20,Manuel José Joaquín del Corazón de Jesús Belgrano
M. A. Sanclemente,University of Cauca,"Villeta, Cundinamarca",1902-03-12,Manuel Antonio Sanclemente Sanclemente
M. M. Hillard,College of William & Mary,United States,1977-06-24,Major McKinley Hillard
M. C. Butler,Bachelor of Arts,United States,2014-07-29,Manley Caldwell Butler
L. Keith,University of Virginia,United States,1933-03-16,Lucien Keith
L. O. Wendenburg,University of Virginia,"Richmond, Virginia",1934-07-17,Louis Otto Wendenburg
L. Jensen,Brisbane Technical College,Australia,2003-07-01,Eugene Dubois Jensen
L. Chiles,University of Florida,"Tallahassee, Florida",1998-12-12,"Lawton Mainor Chiles, Jr."
L. Tyson,United States Military Academy,"Strafford, Pennsylvania",1929-08-24,Lawrence Davis Tyson
L. Gómez,National University of Colombia,Bogotá,1965-07-13,Laureano Eleuterio Gómez Castro
K. d. Vries,University of Groningen,Netherlands,1999-08-21,Klaas de Vries
K. Hall,Mississippi Valley State University,Indiana,2012-02-20,Katie Beatrice Green
J. Gunn,University of Virginia,"Richmond, Virginia",1948-02-01,Julien Gunn
J. K. Paasikivi,Imperial Alexander University,Finland,1956-12-14,Johan Gustaf Hellsten
J. E. Otalora,Our Lady of the Rosary University,United States of Colombia,1884-04-01,José Eusebio Otálora Martínez
Joseph S. Clark Jr.,Harvard University,Pennsylvania,1990-01-12,Joseph Sill Clark Jr.
J. E. Otalora,Our Lady of the Rosary University,United States of Colombia,1884-04-01,José Eusebio Otálora Martínez
J. T. Lozano,Our Lady of the Rosary University,Bogotá,1816-07-06,Jorge Tadeo Lozano de Peralta y González Manrique
J. W. Williams,Roanoke College,"Richmond, Virginia",1934-11-15,John William Williams
J. P. Buchanan,University of Virginia,United States,1937-09-15,John Preston Buchanan
J. Nicholl,"St John's College, Oxford",Wales,1838-8-26,John Nicholl
J. N. Erlenborn,Loyola University Chicago,United States,2005-10-30,John Neal Erlenborn
J. N. Dalton,College of William & Mary,"Richmond, Virginia",1986-07-30,John Clay Nichols
J. Murtha,University of Pittsburgh,"Arlington County, Virginia",2010-02-08,"John Patrick Murtha, Jr."
J. M. Hart,Hampden–Sydney College,United States,1955-12-12,John Marion Hart
J. Lyng,University of Oslo,Norway,1978-01-18,John Johan Daniel Fürstenberg Lyng
J. Lindsay,Yale University,"Hilton Head Island, South Carolina",2000-12-19,John Vliet Lindsay
"John J. Wicker, Jr.",Furman University,"Richmond, Virginia",1985-07-20,"John Jordan Wicker, Jr."
