col0,col1,col2,col3,col4
T. Hutchinson,"Bentonville, Arkansas",United States,A. Hutchinson,"Alexandria, Virginia"
T. Cowan,"County Tyrone, Ireland",British subject,J. L. Cowan,North Adelaide
R. Beggs,Northern Ireland,United Kingdom,R. B. Jnr,Larne
R. Walpole,Kingdom of England,English People,"Horatio Walpole, 1st Baron Walpole",Houghton Hall
R. Ghiz,Prince Edward Island,Canadians,J. Ghiz,"Charlottetown, Prince Edward Island"
R. Fan,Shanghai,Nationality Law of the People's Republic of China,H. T. Tung,Hong Kong
R. C. Moody,Barbados,United Kingdom of Great Britain and Ireland,J. W. Webb-Jones,New Westminster
R. S. Khan,Pakistan,Pakistan,I. M. Chaudhry,Lahore
R. Zulqarnain,Lahore,Pakistan,Kayanis,Lahore
M. Hodgman,Hobart,Australia,P. Hodgman,Tasmania
M. M. Pen,Saint-Germain-en-Laye,France,J. L. Pen,Hauts-de-Seine
"Katharine Stewart-Murray, Duchess of Atholl",Edinburgh,United Kingdom,"John Stewart-Murray, 7th Duke of Atholl",London
J. Trudeau,Ottawa,Canadian,A. Trudeau,Rideau Cottage
"John Hussey, 1st Baron Hussey of Sleaford",Lincolnshire,English people,"George Grey, 2nd Earl of Kent",Sleaford
J. Norman,London,United Kingdom,T. Norman,London
