col0,col1,col2,col3,col4
J. Kumaranatunga,Sri Lanka,Sri Lanka,V. Kumaranatunga,Colombo
H. D. III,Cebu,Philippines,H. D. Jr.,Cebu City
George Anthony Legh Keck,England,United Kingdom,L. o. Lyme,Bank Hall
F. Hofheinz,Houston,United States,R. Hofheinz,"Houston, Texas"
E. Ouwehand,Netherlands,Netherlands,Marriage,Leiden
D. Moody,Ireland,British subject,H. H. Shannon,"Hansborough, South Australia"
D. Norris,Louisiana,United States,W. N. III,Louisiana
C. Lobregat,Manila,Philippines,M. C. Lobregat,Philippines
B. Grayden,Perth,Australia,N. Harper,Electoral district of South Perth
B. B. Zardari,Karachi,Pakistani,B. family,Karachi
A. L. Palijo,Pakistan,Pakistan,S. Palijo,Pakistan
