col0,col1,col2,col3
R. E. Church,M. S. Church,1883-05-05,1883-05-05
R. Dahrendorf,C. Dahrendorf,1929-05-01,1929-05-01
R. Jaffer,H. Guergis,1971-12-15,1971-12-15
R. Núñez,S. R. Polanco,1825-09-25,1825-09-25
R. H. Colón,L. Mayoral,1936-10-24,1936-10-24
R. Caldera,A. Pietri,1916-01-24,1916-01-24
R. Karadžić,L. Z. Karadžić,1945-06-19,1945-06-19
R. Bitat,Z. Drif,1925-12-19,1925-12-19
R. Alfonsín,M. L. Barreneche,1927-03-12,1927-03-12
R. J. Walsh,M. F. Merritt,1854-08-01,1854-08-01
Q. N. Burdick,J. Burdick,1908-06-19,1908-06-19
Prince Maximilian of Baden,Princess Marie Louise of Hanover,1867-07-10,1867-07-10
P. Banomyong,P. Banomyong,1900-05-11,1900-05-11
Presidency of Néstor Kirchner,Cristina Fernández de Kirchner,1950-02-25,1950-02-25
Presidency of Joseph Estrada,L. Estrada,1937-04-19,1937-04-19
Presidency of Gloria Macapagal Arroyo,J. M. Arroyo,1947-04-05,1947-04-05
Presidency of Cristina Fernández de Kirchner,N. Kirchner,1953-02-19,1953-02-19
Presidency of Boris Yeltsin,N. Yeltsina,1931-02-01,1931-02-01
P. Bush,D. W. Bush,1895-05-15,1895-05-15
Premiership of Lal Bahadur Shastri,L. Shastri,1904-10-02,1904-10-02
Pompey,Julia,-0106-09-29,-0106-09-29
P. Burton,S. Burton,1926-06-01,1926-06-01
P. T. Sica,Ed.D.,1934-09-27,1934-09-27
"Philip Snowden, 1st Viscount Snowden",E. Snowden,1864-07-18,1864-07-18
P. Hart,J. B. Hart,1912-12-10,1912-12-10
P. G. King,A. J. King,1758-04-23,1758-04-23
P. Hardberger,L. Morgan,1934-07-27,1934-07-27
P. Toyne,J. o. Peace,1939-0-0,1939-0-0
P. Ryan,A. Ryan,1944-05-18,1944-05-18
P. Mancini,M. Mancini,1956-08-01,1956-08-01
P. Law,T. Law,1948-04-01,1948-04-01
P. G. Gerry,E. S. Vanderbilt,1879-09-18,1879-09-18
P. Coleman,V. S. Coleman,1928-12-15,1928-12-15
P. Bottomley,V. Bottomley,1944-07-30,1944-07-30
P. Thomson,Married and maiden names,1884-0-0,1884-0-0
P. Spender,J. Spender,1897-10-05,1897-10-05
P. Clarey,K. Williams,1890-01-20,1890-01-20
P. Wright,M. Parnell,1961-01-19,1961-01-19
P. d. Valdivia,Marina Ortíz de Gaete,1497-04-17,1497-04-17
P. Montt,S. d. Campo,1849-06-29,1849-06-29
P. Lascuráin,First Lady of Mexico,1856-05-08,1856-05-08
P. A. Cerda,J. R. Aguirre,1879-02-06,1879-02-06
P. Gubarev,E. Gubareva,1983-02-10,1983-02-10
P. Latham,D. Latham,1948-02-04,1948-02-04
P. Tsongas,N. Tsongas,1941-02-14,1941-02-14
P. Simon,J. H. Simon,1928-11-29,1928-11-29
P. Martin,S. Martin,1938-08-28,1938-08-28
P. Gillmor,K. Gillmor,1939-02-01,1939-02-01
P. Douglas,E. T. Douglas,1892-03-26,1892-03-26
P. Blomfield,L. McAvan,1953-08-25,1953-08-25
P. Menzies,R. Menzies,1899-03-02,1899-03-02
P. Deakin,A. Deakin,1863-01-01,1863-01-01
P. W. Jones,D. E. Jones,1950-01-31,1950-01-31
P. Kabbah,A. T. Kabbah,1933-03-17,1933-03-17
P. Gibson,K. Gibson,1968-05-12,1968-05-12
P. Brown,B. L. Brown,1905-04-21,1905-04-21
P. Glendening,F. H. Glendening,1942-06-11,1942-06-11
P. Chung-hee,Y. Young-soo,1917-11-14,1917-11-14
P. Rawal,S. Sampat,1950-05-30,1950-05-30
O. Arthur,J. Arthur,1949-10-17,1949-10-17
O. o. Stolberg-Wernigerode,Anna Reuss of Köstritz,1837-10-30,1837-10-30
O. Lang,D. McCawley,1932-05-14,1932-05-14
O. Jászi,A. Lesznai,1875-03-02,1875-03-02
O. Mosley,D. Mitford,1896-11-16,1896-11-16
O. Bongo,P. Dabany,1935-12-30,1935-12-30
O. Maturana,F. I. Esquivel,1906-10-10,1906-10-10
O. L. Patteson,L. H. Patteson,1898-09-14,1898-09-14
O. Dank,D. Dank,1938-09-03,1938-09-03
O. Awolowo,Hannah Idowu Dideolu Awolowo,1909-03-06,1909-03-06
N. Kirchner,Cristina Fernández de Kirchner,1950-02-25,1950-02-25
N. Misuari,S. people,1939-03-03,1939-03-03
N. Peris,D. Batman,1971-02-25,1971-02-25
N. Manley,E. Manley,1893-07-04,1893-07-04
N. Hulbert,R. V. Order,1903-06-05,1903-06-05
N. H. Moss,Married and maiden names,1896-1-1,1896-1-1
N. Godman,T. Godman,1937-04-19,1937-04-19
N. Azikiwe,F. Azikiwe,1904-11-16,1904-11-16
N. Wijeyeratne,Née,1924-06-14,1924-06-14
N. Grewal,G. Grewal,1958-10-20,1958-10-20
N. Dodds,D. Dodds,1958-08-20,1958-08-20
N. Soglo,R. V. Soglo,1934-11-29,1934-11-29
N. Raynsford,A. Seabeck,1945-01-28,1945-01-28
N. Greiner,K. Greiner,1947-04-27,1947-04-27
N. Coleman,D. Howell,1925-02-23,1925-02-23
N. Winterton,A. Winterton,1938-03-31,1938-03-31
N. Duarte,María Gloria Penayo Solaeche,1956-10-11,1956-10-11
N. Soglo,R. V. Soglo,1934-11-29,1934-11-29
N. Khánh,M. Khánh,1927-11-08,1927-11-08
N. Steers,N. Straight,1917-01-13,1917-01-13
N. Mandela,G. Machel,1918-07-18,1918-07-18
N. Rokita,J. Rokita,1957-06-26,1957-06-26
N. Hamilton,C. Hamilton,1949-03-09,1949-03-09
N. Gidada,R. Abelt,1943-09-03,1943-09-03
N. Win,J. R. Bellamy,1910-07-10,1910-07-10
N. Dissanayake,Née,1969-09-09,1969-09-09
N. S. Despoja,I. Smith,1969-09-09,1969-09-09
N. Jacobson,M. Penn,1962-11-09,1962-11-09
N. Floreen,D. O. Stewart,1951-09-29,1951-09-29
N. Fadeley,E. Fadeley,1930-07-11,1930-07-11
N. Piia,K. I,1787-0-0,1787-0-0
N. Kirchner,Cristina Fernández de Kirchner,1950-02-25,1950-02-25
M. H. Sadr,I. reformist,1970-1-1,1970-1-1
M. Adl,Mozaffar ad-Din Shah Qajar,1882-1-1,1882-1-1
M. Katsav,G. Katsav,1945-12-05,1945-12-05
M. Gill,S. P. Gill,1734-01-18,1734-01-18
M. Currier,H. S. Currier,1806-04-22,1806-04-22
Mohammed bin Rashid Al Maktoum,Hind bint Maktoum bin Juma Al Maktoum,1949-07-15,1949-07-15
M. Khatami,Z. Eshraghi,1959-1-1,1959-1-1
M. Rajai,A. Sediqi,1933-06-15,1933-06-15
M. Boudiaf,F. Boudiaf,1919-06-23,1919-06-23
M. P. Borrero,María Cristina Arango Vega,1923-11-14,1923-11-14
M. Obote,M. Obote,1924-12-28,1924-12-28
M. Panić,M. Kitić,1929-12-20,1929-12-20
M. Spano,M. Calvi,1964-04-22,1964-04-22
M. Holm,V. P. Holm,1876-06-17,1876-06-17
M. Imru,Ethiopian aristocratic and court titles,1929-11-10,1929-11-10
M. Á. Rodríguez,L. C. Facio,1940-01-09,1940-01-09
M. Miramón,C. Lombardo,1832-09-29,1832-09-29
M. A. Velasco,C. Magnani,1932-03-18,1932-03-18
M. Á. Rodríguez,L. C. Facio,1940-01-09,1940-01-09
M. Rakowski,E. Kępińska,1926-12-01,1926-12-01
M. Holland,L. Berardinetti,1973-1-1,1973-1-1
M. Jean,J. Lafond,1957-09-06,1957-09-06
M. Lavarch,L. Behrendt,1961-06-08,1961-06-08
M. Cobb,T. Worth,1945-03-16,1945-03-16
M. Berry,N. Berry,1970-11-10,1970-11-10
M. Jean,J. Lafond,1957-09-06,1957-09-06
M. T. Jr.,G. Thomson,1912-03-08,1912-03-08
M. Levine,C. Bruck,1943-06-07,1943-06-07
M. Karroubi,F. Karroubi,1937-09-26,1937-09-26
M. Holman,J. Gardiner,1893-07-18,1893-07-18
M. Morand,J. Merritt,1959-01-30,1959-01-30
M. Cochran,B. Cochran,1926-08-05,1926-08-05
M. Bernier,Divorced,1963-01-18,1963-01-18
M. Sisulu,E. Sisulu,1945-08-23,1945-08-23
M. Sandlin,S. H. Sandlin,1952-09-29,1952-09-29
M. Blackburn,D. Blackburn,1880-11-19,1880-11-19
M. O'Connor,R. O. Peterson,1946-07-14,1946-07-14
M. Koivisto,Née,1923-11-25,1923-11-25
M. A. Gayoom,N. Ibrahim,1937-12-29,1937-12-29
M. Seymour,S. Hayes,1669-5-1,1669-5-1
M. M. Neely,A. R. Neely,1874-11-09,1874-11-09
M. G. Banks,"United Kingdom general election, 1992",1961-06-21,1961-06-21
M. Canfield,N. H. Colony,1604-02-27,1604-02-27
M. Blunt,M. Blunt,1970-11-20,1970-11-20
"Mateo de Toro Zambrano, 1st Count of La Conquista",N. Valdés,1727-09-20,1727-09-20
M. Ebtekar,M. Hashemi,1960-09-21,1960-09-21
M. Rajavi,M. Rajavi,1953-12-04,1953-12-04
M. Nawaz,M. S. Awan,1973-10-28,1973-10-28
M. Pawlenty,T. Pawlenty,1961-1-1,1961-1-1
M. Hughes,B. Hughes,1874-06-06,1874-06-06
M. E. Sibley,G. C. Sibley,1800-01-24,1800-01-24
M. Easson,M. Easson,1955-06-16,1955-06-16
M. Torrijos,V. Fernández,1963-07-18,1963-07-18
"Martin Thomas, Baron Thomas of Gresford","Joan Walmsley, Baroness Walmsley",1937-03-13,1937-03-13
M. Bursík,K. Jacques,1959-08-12,1959-08-12
M. Keys,A. J. Jr.,1930-08-10,1930-08-10
Marta Linares de Martinelli,R. Martinelli,1956-09-02,1956-09-02
