col0,col1,col2,col3
M. Torrijos,V. Fernández,1963-07-18,1963-07-18
M. Prisk,L. Titcomb,1962-06-12,1962-06-12
M. Penn,N. Jacobson,1954-01-15,1954-01-15
M. Parnell,P. Wright,1959-09-09,1959-09-09
M. Lancaster,C. Dinenage,1970-05-12,1970-05-12
M. Eyking,P. Eyking,1960-08-30,1960-08-30
M. Margolies,E. Mezvinsky,1942-06-21,1942-06-21
M. Jackson-Nelson,P. Nelson,1931-09-13,1931-09-13
M. Bashir,N. Shehadie,1930-12-01,1930-12-01
M. O. Pérez,B. H. Fernández,1891-11-24,1891-11-24
M. W. Clarke,J. D. Clarke,1880-07-29,1880-07-29
M. Wetterstrand,V. Niinistö,1973-10-02,1973-10-02
M. Antonescu,I. Antonescu,1892-11-03,1892-11-03
M. S. Church,R. E. Church,1892-09-27,1892-09-27
M. Abbott,T. Abbott,1958-02-01,1958-02-01
M. Whitlam,G. Whitlam,1919-11-19,1919-11-19
M. Sandhurst,"William Mansfield, 1st Baron Sandhurst",1828-0-0,1828-0-0
M. Rideout,S. Rideout,1923-06-16,1923-06-16
M. Reynolds,H. Reynolds,1941-07-19,1941-07-19
M. Renwick,J. Renwick,1923-02-01,1923-02-01
M. Hodge,H. Hodge,1944-09-08,1944-09-08
M. Fisher,A. Fisher,1874-0-0,1874-0-0
M. Ewing,F. Ewing,1945-09-01,1945-09-01
Marcelo Torcuato de Alvear,R. Pacini,1868-10-04,1868-10-04
M. Ravalomanana,L. Ravalomanana,1949-12-12,1949-12-12
M. V. Coello,Anahí,1980-04-07,1980-04-07
M. Tshabalala-Msimang,M. Msimang,1940-10-09,1940-10-09
M. Grunwald,M. Cooper,1957-01-23,1957-01-23
Malik Mehr un Nisa Afridi,U. Nasir,1943-04-07,1943-04-07
M. Fraser,T. Fraser,1930-05-21,1930-05-21
M. Afkhami,G. R. Afkhami,1941-01-14,1941-01-14
Magnus Gabriel De la Gardie,Countess Palatine Maria Eufrosyne of Zweibrücken,1622-10-15,1622-10-15
M. H. M. Ashraff,F. Ashraff,1948-10-23,1948-10-23
L. Cárdenas,A. Solórzano,1895-05-21,1895-05-21
L. Abraham,F. Ford,1941-01-31,1941-01-31
"Lydia Dunn, Baroness Dunn",M. D. Thomas,1940-02-29,1940-02-29
L. Bronin,S. Bronin,1979-06-30,1979-06-30
L. M. Marín,M. Lee,1898-02-18,1898-02-18
Luis Humberto Gómez Gallo,Z. J. Corrales,1962-06-26,1962-06-26
L. H. Álvarez,B. M. Scagno,1919-10-25,1919-10-25
L. A. Argüello,Maria Soledad Ortega de Argüello,1784-06-21,1784-06-21
L. A. Monge,D. Y. Berger,1925-12-29,1925-12-29
L. A. Ferré,Lorenza Ramírez de Arellano,1904-02-17,1904-02-17
L. Topolansky,J. Mujica,1944-09-25,1944-09-25
L. Turnbull,M. Turnbull,1958-03-30,1958-03-30
L. E. Blackwell,J. Blackwell,1931-08-01,1931-08-01
L. Topolansky,J. Mujica,1944-09-25,1944-09-25
L. Mensch,P. Mensch,1971-06-28,1971-06-28
L. Hardy,T. Hardy,1959-11-30,1959-11-30
L. G. Reece,B. C. Reece,1898-11-06,1898-11-06
L. S. Laurent,J. Renault,1882-02-01,1882-02-01
L. Riel,D. name,1844-10-22,1844-10-22
L. Berardinetti,M. Holland,1961-10-21,1961-10-21
L. Haggen,R. Haggen,1899-09-16,1899-09-16
L. Palme,O. Palme,1931-03-14,1931-03-14
L. Jospin,S. Agacinski,1937-07-12,1937-07-12
L. Tsen,Edmund Chong Ket Wah,1956-1-1,1956-1-1
L. Burney,R. Farley,1957-04-25,1957-04-25
L. Loh,C. S. Tong,1949-06-04,1949-06-04
L. H. Dodds,S. H. Dodds,1965-06-11,1965-06-11
L. G. Eng,B. Chew,1960-12-08,1960-12-08
L. Tintori,L. L. Mendoza,1978-05-05,1978-05-05
L. Munshi,K. M. Munshi,1899-05-21,1899-05-21
L. Vukićević,M. Mrkela,1962-07-20,1962-07-20
L. Eshkol,M. Eshkol,1895-10-25,1895-10-25
L. Kamenev,O. Kameneva,1883-7-18,1883-7-18
L. B. Pearson,M. Pearson,1897-04-23,1897-04-23
L. Plummer,"Beatrice Plummer, Baroness Plummer",1901-06-02,1901-06-02
L. Goonewardena,V. Goonewardena,1909-10-31,1909-10-31
L. M. Thomas,A. R. Thomas,1900-08-03,1900-08-03
L. López,L. Tintori,1971-04-29,1971-04-29
L. B. Jordan,G. Jordan,1899-05-15,1899-05-15
L. Falcam,I. Falcam,1935-11-20,1935-11-20
L. Meri,H. Meri,1929-03-29,1929-03-29
"Lena Jeger, Baroness Jeger",S. Jeger,1915-11-19,1915-11-19
L. A. Liljeroth,U. Adelsohn,1955-11-24,1955-11-24
L. Stanford,J. Stanford,1824-03-09,1824-03-09
L. Teng-hui,T. Wen-hui,1923-01-15,1923-01-15
L. Beyer,T. Beyer,1948-06-04,1948-06-04
L. Collins,Mary Call Darby Collins,1909-03-10,1909-03-10
L. Chiles,R. Chiles,1930-04-03,1930-04-03
L. Blakeman,B. Henderson,1958-05-23,1958-05-23
L. Kabila,S. Mahanya,1939-11-27,1939-11-27
L. F. Mata'afa,Fiame Mata'afa Faumuina Mulinu'u II,1928-06-23,1928-06-23
L. Suk-yee,W. Ting-kwong,1953-0-0,1953-0-0
L. A. Ram,S. Devi,1898-08-19,1898-08-19
L. Parvathi,N. T. Rama Rao,1954-1-1,1954-1-1
L. C. Mosley,O. Mosley,1898-08-13,1898-08-13
L. Cárdenas,A. Solórzano,1895-05-21,1895-05-21
K. Khuen-Héderváry,M. Teleki,1849-05-23,1849-05-23
K. Széll,I. Vörösmarty,1843-06-08,1843-06-08
K. Eldjárn,H. Eldjárn,1916-12-06,1916-12-06
K. Mitsotakis,M. Mitsotakis,1918-10-18,1918-10-18
K. Fleming,E. Stenbock,1535-1-1,1535-1-1
K. Besigye,W. Byanyima,1956-04-22,1956-04-22
K. Malthouse,J. Farha,1966-10-27,1966-10-27
K. L. Meena,G. D. Meena,1951-1-1,1951-1-1
K. Fordice,P. Fordice,1934-02-10,1934-02-10
K. E. Beazley,B. Judge,1917-09-30,1917-09-30
K. Aryan,M. H. Adeli,1954-10-11,1954-10-11
Khadija Bukar Abba Ibrahim,B. A. Ibrahim,1967-01-06,1967-01-06
K. Newman,J. Newman,1933-10-10,1933-10-10
K. Bowen,Divorce,1926-02-09,1926-02-09
K. McClintock,M. E. Batista,1957-01-19,1957-01-19
K. Kaunda,B. Kaunda,1924-04-28,1924-04-28
K. Bryden,M. Bryden,1916-04-09,1916-04-09
K. Meek,L. Meek,1966-09-06,1966-09-06
K. Aroi,M. Aroi,1942-04-17,1942-04-17
K. Thomson,M. Thomson,1955-05-01,1955-05-01
K. Regan,G. Regan,1961-02-04,1961-02-04
K. Wilson,E. Bonython,1900-09-03,1900-09-03
K. Skelton,B. Roberts,1918-05-06,1918-05-06
