col0,col1,col2,col3
F. D. Bandaranaike,Née,1930-11-05,1930-11-05
F. Iturriaga,O. Maturana,1899-12-07,1899-12-07
F. E. Zañartu,E. Echaurren,1825-04-25,1825-04-25
F. E. Echaurren,G. Echenique,1850-11-16,1850-11-16
F. E. Zañartu,E. Echaurren,1825-04-25,1825-04-25
F. E. Echaurren,G. Echenique,1850-11-16,1850-11-16
F. Karroubi,M. Karroubi,1949-1-1,1949-1-1
F. Brownbill,W. Brownbill,1890-04-28,1890-04-28
F. Houphouët-Boigny,M. Houphouët-Boigny,1905-10-18,1905-10-18
E. Perón,J. Perón,1919-05-07,1919-05-07
E. McCarthy,A. McCarthy,1916-03-29,1916-03-29
E. McMillan,G. McMillan,1904-05-12,1904-05-12
E. Bruce,S. Bruce,1879-05-25,1879-05-25
E. Samper,J. S. Lucena,1950-08-03,1950-08-03
E. P. Balladares,D. Boyd,1946-06-29,1946-06-29
E. Honecker,M. Honecker,1912-08-25,1912-08-25
E. F. Morgan,A. B. Morgan,1869-01-16,1869-01-16
E. Bolaños,L. Abaunza,1928-05-13,1928-05-13
E. Lyons,J. Lyons,1897-07-09,1897-07-09
E. G. Médici,S. Médici,1905-12-04,1905-12-04
E. Dölling,R. Dölling,1906-02-25,1906-02-25
E. Cosse,D. Baupin,1974-11-15,1974-11-15
E. Thornberry,C. Nugee,1960-07-27,1960-07-27
E. T. Douglas,U. Senate,1899-04-09,1899-04-09
E. Hácha,M. Háchová,1872-07-12,1872-07-12
E. Constantinescu,N. I. Bogorin,1939-11-19,1939-11-19
E. W. Wilson,H. C. Wilson,1844-08-11,1844-08-11
E. G. Médici,S. Médici,1905-12-04,1905-12-04
E. Moyer,R. Moyer,1936-02-12,1936-02-12
E. McCombs,J. McCombs,1873-11-19,1873-11-19
E. H. Gasque,A. H. Gasque,1886-02-26,1886-02-26
E. G. Robinson,J. L. Robinson,1899-05-28,1899-05-28
E. Chifley,B. Chifley,1886-08-01,1886-08-01
E. B. Andrews,G. W. Andrews,1911-02-12,1911-02-12
E. Lynch,F. S. López,1833-11-19,1833-11-19
E. Binay,J. C. Binay,1944-11-09,1944-11-09
E. A. Woodward,N. Y. City,1836-03-24,1836-03-24
E. S. Edwards,E. Edwards,1929-03-08,1929-03-08
E. Nile,F. Nile,1936-03-20,1936-03-20
E. Kellett-Bowman,E. Kellett-Bowman,1923-07-08,1923-07-08
E. Gubareva,P. Gubarev,1983-07-05,1983-07-05
E. Gerhardsen,W. Gerhardsen,1897-05-10,1897-05-10
E. L. Wingo,O. T. Wingo,1883-04-13,1883-04-13
E. Wijeyeratne,Née,1889-01-08,1889-01-08
"Edward Smith-Stanley, 14th Earl of Derby","Emma Caroline Smith-Stanley, Countess of Derby",1799-03-29,1799-03-29
E. Seaga,Née,1930-05-28,1930-05-28
E. Schreyer,L. Schreyer,1935-12-21,1935-12-21
E. P. Weed,S. Lynes,1834-04-07,1834-04-07
E. Mezvinsky,M. Margolies-Mezvinsky,1937-01-17,1937-01-17
E. M. Burke,A. M. Burke,1943-12-29,1943-12-29
"Edward Hyde, 3rd Earl of Clarendon",B. Clifton,1661-11-28,1661-11-28
"Edward Conway, 1st Earl of Conway","Anne Conway, Viscountess Conway",1623-1-1,1623-1-1
E. Suplicy,M. Suplicy,1941-06-21,1941-06-21
E. Santos,L. V. Restrepo,1888-08-28,1888-08-28
E. F. Ruiz-Tagle,M. Larraechea,1942-06-24,1942-06-24
E. Duhalde,Hilda Beatriz González de Duhalde,1941-10-05,1941-10-05
E. Zvobgo,J. T. Zvobgo,1935-10-02,1935-10-02
E. O. Simpson,S. Simpson,1891-10-26,1891-10-26
E. Stoiber,K. Stoiber,1941-09-28,1941-09-28
Edmund Chong Ket Wah,Linda Tsen Thau Lin,1956-04-09,1956-04-09
E. Barton,J. Barton,1849-01-18,1849-01-18
"Edgar Vincent, 1st Viscount D'Abernon","Helen Vincent, Viscountess D'Abernon",1857-08-19,1857-08-19
E. Lungu,E. Lungu,1956-11-11,1956-11-11
E. Graham,Bachelor,1954-1-1,1954-1-1
E. Mayne,K. Mayne,1945-09-16,1945-09-16
E. Karst,Divorce,1931-09-18,1931-09-18
E. Conroy,K. Conroy,1946-10-21,1946-10-21
E. Broadbent,E. M. Wood,1936-03-21,1936-03-21
Early life and career of Suharto,S. Hartinah,1921-06-08,1921-06-08
E. W. Marland,L. R. Marland,1874-05-08,1874-05-08
D. Dudayev,A. Dudaeva,1944-02-15,1944-02-15
D. Sandys,D. Churchill,1908-01-24,1908-01-24
D. Hames,J. Swinson,1977-06-16,1977-06-16
Duke Adolf Friedrich of Mecklenburg,Princess Elisabeth of Stolberg-Rossla,1873-10-10,1873-10-10
D. Jewson,C. Stephen,1884-08-17,1884-08-17
D. Blackburn,M. Blackburn,1889-09-18,1889-09-18
D. Lawrence,Divorce,1952-10-24,1952-10-24
D. Frye,S. Frye,1952-01-20,1952-01-20
D. M. Fraser,A. Fraser,1924-02-20,1924-02-20
D. Cadman,C. Cadman,1950-07-09,1950-07-09
D. Schnapper,A. Schnapper,1934-11-09,1934-11-09
D. F. Sarmiento,B. M. Pastoriza,1811-02-15,1811-02-15
D. Macapagal,E. Macapagal,1910-09-28,1910-09-28
D. Silang,G. Silang,1730-12-16,1730-12-16
D. Mather,W. Mather,1941-07-20,1941-07-20
D. Finley,D. Finley,1957-10-03,1957-10-03
D. Deans,I. Deans,1958-1-1,1958-1-1
"Diana Maddock, Baroness Maddock",A. Beith,1945-05-19,1945-05-19
"Diana Eccles, Viscountess Eccles","John Eccles, 2nd Viscount Eccles",1933-10-04,1933-10-04
D. F. Bartlett,A. Bartlett,1919-03-28,1919-03-28
D. Hinch,J. Weaver,1944-02-09,1944-02-09
D. Healey,E. Healey,1917-08-30,1917-08-30
D. Baupin,E. Cosse,1962-06-02,1962-06-02
D. O. Díaz,P. Díaz,1845-10-20,1845-10-20
D. Parker,R. Chichester,1882-08-13,1882-08-13
D. Shipley,S. Molesworth,1957-06-22,1957-06-22
D. Abrahams,J. Abrahams,1960-09-15,1960-09-15
D. Gibbons,J. Gibbons,1954-03-09,1954-03-09
D. Wallace,Z. G. Wallace,1799-04-24,1799-04-24
D. Usupashvili,T. Khidasheli,1968-03-05,1968-03-05
D. T. Kennedy,R. Kennedy,1934-04-07,1934-04-07
D. Smith,H. F. Smith,1941-05-16,1941-05-16
D. L. George,"Frances Lloyd George, Countess Lloyd-George of Dwyfor",1863-01-17,1863-01-17
D. Johnston,S. Johnston,1941-06-28,1941-06-28
"David Eccles, 1st Viscount Eccles",M. V. Eccles,1904-09-18,1904-09-18
D. Dank,O. Dank,1938-07-14,1938-07-14
D. Collenette,P. Collenette,1946-06-24,1946-06-24
"David Alfred Thomas, 1st Viscount Rhondda","Sybil Thomas, Viscountess Rhondda",1856-03-26,1856-03-26
D. Batters,D. Batters,1969-07-12,1969-07-12
D. Sickles,T. B. Sickles,1819-10-20,1819-10-20
D. Hoyt,J. Keeler,1681-01-01,1681-01-01
Daniel D. T. Farnsworth,M. I. Farnsworth,1819-12-23,1819-12-23
D. Wortley,R. Wortley,1959-1-1,1959-1-1
D. Voiculescu,Concubinage,1946-09-25,1946-09-25
D. Moody,M. P. Moody,1893-06-01,1893-06-01
D. M. Cook,J. Cook,1863-1-1,1863-1-1
D. Lovick,J. Pullinger,1944-03-04,1944-03-04
D. Wigley,E. Bennett,1943-04-01,1943-04-01
C. Brunschvicg,L. Brunschvicg,1877-07-19,1877-07-19
Count Manfred von Clary-Aldringen,Pejácsevich,1852-05-30,1852-05-30
Count Karl Ludwig von Ficquelmont,D. d. Ficquelmont,1777-03-23,1777-03-23
C. Jordan,F. Dior,1923-06-19,1923-06-19
C. H. Smith,M. C. Smith,1876-06-09,1876-06-09
C. Freud,J. Flewett,1924-04-24,1924-04-24
C. L. Abdala,G. Zamora,1974-09-14,1974-09-14
C. W. Meadows,N. M. Meadows,1904-02-11,1904-02-11
C. G. McMillan,T. S. McMillan,1894-08-17,1894-08-17
C. Gomes,P. Pillar,1957-11-06,1957-11-06
C. Robb,Lynda Bird Johnson Robb,1939-06-26,1939-06-26
C. Cadman,D. Cadman,1948-02-21,1948-02-21
C. Clark,M. Marissen,1965-10-29,1965-10-29
C. Elliott,J. Flaherty,1954-1-1,1954-1-1
C. Rees,R. Davies,1954-02-21,1954-02-21
C. Watson,A. Watson,1867-04-09,1867-04-09
C. Pond,C. Tongue,1952-09-25,1952-09-25
C. Charlton,B. Charlton,1963-07-04,1963-07-04
C. Kai-shek,C. Jieru,1887-10-31,1887-10-31
C. Ching-kuo,C. Fang-liang,1910-04-27,1910-04-27
C. C. Bolton,F. P. Bolton,1882-09-05,1882-09-05
C. Shui-bian,W. Shu-chen,1950-10-12,1950-10-12
C. Jagan,J. Jagan,1918-03-22,1918-03-22
C. Angus,B. Griffin,1962-11-14,1962-11-14
C. W. Brooks,M. Brooks,1897-03-08,1897-03-08
C. S. Parnell,K. O'Shea,1846-06-27,1846-06-27
"Charles Spencer, 3rd Earl of Sunderland","Anne Spencer, Countess of Sunderland",1675-04-23,1675-04-23
C. Poletti,B. N. York,1903-07-02,1903-07-02
C. L. Robinson,Sara Tappan Doolittle Robinson,1818-07-21,1818-07-21
C. H. Stewart,T. Florida,1867-09-22,1867-09-22
"Charles Grey, 2nd Earl Grey","Mary Grey, Countess Grey",1764-03-13,1764-03-13
C. E. Disbrow,N. H. Connecticut,1812-11-05,1812-11-05
C. Diggs,A. D. Taylor,1922-12-02,1922-12-02
C. Fattah,R. Chenault-Fattah,1956-11-21,1956-11-21
C. Weizmann,V. Weizmann,1874-11-27,1874-11-27
C. Herzog,A. Herzog,1918-09-17,1918-09-17
C. Morel,S. Piñera,1951-01-14,1951-01-14
C. H. Underwood,H. H. Underwood,1922-11-05,1922-11-05
"Cecil Calvert, 2nd Baron Baltimore",A. Arundel,1605-08-08,1605-08-08
C. t. Elder,Salonia,-234-1-1,-234-1-1
C. McKenna,S. Gilmore,1971-08-05,1971-08-05
C. D. Norrell,W. F. Norrell,1901-03-30,1901-03-30
C. H. Jr.,E. O. Harrison,1860-04-23,1860-04-23
C. Sullivan,J. Sullivan,1955-09-06,1955-09-06
C. Bennett,P. O'Brian,1950-12-20,1950-12-20
C. St-Hilaire,M. Kotto,1969-11-16,1969-11-16
C. Dinenage,M. Lancaster,1971-10-28,1971-10-28
C. R. Barceló,K. Donnelly,1932-09-04,1932-09-04
C. Menem,C. Bolocco,1930-07-02,1930-07-02
C. Dávila,H. Arrate,1887-09-15,1887-09-15
C. A. Pérez,B. Rodriguez,1922-10-27,1922-10-27
C. Cederschiöld,C. Cederschiöld,1945-1-1,1945-1-1
C. Banana,J. Banana,1936-03-05,1936-03-05
C. L. Rampton,L. Cardon,1913-11-06,1913-11-06
C. Brunschvicg,L. Brunschvicg,1877-07-19,1877-07-19
B. Ecevit,R. Ecevit,1925-05-28,1925-05-28
B. Saraki,T. Saraki,1962-12-19,1962-12-19
B. F. Straub,G. Szabolcsi,1914-01-05,1914-01-05
B. Carranza,G. Montealegre,1822-10-05,1822-10-05
B. F. Straub,G. Szabolcsi,1914-01-05,1914-01-05
B. Prentice,G. Prentice,1952-12-28,1952-12-28
