col0,col1,col2,col3
A. v. Iersel,P. Keating,1948-10-05,1948-10-05
A. Kerr,R. Kerr,1925-03-24,1925-03-24
A. Hidalgo,J. Germain,1959-06-19,1959-06-19
A. Fraser,M. Cullen,1951-1-1,1951-1-1
A. Hatt,O. Alterå,1972-12-07,1972-12-07
A. Winterton,N. Winterton,1941-03-06,1941-03-06
A. Lewis,G. A. Lewis,1937-12-19,1937-12-19
A. Keen,A. Keen,1948-11-26,1948-11-26
A. Cryer,Widow,1939-12-14,1939-12-14
A. Steen,G. Persson,1949-05-13,1949-05-13
A. Moonesinghe,J. Hoban,1927-02-15,1927-02-15
A. Rivera,E. P. Nieto,1969-08-02,1969-08-02
A. MacInnis,G. MacInnis,1884-09-02,1884-09-02
A. Rivera,E. P. Nieto,1969-08-02,1969-08-02
A. Bevan,"Jennie Lee, Baroness Lee of Asheridge",1897-11-15,1897-11-15
A. Dawkins,E. R. Anderson,1950-07-29,1950-07-29
A. P. Arango,N. P. Bickenbach,1954-08-17,1954-08-17
A. Bonifacio,G. d. Jesús,1863-11-30,1863-11-30
A. Shevchenko,H. Homonai,1976-06-10,1976-06-10
A. Peacock,A. Peacock,1939-02-13,1939-02-13
A. Messenger,N. Haies,1650-0-0,1650-0-0
A. MacKay,J. Kirkbride,1949-08-27,1949-08-27
A. J. Jr.,M. Keys,1932-02-24,1932-02-24
A. Canova,P. C. Florida,1835-10-30,1835-10-30
A. Papandreou,D. Liani,1919-02-05,1919-02-05
A. Seastrand,E. Seastrand,1941-08-05,1941-08-05
A. Pason,G. Pason,1964-10-14,1964-10-14
A. P. Arango,N. P. Bickenbach,1954-08-17,1954-08-17
A. Bonifacio,G. d. Jesús,1863-11-30,1863-11-30
A. Țăranu,L. Lazăr,1951-10-19,1951-10-19
A. S. Debayle,H. Portocarrero,1925-12-05,1925-12-05
Anahí,M. V. Coello,1983-05-14,1983-05-14
A. A. Vilá,L. Gándara,1962-02-13,1962-02-13
A. Rawat,S. Maharaj,1958-08-10,1958-08-10
A. Hamzawy,B. Hassan,1967-10-28,1967-10-28
A. Kabua,E. Kabua,1928-11-17,1928-11-17
A. Singh,P. Kaur,1942-03-11,1942-03-11
"Alphonzo E. Bell, Jr.",M. McCargo,1914-09-19,1914-09-19
A. Seabeck,N. Raynsford,1954-01-20,1954-01-20
A. Downer,M. Downer,1910-04-07,1910-04-07
A. Koroma,S. Koroma,1932-06-27,1932-06-27
A. H. Mwinyi,S. Mwinyi,1925-05-08,1925-05-08
