col0,col1,col2,col3
Macrozamia lomandroides,Zamiaceae,IUCN3.1,VU
Macrozamia johnsonii,Zamiaceae,IUCN3.1,LC
Macrozamia humilis,Zamiaceae,IUCN3.1,VU
Macrozamia heteromera,Zamiaceae,IUCN3.1,LC
Macrozamia glaucophylla,Zamiaceae,IUCN3.1,LC
Macrozamia fraseri,Zamiaceae,IUCN3.1,LC
Macrozamia flexuosa,Zamiaceae,IUCN3.1,EN
Macrozamia fearnsidei,Zamiaceae,IUCN3.1,LC
Macrozamia fawcettii,Zamiaceae,IUCN3.1,LC
Macrozamia elegans,Zamiaceae,IUCN3.1,EN
Macrozamia dyeri,Zamiaceae,IUCN3.1,LC
Macrozamia douglasii,Zamiaceae,IUCN3.1,LC
Macrozamia diplomera,Zamiaceae,IUCN3.1,LC
Macrozamia crassifolia,Zamiaceae,IUCN3.1,VU
Macrozamia cranei,Zamiaceae,IUCN3.1,EN
Macrozamia conferta,Zamiaceae,IUCN3.1,VU
Macrozamia concinna,Zamiaceae,IUCN3.1,LC
Macrozamia communis,Zamiaceae,IUCN3.1,LC
Macrozamia cardiacensis,Zamiaceae,IUCN3.1,VU
Lepidozamia peroffskyana,Zamiaceae,IUCN3.1,LC
Lepidozamia hopei,Zamiaceae,IUCN3.1,LC
Encephalartos woodii,Zamiaceae,IUCN3.1,EW
Encephalartos whitelockii,Zamiaceae,IUCN3.1,CR
Encephalartos villosus,Zamiaceae,IUCN3.1,LC
Encephalartos turneri,Zamiaceae,IUCN3.1,LC
Encephalartos trispinosus,Zamiaceae,IUCN3.1,VU
Encephalartos transvenosus,Zamiaceae,IUCN3.1,LC
Encephalartos senticosus,Zamiaceae,IUCN3.1,VU
Encephalartos sclavoi,Zamiaceae,IUCN3.1,CR
Encephalartos pterogonus,Zamiaceae,IUCN3.1,CR
Encephalartos princeps,Zamiaceae,IUCN3.1,VU
Encephalartos paucidentatus,Zamiaceae,IUCN3.1,VU
Encephalartos natalensis,Zamiaceae,IUCN3.1,NT
Encephalartos middelburgensis,Zamiaceae,IUCN3.1,CR
Encephalartos manikensis,Zamiaceae,IUCN3.1,VU
Encephalartos longifolius,Zamiaceae,IUCN3.1,NT
Encephalartos lehmannii,Zamiaceae,IUCN3.1,NT
Encephalartos lebomboensis,Zamiaceae,IUCN3.1,EN
Encephalartos laurentianus,Zamiaceae,IUCN3.1,NT
Encephalartos latifrons,Zamiaceae,IUCN3.1,CR
Encephalartos laevifolius,Zamiaceae,IUCN3.1,CR
Encephalartos kisambo,Zamiaceae,IUCN3.1,EN
Encephalartos ituriensis,Zamiaceae,IUCN3.1,NT
Encephalartos inopinus,Zamiaceae,IUCN3.1,CR
Encephalartos horridus,Zamiaceae,iucn3.1,EN
Encephalartos hirsutus,Zamiaceae,IUCN3.1,CR
Encephalartos hildebrandtii,Zamiaceae,IUCN3.1,NT
Encephalartos gratus,Zamiaceae,IUCN3.1,VU
Encephalartos friderici-guilielmi,Zamiaceae,IUCN3.1,NT
Encephalartos ferox,Zamiaceae,IUCN3.1,NT
Encephalartos eugene-maraisii,Zamiaceae,IUCN3.1,EN
Encephalartos equatorialis,Zamiaceae,IUCN3.1,CR
Encephalartos dolomiticus,Zamiaceae,IUCN3.1,CR
Encephalartos cycadifolius,Zamiaceae,IUCN3.1,LC
Encephalartos cupidus,Zamiaceae,IUCN3.1,CR
Encephalartos concinnus,Zamiaceae,IUCN3.1,EN
Encephalartos caffer,Zamiaceae,iucn3.1,NT
Encephalartos brevifoliolatus,Zamiaceae,IUCN3.1,EW
Encephalartos barteri,Zamiaceae,IUCN3.1,VU
Encephalartos arenarius,Zamiaceae,IUCN3.1,EN
Encephalartos altensteinii,Zamiaceae,IUCN3.1,VU
Dioon tomasellii,Zamiaceae,iucn3.1,VU
Dioon spinulosum,Zamiaceae,IUCN3.1,EN
Dioon mejiae,Zamiaceae,iucn3.1,LC
Dioon holmgrenii,Zamiaceae,iucn3.1,EN
Dioon edule,Zamiaceae,IUCN3.1,NT
Cycas taiwaniana,Cycas,IUCN3.1,EN
Cycas taitungensis,Cycas,iucn3.1,EN
Cycas sphaerica,Cycas,IUCN3.1,dd
Cycas rumphii,Cycas,IUCN3.1,NT
Cycas revoluta,Cycadaceae,IUCN3.1,LC
Cycas pruinosa,Cycas,IUCN3.1,LC
Cycas platyphylla,Cycas,IUCN3.1,EN
Cycas pectinata,Cycas,IUCN3.1,VU
Cycas orixensis,Cycas,IUCN3.1,en
Cycas nayagarhensis,Cycas,IUCN3.1,cr
