col0,col1,col2,col3,col4,col5,col6
Pope Theophilus of Alexandria,Egypt,Egypt,Egypt,400-1-1,0412-10-15,400-1-1
Pope Theonas of Alexandria,Egypt,Egypt,Egypt,300-1-1,0300-01-10,300-1-1
Pope Shenouda III of Alexandria,Manfalut,Alexandria,Egypt,1923-08-03,2012-03-17,1923-08-03
Pope Primus of Alexandria,Egypt,Alexandria,Egypt,100-1-1,0118-08-09,100-1-1
Pope Matthew I of Alexandria,Egypt,Egypt,Egypt,1378-0-0,1408-0-0,1378-0-0
Pope Macarius III of Alexandria,El Mahalla El Kubra,Cairo,Egypt,1872-02-18,1945-08-31,1872-02-18
Pope John XIX of Alexandria,Asyut,Kingdom of Egypt,Egypt,1855-1-1,1942-06-21,1855-1-1
Pope John V of Alexandria,Egypt,Egypt,Egypt,1147-8-25,1166-04-29,1147-8-25
Pope Heraclas of Alexandria,Egypt,Egypt,Egypt,180-1-1,0246-12-17,180-1-1
Pope Cyril V of Alexandria,Beni Suef Governorate,Kingdom of Egypt,Egypt,1831-0-0,1927-08-07,1831-0-0
Pope Cyril VI of Alexandria,Damanhur,Cairo,Egypt,1902-08-08,1971-03-09,1902-08-08
Pope Cyril IV of Alexandria,Girga,Egypt Eyalet,Egypt,1816-1-1,1861-01-31,1816-1-1
P. A. VI,Xàtiva,Rome,Crown of Aragon,1431-01-01,1503-08-18,1431-01-01
Pope Agatho of Alexandria,Egypt,Egypt,Egypt,700-1-1,0680-10-26,700-1-1
