col0,col1,col2,col3
Kashiwazaki-Kariwa Nuclear Power Plant,1980,119941200000000000000,7965000000
Emsland Nuclear Power Plant,1982,40132800000000000,1363000000
Brunsbüttel Nuclear Power Plant,1969,16297200000000000,806000000
Brokdorf Nuclear Power Plant,1975,41252400000000000,1440000000
Krümmel Nuclear Power Plant,1974,36640800000000000,1402000000
Grafenrheinfeld nuclear power plant,1975,33930000000000000,1345000000
Gösgen Nuclear Power Plant,1973,29059200000000000,970000000
Olkiluoto Nuclear Power Plant,1973,51364800000000000,1760000000
Three Mile Island Nuclear Generating Station,1968,23922000000000000,852000000
Palo Verde Nuclear Generating Station,1976,105300000000000000,3942000000
Doel Nuclear Power Station,1969,78012000000000000,2919000000
Zhanghewan Pumped Storage Power Station,2003,5760000000000,1000000000
Yugadanavi Power Station,2007,6480000000000000,300000000
Yixing Pumped Storage Power Station,2003,5364000000000000,1000000000
Xilongchi Pumped Storage Power Station,2001,6480000000000000,1200000000
Xianyou Pumped Storage Power Station,2009,6840000000000000,1200000000
Xiangshuijian Pumped Storage Power Station,2006,6480000000000000,1000000000
Väo Power Plant,2007,648000000000000,25000000
Vianden Pumped Storage Plant,1959,5940000000000000,220000000
Velebit Pumped Storage Power Plant,1978,1683000000000000,276000000
Valle Solar Power Station,2009,1224000000000000,100000000
Väo Power Plant,2007,648000000000000,25000000
Uthuru Janani Power Station,2012,633600000000000,24000000
Uppudaluwa Wind Farm,2010,94608000000000,10500000
Tricastin Nuclear Power Plant,1974,90378000000000000,3820000000
Tongbai Pumped Storage Power Station,2000,10080000000000000,1200000000
Tihange Nuclear Power Station,1970,82800000000000000,2985000000
Three Mile Island Nuclear Generating Station,1968,23922000000000000,852000000
Te Apiti Wind Farm,2003,928800000000000,90750000
Tai'an Pumped Storage Power Station,2000,4680000000000000,1000000000
Tafila Wind Farm,2013,1440000000000000,117000000
THTR-300,1971,3898800000000000,308000000
Superphénix,1976,12211200000000000,1242000000
South Texas Nuclear Generating Station,1975,79844400000000000,2760000000
Somers Solar Center,2012,19440000000000,5000000
Soma Wind Farm,2009,1458000000000000,140400000
Solar Energy Generating Systems,1983,2383200000000000,361000000
Slieve Rushen Wind Farm,2007,486000000000000,54000000
Shisanling Pumped Storage Power Station,1988,4485600000000000,800000000
Shams Solar Power Station,2010,756000000000000,100000000
Seguwantivu and Vidatamunai Wind Farms,2009,189216000000000,20000000
Scout Moor Wind Farm,2007,554400000000000,65000000
Saint-Laurent Nuclear Power Plant,1963,46504800000000000,1912000000
Saint-Alban Nuclear Power Plant,1979,59277600000000000000,2600000000
Rio Grande Hydroelectric Complex,1976,3517200000000000,750000000
Qinghai Golmud Solar Park,2011,120240000000000,20160000
Pushihe Pumped Storage Power Station,2006,3600000000000000,1200000000
Project West Wind,2007,1980000000000000,142600000
Presenzano Hydroelectric Plant,1979,4593600000000000,1000000000
Penly Nuclear Power Plant,1982,69904800000000000,2764000000
Paluel Nuclear Power Plant,1977,123847200000000000,5528000000
Palo Verde Nuclear Generating Station,1976,105300000000000000,3942000000
Paks Nuclear Power Plant,1967,53344800000000000,2000000000
PS20 solar power plant,2006,172800000000000,20000000
PS10 solar power plant,2004,84240000000000,11000000
Ouarzazate Solar Power Station,2013,1332000000000000,160000000
Ormonde Wind Farm,2010,1800000000000000,150000000
Olkiluoto Nuclear Power Plant,1973,51364800000000000,1760000000
Nogent Nuclear Power Plant,1981,69591600000000000,2726000000
Nga Awa Purua Power Station,2008,3960000000000000,140000000
Neckarwestheim Nuclear Power Plant,1971,61416000000000000,2235000000
Nant de Drance Hydropower Plant,2008,9000000000000000,900000000
Mt Stuart Wind Farm,2011,92160000000000,7700000
Mojave Solar Project,2011,2221200000000000,280000000
Martin Next Generation Solar Energy Center,2008,558000000000000,75000000
Markersbach Pumped Storage Power Plant,1970,3528000000000000,1045000000
Loviisa Nuclear Power Plant,1971,29340000000000000,1020000000
Lopburi Solar Farm,2010,379843200000000,84000000
London Array,2011,9000000000000000,630000000
Liyang Pumped Storage Power Station,2011,7225200000000000,1500000000
Lillgrund Wind Farm,2006,1188000000000000,110000000
Leningrad Nuclear Power Plant,1970,76348800000000000,4000000000
