col0,col1,col2,col3
Lauingen Energy Park,2008,97128000000000,25700000
Krümmel Nuclear Power Plant,1974,36640800000000000,1402000000
Koeberg Nuclear Power Station,1976,49204800000000000,1940000000
Khi Solar One,2012,648000000000000,50000000
Kaunas Combined Heat and Power Plant,1971,2196000000000,170000000
Kashiwazaki-Kariwa Nuclear Power Plant,1980,119941200000000000000,7965000000
Kaheawa Wind Power,2005,1608336000000000,51000000
KaXu Solar One,2012,1152000000000000,100000000
Isar Nuclear Power Plant,1971,68583600000000000,2387000000
Ignalina Nuclear Power Plant,1978,28602000000000000,3000000000
Huanggou Pumped Storage Power Station,2014,4320000000000000,1200000000
Hope Creek Nuclear Generating Station,1974,29174400000000000,1059000000
Hoosac Wind Power Project,2011,25200000000000,28500000
Hitra Wind Farm,2003,540000000000000,55000000
Hartlepool Nuclear Power Station,1969,16560000000000000,1320000000
Gösgen Nuclear Power Plant,1973,29059200000000000,970000000
Gravelines Nuclear Power Station,1974,138463200000000000,5706000000
Grafenrheinfeld nuclear power plant,1975,33930000000000000,1345000000
Gouina Hydroelectric Plant,2013,2034000000000000,140000000
Golfech Nuclear Power Plant,1982,64771200000000000,2726000000
Goldisthal Pumped Storage Station,1997,6501600000000000,1060000000
Glomfjord power plant,1918,306000000000000,20000000
Genesis Solar Energy Project,2010,2088000000000000,280000000
Gariuai Hydroelectric Plant,2006,5227200000000,326000
Gösgen Nuclear Power Plant,1973,29059200000000000,970000000
Fortum Klaipėda Combined Heat and Power Plant,2011,504000000000000,20000000
Flamanville Nuclear Power Plant,1979,64501200000000000,2764000000
Fessenheim Nuclear Power Plant,1970,42044400000000000,1840000000
Fengning Pumped Storage Power Station,2013,5760000000000,3600000000
Erlasee Solar Park,2005,50400000000000,11400000
Entracque Power Plant,1969,3744000000000000,1184000000
Emsland Nuclear Power Plant,1982,40132800000000000,1363000000
Dorobanțu Wind Farm,2010,432000000000000,45000000
Doel Nuclear Power Station,1969,78012000000000000,2919000000
Davis–Besse Nuclear Power Station,1970,27741600000000000,889000000
Cruas Nuclear Power Plant,1978,83667600000000000,3824000000
Cruachan Power Station,1959,2538000000000000,440000000
Cottbus-Drewitz Solarpark,2011,99648000000000,30200000
Civaux Nuclear Power Plant,1988,77248800000000000,3122000000
Chooz Nuclear Power Plant,1960,69501600000000000,3120000000
Chinon Nuclear Power Plant,1957,86130000000000000,1816000000
Chernobyl Nuclear Power Plant,1972,0,4000000000
Cattenom Nuclear Power Plant,1979,122702400000000000,5448000000
Burgos Wind Farm,2013,838800000000000,150000000
Brunsbüttel Nuclear Power Plant,1969,16297200000000000,806000000
Bruce Nuclear Generating Station,1970,162000000000000000,6232000000
Brokdorf Nuclear Power Plant,1975,41252400000000000,1440000000
Borssele Nuclear Power Station,1969,11782800000000000,515000000
Bokpoort CSP,2013,720000000000000,50000000
Blayais Nuclear Power Plant,1976,95648400000000000,3804000000
Bihai Power Plant,2001,853200000000000,61200000
