col0,col1,col2,col3,col4,col5,col6
J. Wallington,"Arlington County, Virginia","Rochester, New York",1907-09-15,1907-09-15,James Wallington,1972-12-22
J. Jordan,"Beverly Hills, California","Peoria, Illinois",1896-11-16,1896-11-16,James Edward Jordan,1988-04-01
J. Ace,New York City,"Kansas City, Missouri",1897-10-12,1897-10-12,Jane Epstein,1974-11-11
J. Weaver,"Silver Spring, Maryland","Buffalo, New York",1920-09-03,1920-09-03,Jackson J. Weaver,1992-10-20
J. P. McCarthy,"New York City, New York",New York City,1933-03-22,1933-03-22,Joseph Priestley McCarthy II,1995-08-16
I. Valz,Sint Maarten,"Georgetown, Guyana",1957-08-28,1957-08-28,Ian Michael Valz,2010-04-28
H. Chizek,"Orlando, Florida","University Heights, Ohio",1947-06-09,1947-06-09,Howard Alan Chizek,2012-06-16
H. Arlin,"Bakersfield, California","La Harpe, Illinois",1895-12-08,1895-12-08,Harold Wampler Arlin,1986-03-14
H. Jackson,"New York, New York","Charleston, South Carolina",1914-11-03,1914-11-03,Harold Baron Jackson,2012-05-23
G. Knight,England,England,1949-02-17,1949-02-17,Graham Lawrence Knight,2009-09-03
G. Riggs,Málaga,"East McKeesport, Pennsylvania",1907-07-24,1907-07-24,Glenn Everett Riggs,1975-09-12
G. Grljusich,Western Australia,"Wiluna, Western Australia",1939-01-15,1939-01-15,George Ned Grljusich,2007-11-06
F. Allen,Manhattan,"Cambridge, Massachusetts",1894-05-31,1894-05-31,John Florence Sullivan,1956-03-17
F. Thomas,Chicago,"Rushville, Indiana",1918-06-13,1918-06-13,William Frazier Thomas,1985-04-03
