col0,col1,col2,col3,col4,col5,col6
F. Bond,"St. Croix, Virgin Islands","Louisville, Kentucky",1904-10-23,1904-10-23,David Ford Bond,1962-08-15
E. Pearce,"Malvern, Victoria",Hampshire,1905-03-05,1905-03-05,Eric Herbert Pearce,1997-04-12
E. Herlihy,New York City,Boston,1909-08-14,1909-08-14,Edward Joseph Herlihy,1999-01-30
D. Banks,"Miami, Florida","Philadelphia, Pennsylvania",1958-06-09,1958-06-09,Calvin Douglas Banks Jr.,2016-04-11
D. Carney,Florida,Michigan,1896-08-19,1896-08-19,Howard Rice,1954-01-14
C. Cole,"Oak Island, North Carolina","Youngstown, Ohio",1938-01-01,1938-01-01,Albert Franklin Rucker,2010-12-18
C. Leonard,New York City,Illinois,1937-03-30,1937-03-30,Charles Wesley Leonard,2004-08-12
B. Morton,Washington D.C.,"Norwalk, Connecticut",1930-10-28,1930-10-28,Bruce Alexander Morton,2014-09-05
B. Steele,"Hartford, Connecticut","Kansas City, Missouri",1911-07-13,1911-07-13,Robert Lee Steele,2002-12-06
B. Lassiter,"Tampa, Florida","Camden, New Jersey",1945-09-30,1945-09-30,Robert Henry Glodowski,2006-10-13
B. Conners,"Marco Island, Florida","Clearfield, Pennsylvania",1933-0-0,1933-0-0,Robert Foster Charles Conners,2014-11-23
B. Frum,Ontario,"Niagara Falls, New York",1937-09-08,1937-09-08,Barbara Rosberg,1992-03-26
A. Auerbach,United States,New York City,1903-05-17,1903-05-17,Arthur Auerbach,1957-10-03
A. Steele,New York City,Brooklyn,1937-01-26,1937-01-26,Ceil Loman,1995-09-27
A. Xenides,Australia,Argentina,1956-01-09,1956-01-09,Adriana Coutsaimanis,2010-06-07
