col0,col1,col2,col3,col4
V. B. Vargas,Bogotá,C. B. Isakson,Boston University,Colombian people
Ulysses S. Grant presidential administration scandals,"Wilton, New York",N. Grant,United States Military Academy at West Point,United States
S. Milošević,The Hague,M. Milošević,University of Belgrade Faculty of Law,Serbia
R. Premadasa,Colombo,S. Premadasa,"St Joseph's College, Colombo",Sri Lanka
Presidency of Boris Yeltsin,"Moscow, Russia",T. Yumasheva,Ural State Technical University,Russian nationality
N. Win,State Peace and Development Council,S. Win,Rangoon University,Burma
M. P. Borrero,Bogotá,A. P. Arango,Juris doctor,Colombian people
Miguel de la Madrid,Mexico,Enrique de la Madrid Cordero,National Autonomous University of Mexico,Mexico
L. Einaudi,Italy,G. Einaudi,University of Turin,Italian nationality law
G. R. Pinilla,Colombia,María Eugenia Rojas Correa,Trine University,Colombian people
D. Macapagal,Philippines,G. Macapagal-Arroyo,University of Santo Tomas,Filipino people
B. Yeltsin,Moscow,T. Dyachenko,Ural State Technical University,Russian nationality
A. L. Pumarejo,England,A. L. Michelsen,London School of Economics,Colombian people
A. L. Michelsen,Bogotá,A. L. Caballero,Juris doctor,Colombian people
A. L. Pumarejo,England,A. L. Michelsen,London School of Economics,Colombian people
A. L. Michelsen,Bogotá,A. L. Caballero,Juris doctor,Colombian people
