col0,col1,col2,col3
İ. İnönü,M. İnönü,1973-12-25,1884-09-24
Z. Shazar,R. Katznelson-Shazar,1974-10-05,1889-11-24
Y. Posun,G. Deok-gwi,1990-07-18,1897-08-26
Y. Tsedenbal,A. Filatova,1991-04-20,1916-09-17
Y. Navon,O. Navon,2015-11-07,1921-04-09
Y. Ben-Zvi,R. Y. Ben-Zvi,1963-04-23,1884-11-24
Y. Chia-kan,L. Chi-chun,1993-12-24,1905-10-23
Y. Arafat,S. Arafat,2004-11-11,1929-08-24
William James Parke Hume,A. Stevenson,1952-0-0,1866-01-25
W. Gopallawa,Née,1981-01-31,1896-09-17
W. G. Harding,F. Harding,1923-08-02,1865-11-02
W. Ulbricht,L. Ulbricht,1973-08-01,1893-06-30
V. Vynnychenko,R. Vynnychenko,1951-03-06,1880-07-28
V. B. Vargas,C. I. Proctor,1997-05-20,1921-09-17
Ulysses S. Grant presidential administration scandals,J. Grant,1885-07-23,1821-04-27
T. G. Masaryk,C. Garrigue,1937-09-14,1850-03-07
T. G. Gutiérrez,E. S. Alfaro,1882-07-06,1831-12-16
T. G. Masaryk,C. Garrigue,1937-09-14,1850-03-07
T. Klestil,E. Klestil,2004-07-06,1932-11-04
T. Heuss,E. Heuss-Knapp,1963-12-12,1884-01-31
S. Demirel,N. Demirel,2015-06-17,1924-11-01
S. Rhee,F. Donner,1965-07-19,1875-04-18
