col0,col1,col2,col3
S. Björnsson,G. Björnsson,1952-01-25,1881-02-27
Sukarno,D. Sukarno,1970-06-21,1901-06-06
Suharto,S. Hartinah,2008-01-27,1921-06-08
S. Milošević,M. Marković,2006-03-11,1941-08-20
S. Edström,R. R. Edström,1964-03-18,1870-11-11
S. S. Thaik,Sao Nang Hearn Kham,1962-11-21,1896-0-0
S. Abacha,M. Abacha,1998-06-08,1943-09-20
S. Demirel,N. Demirel,2015-06-17,1924-11-01
R. Khomeini,K. Saqafi,1989-06-03,1902-09-24
R. Kirchschläger,H. Kirchschläger,2000-03-30,1915-03-20
R. Reagan,J. Wyman,2004-06-05,1911-02-06
R. Moo-hyun,K. Yang-sook,2009-05-23,1946-09-01
R. Guéï,R. D. Guéï,2002-09-19,1941-03-16
R. v. Weizsäcker,M. v. Weizsäcker,2015-01-31,1920-04-15
R. Alfonsín,M. L. Barreneche,2009-03-31,1927-03-12
R. Premadasa,Née,1993-05-01,1923-06-23
R. Núñez,S. R. Polanco,1894-09-18,1825-09-25
R. Caldera,A. Pietri,2009-12-24,1916-01-24
R. Bitat,Z. Drif,2000-04-10,1925-12-19
R. Alfonsín,M. L. Barreneche,2009-03-31,1927-03-12
Presidency of Néstor Kirchner,Cristina Fernández de Kirchner,2010-10-27,1950-02-25
Presidency of Boris Yeltsin,N. Yeltsina,2007-04-23,1931-02-01
P. Montt,S. d. Campo,1910-08-16,1849-06-29
P. Lascuráin,First Lady of Mexico,1952-07-21,1856-05-08
P. A. Cerda,J. R. Aguirre,1941-11-25,1879-02-06
P. Kabbah,A. T. Kabbah,1998-05-08,1933-03-17
P. Chung-hee,Y. Young-soo,1979-10-26,1917-11-14
O. Jászi,A. Lesznai,1957-02-13,1875-03-02
O. Bongo,P. Dabany,2009-06-08,1935-12-30
N. Kirchner,Cristina Fernández de Kirchner,2010-10-27,1950-02-25
N. Azikiwe,F. Azikiwe,1996-05-11,1904-11-16
N. Khánh,M. Khánh,2013-01-11,1927-11-08
N. Mandela,G. Machel,2013-12-05,1918-07-18
N. Win,J. R. Bellamy,2002-12-05,1910-07-10
N. Kirchner,Cristina Fernández de Kirchner,2010-10-27,1950-02-25
M. Adl,Mozaffar ad-Din Shah Qajar,1950-7-13,1882-1-1
M. Rajai,A. Sediqi,1981-08-30,1933-06-15
M. Boudiaf,F. Boudiaf,1992-06-29,1919-06-23
M. P. Borrero,María Cristina Arango Vega,1997-08-21,1923-11-14
M. Miramón,C. Lombardo,1867-06-19,1832-09-29
M. O. Pérez,B. H. Fernández,1976-04-14,1891-11-24
Marcelo Torcuato de Alvear,R. Pacini,1942-04-23,1868-10-04
L. Cárdenas,A. Solórzano,1970-10-19,1895-05-21
L. H. Álvarez,B. M. Scagno,2016-05-18,1919-10-25
L. Kamenev,O. Kameneva,1936-08-25,1883-7-18
L. Meri,H. Meri,2006-03-14,1929-03-29
L. Kabila,S. Mahanya,2001-01-16,1939-11-27
L. Cárdenas,A. Solórzano,1970-10-19,1895-05-21
K. Khuen-Héderváry,M. Teleki,1918-02-16,1849-05-23
K. Széll,I. Vörösmarty,1915-08-16,1843-06-08
K. Eldjárn,H. Eldjárn,1982-09-13,1916-12-06
K. Carstens,V. Carstens,1992-05-30,1914-12-14
K. Khuen-Héderváry,M. Teleki,1918-02-16,1849-05-23
K. Széll,I. Vörösmarty,1915-08-16,1843-06-08
J. Habyarimana,A. Habyarimana,1994-04-06,1937-03-08
Julio César Turbay Ayala,N. Q. Turbay,2005-09-13,1916-06-18
J. Perón,E. Perón,1974-07-01,1895-10-08
J. L. Sanfuentes,A. Echazarreta,1930-07-16,1858-12-27
J. Goulart,Maria Teresa Fontela Goulart,1976-12-06,1918-03-01
J. Figueiredo,D. Figueiredo,1999-12-24,1918-01-15
J. T. Ovalle,R. Bezanilla,1831-03-21,1787-12-21
J. M. Carrera,M. Fontecilla,1821-09-04,1785-10-15
J. M. Iglesias,J. C. Tapia,1891-11-17,1823-01-05
J. L. Portillo,S. Montenegro,2004-02-17,1920-06-16
J. A. Páez,D. O. Orzúa,1873-05-06,1790-06-13
J. Iloilo,K. Iloilo,2011-02-06,1920-12-29
J. T. Ovalle,R. Bezanilla,1831-03-21,1787-12-21
J. M. Carrera,M. Fontecilla,1821-09-04,1785-10-15
J. M. Iglesias,J. C. Tapia,1891-11-17,1823-01-05
J. L. Portillo,S. Montenegro,2004-02-17,1920-06-16
J. A. Páez,D. O. Orzúa,1873-05-06,1790-06-13
J. Rau,C. Rau,2006-01-27,1931-01-16
J. Crespo,J. Parejo,1898-04-16,1841-08-22
J. Goulart,Maria Teresa Fontela Goulart,1976-12-06,1918-03-01
J. Figueiredo,D. Figueiredo,1999-12-24,1918-01-15
J. Qing,M. Zedong,1991-05-14,1914-03-19
J. Bertrand,G. Bertrand,1973-02-22,1916-06-20
J. Duvalier,M. Bennett,2014-10-04,1951-07-03
J. P. Henderson,F. C. Henderson,1858-06-04,1808-03-31
I. K. Acheampong,F. Acheampong,1979-06-16,1931-09-23
I. Nasir,N. Mohamed,2008-11-22,1926-09-02
G. Andrássy,K. Kendeffy,1890-02-18,1823-03-03
G. R. Pinilla,C. C. Londoño,1975-01-17,1900-03-12
G. D. Ordaz,G. Borja,1979-07-15,1911-03-12
G. L. Valencia,S. L. Navia,1971-11-04,1909-04-27
G. Endara,A. M. Díaz,2009-09-28,1936-05-12
G. Vargas,D. Vargas,1954-08-24,1882-04-19
