col0,col1,col2,col3
Z. Bangura,Sierra Leone,Sierra Leone,1959-12-18
Y. Vardinogiannis,Rethymno,Athens,1936-1-1
W. Aberhart,"Perth County, Ontario",Alberta,1878-12-30
V. Strasser,Sierra Leone,Sierra Leone,1967-04-26
U. Kekkonen,Russian Empire,Tamminiemi,1900-09-03
S. Blyden,Sierra Leone,Sierra Leone,1971-10-01
S. Kabba-Kamara,Sierra Leone,Sierra Leone,1969-05-29
S. Kabba-Kamara,Sierra Leone,Sierra Leone,1969-05-29
S. Danzan,Manchuria,Mongolia,1885-1-1
S. Koroma,Kono District,Sierra Leone,1958-03-19
Sheku Badara Bashiru Dumbuya,Sierra Leone,Sierra Leone,1945-11-25
S. Maung,British Raj,Yangon,1928-05-12
S. Kamara,Sierra Leone,Sierra Leone,1963-12-15
S. Sesay,Sierra Leone,Sierra Leone,1959-11-26
S. F. Gibson,Sierra Leone,Sierra Leone,1952-10-15
S. Sillah,Sierra Leone,Sierra Leone,1969-10-19
R. Baldetti,Guatemala,Guatemala City,1962-05-13
R. Faley,Sierra Leone,Sierra Leone,1965-03-21
R. Costello,"Philadelphia, Pennsylvania","Philadelphia, Pennsylvania",1951-04-04
R. Huseynov,Azerbaijan,Azerbaijan,1936-04-05
P. Marković,Socialist Federal Republic of Yugoslavia,Belgrade,1955-12-07
N. Pateras,Athens,Athens,1963-08-26
M. Bhutto,British Raj,Sindh,1933-11-28
M. W. Jalloh,Sierra Leone,Sierra Leone,1956-10-03
"Michael Morris, 3rd Baron Killanin",London,Dublin,1914-07-30
M. Paredes,Guatemala,Guatemala City,1800-1-1
L. Kravchuk,Wołyń Voivodeship,Koncha-Zaspa,1934-01-10
K. Mondeh,Freetown,Freetown,1966-10-31
K. Sesay,Sierra Leone,Sierra Leone,1955-1-1
K. B. Conteh,Sierra Leone,Sierra Leone,1958-10-15
K. Sesay,Sierra Leone,Sierra Leone,1949-03-04
J. Estrada,Philippine Commonwealth,"Santa Mesa, Manila",1937-04-19
J. O. Benjamin,Sierra Leone,Sierra Leone,1952-11-29
J. Hamm,"New Glasgow, Nova Scotia","New Glasgow, Nova Scotia",1938-04-08
J. S. Jr.,Arizona,"Chinle, Arizona",1947-12-04
J. R. Pemagbi,"Bo, Sierra Leone",New York City,1945-11-22
J. Ghiz,Charlottetown,"Charlottetown, Prince Edward Island",1945-01-27
J. Lee,"Charlottetown, Prince Edward Island","Stanhope, Prince Edward Island",1937-03-26
J. M. Yousaf,Balochistan,Balochistan,1954-02-14
J. B. Dauda,Sierra Leone,Sierra Leone,1942-12-24
I. Fofanah,Sierra Leone,Sierra Leone,1958-03-13
Isabel Martínez de Perón,"La Rioja, Argentina",Spain,1931-02-04
