col0,col1,col2,col3,col4,col5,col6
William Pitt the Younger,"Pembroke College, Cambridge",Kingdom of Great Britain,London,1759-05-28,1759-05-28,1806-01-23
W. Dahanayake,Richmond College,Sri Lanka,Sri Lanka,1901-10-22,1901-10-22,1997-05-04
V. Holubovych,Kiev Polytechnic Institute,Ukraine,Soviet Union,1885-2-1,1885-2-1,1939-05-16
U. Nu,Yangon University,Burma,Myanmar,1907-05-25,1907-05-25,1995-02-14
T. Bratteli,University of Oslo,Norwegian people,Norway,1910-01-11,1910-01-11,1984-11-20
T. Padoa-Schioppa,Massachusetts Institute of Technology,Italians,Rome,1940-07-23,1940-07-23,2010-12-18
S. Bakhtiar,Sciences Po,Iran,France,1914-06-26,1914-06-26,1991-08-06
S. Witte,Novorossiysk University,Russian people,Russian Empire,1849-06-29,1849-06-29,1915-03-13
S. Pramoj,"Worcester College, Oxford",Thailand,Bangkok,1905-05-26,1905-05-26,1997-07-28
R. Walpole,"King's College, Cambridge",Kingdom of England,Kingdom of Great Britain,1676-08-26,1676-08-26,1745-03-18
P. Karavelov,Moscow State University,Bulgaria,Bulgaria,1843-03-24,1843-03-24,1903-07-24
N. Iotti,Università Cattolica del Sacro Cuore,Italian people,Italy,1920-04-10,1920-04-10,1999-12-04
N. Mandić,University of Vienna,Croats,Zagreb,1869-01-20,1869-01-20,1945-06-07
M. Sharett,Istanbul University,Israel,Jerusalem,1894-10-15,1894-10-15,1965-07-07
M. M. Kani,Qom Seminary,Iranian peoples,Iran,1931-08-25,1931-08-25,2014-10-21
M. Bazargan,École Centrale Paris,Iran,Switzerland,1907-09-01,1907-09-01,1995-01-20
L. Elia,Sapienza University of Rome,Italians,Rome,1925-11-04,1925-11-04,2008-10-05
K. Pramoj,"The Queen's College, Oxford",Thai people,Bangkok,1911-04-20,1911-04-20,1995-10-09
J. Lyng,University of Oslo,Norway,Norway,1905-08-22,1905-08-22,1978-01-18
J. Karefa-Smart,Boston,Sierra Leonean,Freetown,1915-06-17,1915-06-17,2010-08-26
J. P. Syse,University of Oslo,Norwegian people,"Uranienborg, Norway",1930-11-25,1930-11-25,1997-09-17
J. Parizeau,London School of Economics,Canadians,Montreal,1930-08-09,1930-08-09,2015-06-01
I. Mazepa,Saint Petersburg University,Ukrainian Soviet Socialist Republic,West Germany,1884-08-16,1884-08-16,1952-03-18
H. Holkeri,University of Helsinki,Finnish people,Finland,1937-01-06,1937-01-06,2011-08-07
