col0,col1,col2,col3,col4
WAFB,589,derived from former sister radio station WAFB and WAFB-FM,5570,9.1CBS
WACY-TV,361,(reflecting the station's,1000000,32.1MyNetworkTV
WACX,60018,Associated,1000000,55.1Christian Independent
WACH,19199,"""watch""",520000,[[#Digital television
WABI-TV,17005,taken from formerradio sister,12000,5.1CBS
WABG-TV,43203,ABC Greenwood,1000000,[[#Digital channels
WAAY-TV,57292,"Corresponds to ex-sisterradio station's branding as ""The Great American WAAY"", with an extraneous A",468000,31.1ABC
Twin Cities PBS,68594,KTCA: Twin Cities Area,375000,2.1tpt-2HD/PBS(KTCA)
Pioneer Public TV,71549,Central,50000,10.1/20.1PBS(HD)
MHz Networks,9999,Northern Virginia College,160000,(see article)
KZUP-CD,24975,UPN (Former affiliation),10000,19.1Independent
KZTV,33079,Television,39000,10.1CBS
KZKC-LP,65763,K AZteca America,150000,42.2Azteca América
KYUR,13815,YoUR Alaska Link,41000,13.1ABC
KYTX,55644,EYE of East TeXas,640000,19.1CBS
KYTV,36003,TeleVision,967000,3.1 NBC
KYOU-TV,53820,YOU,7940,15.1Fox
KYNM-CD,60795,Your New Mexico,15000,21.1MundoMax
KYMA-DT,74449,YuMA,2100,11.1NBC
KYLE-TV,60384,KYLE FieldatTexas A&M,50000,28.1MyNetworkTVinHD
KYES-TV,21488,YES-TV,15000,5.1MyNetworkTV
KYCW-LD,35630,KY3 CW,3900,33.2 The CW
KYAZ,31870,AZ: AZteca América,1000000,[[#Digital television
KXXV,9781,XXV =Roman numeral25,1000000,25.1ABC
KXVA,62293,Abilene,165000,15.1Fox
KXRM-TV,35991,Extreme (X) Rocky Mountain,51000,21.1Fox
KXPI-LD,28231,"FoX Pocatello, I'daho",5200,34.1Fox/MyNetworkTV
KXNW,81593,K X North West Arkansas (viewing area),1000000,34.1MyNetworkTV
KXMD-TV,55683,KX Television,100000,11.1CBS
KXMC-TV,55685,KX Television Magic City,16100,13.1CBS
KXMB-TV,55686,KX Television Mandan Bismarck,19100,12.1CBS
KXMA-TV,55684,KX Television,150000,2.1The CW Plus
KXLY-TV,61978,The XL Network (KXLY (AM)was a flagship station for a regional network),23300,4.1ABC
KXLN-DT,53847,K - XL (Roman numeralform of 45) HoustoN or UnivisioN,1000000,[[#Digital television
KXJB-LD,185885,KX John Boler (KXJB intellectual unit founder),15000,30.1CBS
KXII,35954,XII (Roman numeral12),36000,12.1CBS
KXGN-TV,24287,KX5 GleNdive,1000,5.1CBS(through
KXAP-LD,43440,Sequentially assigned to the station by the FCC,15000,51.1 Estrella TV
KXAN-TV,35920,"TeXAN; also, variant of formerly co-owned KXAS in Dallas",700000,36.1NBC
KWWT,84410,The WB West Texas,50000,xx.1MeTV
KWWL,593,Keep Watching WaterLoo or Waterloo Way Leads,21800,7.1NBC
KWSU-TV,71023,KTNW:,6200,10.1 KWSUPBS-SD
KWSD,29121,CW South Dakota,400000,36.1/.2Retro TV
KWQC-TV,6885,Cities (call letters modified to resemble former WOC-TV call letters and tie-in to regional nickname),1000000,6.1 NBC
KWPX-TV,56852,Washington's PaX TV,400000,33.1 KWPX-DT
KWNL-CD,52426,WiNsLow,15000,31.1Univision
KWMS-LP,131349,K West Monroe Sonrise (station owner),15800,18.1H&I
KWKT-TV,12522,Waco-Killeen-Temple,100000,44.1FoxinHD
KWKB,35096,(after former affiliation),1000000,20.1This TV
KWHY-TV,26231,WHY (a question prefix),486000,[[#Digital television
KWHS-LD,74501,Harvest,13600,51.1WHT
KWHE,36846,Entertainment,20100,14.1LeSEA
KWHB,37099,Broadcasting,29000,47.1 LeSEA
KWES-TV,42007,KWAB:Webb Air Force Base,25700,x.1NBC
KWCH-DT,66413,Kansas WiCHita,15000,12.1CBS
KWBQ,76268,KRWB: Roswell's WB,245000,19.1The CW
KWBM,78314,M'''issouri,191000,31.1 Daystar
KWBJ-CD,24218,The WB (former affiliation),15000,22.80 Main programming
KWBA-TV,35095,(after previous affiliation),1000000,58.1The CW
KVUE,35867,"K-VUE, pronounced ""k-view""",1000000,24.1ABC
KVRR,55372,Valley of the Red River(coverage area),1000000,15.1Fox
KVPT,69733,Public,250000,18.1 PBS
KVOS-TV,35862,(from former sister radio station),580000,(see article)
KVOA,25735,Arizona,405000,4.1NBC
KVLY-TV,61961,Red River VaLleY,356000,11.1NBC
KVIQ,42640,VI (Roman numeral6) Q,30000,17.1CBS
KVII-TV,40446,KVIH:,5000,x.1ABC
KVIE,35855,Education,33000,6.1 KVIE
KVIA-TV,49832,V-I-A,32400,7.1ABC
KVEW,2495,K-ViEW,160000,42.1ABC
KVER-CA,69753,"The Spanish word ver, ""to watch""",15000,41.1Univision
KVEO-TV,12523,"KVEO = ""que veo"",Spanishfor ""what I am watching""",1000000,23.1NBC
KVCW,10195,Vegas CW,1000000,33.1The CW
KVCT,35846,ViCToria,18000,19.1Fox
KVAL-TV,49766,Willamette VALley,30600,13.1CBS
KUVS-DT,58609,UniVision Sacramento,500000,[[#Digital television
KUVM-CD,13200,KUna Vez Más(former owner),15000,(see article)
KUVI-DT,7700,UniVIsion,620000,[[#Digital channels
KUTU-CD,31369,Univision TUlsa,5060,[[#Digital television
KUTA-LD,127064,UTAh,2410,8.1 KUTA
KUSI-TV,10238,(former name ofAlliant International University),355000,(K12POMurrieta)
KUPT,27431,(former affiliation),50000,14.1/29.2 KMYL Lubbock
KUPB,86263,UnivisionPermian Basin,1000000,18.1Univision
KUOK,86532,Univision OKlahoma,1000000,[[#Digital television
KUNS-TV,4624,UNivision Seattle,240000,51.1Univision
KUNP,81447,UNivision Portland,50000,16.1Univision
KUMV-TV,41429,Upper Missouri Valley,6000,8.1NBC
KULR-TV,5237,KULR:KULoR (Color) Television(calls were inaugurated with launch of color service),2900,8.1/3.1NBC
KUHT,69269,Houston,34300,[[#Digital television
KUHM-TV,68717,Helena College University of Montana,43400,10.1PBS
KUBE-TV,70492,From the KUBE branding,1000000,[[#Digital television
KUAT-TV,2722,-or even-,50000,27.2PBS Kids
KUAM-TV,51233,Guam,3500,8.1NBC
KUAC-TV,69315,University of Alaska College,30000,9.1PBS
KTXS-TV,308,TeXaS,530000,12.1ABC
KTXD-TV,42359,TeXas Dallas,600000,[[#Digital television
KTWU,70938,Kansas,25000,11.1PBS
KTVO,21251,Kirksville TeleVision/Ottumwa,87000,3.1ABC
KTVN,59139,TeleVision Nevada,16100,2.1CBS
KTVL,22570,"The ""TV"" refers to the fact that it is a television station; the ""L"" does not stand for anything.",9000,10.1CBS
KTVK,40993,"KTVK - ""Because TV will be our middle name"" (quote byErnest McFarland)",1000000,[[#Digital television
KTVH-DT,5290,TeleVision Helena,17500,12.1NBC
KTVF,49621,TeleVision Fairbanks,12000,11.1NBCHD
KTVE,35692,TV El Dorado,822800,10.1NBC
KTVB,34858,TeleVision Boise,42100,.1:  1080i  KTVB-HD
KTVA,49632,TeleVision Alaska,28900,11.1CBS
KTUZ-TV,77480,Sequentially assigned to FM radio sister,770000,[[#Digital television
KTUU-TV,10173,TUU sounds like Two,50000,2.1NBC
KTTZ-TV,65355,Texas Tech,890000,5.1PBS
KTTU,11908,-or-,480000,18.1MyNetworkTV
KTTC,35678,Total Tri-State Coverage,43100,10.1NBC
KTSM-TV,67760,-or-,250000,9.1NBC
KTSF,37511,Francisco,500000,(see article)
KTRV-TV,28230,TReasure Valley,17000,12.1Ion/MyNetworkTV
KTRE,68541,"TREes, a reference to the heavily forested geography of the Lufkin area",25000,9.1ABC
KTPN-LD,8097,KLPN: K Longview Paramount Network (both in reference to stations' former UPN affiliation),700,48.1/22.1MyNetworkTV/ASN
KTNV-TV,74100,Television NeVada,30500,13.1ABC
KTMW,10177,"The Mountain West,",530000,[[#Digital television
KTLM,62354,TeLeMundo,355000,(see article)
KTKA-TV,49397,Kansas TopeKA,89100,49.1ABC
KTIV,66170,IV (Roman numeral4),873000,4.1NBC
KTGM,29232,"Tamuning, Guam",12500,14.1ABC
KTGF,13792,Falls,175000,16.1MeTV
KTFV-CD,28280,K TeleFutura Rio Grande Valley (Refers to previous network name),12000,"67.1, located on RF 48.2KFXV-LD(Fox)"
KTFQ-DT,57220,TeleFutura AlbuQuerque,1000000,14.1UniMás
KTFO-CD,35882,TeleFutura O,15000,31.1UniMás
KTFN,68753,TeleFutura Network,250000,65.1UniMás
KTFK-DT,20871,TeleFutura K,850000,[[#Digital television
KTFF-DT,35512,TeleFutura Fresno,197000,61.1 UniMás
KTEN,35666,(former analog channel assignment),1000000,10.1NBC
KTDO,36916,TelemunDO,200000,48.1Telemundo
KTBC,35649,Texas Broadcasting Company,98600,7.1Fox
KTAJ-TV,999,About,1000000,16.1TBN
KTAB-TV,59988,"""Keeping Tab on Abilene and the Big country""",1000000,32.1CBS
KSWT,33639,South,20000,13.1CBS
KSWO-TV,35645,Oklahoma,138000,7.1ABC
KSVT-LD,35200,Sun Valley Television,15000,14.1Fox(primary)
KSVI,5243,Six VI (the Roman numeral for analog channel 6),1000000,6.1ABC
KSTW,23428,King County,100000,11.1 The CW
KSTP-TV,28010,SainT Paul,1000000,5.1ABC
KSTC-TV,35843,(co-owned with KSTP),1000000,5.1ABC(KSTP-TV)
KSPX-TV,52953,Sacramento's PaX TV,1000000,33.2KCSO-LD/Telemundo
KSPS-TV,61956,Spokane Public Schools (former licensee),21600,7.1PBS
KSPR,35630,SPRingfield,1000000,33.1 ABC
KSNW,72358,Kansas State,891000,3.1NBC
KSNV,10179,Southern NeVada,630000,3.1NBC
KSNT,67335,Kansas State,77900,27.1NBC
KSNL-LD,168675,Kansas,15000,6.1NBC
KSNK,72362,Kansas,10400,8.1NBC
KSNG,72361,Garden City,7400,11.1NBC
KSNF,67766,(reflecting former owner),175000,16.1NBC
KSNC,72359,Central Kansas,500000,2.1NBC
KSNB-TV,21161,KanSas NeBraska,23500,4.1NBC
KSMS-TV,35611,Monterey,1000000,67.1Univision
KSMQ-TV,28510,Minnesota,319200,15.1PBS
KSKN,35606,SpoKaNe,250000,22.1The CW
KSFY-TV,48658,"Sioux Falls, disambiguation of last call letter for former owner Forum's flagship stationWDAY",22700,13.1ABC
KSEE,35594,"pronounced ""K-SEE""",326000,24.1 NBC
KSDY-LD,1317041,K San Diego Y,15000,(see article)
KSCW-DT,72348,KanSas CW,15000,33.1The CW
KSBY,19654,a disambiguation of former sister station KSBW,1000000,6.1NBC
KSAS-TV,11911,KanSAS,350000,24.1Fox
KSAN-TV,307,(also Chinese and Japanese language translations for virtual channel number (3),1000000,3.1NBC
KRXI-TV,48360,(Roman numeral11),1000000,11.1Fox
KRWG-TV,55516,Ralph Willis Goddard,200000,22.2MHz Worldview
KRTV,35567,KRTV: K GReat Falls TeleVision,28500,3.1CBS/MTN
KRTN-LD,55059,Retro Television Network (former affiliation),15000,33.1MeTV
KRSU-TV,57431,Rogers,144000,[[#Digital television
KRQE,48575,AlbuqueRQuE,21500,13.1CBS
KRNV-DT,60307,(No relation toKRNV-FM),16100,4.1NBC
KRIS-TV,25559,Corpus Christi,46100,6.1NBC
KRGV-TV,43328,Rio Grande Valley,57000,(see article)
KREX-TV,70596,Latinword for 'king',800,5.1 CBS
KRET-CD,10536,K RETro Television Network,15000,45.1MeTV
KREN-TV,51493,RENo,1000000,(viaThe CW Plus)
KREM,34868,Sounds like Crem,893000,2.1CBS
KRDO-TV,52579,Dynamic,200000,13.1ABC
KRCW-TV,10192,Keeping Rose City Wonderful (unofficial motto/slogan),1000000,32.1The CW
KRCR-TV,8263,KAEF-TV: Arcata Eureka Fortuna,25000,x.1ABC
KRCG,41110,(named in memory of original owner's father),15100,13.1CBS
KRCA,22161,(no relation to theRadio Corporation of America),1000000,[[#Digital television
KRBC-TV,306,(founding owners of KRBC radio),1000000,9.1NBC
KQTV,20427,(reflecting former call letters),40000,2.1ABC
KQSL,8378,QSL =Q codefor receipt of transmission,26000,8.1SonLife
KQEH,35663,portmanteau of KQED and former KTEH call sign,310000,[[#Digital television
KQDS-TV,35525,Quality Duluth/Superior,1000000,21.1Fox
KQCT-LP,68036,K Quad Cities Television,15000,61.1RTV
KPXR-TV,21156,PaX Cedar Rapids,500000,48.1Ion TV
KPXO-TV,77483,PaX TV Oahu,34000,66.1Ion Television
KPXM-TV,35907,PaX Minnesota,1000000,41.1Ion Television
