col0,col1,col2,col3
K. Min-jung,Seoul,1985-03-20,1985-03-20
K. Jun-ho,Korea,1995-10-09,1995-10-09
K. Hyun-yung,Korea,1994-10-19,1994-10-19
K. Hwan-ee,Korea,1990-06-06,1990-06-06
K. Dong-sung,Korea,1980-02-09,1980-02-09
K. Cheol-min,Korea,1992-11-29,1992-11-29
K. Boutin,Quebec,1994-12-16,1994-12-16
K. Bo-reum,Korea,1993-02-06,1993-02-06
K. A-lang,Korea,1995-08-22,1995-08-22
K. Overland,"Kitchener, Ontario",1974-06-08,1974-06-08
K. Gunther,"Lorain, Ohio",1987-08-14,1987-08-14
K. Shirahata,Japan,1973-10-08,1973-10-08
K. Nagashima,"Ikeda, Hokkaido",1982-04-20,1982-04-20
K. Suzuki,Sakhalin,1942-11-10,1942-11-10
