col0,col1,col2,col3
Roman Catholic Diocese of Crateús,Roman Catholic Archdiocese of Fortaleza,Roman Catholic Archdiocese of Fortaleza,21817000000
Roman Catholic Diocese of Créteil,Roman Catholic Archdiocese of Paris,Roman Catholic Archdiocese of Paris,245000000
Roman Catholic Diocese of Coxim,Roman Catholic Archdiocese of Campo Grande,Roman Catholic Archdiocese of Campo Grande,45000000000
Roman Catholic Diocese of Covington,Archdiocese of Louisville,Archdiocese of Louisville,8699770062
Roman Catholic Diocese of Coutances,Roman Catholic Archdiocese of Rouen,Roman Catholic Archdiocese of Rouen,5991000000
Roman Catholic Diocese of Corumbá,Roman Catholic Archdiocese of Campo Grande,Roman Catholic Archdiocese of Campo Grande,62890000000
Roman Catholic Diocese of Coroico,Roman Catholic Archdiocese of La Paz,Roman Catholic Archdiocese of La Paz,31699000000
Roman Catholic Diocese of Coroatá,Roman Catholic Archdiocese of São Luís do Maranhão,Roman Catholic Archdiocese of São Luís do Maranhão,18744000000
Roman Catholic Diocese of Cornélio Procópio,Roman Catholic Archdiocese of Londrina,Roman Catholic Archdiocese of Londrina,6718000000
Roman Catholic Diocese of Coria-Cáceres,Roman Catholic Archdiocese of Mérida–Badajoz,Roman Catholic Archdiocese of Mérida–Badajoz,10052000000
Roman Catholic Diocese of Copiapó,Roman Catholic Archdiocese of La Serena,Roman Catholic Archdiocese of La Serena,80000000000
Roman Catholic Diocese of Conversano-Monopoli,Roman Catholic Archdiocese of Bari-Bitonto,Roman Catholic Archdiocese of Bari-Bitonto,1099000000
Roman Catholic Diocese of Concordia in Argentina,Roman Catholic Archdiocese of Paraná,Roman Catholic Archdiocese of Paraná,15000000000
Roman Catholic Diocese of Concordia-Pordenone,Roman Catholic Archdiocese of Venice,Roman Catholic Archdiocese of Venice,2675000000
Roman Catholic Diocese of Concepción,Roman Catholic Archdiocese of Tucumán,Roman Catholic Archdiocese of Tucumán,11600000000
Roman Catholic Diocese of Comodoro Rivadavia,Roman Catholic Archdiocese of Bahía Blanca,Roman Catholic Archdiocese of Bahía Blanca,234000000000
Roman Catholic Diocese of Como,Roman Catholic Archdiocese of Milan,Roman Catholic Archdiocese of Milan,4244000000
Roman Catholic Diocese of Comayagua,Roman Catholic Archdiocese of Tegucigalpa,Roman Catholic Archdiocese of Tegucigalpa,7527000000
Roman Catholic Diocese of Colón-Kuna Yala,Roman Catholic Archdiocese of Panamá,Roman Catholic Archdiocese of Panamá,8167000000
Roman Catholic Diocese of Columbus,Archdiocese of Cincinnati,Archdiocese of Cincinnati,75840031846
Roman Catholic Diocese of Colima,Roman Catholic Archdiocese of Guadalajara,Roman Catholic Archdiocese of Guadalajara,11393357697
Roman Catholic Diocese of Colatina,Roman Catholic Archdiocese of Vitória,Roman Catholic Archdiocese of Vitória,12362000000
Roman Catholic Diocese of Colón-Kuna Yala,Roman Catholic Archdiocese of Panamá,Roman Catholic Archdiocese of Panamá,8167000000
Roman Catholic Diocese of Coimbra,Roman Catholic Archdiocese of Braga,Roman Catholic Archdiocese of Braga,5300000000
Roman Catholic Diocese of Coimbatore,Roman Catholic Archdiocese of Madras and Mylapore,Roman Catholic Archdiocese of Madras and Mylapore,28490000000
Roman Catholic Diocese of Cochin,Latin Catholic Archdiocese of Verapoly,Latin Catholic Archdiocese of Verapoly,235000000
Roman Catholic Diocese of Coatzacoalcos,Roman Catholic Archdiocese of Jalapa,Roman Catholic Archdiocese of Jalapa,10502401787
Roman Catholic Diocese of Coari,Roman Catholic Archdiocese of Manaus,Roman Catholic Archdiocese of Manaus,135442000000
Roman Catholic Diocese of Clonfert,Roman Catholic Archdiocese of Tuam,Roman Catholic Archdiocese of Tuam,2486388585
Roman Catholic Diocese of Clogher,Roman Catholic Archdiocese of Armagh,Roman Catholic Archdiocese of Armagh,8950998909
Roman Catholic Diocese of Clifton,Province of Birmingham,Province of Birmingham,10912000000
Roman Catholic Diocese of Cleveland,Archdiocese of Cincinnati,Archdiocese of Cincinnati,8842219408
Roman Catholic Diocese of Ciudad Victoria,Roman Catholic Archdiocese of Monterrey,Roman Catholic Archdiocese of Monterrey,39733007600
Roman Catholic Diocese of Ciudad Valles,Roman Catholic Archdiocese of San Luis Potosí,Roman Catholic Archdiocese of San Luis Potosí,14276014464
Roman Catholic Diocese of Ciudad Rodrigo,Roman Catholic Archdiocese of Valladolid,Roman Catholic Archdiocese of Valladolid,4264000000
Roman Catholic Diocese of Ciudad Real,Roman Catholic Archdiocese of Toledo,Roman Catholic Archdiocese of Toledo,19813000000
Roman Catholic Diocese of Ciudad Quesada,Roman Catholic Archdiocese of San José de Costa Rica,Roman Catholic Archdiocese of San José de Costa Rica,9838000000
Roman Catholic Diocese of Ciudad Obregón,Roman Catholic Archdiocese of Hermosillo,Roman Catholic Archdiocese of Hermosillo,88383344265
Roman Catholic Diocese of Ciudad Lázaro Cárdenas,Roman Catholic Archdiocese of Morelia,Roman Catholic Archdiocese of Morelia,14884661670
Roman Catholic Diocese of Ciudad Juárez,Roman Catholic Archdiocese of Chihuahua,Roman Catholic Archdiocese of Chihuahua,29650183887
Roman Catholic Diocese of Ciudad Guzmán,Roman Catholic Archdiocese of Guadalajara,Roman Catholic Archdiocese of Guadalajara,8321631798
Roman Catholic Diocese of Ciudad Altamirano,Roman Catholic Archdiocese of Acapulco,Roman Catholic Archdiocese of Acapulco,16006126521
Roman Catholic Diocese of Città di Castello,Roman Catholic Archdiocese of Perugia-Città della Pieve,Roman Catholic Archdiocese of Perugia-Città della Pieve,820000000
Roman Catholic Diocese of Cienfuegos,Roman Catholic Archdiocese of Camagüey,Roman Catholic Archdiocese of Camagüey,5360000000
Roman Catholic Diocese of Ciego de Avila,Roman Catholic Archdiocese of Camagüey,Roman Catholic Archdiocese of Camagüey,7887000000
Roman Catholic Diocese of Châlons,Roman Catholic Archdiocese of Reims,Roman Catholic Archdiocese of Reims,6501000000
Roman Catholic Diocese of Chunchon,Roman Catholic Archdiocese of Seoul,Roman Catholic Archdiocese of Seoul,17000000000
Roman Catholic Diocese of Choluteca,Roman Catholic Archdiocese of Tegucigalpa,Roman Catholic Archdiocese of Tegucigalpa,5775000000
Roman Catholic Diocese of Chittagong,Roman Catholic Archdiocese of Dhaka,Roman Catholic Archdiocese of Dhaka,44195000000
Roman Catholic Diocese of Chitré,Roman Catholic Archdiocese of Panamá,Roman Catholic Archdiocese of Panamá,6225000000
Roman Catholic Diocese of Chiquinquirá,Roman Catholic Archdiocese of Tunja,Roman Catholic Archdiocese of Tunja,4019000000
Roman Catholic Diocese of Chios,"Roman Catholic Archdiocese of Naxos, Andros, Tinos and Mykonos","Roman Catholic Archdiocese of Naxos, Andros, Tinos and Mykonos",4116000000
Roman Catholic Diocese of Chioggia,Roman Catholic Archdiocese of Venice,Roman Catholic Archdiocese of Venice,1000000000
Roman Catholic Diocese of Chinhoyi,Roman Catholic Archdiocese of Harare,Roman Catholic Archdiocese of Harare,56000000000
Roman Catholic Diocese of Chingleput,Roman Catholic Archdiocese of Madras and Mylapore,Roman Catholic Archdiocese of Madras and Mylapore,1711000000
Roman Catholic Diocese of Chilpancingo-Chilapa,Roman Catholic Archdiocese of Acapulco,Roman Catholic Archdiocese of Acapulco,19976578295
Roman Catholic Diocese of Chillán,Roman Catholic Archdiocese of Concepción,Roman Catholic Archdiocese of Concepción,12461000000
Roman Catholic Diocese of Chilaw,Roman Catholic Archdiocese of Colombo,Roman Catholic Archdiocese of Colombo,2076000000
Roman Catholic Diocese of Chikmagalur,Roman Catholic Archdiocese of Bangalore,Roman Catholic Archdiocese of Bangalore,14015000000
Roman Catholic Diocese of Chifeng,Roman Catholic Archdiocese of Shenyang,Roman Catholic Archdiocese of Shenyang,75087000000
Roman Catholic Diocese of Chiavari,Roman Catholic Archdiocese of Genoa,Roman Catholic Archdiocese of Genoa,559000000
Roman Catholic Diocese of Cheongju,Roman Catholic Archdiocese of Daegu,Roman Catholic Archdiocese of Daegu,5770000000
Roman Catholic Diocese of Chengdu,Roman Catholic Archdiocese of Chongqing,Roman Catholic Archdiocese of Chongqing,100000000000
Roman Catholic Diocese of Cheju,Roman Catholic Archdiocese of Gwangju,Roman Catholic Archdiocese of Gwangju,1847000000
Roman Catholic Diocese of Chascomús,Roman Catholic Archdiocese of La Plata in Argentina,Roman Catholic Archdiocese of La Plata in Argentina,36613000000
Roman Catholic Diocese of Chartres,Roman Catholic Archdiocese of Tours,Roman Catholic Archdiocese of Tours,5939000000
Roman Catholic Diocese of Charlotte,Roman Catholic Archdiocese of Atlanta,Roman Catholic Archdiocese of Atlanta,53696000000
Roman Catholic Diocese of Charleston,Archdiocese of Atlanta,Archdiocese of Atlanta,80432080766
Roman Catholic Diocese of Chapecó,Roman Catholic Archdiocese of Florianópolis,Roman Catholic Archdiocese of Florianópolis,15663000000
Roman Catholic Diocese of Changde,Roman Catholic Archdiocese of Changsha,Roman Catholic Archdiocese of Changsha,10000000000
Roman Catholic Diocese of Chalatenango,Roman Catholic Archdiocese of San Salvador,Roman Catholic Archdiocese of San Salvador,2600000000
Roman Catholic Diocese of Chalan Kanoa,Roman Catholic Archdiocese of Agaña,Roman Catholic Archdiocese of Agaña,476557812
Roman Catholic Diocese of Châlons,Roman Catholic Archdiocese of Reims,Roman Catholic Archdiocese of Reims,6501000000
Roman Catholic Diocese of Cesena-Sarsina,Roman Catholic Archdiocese of Ravenna-Cervia,Roman Catholic Archdiocese of Ravenna-Cervia,1185000000
Roman Catholic Diocese of Cerreto Sannita-Telese-Sant’Agata de’ Goti,Roman Catholic Archdiocese of Benevento,Roman Catholic Archdiocese of Benevento,583000000
Roman Catholic Diocese of Cerignola-Ascoli Satriano,Roman Catholic Archdiocese of Foggia-Bovino,Roman Catholic Archdiocese of Foggia-Bovino,1327000000
Roman Catholic Diocese of Celje,Roman Catholic Archdiocese of Maribor,Roman Catholic Archdiocese of Maribor,2711400000
Roman Catholic Diocese of Celaya,Roman Catholic Archdiocese of León,Roman Catholic Archdiocese of León,8769699741
Roman Catholic Diocese of Cefalù,Roman Catholic Archdiocese of Palermo,Roman Catholic Archdiocese of Palermo,1718000000
Roman Catholic Diocese of Caçador,Roman Catholic Archdiocese of Florianópolis,Roman Catholic Archdiocese of Florianópolis,12398000000
Roman Catholic Diocese of Cayenne,Roman Catholic Archdiocese of Fort-de-France,Roman Catholic Archdiocese of Fort-de-France,1780000000
Roman Catholic Diocese of Caxias do Sul,Roman Catholic Archdiocese of Porto Alegre,Roman Catholic Archdiocese of Porto Alegre,11034000000
Roman Catholic Diocese of Caxias do Maranhão,Roman Catholic Archdiocese of São Luís do Maranhão,Roman Catholic Archdiocese of São Luís do Maranhão,34449000000
Roman Catholic Diocese of Catarman,Roman Catholic Archdiocese of Palo,Roman Catholic Archdiocese of Palo,3498000000
Roman Catholic Diocese of Catanduva,Roman Catholic Archdiocese of Ribeirão Preto,Roman Catholic Archdiocese of Ribeirão Preto,4601000000
Roman Catholic Diocese of Catamarca,Roman Catholic Archdiocese of Salta,Roman Catholic Archdiocese of Salta,68765000000
Roman Catholic Diocese of Castellaneta,Roman Catholic Archdiocese of Taranto,Roman Catholic Archdiocese of Taranto,1043000000
Roman Catholic Diocese of Castanhal,Roman Catholic Archdiocese of Belém do Pará,Roman Catholic Archdiocese of Belém do Pará,14338000000
Roman Catholic Diocese of Cassano all'Jonio,Roman Catholic Archdiocese of Cosenza-Bisignano,Roman Catholic Archdiocese of Cosenza-Bisignano,1310533983
Roman Catholic Diocese of Caserta,Roman Catholic Archdiocese of Naples,Roman Catholic Archdiocese of Naples,185000000
Roman Catholic Diocese of Casale Monferrato,Roman Catholic Archdiocese of Vercelli,Roman Catholic Archdiocese of Vercelli,970000000
Roman Catholic Diocese of Carúpano,Roman Catholic Archdiocese of Cumaná,Roman Catholic Archdiocese of Cumaná,5638000000
Roman Catholic Diocese of Caruaru,Roman Catholic Archdiocese of Olinda e Recife,Roman Catholic Archdiocese of Olinda e Recife,5687000000
Roman Catholic Diocese of Cartago in Costa Rica,Roman Catholic Archdiocese of San José de Costa Rica,Roman Catholic Archdiocese of San José de Costa Rica,3105000000
Roman Catholic Diocese of Cartago in Colombia,Roman Catholic Archdiocese of Cali,Roman Catholic Archdiocese of Cali,4000000000
Roman Catholic Diocese of Cartagena,Roman Catholic Archdiocese of Granada,Roman Catholic Archdiocese of Granada,11319000000
Roman Catholic Diocese of Carpi,Roman Catholic Archdiocese of Modena-Nonantola,Roman Catholic Archdiocese of Modena-Nonantola,415000000
Roman Catholic Diocese of Carora,Roman Catholic Archdiocese of Barquisimeto,Roman Catholic Archdiocese of Barquisimeto,11708000000
Roman Catholic Diocese of Caroline Islands,Roman Catholic Archdiocese of Agaña,Roman Catholic Archdiocese of Agaña,1243194292
Roman Catholic Diocese of Carolina,Roman Catholic Archdiocese of São Luís do Maranhão,Roman Catholic Archdiocese of São Luís do Maranhão,18252000000
Roman Catholic Diocese of Carcassonne-Narbonne,Roman Catholic Archdiocese of Montpellier,Roman Catholic Archdiocese of Montpellier,6313000000
Roman Catholic Diocese of Caratinga,Roman Catholic Archdiocese of Mariana,Roman Catholic Archdiocese of Mariana,15085000000
Roman Catholic Diocese of Caraguatatuba,Roman Catholic Archdiocese of Aparecida,Roman Catholic Archdiocese of Aparecida,1992000000
Roman Catholic Diocese of Carúpano,Roman Catholic Archdiocese of Cumaná,Roman Catholic Archdiocese of Cumaná,5638000000
Roman Catholic Diocese of Caozhou,Roman Catholic Archdiocese of Jinan,Roman Catholic Archdiocese of Jinan,13000000000
Roman Catholic Diocese of Canelones,Roman Catholic Archdiocese of Montevideo,Roman Catholic Archdiocese of Montevideo,4532000000
Roman Catholic Diocese of Canarias,Roman Catholic Archdiocese of Seville,Roman Catholic Archdiocese of Seville,4106000000
Roman Catholic Diocese of Campos,Roman Catholic Archdiocese of Niterói,Roman Catholic Archdiocese of Niterói,12520000000
Roman Catholic Diocese of Campo Mourão,Roman Catholic Archdiocese of Maringá,Roman Catholic Archdiocese of Maringá,12544000000
Roman Catholic Diocese of Campo Maior,Roman Catholic Archdiocese of Teresina,Roman Catholic Archdiocese of Teresina,27943000000
Roman Catholic Diocese of Campo Limpo,Roman Catholic Archdiocese of São Paulo,Roman Catholic Archdiocese of São Paulo,1610000000
Roman Catholic Diocese of Campina Grande,Roman Catholic Archdiocese of Paraíba,Roman Catholic Archdiocese of Paraíba,20451000000
Roman Catholic Diocese of Campeche,Roman Catholic Archdiocese of Yucatán,Roman Catholic Archdiocese of Yucatán,55878993480
Roman Catholic Diocese of Campanha,Roman Catholic Archdiocese of Pouso Alegre,Roman Catholic Archdiocese of Pouso Alegre,15420000000
Roman Catholic Diocese of Cametá,Roman Catholic Archdiocese of Belém do Pará,Roman Catholic Archdiocese of Belém do Pará,47758000000
Roman Catholic Diocese of Camaçari,Roman Catholic Archdiocese of São Salvador da Bahia,Roman Catholic Archdiocese of São Salvador da Bahia,2382000000
Roman Catholic Diocese of Caltanissetta,Roman Catholic Archdiocese of Agrigento,Roman Catholic Archdiocese of Agrigento,1120000000
Roman Catholic Diocese of Caltagirone,Roman Catholic Archdiocese of Catania,Roman Catholic Archdiocese of Catania,1551000000
Roman Catholic Diocese of Calicut,Latin Catholic Archdiocese of Verapoly,Latin Catholic Archdiocese of Verapoly,12505000000
Roman Catholic Diocese of Caldas,Roman Catholic Archdiocese of Medellín,Roman Catholic Archdiocese of Medellín,1250000000
Roman Catholic Diocese of Calbayog,Roman Catholic Archdiocese of Palo,Roman Catholic Archdiocese of Palo,5069000000
Roman Catholic Diocese of Calahorra y La Calzada-Logroño,Roman Catholic Archdiocese of Pamplona y Tudela,Roman Catholic Archdiocese of Pamplona y Tudela,5033000000
Roman Catholic Diocese of Cajazeiras,Roman Catholic Archdiocese of Paraíba,Roman Catholic Archdiocese of Paraíba,13934000000
Roman Catholic Diocese of Cairns,Brisbane,Brisbane,377000000000
Roman Catholic Diocese of Caicó,Roman Catholic Archdiocese of Natal,Roman Catholic Archdiocese of Natal,9372000000
Roman Catholic Diocese of Cahors,Roman Catholic Archdiocese of Toulouse,Roman Catholic Archdiocese of Toulouse,5216000000
Roman Catholic Diocese of Caguas,Roman Catholic Archdiocese of San Juan de Puerto Rico,Roman Catholic Archdiocese of San Juan de Puerto Rico,1908821237
Roman Catholic Diocese of Caetité,Roman Catholic Archdiocese of Vitória da Conquista,Roman Catholic Archdiocese of Vitória da Conquista,41740000000
Roman Catholic Diocese of Cachoeiro de Itapemirim,Roman Catholic Archdiocese of Vitória,Roman Catholic Archdiocese of Vitória,10073000000
Roman Catholic Diocese of Cachoeira do Sul,Roman Catholic Archdiocese of Santa Maria,Roman Catholic Archdiocese of Santa Maria,10736000000
Roman Catholic Diocese of Cabimas,Roman Catholic Archdiocese of Maracaibo,Roman Catholic Archdiocese of Maracaibo,9342000000
Roman Catholic Diocese of Cabanatuan,Roman Catholic Archdiocese of Lingayen-Dagupan,Roman Catholic Archdiocese of Lingayen-Dagupan,2743000000
Roman Catholic Diocese of Caçador,Roman Catholic Archdiocese of Florianópolis,Roman Catholic Archdiocese of Florianópolis,12398000000
Roman Catholic Diocese of Cần Thơ,Roman Catholic Archdiocese of Ho Chi Minh city,Roman Catholic Archdiocese of Ho Chi Minh city,12214000000
Roman Catholic Diocese of Cúcuta,Roman Catholic Archdiocese of Nueva Pamplona,Roman Catholic Archdiocese of Nueva Pamplona,2200000000
Roman Catholic Diocese of Córdoba,Roman Catholic Archdiocese of Jalapa,Roman Catholic Archdiocese of Jalapa,4213910655
Roman Catholic Diocese of Córdoba,Roman Catholic Archdiocese of Sevilla,Roman Catholic Archdiocese of Sevilla,13717000000
Roman Catholic Diocese of Cádiz y Ceuta,Roman Catholic Archdiocese of Seville,Roman Catholic Archdiocese of Seville,3772000000
Roman Catholic Diocese of Bắc Ninh,Roman Catholic Archdiocese of Hanoi,Roman Catholic Archdiocese of Hanoi,24600000000
Roman Catholic Diocese of Bùi Chu,Roman Catholic Archdiocese of Hanoi,Roman Catholic Archdiocese of Hanoi,1350000000
Roman Catholic Diocese of Bà Rịa,Roman Catholic Archdiocese of Ho Chi Minh city,Roman Catholic Archdiocese of Ho Chi Minh city,1988000000
Roman Catholic Diocese of Buxar,Roman Catholic Archdiocese of Patna,Roman Catholic Archdiocese of Patna,11298000000
Roman Catholic Diocese of Butuan,Roman Catholic Archdiocese of Cagayan de Oro,Roman Catholic Archdiocese of Cagayan de Oro,11276000000
Roman Catholic Diocese of Busan,Roman Catholic Archdiocese of Daegu,Roman Catholic Archdiocese of Daegu,3267000000
Roman Catholic Diocese of Burlington,Roman Catholic Archdiocese of Boston,Roman Catholic Archdiocese of Boston,23659541387
Roman Catholic Diocese of Buga,Roman Catholic Archdiocese of Cali,Roman Catholic Archdiocese of Cali,3997000000
Roman Catholic Diocese of Buffalo,Archdiocese of New York,Archdiocese of New York,16511000000
Roman Catholic Diocese of Buenaventura,Roman Catholic Archdiocese of Cali,Roman Catholic Archdiocese of Cali,6633000000
Roman Catholic Diocese of Bruges,Roman Catholic Archdiocese of Mechelen-Brussels,Roman Catholic Archdiocese of Mechelen-Brussels,3145000000
Roman Catholic Diocese of Brownsville,Archdiocese of Galveston-Houston,Archdiocese of Galveston-Houston,10945289754
Roman Catholic Diocese of Brooklyn,Archdiocese of New York,Archdiocese of New York,463607871
Roman Catholic Diocese of Brno,Roman Catholic Archdiocese of Olomouc,Roman Catholic Archdiocese of Olomouc,10597000000
Roman Catholic Diocese of Bridgetown,Roman Catholic Archdiocese of Port of Spain,Roman Catholic Archdiocese of Port of Spain,430000000
Roman Catholic Diocese of Brescia,Roman Catholic Archdiocese of Milan,Roman Catholic Archdiocese of Milan,4538000000
Roman Catholic Diocese of Brentwood,Province of Westminster,Province of Westminster,3967000000
Roman Catholic Diocese of Brejo,Roman Catholic Archdiocese of São Luís do Maranhão,Roman Catholic Archdiocese of São Luís do Maranhão,23340000000
Roman Catholic Diocese of Bragança do Pará,Roman Catholic Archdiocese of Belém do Pará,Roman Catholic Archdiocese of Belém do Pará,68316000000
Roman Catholic Diocese of Bragança Paulista,Roman Catholic Archdiocese of Campinas,Roman Catholic Archdiocese of Campinas,4400000000
Roman Catholic Diocese of Bragança-Miranda,Roman Catholic Archdiocese of Braga,Roman Catholic Archdiocese of Braga,6545000000
Roman Catholic Diocese of Bragança do Pará,Roman Catholic Archdiocese of Belém do Pará,Roman Catholic Archdiocese of Belém do Pará,68316000000
Roman Catholic Diocese of Bragança Paulista,Roman Catholic Archdiocese of Campinas,Roman Catholic Archdiocese of Campinas,4400000000
Roman Catholic Diocese of Bragança-Miranda,Roman Catholic Archdiocese of Braga,Roman Catholic Archdiocese of Braga,6545000000
Roman Catholic Diocese of Borongan,Roman Catholic Archdiocese of Palo,Roman Catholic Archdiocese of Palo,4339000000
Roman Catholic Diocese of Bongaigaon,Roman Catholic Archdiocese of Guwahati,Roman Catholic Archdiocese of Guwahati,13630000000
Roman Catholic Diocese of Bonfim,Roman Catholic Archdiocese of Feira de Santana,Roman Catholic Archdiocese of Feira de Santana,34600000000
Roman Catholic Diocese of Bom Jesus do Gurguéia,Roman Catholic Archdiocese of Teresina,Roman Catholic Archdiocese of Teresina,53583000000
Roman Catholic Diocese of Bom Jesus da Lapa,Roman Catholic Archdiocese of Vitória da Conquista,Roman Catholic Archdiocese of Vitória da Conquista,562303000000
Roman Catholic Diocese of Boise,List of the Roman Catholic dioceses of the United States,List of the Roman Catholic dioceses of the United States,218310097820
Roman Catholic Diocese of Bogor,Roman Catholic Archdiocese of Jakarta,Roman Catholic Archdiocese of Jakarta,18368000000
Roman Catholic Diocese of Boac,Roman Catholic Archdiocese of Lipa,Roman Catholic Archdiocese of Lipa,959000000
Roman Catholic Diocese of Blumenau,Roman Catholic Archdiocese of Florianópolis,Roman Catholic Archdiocese of Florianópolis,3388000000
Roman Catholic Diocese of Blois,Roman Catholic Archdiocese of Tours,Roman Catholic Archdiocese of Tours,6422000000
Roman Catholic Diocese of Bismarck,Archdiocese of Saint Paul and Minneapolis,Archdiocese of Saint Paul and Minneapolis,88720000000
Roman Catholic Diocese of Biloxi,Roman Catholic Archdiocese of Mobile,Roman Catholic Archdiocese of Mobile,24992000000
Roman Catholic Diocese of Bilbao,Roman Catholic Archdiocese of Burgos,Roman Catholic Archdiocese of Burgos,2193000000
Roman Catholic Diocese of Biella,Roman Catholic Archdiocese of Vercelli,Roman Catholic Archdiocese of Vercelli,900000000
Roman Catholic Diocese of Bhagalpur,Roman Catholic Archdiocese of Patna,Roman Catholic Archdiocese of Patna,17766000000
Roman Catholic Diocese of Bettiah,Roman Catholic Archdiocese of Patna,Roman Catholic Archdiocese of Patna,16089000000
Roman Catholic Diocese of Berhampur,Roman Catholic Archdiocese of Cuttack-Bhubaneswar,Roman Catholic Archdiocese of Cuttack-Bhubaneswar,51289000000
Roman Catholic Diocese of Bergamo,Roman Catholic Archdiocese of Milan,Roman Catholic Archdiocese of Milan,4243000000
Roman Catholic Diocese of Bengbu,Roman Catholic Archdiocese of Anqing,Roman Catholic Archdiocese of Anqing,60000000000
Roman Catholic Diocese of Belluno-Feltre,Roman Catholic Archdiocese of Venice,Roman Catholic Archdiocese of Venice,3263000000
Roman Catholic Diocese of Belley-Ars,Roman Catholic Archdiocese of Lyon,Roman Catholic Archdiocese of Lyon,5554000000
Roman Catholic Diocese of Belleville,Archdiocese of Chicago,Archdiocese of Chicago,30245881152
Roman Catholic Diocese of Bellary,Roman Catholic Archdiocese of Bangalore,Roman Catholic Archdiocese of Bangalore,24973000000
Roman Catholic Diocese of Belize City-Belmopan,Roman Catholic Archdiocese of Kingston in Jamaica,Roman Catholic Archdiocese of Kingston in Jamaica,2591000000
Roman Catholic Diocese of Belgaum,Roman Catholic Archdiocese of Bangalore,Roman Catholic Archdiocese of Bangalore,33747000000
Roman Catholic Diocese of Belfort-Montbéliard,Roman Catholic Archdiocese of Besançon,Roman Catholic Archdiocese of Besançon,1472000000
Roman Catholic Diocese of Beja,Roman Catholic Archdiocese of Evora,Roman Catholic Archdiocese of Evora,12300000000
Roman Catholic Diocese of Beihai,Roman Catholic Archdiocese of Guangzhou,Roman Catholic Archdiocese of Guangzhou,22000000000
Roman Catholic Diocese of Beauvais,Roman Catholic Archdiocese of Reims,Roman Catholic Archdiocese of Reims,5855000000
Roman Catholic Diocese of Beaumont,Roman Catholic Archdiocese of Galveston-Houston,Roman Catholic Archdiocese of Galveston-Houston,20403926333
Roman Catholic Diocese of Bayonne,Roman Catholic Archdiocese of Bordeaux,Roman Catholic Archdiocese of Bordeaux,7644000000
Roman Catholic Diocese of Bayombong,Roman Catholic Archdiocese of Tuguegarao,Roman Catholic Archdiocese of Tuguegarao,6961000000
Roman Catholic Diocese of Bayeux,Roman Catholic Archdiocese of Rouen,Roman Catholic Archdiocese of Rouen,5548000000
Roman Catholic Diocese of Bauru,Roman Catholic Archdiocese of Botucatu,Roman Catholic Archdiocese of Botucatu,5892000000
