col0,col1,col2,col3
Precious Cargo,P. Baillargeon,The Catwalk,11
Pot o' Gold,B. Green,The First Time,4
Post Mortem,K. Edwards,Holding On,20
Polar Bears,N. Wolff,Mystery Girl,26
Plato's Stepchildren,A. Courage,Wink of an Eye,10
Pink Cupcakes,S. t. Love,Bullseye,5
Pilot,P. Collins,The Clock,1
Pilot,O. t. Rainbow,The Callback,1
Pilot,D. Porter,See,1
Pilot,Once in a Lifetime,Uncertainty Principle,1
Pilot,D. S. Believin',Showmance,1
Pilot,T. S. Goes,The Lorelais' First Day At Chilton,1
Pilot,Alpine,Homecoming Out,1
Pilot,Molotov,Cat's in the Bag...,1
Pilot,B. Herrmann,Home Invasion,1
Pilgrim of Eternity,Star Trek: The Original Series,Lolani,1
Pest of the West,T. Kenny,"20,000 Patties Under the Sea",16
Persistence of Vision,D. Bell,Tattoo,8
Perchance to Dream,N. V. Cleave,Judgment Night,9
Pen Pals,D. McCarthy,Q Who,15
Peak Performance,D. McCarthy,Shades of Gray,21
Patterns of Force,G. Duning,By Any Other Name,21
Past Tense,D. Bell,Life Support,11
Parturition,D. McCarthy,Persistence of Vision,7
Ozymandias,T. Limeliters,Granite State,14
Our Man Bashir,J. Chattaway,Homefront,10
Our Idiot Brian,C. E. Joe,This Little Piggy,8
Our First Day of School,M. Musical,Our Drunk Friend,1
Original Song,Blackbird,A Night of Neglect,16
Operation Righteous Cowboy Lightning,Secrets,¡Qué Sorpresa!,12
Operation Chronicle,N. Barr,Echo,12
Operation: Annihilate!,A. Courage,Amok Time,29
Opening Night,T. Life,The Producers,12
Opening Night,Annie,The Back-Up Plan,17
Open House,A. Supply,Dimebag,3
Open House,If I Had a Heart,Bullet Points,3
Open House,N. Simone,Rubber Man,7
Only You,R. Flack,Covert War,10
One of Us,Downtown,Catch-22,16
One for the Angels,B. Herrmann,Mr. Denton on Doomsday,2
One More Pallbearer,J. Goldsmith,Dead Man's Shoes,17
Once Upon a Time,W. Lava,Five Characters in Search of an Exit,13
Once More unto the Breach,D. McCarthy,The Siege of AR-558,7
On My Way,She Walks in Beauty,Big Brother,14
On Broadway,Let Me Be Your Star,The Fallout,1
Old Grey Whistle Theft,T. D. Comedy,A Song for Europe,4
"Old Dog, New Tricks",W. o. London,The Untitled Rachel Berry Project,19
Obsession,S. Kaplan,Wolf in the Fold,13
Oathkeeper,R. Djawadi,First of His Name,4
Oathbreaker,R. Djawadi,Book of the Stranger,3
Number 12 Looks Just Like You,B. Herrmann,Black Leather Jackets,17
Numb,Mudhoney,Ogi Jun,3
Now is Not the End,C. Emerald,Bridge and Tunnel,1
November Five,L. Johnson,The Gilded Cage,6
Nothing Left to Lose,J. Richmond,Meet the Woggels!,15
No One,R. Djawadi,Battle of the Bastards,8
Ninety Years Without Slumbering,B. Herrmann,Ring-a-Ding Girl,12
"Nightmare at 20,000 Feet",The Rip Van Winkle Caper,A Kind of a Stopwatch,3
Nightmare as a Child,J. Goldsmith,A Stop at Willoughby,29
Night,J. Chattaway,Drone,1
New York,Confessions on a Dance Floor,The Purple Piano Project,22
New New York,People,Bash,14
New Directions,D. S. Believin',New New York,13
New Car,S. Cats,Martial Eagle,8
Never Been Kissed,S. M. Up,The Substitute,6
Nervous Man in a Four Dollar Room,J. Goldsmith,A Thing About Machines,3
Nebraska,Clutch,Triggerfinger,8
Nationals,We Are the Champions,Goodbye,21
Nasty,P. Brewis,Time,3
Naked,L. Song,Diva,12
Nacho,B. Bare,Hero,3
Mystery Date,H. H. Me,Signal 30,4
My Whole Life Is Thunder,J. Richmond,Game Over,8
My Way Home,Y. Harburg,My Big Bird,7
