col0,col1,col2,col3
W. Durham,"Mebane, North Carolina",1941-08-08,1941-08-08
S. Stamberg,"Newark, New Jersey",1938-09-07,1938-09-07
S. Inskeep,Indiana,1968-06-16,1968-06-16
S. Maischberger,Munich,1966-08-25,1966-08-25
R. Barton,Manitoba,1975-0-0,1975-0-0
P. Harvey,"Tulsa, Oklahoma",1918-09-04,1918-09-04
P. Sullivan,Canada,1968-03-17,1968-03-17
N. Woods,"Rock Hill, Missouri",1970-6-23,1970-6-23
M. Stevens,"Kansas City, Missouri",1986-01-23,1986-01-23
M. Feldman,Milwaukee,1949-03-14,1949-03-14
M. Baisden,"Chicago, Illinois",1963-06-26,1963-06-26
M. Mion,Brazil,1979-07-20,1979-07-20
J. Lepers,France,1949-08-12,1949-08-12
J. Sutherland,Brae,1977-1-1,1977-1-1
J. Watt,"Blackheath, London",1901-10-27,1901-10-27
J. Matisonn,Johannesburg,1949-12-30,1949-12-30
I. Flatow,New York City,1949-03-07,1949-03-07
G. v. Poorten,Veghel,1989-11-17,1989-11-17
G. Thompson,Essex,1977-09-25,1977-09-25
G. Weber,"Philadelphia, Pennsylvania",1961-03-23,1961-03-23
G. Atkins,"Maplewood, New Jersey",1917-0-0,1917-0-0
G. Mittelholtz,Ontario,1954-05-28,1954-05-28
F. Allen,"Cambridge, Massachusetts",1894-05-31,1894-05-31
F. Silva,São Paulo,1950-05-02,1950-05-02
E. Papadopoulos,Cyprus,1987-03-23,1987-03-23
D. Rehm,"Washington, D.C.",1936-09-21,1936-09-21
D. Kestenbaum,"Providence, Rhode Island",1969-1-1,1969-1-1
D. Beyer,"Merrill, Wisconsin",1977-01-16,1977-01-16
C. Blanchett,Kent,1982-1-1,1982-1-1
