col0,col1,col2,col3,col4
XHRIO-TDT,"Matamoros, Tamaulipas",26 (UHF),15,"2 (VHFanalog, 1979–2015)"
XHJCI-TDT,Chihuahua,(to move to 30),2 (PSIP),"32 (analog, 1994-2015)"
XHFI-TDT,"Chihuahua, Chihuahua",26 (UHF),5,"11 (analog, 1964-69), 5 (analog, 1969-2015)"
XHAUC-TDT,"Chihuahua, Chihuahua",32 (UHF),9,"9 (analog, 1996-2015)"
XEJ-TDT,Chihuahua,50 (UHF),"(50 after October 27, 2016)","5 (analog, 1954-2015)"
WYME-CD,"Gainesville, Florida","45 (UHF),WNBW-DT9.2 (VHF)","45 (PSIP), 9.2 (PSIP)","14 (UHFanalog, 1996–2001)"
WVUA-CD,Alabama,WVUA-CD: 23 (UHF),WVUA-CD: 7 (PSIP),"23 (UHF, 2001–2009)"
WVPX-TV,Ohio,23 (UHF),23 (PSIP),"23 (UHF, 1967–2009)"
WTJP-TV,Alabama,26 (UHF),60 (PSIP),"60 (UHF, 1986–2009)"
WRIW-CD,"Providence, Rhode Island",36 (UHF),50.1 (PSIP),23 (1993-1999)
WPXD-TV,"Ann Arbor, Michigan",50 (UHF),31 (PSIP),"31 (UHF, 1981–2009)"
WOPX-TV,"Melbourne, Florida",48 (UHF),56 (PSIP),"56 (UHF, 1986-2009)"
WDTB-LP,New York,29 (UHF),39.1 (PSIP),"39 (UHF, 1989-1997),"
WDLI-TV,Ohio,49 (UHF),17 (PSIP),"17 (UHF, 1967–2009)"
KZSW-LD,"Riverside, California",10 (VHF),10,27 (UHFanalog)
KYAZ,Texas,47 (UHF),51 (PSIP),"51 (UHF, 1993–2009)"
