col0,col1,col2,col3
Roman Catholic Diocese of Tenancingo,Roman Catholic Archdiocese of Mexico,Roman Catholic Archdiocese of Mexico,5021986945
Roman Catholic Diocese of Temuco,Roman Catholic Archdiocese of Concepción,Roman Catholic Archdiocese of Concepción,17474000000
Roman Catholic Diocese of Tempio-Ampurias,Roman Catholic Archdiocese of Sassari,Roman Catholic Archdiocese of Sassari,2695000000
Roman Catholic Diocese of Telšiai,Roman Catholic Archdiocese of Kaunas,Roman Catholic Archdiocese of Kaunas,13373000000
Roman Catholic Diocese of Teixeira de Freitas–Caravelas,Roman Catholic Archdiocese of São Salvador da Bahia,Roman Catholic Archdiocese of São Salvador da Bahia,18574000000
Roman Catholic Diocese of Tehuacán,Roman Catholic Archdiocese of Puebla de los Angeles,Roman Catholic Archdiocese of Puebla de los Angeles,6296261096
Roman Catholic Diocese of Teggiano-Policastro,Roman Catholic Archdiocese of Salerno-Campagna-Acerno,Roman Catholic Archdiocese of Salerno-Campagna-Acerno,1986000000
Roman Catholic Diocese of Teano-Calvi,Roman Catholic Archdiocese of Naples,Roman Catholic Archdiocese of Naples,663000000
Roman Catholic Diocese of Teófilo Otoni,Roman Catholic Archdiocese of Diamantina,Roman Catholic Archdiocese of Diamantina,25376000000
Roman Catholic Diocese of Taungngu,Roman Catholic Archdiocese of Taunggyi,Roman Catholic Archdiocese of Taunggyi,49600000000
Roman Catholic Diocese of Taubaté,Roman Catholic Archdiocese of Aparecida,Roman Catholic Archdiocese of Aparecida,4626000000
Roman Catholic Diocese of Tarma,Roman Catholic Archdiocese of Huancayo,Roman Catholic Archdiocese of Huancayo,13032000000
Roman Catholic Diocese of Tarlac,Archdiocese of San Fernando,Archdiocese of San Fernando,3053000000
Roman Catholic Diocese of Tarija,Roman Catholic Archdiocese of Sucre,Roman Catholic Archdiocese of Sucre,37623000000
Roman Catholic Diocese of Tarbes-et-Lourdes,Roman Catholic Archdiocese of Toulouse,Roman Catholic Archdiocese of Toulouse,4535000000
Roman Catholic Diocese of Tarazona,Roman Catholic Archdiocese of Zaragoza,Roman Catholic Archdiocese of Zaragoza,4514000000
Roman Catholic Diocese of Tarahumara,Roman Catholic Archdiocese of Chihuahua,Roman Catholic Archdiocese of Chihuahua,31364756016
Roman Catholic Diocese of Tapachula,Roman Catholic Archdiocese of Tuxtla Gutiérrez,Roman Catholic Archdiocese of Tuxtla Gutiérrez,12248053773
Roman Catholic Diocese of Tanjungkarang,Roman Catholic Archdiocese of Palembang,Roman Catholic Archdiocese of Palembang,36000000000
Roman Catholic Diocese of Tanjung Selor,Roman Catholic Archdiocese of Samarinda,Roman Catholic Archdiocese of Samarinda,96630000000
Roman Catholic Diocese of Tanjore,Roman Catholic Archdiocese of Pondicherry and Cuddalore,Roman Catholic Archdiocese of Pondicherry and Cuddalore,9583000000
Roman Catholic Diocese of Tandag,Roman Catholic Archdiocese of Cagayan de Oro,Roman Catholic Archdiocese of Cagayan de Oro,4862000000
Roman Catholic Diocese of Tampico,Roman Catholic Archdiocese of Monterrey,Roman Catholic Archdiocese of Monterrey,22677935894
Roman Catholic Diocese of Talibon,Roman Catholic Archdiocese of Cebu,Roman Catholic Archdiocese of Cebu,2243000000
Roman Catholic Diocese of Talca,Roman Catholic Archdiocese of Santiago de Chile,Roman Catholic Archdiocese of Santiago de Chile,17246000000
Roman Catholic Diocese of Takamatsu,Roman Catholic Archdiocese of Osaka,Roman Catholic Archdiocese of Osaka,18000000000
Roman Catholic Diocese of Taizhou,Roman Catholic Archdiocese of Hangzhou,Roman Catholic Archdiocese of Hangzhou,3135000000
Roman Catholic Diocese of Taiohae o Tefenuaenata,Roman Catholic Archdiocese of Papeete,Roman Catholic Archdiocese of Papeete,1250000000
Roman Catholic Diocese of Tainan,Roman Catholic Archdiocese of Taipei,Roman Catholic Archdiocese of Taipei,2780000000
Roman Catholic Diocese of Taichung,Roman Catholic Archdiocese of Taipei,Roman Catholic Archdiocese of Taipei,7836000000
Roman Catholic Diocese of Tagum,Roman Catholic Archdiocese of Davao,Roman Catholic Archdiocese of Davao,8129000000
Roman Catholic Diocese of Tagbilaran,Roman Catholic Archdiocese of Cebu,Roman Catholic Archdiocese of Cebu,1734000000
Roman Catholic Diocese of Tacámbaro,Roman Catholic Archdiocese of Morelia,Roman Catholic Archdiocese of Morelia,14628252847
Roman Catholic Diocese of Tacuarembó,Roman Catholic Archdiocese of Montevideo,Roman Catholic Archdiocese of Montevideo,24808000000
Roman Catholic Diocese of Tacna y Moquegua,Roman Catholic Archdiocese of Arequipa,Roman Catholic Archdiocese of Arequipa,30539000000
Roman Catholic Diocese of Tacámbaro,Roman Catholic Archdiocese of Morelia,Roman Catholic Archdiocese of Morelia,14628252847
Roman Catholic Diocese of Tabasco,Roman Catholic Archdiocese of Yucatán,Roman Catholic Archdiocese of Yucatán,25275693968
Roman Catholic Diocese of Séez,Roman Catholic Archdiocese of Rouen,Roman Catholic Archdiocese of Rouen,6103000000
Roman Catholic Diocese of São Raimundo Nonato,Roman Catholic Archdiocese of Teresina,Roman Catholic Archdiocese of Teresina,39316000000
Roman Catholic Diocese of São Miguel Paulista,Roman Catholic Archdiocese of São Paulo,Roman Catholic Archdiocese of São Paulo,196000000
Roman Catholic Diocese of São Mateus,Roman Catholic Archdiocese of Vitória,Roman Catholic Archdiocese of Vitória,15104000000
Roman Catholic Diocese of São Luíz de Cáceres,Roman Catholic Archdiocese of Cuiabá,Roman Catholic Archdiocese of Cuiabá,100000000000
Roman Catholic Diocese of São Luís de Montes Belos,Roman Catholic Archdiocese of Goiânia,Roman Catholic Archdiocese of Goiânia,42671000000
Roman Catholic Diocese of São João del Rei,Roman Catholic Archdiocese of Juiz de Fora,Roman Catholic Archdiocese of Juiz de Fora,9503000000
Roman Catholic Diocese of São João da Boa Vista,Roman Catholic Archdiocese of Ribeirão Preto,Roman Catholic Archdiocese of Ribeirão Preto,7153000000
Roman Catholic Diocese of São José dos Pinhais,Roman Catholic Archdiocese of Curitiba,Roman Catholic Archdiocese of Curitiba,7172000000
Roman Catholic Diocese of São José dos Campos,Roman Catholic Archdiocese of Aparecida,Roman Catholic Archdiocese of Aparecida,3271000000
Roman Catholic Diocese of São José do Rio Preto,Roman Catholic Archdiocese of Ribeirão Preto,Roman Catholic Archdiocese of Ribeirão Preto,14423000000
Roman Catholic Diocese of São Gabriel da Cachoeira,Roman Catholic Archdiocese of Manaus,Roman Catholic Archdiocese of Manaus,286866000000
Roman Catholic Diocese of São Carlos,Roman Catholic Archdiocese of Campinas,Roman Catholic Archdiocese of Campinas,13317000000
Roman Catholic Diocese of Székesfehérvár,Roman Catholic Archdiocese of Esztergom-Budapest,Roman Catholic Archdiocese of Esztergom-Budapest,5170000000
Roman Catholic Diocese of Szombathely,Roman Catholic Archdiocese of Veszprém,Roman Catholic Archdiocese of Veszprém,4660000000
Roman Catholic Diocese of Szeged–Csanád,Roman Catholic Archdiocese of Kalocsa-Kecskemét,Roman Catholic Archdiocese of Kalocsa-Kecskemét,10851000000
Roman Catholic Diocese of Székesfehérvár,Roman Catholic Archdiocese of Esztergom-Budapest,Roman Catholic Archdiocese of Esztergom-Budapest,5170000000
Roman Catholic Diocese of Syros,"Roman Catholic Archdiocese of Naxos, Andros, Tinos and Mykonos","Roman Catholic Archdiocese of Naxos, Andros, Tinos and Mykonos",633000000
Roman Catholic Diocese of Syrmia,Roman Catholic Archdiocese of Đakovo-Osijek,Roman Catholic Archdiocese of Đakovo-Osijek,3766000000
Roman Catholic Diocese of Sylhet,Roman Catholic Archdiocese of Dhaka,Roman Catholic Archdiocese of Dhaka,12595000000
Roman Catholic Diocese of Suwon,Roman Catholic Archdiocese of Seoul,Roman Catholic Archdiocese of Seoul,5371000000
Roman Catholic Diocese of Susa,Roman Catholic Archdiocese of Turin,Roman Catholic Archdiocese of Turin,1062000000
Roman Catholic Diocese of Surigao,Roman Catholic Archdiocese of Cagayan de Oro,Roman Catholic Archdiocese of Cagayan de Oro,3739000000
Roman Catholic Diocese of Surat Thani,Roman Catholic Archdiocese of Bangkok,Roman Catholic Archdiocese of Bangkok,76562000000
Roman Catholic Diocese of Surabaya,Roman Catholic Archdiocese of Semarang,Roman Catholic Archdiocese of Semarang,24461000000
Roman Catholic Diocese of Superior,Archdiocese of Milwaukee,Archdiocese of Milwaukee,40701663153
Roman Catholic Diocese of Sultanpet,Roman Catholic Archdiocese of Verapoly,Roman Catholic Archdiocese of Verapoly,4466000000
Roman Catholic Diocese of Sulmona-Valva,Roman Catholic Archdiocese of L'Aquila,Roman Catholic Archdiocese of L'Aquila,1814000000
Roman Catholic Diocese of Suchitepéquez-Retalhuleu,Roman Catholic Archdiocese of Los Altos Quetzaltenango-Totonicapán,Roman Catholic Archdiocese of Los Altos Quetzaltenango-Totonicapán,4366000000
Roman Catholic Diocese of Subotica,Roman Catholic Archdiocese of Belgrade,Roman Catholic Archdiocese of Belgrade,8042000000
Roman Catholic Diocese of Steubenville,Archdiocese of Cincinnati,Archdiocese of Cincinnati,15314599696
Roman Catholic Diocese of Srikakulam,Roman Catholic Archdiocese of Visakhapatnam,Roman Catholic Archdiocese of Visakhapatnam,8524000000
Roman Catholic Diocese of Springfield–Cape Girardeau,Archdiocese of Saint Louis,Archdiocese of Saint Louis,25719000000
Roman Catholic Diocese of Springfield in Massachusetts,Roman Catholic Archdiocese of Boston,Roman Catholic Archdiocese of Boston,7308946447
Roman Catholic Diocese of Springfield–Cape Girardeau,Archdiocese of Saint Louis,Archdiocese of Saint Louis,25719000000
Roman Catholic Diocese of Speyer,Roman Catholic Archdiocese of Bamberg,Roman Catholic Archdiocese of Bamberg,6025000000
Roman Catholic Diocese of Sorsogon,Roman Catholic Archdiocese of Caceres,Roman Catholic Archdiocese of Caceres,2141450000
Roman Catholic Diocese of Sora-Cassino-Aquino-Pontecorvo,Holy See,Holy See,1426000000
Roman Catholic Diocese of Sonsón–Rionegro,Roman Catholic Archdiocese of Medellín,Roman Catholic Archdiocese of Medellín,7300000000
Roman Catholic Diocese of Sonsonate,Roman Catholic Archdiocese of San Salvador,Roman Catholic Archdiocese of San Salvador,1225000000
Roman Catholic Diocese of Sonsón–Rionegro,Roman Catholic Archdiocese of Medellín,Roman Catholic Archdiocese of Medellín,7300000000
Roman Catholic Diocese of Solsona,Roman Catholic Archdiocese of Tarragona,Roman Catholic Archdiocese of Tarragona,3536000000
Roman Catholic Diocese of Sololá-Chimaltenango,Roman Catholic Archdiocese of Los Altos Quetzaltenango-Totonicapán,Roman Catholic Archdiocese of Los Altos Quetzaltenango-Totonicapán,3040000000
Roman Catholic Diocese of Sokoto,Roman Catholic Archdiocese of Kaduna,Roman Catholic Archdiocese of Kaduna,109507000000
Roman Catholic Diocese of Soissons,Roman Catholic Archdiocese of Reims,Roman Catholic Archdiocese of Reims,7378000000
Roman Catholic Diocese of Socorro y San Gil,Roman Catholic Archdiocese of Bucaramanga,Roman Catholic Archdiocese of Bucaramanga,12250000000
Roman Catholic Diocese of Sobral,Roman Catholic Archdiocese of Fortaleza,Roman Catholic Archdiocese of Fortaleza,18920000000
Roman Catholic Diocese of Soacha,Roman Catholic Archdiocese of Bogotá,Roman Catholic Archdiocese of Bogotá,425000000
Roman Catholic Diocese of Skopje,Roman Catholic Archdiocese of Vrhbosna,Roman Catholic Archdiocese of Vrhbosna,30010000000
Roman Catholic Diocese of Sivagangai,Roman Catholic Archdiocese of Madurai,Roman Catholic Archdiocese of Madurai,8353000000
Roman Catholic Diocese of Sioux Falls,Archdiocese of Saint Paul and Minneapolis,Archdiocese of Saint Paul and Minneapolis,90885000000
Roman Catholic Diocese of Sioux City,Roman Catholic Archdiocese of Dubuque,Roman Catholic Archdiocese of Dubuque,37601447385
Roman Catholic Diocese of Sintang,Roman Catholic Archdiocese of Pontianak,Roman Catholic Archdiocese of Pontianak,62103000000
Roman Catholic Diocese of Sinop,Roman Catholic Archdiocese of Cuiabá,Roman Catholic Archdiocese of Cuiabá,191000000000
Roman Catholic Diocese of Sincelejo,Roman Catholic Archdiocese of Cartagena,Roman Catholic Archdiocese of Cartagena,10523000000
Roman Catholic Diocese of Simla and Chandigarh,Roman Catholic Archdiocese of Delhi,Roman Catholic Archdiocese of Delhi,83566000000
Roman Catholic Diocese of Simdega,Roman Catholic Archdiocese of Ranchi,Roman Catholic Archdiocese of Ranchi,2323000000
Roman Catholic Diocese of Sigüenza-Guadalajara,Roman Catholic Archdiocese of Toledo,Roman Catholic Archdiocese of Toledo,12190000000
Roman Catholic Diocese of Siedlce,Roman Catholic Archdiocese of Lublin,Roman Catholic Archdiocese of Lublin,11440000000
Roman Catholic Diocese of Sibu,Roman Catholic Archdiocese of Kuching,Roman Catholic Archdiocese of Kuching,41484000000
Roman Catholic Diocese of Sibolga,Roman Catholic Archdiocese of Medan,Roman Catholic Archdiocese of Medan,26413000000
Roman Catholic Diocese of Shuozhou,Roman Catholic Archdiocese of Taiyuan,Roman Catholic Archdiocese of Taiyuan,25000000000
Roman Catholic Diocese of Shunqing,Roman Catholic Archdiocese of Chongqing,Roman Catholic Archdiocese of Chongqing,25000000000
Roman Catholic Diocese of Shunde,Roman Catholic Archdiocese of Beijing,Roman Catholic Archdiocese of Beijing,4872000000
Roman Catholic Diocese of Shrewsbury,Province of Birmingham,Province of Birmingham,6136000000
