col0,col1,col2,col3
Y. Aihara,Japan,Japan,1994-04-13
W. Dutton,Canadian,"Regina, Saskatchewan",1989-11-28
W. Clark,Canadians,Canada,1910-07-10
V. Gauthier-Manuel,France,Prémanon,1986-04-06
T. Nakamura,Japan,Japan,1991-07-29
T. Fry,Australia,Australia,1974-01-01
T. Ward,Australia,Australia,1978-05-06
T. Nagasako,United States,Hawaii,1983-04-13
T. Pfyl,Switzerland,Switzerland,1987-01-01
T. Khris,Algeria,Algeria,1975-07-27
T. Yasutoko,Japan,Japan,1986-06-25
T. Suzuki,Japan,Japan,1988-05-01
T. Khris,Algeria,Algeria,1975-07-27
S. Lajtos,Hungary,Hungary,1986-07-22
S. Kavanagh,Canada,"Oakville, Ontario",1971-7-26
S. Jambaqué,France,France,1988-04-14
S. Yost,Australia,Australia,1977-07-06
S. García,Spain,Madrid,1990-07-19
S. Báncora,Argentina,Argentina,1993-02-28
R. Webster,Australia,Melbourne,1987-12-27
R. Riva,Italia,Italy,1986-10-23
R. Parker,United Kingdom,Birmingham,1987-02-05
R. Hulgreen,Denmark,Denmark,1970-03-21
P. Mitrenga,Bulgaria,Bulgaria,1986-09-06
P. Noworyta,United States,"Buffalo, New York",1969-04-07
P. Zimmermann,Germany,Germany,1986-08-29
O. Bolaños,Colombia,Bogotá,1983-04-12
N. Najdenov,Bulgaria,Bulgaria,1984-09-15
N. Mougin,France,France,1979-09-28
N. Calderón,Colombia,Bogotá,1986-02-10
N. Berejny,France,France,1968-06-27
N. Zagame,Australia,New South Wales,1990-08-11
N. Martín,Spain,Barcelona,1980-11-23
M. Dannemann,Germany,Düsseldorf,1945-06-24
M. Gutiérrez,Andorra,Andorra,1988-10-09
M. Teruel,Filipino people,"Buffalo, New York",1970-02-01
M. Salerno,Australia,Australia,1978-09-04
M. Kirkova,Bulgaria,Bulgaria,1986-01-02
M. Sieger,Germany,Denkingen,1975-10-07
M. d. Santi,Brazil,São Paulo,1983-05-26
M. Billiris,Australia,Australia,1975-09-25
L. Fedotova,Kazakhstan,Almaty,1986-04-23
L. Medzihradská,Slovakia,Brezno,1968-11-14
L. Kamburov,Russia,Moscow,1982-01-16
L. Seul-bee,Korea,North Gyeongsang Province,1988-06-25
K. Hyon-suk,North Korea,North Korea,1985-03-21
K. Trayanov,Bulgarians,Bulgaria,1977-12-07
K. Hak-sung,South Korean,Korea,1968-02-28
K. M. Lopez,Italy,Italy,1989-03-18
Kees-Jan van der Klooster,Netherlands,Vlissingen,1977-07-03
K. Brown,Canadians,Alberta,1993-07-13
K. Crema,Australia,Australia,1988-08-02
K. Bergström,Sweden,Sweden,1981-01-03
J. McKenny,Canadians,Canada,1946-12-01
J. Wilson,Canadians,Alberta,1937-04-10
H. Lincoln-Smith,Australia,Sydney,1988-03-26
H. Buckling,Australia,Australia,1992-06-03
G. Ralph,Australia,Geraldton,1988-08-08
G. Meloche,Canadians,Canada,1950-07-12
F. d. Silva,Brazil,Brazil,1979-06-18
E. Pillon,Canadian,Canada,1973-05-01
E. Yasutoko,Japan,Japan,1983-07-29
E. Kramer,United States,New York,1978-08-23
D. Giannoni,Italy,Italy,1978-06-24
C. Andrade,Brazil,Brazil,1979-04-25
C. Ratushniak,Canadians,Canada,1985-08-18
C. Louie,Canadians,British Columbia,1960
C. Williamson,Canada,Canada,1972-05-05
C. Gorman,Canadian,"Saint John, New Brunswick",1897-07-06
C. Mora,Australia,Madrid,1975-02-03
C. Acharezzi,Brazil,Brazil,1988-10-28
C. Andrade,Brazil,Brazil,1979-04-25
B. Knox,Australia,Brisbane,1986-04-16
B. Davis,United States,California,1989-10-18
B. Fernández,Spain,Spain,1984-11-11
B. McPherson,Scotland,Motherwell,1968-11-12
A. Kawasaki,Japan,Japan,1984-07-27
A. H. Bates,Canadians,Canada,1846-08-06
A. Baver,United States of America,Pennsylvania,1980-08-11
A. Næss,Norway,Norway,1877-04-26
A. Arakaki,Brazil,Brazil,1972-05-14
A. Kano,Japan,Hokkaido,1986-03-14
A. Neilson,Scotland,East Kilbride,1971-08-15
A. Gąsienica-Daniel,Poland,Poland,1987-12-22
