"Date","Time","Opponent#","Rank#","Site","TV","Result"
"September 27","","Franklin & Marshall*","","Franklin Field â\u0080¢ Philadelphia, PA","","W 48â\u0080\u00930"
"September 30","","Lehigh*","","Franklin Field â\u0080¢ Philadelphia, PA","","W 20â\u0080\u00930"
"October 4","","Bucknell*","","Franklin Field â\u0080¢ Philadelphia, PA","","W 47â\u0080\u009310"
"October 7","","at Brown*","","Providence, RI","","T 6â\u0080\u00936"
"October 11","","Virginia*","","Franklin Field â\u0080¢ Philadelphia, PA","","W 33â\u0080\u00936"
"October 14","","Carlisle*","","Franklin Field â\u0080¢ Philadelphia, PA","","L 5â\u0080\u009316"
"October 18","","Wesleyan*","","Franklin Field â\u0080¢ Philadelphia, PA","","W 17â\u0080\u00936"
"October 21","","Lafayette*","","Franklin Field â\u0080¢ Philadelphia, PA","","L 0â\u0080\u00936"
"October 28","","Chicago*","","Franklin Field â\u0080¢ Philadelphia, PA","","T 5â\u0080\u00935"
"November 4","","Harvard*","","Franklin Field â\u0080¢ Philadelphia, PA","","L 0â\u0080\u009316"
"November 11","","Michigan*","","Franklin Field â\u0080¢ Philadelphia, PA","","W 11â\u0080\u009310"
"November 17","","at Penn State*","","Franklin Field â\u0080¢ Philadelphia, PA","","W 47â\u0080\u00930"
"November 25","","Cornell*","","Franklin Field â\u0080¢ Philadelphia, PA","","W 29â\u0080\u00930"
"*Non-conference game. #Rankings from AP Poll."

