"Home Team","Score","Away Team","Date"
"Blackburn Rovers","0â\u0080\u00931","Northampton Town","21 September 1965"
"Blackpool","5â\u0080\u00932","Gillingham","22 September 1965"
"Bolton Wanderers","3â\u0080\u00930","Aldershot","22 September 1965"
"Brighton & Hove Albion","1â\u0080\u00932","Ipswich Town","21 September 1965"
"Bristol Rovers","3â\u0080\u00933","West Ham United","21 September 1965"
"Bury","0â\u0080\u00932","Huddersfield Town","21 September 1965"
"Charlton Athletic","4â\u0080\u00931","Carlisle United","21 September 1965"
"Chesterfield","3â\u0080\u00930","Bradford Park Avenue","22 September 1965"
"Colchester United","2â\u0080\u00934","Middlesbrough","22 September 1965"
"Crewe Alexandra","1â\u0080\u00931","Cardiff City","22 September 1965"
"Crystal Palace","0â\u0080\u00931","Grimsby Town","22 September 1965"
"Darlington","2â\u0080\u00931","Swindon Town","22 September 1965"
"Doncaster Rovers","0â\u0080\u00934","Burnley","22 September 1965"
"Hull City","2â\u0080\u00932","Derby County","22 September 1965"
"Leeds United","4â\u0080\u00932","Hartlepool United","22 September 1965"
"Leyton Orient","0â\u0080\u00933","Coventry City","22 September 1965"
"Manchester City","3â\u0080\u00931","Leicester City","22 September 1965"
"Mansfield Town","2â\u0080\u00931","Birmingham City","22 September 1965"
"Millwall","4â\u0080\u00931","York City","22 September 1965"
"Newcastle United","3â\u0080\u00934","Peterborough United","22 September 1965"
"Oldham Athletic","1â\u0080\u00932","Portsmouth","22 September 1965"
"Preston North End","1â\u0080\u00930","Plymouth Argyle","22 September 1965"
"Reading","5â\u0080\u00931","Southend United","22 September 1965"
"Rotherham United","2â\u0080\u00930","Watford","22 September 1965"
"Shrewsbury Town","1â\u0080\u00930","Bristol City","22 September 1965"
"Southampton","3â\u0080\u00930","Rochdale","22 September 1965"
"Stoke City","2â\u0080\u00931","Norwich City","22 September 1965"
"Sunderland","2â\u0080\u00931","Sheffield United","22 September 1965"
"Swansea Town","2â\u0080\u00933","Aston Villa","21 September 1965"
"West Bromwich Albion","3â\u0080\u00931","Walsall","22 September 1965"
"Workington","0â\u0080\u00930","Brentford","22 September 1965"
"Wrexham","1â\u0080\u00932","Fulham","22 September 1965"

