"Pick #","NFL Team","Player","Position","College"
"197","Seattle Seahawks","Jeff Blackshear","Guard","N.E. Louisiana"
"198","New England Patriots","Troy Brown","Wide receiver","Marshall"
"199","Phoenix Cardinals","Chad Brown","Defensive end","Mississippi"
"200","New York Jets","Craig Hentrich","Kicker","Notre Dame"
"201","Detroit Lions","Kevin Miniefield","Cornerback","Arizona State"
"202","Cincinnati Bengals","Doug Pelfrey","Kicker","Kentucky"
"203","Dallas Cowboys","Dave Thomas","Cornerback","Tennessee"
"204","Seattle Seahawks","Antonio Edwards","Defensive end","Valdosta State"
"205","Atlanta Falcons","Shannon Baker","Wide receiver","Florida State"
"206","Los Angeles Rams","Jeff Buffaloe","Punter","Memphis"
"207","New York Giants","Jessie Armstead","Linebacker","Miami (FL)"
"208","Los Angeles Raiders","Greg Robinson","Running back","N.E. Louisiana"
"209","Los Angeles Rams","Maa Tanuvasa","Defensive tackle","Hawaii"
"210","Denver Broncos","Brian Stablein","Wide receiver","Ohio State"
"211","Indianapolis Colts","Marquise Thomas","Linebacker","Mississippi"
"212","Washington Redskins","Lamont Hollinquest","Linebacker","USC"
"213","Dallas Cowboys","Reggie Givens","Cornerback","Penn State"
"214","Houston Oilers","Blaine Bishop","Safety","Ball State"
"215","Phoenix Cardinals","Stevie Anderson","Wide receiver","Grambling"
"216","Pittsburgh Steelers","Alex Van Pelt","Quarterback","Pittsburgh"
"217","Philadelphia Eagles","Doug Skene","Tackle","Michigan"
"218","Miami Dolphins","Dwayne Gordon","Linebacker","New Hampshire"
"219","San Francisco 49ers","Elvis Grbac","Quarterback","Michigan"
"220","Tampa Bay Buccaneers","Darrick Branch","Wide receiver","Hawaii"
"221","New Orleans Saints","Jon Kirksey","Defensive tackle","Cal State-Sacramento"
"222","San Diego Chargers","Trent Green","Quarterback","Indiana"
"223","Buffalo Bills","Chris Leuneberg","Tackle","West Chester (PA)"
"224[5]","Tampa Bay Buccaneers","Daron Alcorn","Kicker","Akron"

