"Pos","Rider","Manufacturer","Time\/Retired","Points"
"1","Max Biaggi","Aprilia","42:44.818","25"
"2","Loris Capirossi","Honda","+1.940","20"
"3","Doriano Romboni","Honda","+2.608","16"
"4","Tadayuki Okada","Honda","+3.056","13"
"5","Tetsuya Harada","Yamaha","+4.229","11"
"6","Jean Philippe Ruggia","Aprilia","+18.493","10"
"7","Ralf Waldmann","Honda","+22.068","9"
"8","Jean-Michel Bayle","Aprilia","+22.150","8"
"9","Carlos Checa","Honda","+31.157","7"
"10","Adrien Bosshard","Honda","+32.038","6"
"11","Kenny Roberts, Jr.","Yamaha","+34.323","5"
"12","Wilco Zeelenberg","Honda","+39.905","4"
"13","Luis Maurel","Honda","+56.598","3"
"14","Miguel Angel Castilla","Yamaha","+56.736","2"
"15","Andreas Preining","Aprilia","+59.510","1"
"16","Giuseppe Fiorillo","Honda","+59.612",""
"17","Jurgen vd Goorbergh","Aprilia","+1:05.563",""
"18","Juan Borja","Honda","+1:09.224",""
"19","Adolf Stadler","Honda","+1:09.272",""
"20","JÃ¼rgen Fuchs","Honda","+1:09.305",""
"21","Sete Gibernau","Yamaha","+1:09.536",""
"22","Patrick vd Goorbergh","Aprilia","+1:22.673",""
"23","Enrique de Juan","Aprilia","+1:40.532",""
"24","James Haydon","Honda","+1:48.090",""
"25","Krisse Kaas","Yamaha","+1 Lap",""
"Ret","Nobuatsu Aoki","Honda","Retirement",""
"Ret","Eskil Suter","Aprilia","Retirement",""
"Ret","Chrisrian Boudinot","Aprilia","Retirement",""
"Ret","Manuel Hernandez","Aprilia","Retirement",""
"Ret","Alessandro Gramigni","Aprilia","Retirement",""
"Ret","Frederic Protat","Honda","Retirement",""
"Ret","Rodney Fee","Honda","Retirement",""
"Ret","Noel Ferro","Honda","Retirement",""
"Ret","JosÃ© Luis Cardoso","Aprilia","Retirement",""

