"Week","Date","Opponent","Result","Network","Kickoff (ET)","Attendance"
"1","September 1, 1996","at Washington Redskins","W 17â\u0080\u009314","FOX","1:00pm","53,415"
"2","September 9, 1996","at Green Bay Packers","L 39â\u0080\u009313","ABC","9:00pm","60,666"
"3","September 15, 1996","Detroit Lions","W 24â\u0080\u009317","FOX","1:00pm","66,007"
"4","September 22, 1996","at Atlanta Falcons","W 33â\u0080\u009318","TNT","8:00pm","40,107"
"5","September 30, 1996","Dallas Cowboys","L 23â\u0080\u009319","ABC","9:00pm","67,201"
"6","Bye"
"7","October 13, 1996","at New York Giants","W 19â\u0080\u009310","FOX","4:00pm","72,729"
"8","October 20, 1996","Miami Dolphins","W 35â\u0080\u009328","NBC","4:00pm","66,240"
"9","October 27, 1996","Carolina Panthers","W 20â\u0080\u00939","FOX","1:00pm","65,982"
"10","November 3, 1996","at Dallas Cowboys","W 31â\u0080\u009321","FOX","1:00pm","64,952"
"11","November 10, 1996","Buffalo Bills","L 24â\u0080\u009317","NBC","1:00pm","66,613"
"12","November 17, 1996","Washington Redskins","L 26â\u0080\u009321","FOX","1:00pm","66,834"
"13","November 24, 1996","at Arizona Cardinals","L 36â\u0080\u009330","FOX","4:00pm","36,175"
"14","December 1, 1996","New York Giants","W 24â\u0080\u00930","FOX","1:00pm","51,468"
"15","December 5, 1996","at Indianapolis Colts","L 37â\u0080\u009310","ESPN","8:00pm","52,689"
"16","December 14, 1996","at New York Jets","W 21â\u0080\u009320","FOX","12:30pm","29,176"
"17","December 22, 1996","Arizona Cardinals","W 29â\u0080\u009319","FOX","1:00pm","63,658"

