"Event","Gold"
"100 m","Marc Blume","10.58"
"200 m","Daniel Bittner","20.82"
"400 m","Stefan Letzelter","46.49"
"800 m","Nico Motchebon","1:47.99"
"1500 m","Dieter Baumann","3:42.00"
"5000 m","Dieter Baumann","13:20.56"
"110 m hurdles","Falk Balzer","13.27"
"400 m hurdles","Thomas Goller","50.38"
"3000 m steeplechase","Damian Kallabis","8:24.62"
"Triple jump","Charles Friedek","17.27"
"Long jump","Konstantin Krause","7.93"
"High jump","Martin BuÃ\u009F","2.30"
"Pole vault","Tim Lobinger","5.92"
"Shot put","Oliver-Sven Buder","20.15"
"Discus throw","Lars Riedel","65.42"
"Hammer throw","Heinz Weis","79.74"
"Javelin throw","Boris Henry","88.62"
"4 Ã\u0097 100 m relay","MTG Mannheim I SchÃ¤fer Crews Schofer Weimer","39.51"
"4 Ã\u0097 400 m relay","Bayer 04 Leverkusen I Oblong Bittner Ehrnsperger Voelkel","3:07.51"

