"Team","Chassis","Engine","No","Drivers","Races"
"Newman\/Haas Racing","Lola B2\/00","Toyota","1","Cristiano da Matta","17-19"
"Newman\/Haas Racing","Lola B2\/00","Toyota","6","Cristiano da Matta","1-16"
"Newman\/Haas Racing","Lola B2\/00","Toyota","11","Christian Fittipaldi","All"
"Team Player's","Reynard 02i","Ford-Cosworth","32","Patrick Carpentier","All"
"Team Player's","Reynard 02i","Ford-Cosworth","33","Alex Tagliani","All"
"Team KOOL Green","Reynard 02i\/Lola B2\/00","Honda","26","Paul Tracy","All"
"Team KOOL Green","Reynard 02i\/Lola B2\/00","Honda","27","Dario Franchitti","All"
"Team Rahal","Lola B2\/00","Ford-Cosworth","8","Jimmy Vasser","All"
"Team Rahal","Lola B2\/00","Ford-Cosworth","9","Michel Jourdain, Jr.","All"
"Sigma Autosport","Lola B2\/00","Ford-Cosworth","22","Max Papis","1-5"
"Herdez Competition","Lola B2\/00","Ford-Cosworth","16","Mario DomÃ­nguez","1-4"
"Herdez Competition","Lola B2\/00","Ford-Cosworth","55","Mario DomÃ­nguez","5-19"
"Patrick Racing","Reynard 02i\/Lola B2\/00","Toyota","20","Townsend Bell","1-9"
"Patrick Racing","Reynard 02i\/Lola B2\/00","Toyota","20","Oriol ServiÃ","10-19"
"Walker Racing","Reynard 02i","Toyota","5","Toranosuke Takagi","All"
"PWR Championship Racing","Lola B2\/00","Toyota","7","Scott Dixon","1-3"
"PWR Championship Racing","Lola B2\/00","Toyota","17","Oriol ServiÃ","1-3"
"Target Chip Ganassi Racing","Lola B2\/00","Toyota","4","Bruno Junqueira","All"
"Target Chip Ganassi Racing","Lola B2\/00","Toyota","12","Kenny BrÃ¤ck","All"
"Target Chip Ganassi Racing","Lola B2\/00","Toyota","44","Scott Dixon","4-19"
"Mo Nunn Racing","Reynard 02i","Honda","10","Tony Kanaan","All"
"FernÃ¡ndez Racing","Lola B2\/00","Honda","51","AdriÃ¡n FernÃ¡ndez","1-10, 12-17"
"FernÃ¡ndez Racing","Lola B2\/00","Honda","51","Max Papis","11, 18"
"FernÃ¡ndez Racing","Lola B2\/00","Honda","51","Luis DÃ­az","19"
"FernÃ¡ndez Racing","Lola B2\/00","Honda","52","Shinji Nakano","All"
"Team Motorola","Reynard 02i\/Lola B2\/00","Honda","39","Michael Andretti","All"
"Team St. George Dale Coyne Racing","Lola B2\/00","Ford-Cosworth","19","Darren Manning","15"
"Team St. George Dale Coyne Racing","Lola B2\/00","Ford-Cosworth","19","AndrÃ© Lotterer","19"

