"#","Date","Visitor","Score","Home","OT","Decision","Attendance","Record","Pts"
"74","April 1","Buffalo","0 â\u0080\u0093 7","Toronto","","Miller","19,434","45â\u0080\u009323â\u0080\u00936","96"
"75","April 3","Buffalo","3 â\u0080\u0093 2","Toronto","SO","Biron","19,320","46â\u0080\u009323â\u0080\u00936","98"
"76","April 5","Ottawa","4 â\u0080\u0093 5","Buffalo","OT","Biron","17,622","47â\u0080\u009323â\u0080\u00936","100"
"77","April 7","Philadelphia","4 â\u0080\u0093 2","Buffalo","","Miller","16,909","47â\u0080\u009324â\u0080\u00936","100"
"78","April 8","Buffalo","6 â\u0080\u0093 2","Ottawa","","Miller","19,575","48â\u0080\u009324â\u0080\u00936","102"
"79","April 12","Montreal","1 â\u0080\u0093 3","Buffalo","","Miller","18,201","49â\u0080\u009324â\u0080\u00936","104"
"80","April 15","Buffalo","4 â\u0080\u0093 2","Montreal","","Miller","21,273","50â\u0080\u009324â\u0080\u00936","106"
"81","April 16","Toronto","0 â\u0080\u0093 6","Buffalo","","Miller","18,690","51â\u0080\u009324â\u0080\u00936","108"
"82","April 18","Buffalo","4 â\u0080\u0093 0","Carolina","","Biron","18,730","52â\u0080\u009324â\u0080\u00936","110"

