"Team 1","Agg.","Team 2","1st leg","2nd leg"
"AtlÃ©tico Paranaense","2-6","Vasco da Gama","2-4","0-2"
"LanÃºs","3-2","Estudiantes","2-0","1-2"
"Arsenal","4-1","San Lorenzo","1-1","3-0"
"GoiÃ¡s","2-1","Cruzeiro","2-0","0-1"
"Colo-Colo","1-1(a)","Audax Italiano","0-0","1-1"
"AtlÃ©tico Nacional","2-3","Millonarios","2-3","0-0"
"Figueirense","3-3(a)","SÃ£o Paulo","2-2","1-1"
"Botafogo","5-2","Corinthians","3-1","2-1"
"El Nacional","3-0","Olmedo","2-0","1-0"
"Tacuary","1-4","Defensor Sporting","1-1","0-3"

