"Date","Opponent","Recipient","Notes"
"March 19, 2009","New York Red Bulls","Don Garber[89]","MLS Commissioner"
"March 28, 2009","Real Salt Lake","Jimmy Gabriel[90]","NASL Sounders legend"
"April 11, 2009","Kansas City Wizards","Robbie Bach[91]","Microsoft executive"
"April 24, 2009","San Jose Earthquakes","Jimmy McAlister[92]","NASL Sounders legend"
"May 10, 2009","Los Angeles Galaxy","Meredith Teague","2009 NCAA Div II soccer National Player of the Year"
"May 31, 2009","Columbus Crew","Jim Mora[93]","Seahawks head coach"
"June 13, 2009","San Jose Earthquakes","Fred Mendoza[94]","Seattle Public Stadium Authority (Qwest Field) chairman"
"June 17, 2009","D.C. United","Sue Bird & Swin Cash[95]","WNBA Seattle Storm team"
"June 28, 2009","Colorado Rapids","Lorenzo Romar[96]","UW Men's Basketball coach"
"July 11, 2009","Houston Dynamo","Doug Andreassen","Washington Youth Soccer President"
"July 18, 2009","Chelsea","Dale Chihuly[97]","Glass artist, creator of the sculpture presented to friendly opponents"
"July 25, 2009","Chicago Fire","Mike Ryan[98]","First U.S. women's national soccer team coach"
"August 5, 2009","FC Barcelona","Bill Russell[99]","NBA Hall of Famer and Seattle resident"
"August 20, 2009","New England Revolution","John Nordstrom[100]","NASL Sounders co-founder"
"August 29, 2009","Toronto FC","Michelle Akers[101]","Former US Women's National Team striker"
"September 19, 2009","Chivas USA","Alan Hinton[102]","Former coach of NASL Sounders"

