"Position","Name","Height","Weight (lbs.)","Class","Hometown","Team"
"DE","Antonio Coleman","6'3\"","257","Sr.","Mobile, AL, U.S.","Auburn"
"DT","Terrence Cody","6'5\"","350","Sr.","Fort Myers, FL, U.S.","Alabama"
"DT","Dan Williams","6'3\"","325","Sr.","Memphis, TN, U.S.","Tennessee"
"DE","Carlos Dunlap","6'6\"","290","Jr.","North Charleston, SC, U.S.","Florida"
"LB","Rolando McClain","6'4\"","255","Jr.","Decatur, AL, U.S.","Alabama"
"LB","Eric Norwood","6'1\"","250","Sr.","Acworth, GA, U.S.","South Carolina"
"LB","Rennie Curran","5'11\"","220","Jr.","Atlanta, GA, U.S.","Georgia"
"DB","Javier Arenas","5'11\"","200","Sr.","Tampa, FL, U.S.","Alabama"
"DB","Joe Haden","5'11\"","185","Jr.","Fort Washington, MD, U.S.","Florida"
"S","Eric Berry","5'11\"","200","Jr.","Fairburn, GA, U.S.","Tennessee"
"S","Mark Barron","6'2\"","215","So.","Mobile, AL, U.S.","Alabama"

