"Date","Time","Opponent","Site","TV","Result","Attendance"
"August 31","12:00 PM","at Charlotte*","Jerry Richardson Stadium â\u0080¢ Charlotte, NC","WCCB","L 7â\u0080\u009352","16,630"
"September 7","6:00 PM","Virginia-Wise*","Barkerâ\u0080\u0093Lane Stadium â\u0080¢ Buies Creek, NC","","W 56â\u0080\u009321","5,538"
"September 14","6:00 PM","Charleston Southern*","Barkerâ\u0080\u0093Lane Stadium â\u0080¢ Buies Creek, NC","","L 10â\u0080\u009330","6,044"
"September 28","2:00 PM","at Valparaiso","Brown Field â\u0080¢ Valparaiso, IN","","L 42â\u0080\u009349 OT","3,357"
"October 5","1:00 PM","Morehead State","Barkerâ\u0080\u0093Lane Stadium â\u0080¢ Buies Creek, NC","","L 36â\u0080\u009345","4,270"
"October 12","1:00 PM","at Butler","Butler Bowl â\u0080¢ Indianapolis, IN","","L 14â\u0080\u009335","3,400"
"October 19","1:00 PM","Jacksonville","Barkerâ\u0080\u0093Lane Stadium â\u0080¢ Buies Creek, NC","","L 45â\u0080\u009352","2,750"
"October 26","4:00 PM","Mercer","Barkerâ\u0080\u0093Lane Stadium â\u0080¢ Buies Creek, NC","","L 31â\u0080\u009338","4,772"
"November 2","1:00 PM","at Stetson","Spec Martin Stadium â\u0080¢ DeLand, FL","","W 19â\u0080\u009318","3,008"
"November 9","1:00 PM","Marist","Barkerâ\u0080\u0093Lane Stadium â\u0080¢ Buies Creek, NC","","L 28â\u0080\u009355","2,820"
"November 16","1:00 PM","at Old Dominion*","Foreman Field â\u0080¢ Norfolk, VA","","L 14â\u0080\u009342","20,118"
"November 23","1:00 PM","at Davidson","Richardson Stadium â\u0080¢ Davidson, NC","","W 47â\u0080\u009314","3,309"
"*Non-conference game. Homecoming. #Rankings from The Sports Network FCS Poll released prior to game. All times are in Eastern Time."

