"Pos","Team v t e","Pld","W","D","L","GF","GA","GD","Pts","Qualification or relegation"
"1","Cruzeiro (C)","38","24","8","6","67","38","+29","80","2015 Copa Libertadores group stage"
"2","SÃ£o Paulo","38","20","10","8","59","40","+19","70","2015 Copa Libertadores group stage"
"3","Internacional","38","21","6","11","53","41","+12","69","2015 Copa Libertadores group stage"
"4","Corinthians","38","19","12","7","49","31","+18","69","2015 Copa Libertadores first stage"
"5","AtlÃ©tico Mineiro","38","17","11","10","51","38","+13","62","2015 Copa Libertadores group stage1"
"6","Fluminense","38","17","10","11","61","42","+19","61","2015 Copa do Brasil round of 162"
"7","GrÃªmio","38","17","10","11","36","24","+12","61","2015 Copa Sudamericana second stage3"
"8","AtlÃ©tico Paranaense","38","15","9","14","43","42","+1","54","2015 Copa Sudamericana second stage3"
"9","Santos","38","15","8","15","42","35","+7","53","2015 Copa Sudamericana second stage3"
"10","Flamengo","38","14","10","14","46","47","â\u0088\u00921","52","2015 Copa Sudamericana second stage3"
"11","Sport","38","14","10","14","36","46","â\u0088\u009210","52","2015 Copa Sudamericana second stage3"
"12","GoiÃ¡s","38","13","8","17","38","40","â\u0088\u00922","47","2015 Copa Sudamericana second stage3"
"13","Figueirense","38","13","8","17","37","47","â\u0088\u009210","47"
"14","Coritiba","38","12","11","15","42","45","â\u0088\u00923","47"
"15","Chapecoense","38","11","10","17","39","44","â\u0088\u00925","43"
"16","Palmeiras","38","11","7","20","34","59","â\u0088\u009225","40"
"17","VitÃ³ria (R)","38","10","8","20","37","54","â\u0088\u009217","38","2015 Campeonato Brasileiro SÃ©rie B"
"18","Bahia (R)","38","9","10","19","31","43","â\u0088\u009212","37","2015 Campeonato Brasileiro SÃ©rie B"
"19","Botafogo (R)","38","9","7","22","31","48","â\u0088\u009217","34","2015 Campeonato Brasileiro SÃ©rie B"
"20","CriciÃºma (R)","38","7","11","20","28","56","â\u0088\u009228","32","2015 Campeonato Brasileiro SÃ©rie B"

