"Player","Team","Score","Balls","4s","6s","Opponent","Ground"
"Brendon McCullum","Birmingham Bears","158*","64","13","11","Derbyshire County Cricket Club","Edgbaston, Birmingham"
"Chris Gayle","Somerset","151*","62","10","15","Kent Spitfires","County Ground, Taunton"
"Michael Klinger","Gloucestershire","126*","68","7","8","Essex Eagles","County Ground, Bristol"
"Jason Roy","Surrey","122*","65","8","6","Somerset","The Oval, London"
"Dawid Malan","Middlesex","115*","64","14","3","Sussex Sharks","County Ground, Hove"

