"Rank","Rider","Team","Time"
"1","Manuele Boaro (ITA)","Tinkoffâ\u0080\u0093Saxo","4hr 49' 41\""
"2","Pierre Rolland (FRA)","Team Europcar","+0\""
"3","Jonathan Hivert (FRA)","Bretagneâ\u0080\u0093SÃ©chÃ© Environnement","+0\""
"4","Pierrick FÃ©drigo (FRA)","Bretagneâ\u0080\u0093SÃ©chÃ© Environnement","+0\""
"5","Arthur Vichot (FRA)","FDJ","+0\""
"6","Tiago Machado (POR)","Team Katusha","+0\""
"7","Ramunas Navardauskas (LIT)","Cannondaleâ\u0080\u0093Garmin","+0\""
"8","Jan Bakelants (BEL)","AG2R La Mondiale","+0\""
"9","Stephen Cummings (GBR)","MTNâ\u0080\u0093Qhubeka","+0\""
"10","Nathan Haas (AUS)","Cannondaleâ\u0080\u0093Garmin","+4\""
"Source: ProCyclingStats"

