"Games","Gold","Silver","Bronze"
"1983","Ernesto Canto (MEX)","Jozef Pribilinec (TCH)","Yevgeniy Yevsyukov (URS)"
"1987","Maurizio Damilano (ITA)","Jozef Pribilinec (TCH)","Josep MarÃ­n (ESP)"
"1991","Maurizio Damilano (ITA)","Mikhail Shchennikov (URS)","Yevgeniy Misyulya (URS)"
"1993","ValentÃ­ Massana (ESP)","Giovanni De Benedictis (ITA)","Daniel Plaza (ESP)"
"1995","Michele Didoni (ITA)","ValentÃ­ Massana (ESP)","Yevgeniy Misyulya (BLR)"
"1997","Daniel GarcÃ­a (MEX)","Mikhail Shchennikov (RUS)","Mikhail Khmelnitskiy (BLR)"
"1999","Ilya Markov (RUS)","Jefferson PÃ©rez (ECU)","Daniel GarcÃ­a (MEX)"
"2001","Roman Rasskazov (RUS)","Ilya Markov (RUS)","Viktor Burayev (RUS)"
"2003","Jefferson PÃ©rez (ECU)","Paquillo FernÃ¡ndez (ESP)","Roman Rasskazov (RUS)"
"2005","Jefferson PÃ©rez (ECU)","Paquillo FernÃ¡ndez (ESP)","Juan Manuel Molina (ESP)"
"2007","Jefferson PÃ©rez (ECU)","Paquillo FernÃ¡ndez (ESP)","Hatem Ghoula (TUN)"
"2009","Valeriy Borchin (RUS)","Wang Hao (CHN)","Eder SÃ¡nchez (MEX)"
"2011","Valeriy Borchin (RUS)","Vladimir Kanaykin (RUS)","Luis Fernando LÃ³pez (COL)"
"2013","Aleksandr Ivanov (RUS)","Chen Ding (CHN)","Miguel Ã\u0081ngel LÃ³pez (ESP)"

