col0,col1,col2,col3
R. Hanken,"Vienna, West Virginia",1980-11-29,1911-12-03
R. G. Smith,"Garland, Texas",2005-08-16,1928-11-27
R. Frankowski,"Laguna Niguel, California",2001-11-27,1919-09-14
R. Flaherty,"Coeur d'Alene, Idaho",1994-7-19,1903-9-1
R. Evans,"Prairie Village, Kansas",1999-04-24,1922-09-22
R. Easterling,"Richmond, Virginia",2012-04-19,1949-09-03
R. DiPierro,"Perrysburg, Ohio",2014-07-20,1926-08-22
R. Costict,"Orlando, Florida",2012-01-03,1955-03-19
R. Buivid,"Sheboygan, Wisconsin",1972-07-05,1915-08-15
R. Bray,"Mesa, Arizona",1996-12-26,1917-02-01
R. Beck,"Cedartown, Georgia",2007-01-10,1931-03-17
R. Baillie,Montreal,2015-05-10,1935-02-14
R. Baer,"Louisville, Kentucky",1968-01-19,1905-05-07
R. Apolskis,"San Mateo, California",1960-06-30,1919-10-19
R. Abruzzese,"Fort Lauderdale, Florida",2011-08-22,1937-10-27
R. Trautman,Oregon,2014-03-01,1960-05-27
R. Schultz,"Cedar Falls, Iowa",1996-10-04,1943-11-17
R. Johnson,"Brevard, North Carolina",2009-09-17,1944-06-17
R. Jackson,"Wichita, Kansas",2010-07-21,1948-11-13
R. Duncan,"Des Moines, Iowa",2016-09-27,1937-03-15
R. Wilson,"Grosse Pointe Shores, Michigan",2014-03-25,1918-10-17
R. Wenzel,"San Mateo, California",2012-06-18,1943-03-14
R. Wenzel,"Lexington, Kentucky",2001-11-06,1918-07-22
R. Stewart,"Prairie Village, Kansas",2016-07-30,1925-12-10
R. Scott,"Billings, Montana",1936-08-16,1894-09-26
R. Schilling,"McAllen, Texas",1994-05-09,1921-07-05
R. Sazio,Canada,2008-09-25,1922-07-22
R. Olsen,University of Utah,1994-11-28,1924-04-10
R. Norwood,"Atlanta, Georgia",1989-11-24,1966-01-23
R. McGill,"St. Joseph, Missouri",2015-03-21,1950-04-28
R. McAllister,United States,2003-08-13,1928-10-13
R. Marston,"Manchester, New Hampshire",1967-12-07,1907-02-16
R. Kercheval,"Lexington, Kentucky",2010-10-06,1911-12-01
R. Isselhardt,"Grand Rapids, Michigan",1972-10-24,1910-01-13
R. Horween,United States of America,1997-05-26,1896-08-03
R. Heywood,"Bandera, Texas",2007-04-10,1921-09-11
R. Heikkinen,"Pontiac, Michigan",1990-01-12,1917-05-14
R. Hay,Ohio,1944-07-29,1891-01-12
R. Goldston,"Columbus, Ohio",2011-07-09,1929-02-25
R. Fife,"Pittsburgh, Pennsylvania",2000-01-31,1920-01-26
R. Felton,"Midway, Washington County, Pennsylvania",2011-01-22,1932-05-21
R. Davis,"Northbrook, Illinois",1992-09-26,1922-05-30
R. Baker,"Portland, OR",1977-08-03,1902-06-28
R. Anderson,Los Angeles,1960-11-27,1936-10-29
R. Cawthon,"Tallahassee, Florida",1991-4-11,1907-10-30
R. Crowther,"Haddonfield, New Jersey",1980-11-03,1902-12-11
R. V. Kerr,"Bossier City, Louisiana",1960-8-11,1891-06-29
R. C. Owens,"Manteca, California",2012-06-17,1934-11-12
Q. Monk,"Raleigh, North Carolina",2015-11-24,1979-01-30
P. Vaughan,"Knoxville, Tennessee",1964-03-30,1911-03-18
P. Rentner,"Glencoe, Illinois",1978-08-24,1910-09-18
P. Pearman,"Memphis, Tennessee",2004-12-19,1929-05-01
P. Lund,Minneapolis,1994-5-26,1913-04-08
P. Wyman,"Minneapolis, Minnesota",1961-03-04,1895-08-20
P. Williams,"Birmingham, Alabama",1948-01-01,1893-12-26
P. Jacobs,"Oakland, California",2016-04-18,1935-05-25
P. Miller,"Lockhart, Texas",1999-02-19,1915-09-18
P. Carpenter,"Tulsa, Oklahoma",2011-06-30,1934-01-24
P. Lainhart,"Coquille, Oregon",1991-08-18,1907-11-06
P. Williams,"Brooklyn, Connecticut",1979-02-06,1906-05-04
P. Ivy,"Norman, Oklahoma",2003-05-17,1916-01-25
P. Wallace,"Great Falls, Montana",1971-2-0,1898-02-10
P. Koch,"Hartford, Wisconsin",1962-03-21,1895-08-01
P. Andros,"Norman, Oklahoma",2008-09-22,1921-11-28
P. Sagapolutele,"Chandler, Arizona",2009-06-07,1969-11-28
P. Johnson,"Boston, Massachusetts",1985-11-08,1896-09-30
P. Tinazzi,Courmayeur,1999-03-24,1962-12-27
P. White,"Oklahoma City, Oklahoma",1982-05-29,1900-05-17
P. Perlo,"Houston, Texas",1993-12-11,1935-12-06
P. Nesser,Ohio,1959-05-09,1880-12-10
P. Martinovich,"West Sacramento, California",1964-09-22,1915-02-09
P. Martin,Dallas,2008-6-24,1928-04-02
P. King,"Memphis, Tennessee",1973-0-0,1936-06-22
P. Handler,"Skokie, Illinois",1968-12-08,1908-07-21
P. Dokes,"Jacksonville, Arkansas",1989-12-07,1955-09-07
P. Martell,"Dartmouth, Nova Scotia",2016-07-31,1959-04-23
P. Demmerle,"Greenwich, Connecticut",2007-05-24,1953-09-06
P. Wysocki,"Vienna, Virginia",2003-06-14,1948-10-03
P. Titanic,"Newmarket, Ontario",2014-01-20,1920-08-13
P. Tinsley,Michigan,1995-05-11,1913-03-16
P. Regnier,"Minneapolis, Minnesota",1938-11-30,1896-09-10
P. Pihos,"Winston-Salem, North Carolina",2011-08-16,1923-10-22
P. Perini,"Fountain Hills, Arizona",2008-09-11,1928-02-10
P. Overfield,"San Diego, California",1959-07-01,1874-04-12
P. MacRae,"Hollywood, Florida",1965-3-0,1902-01-22
P. Layden,"Edna, Texas",1982-07-18,1919-12-30
P. Ladygo,"Keyser, West Virginia",2014-08-22,1925-6-23
P. Kmetovic,"Palo Alto, California",1990-02-08,1919-12-27
P. Karpuk,Ontario,1985-03-04,1927-0-0
P. Henry,"Washington, Pennsylvania",1952-2-7,1897-10-31
P. D'Alonzo,"Morristown, New Jersey",2001-12-27,1929-05-26
P. Cole,"Dallas County, Texas",1971-09-07,1916-05-05
P. Case,"Lake Lanier, Georgia",2008-12-18,1940-12-27
P. Calac,"Canton, Ohio",1968-01-30,1892-05-13
P. Berezney,"Olean, New York",2008-10-13,1923-11-14
P. Bennett,Ontario,1993-09-06,1928-0-0
P. Athas,"Miami, Florida",2015-06-28,1946-09-15
P. Schwartz,"Cloverdale, California",2001-01-04,1915-04-27
P. Hale,"Portland, Connecticut",1948-04-08,1878-10-07
P. Brooks,"Woodbridge, Virginia",2010-03-01,1954-12-04
P. Molson,France,1917-07-05,1880-08-14
P. Leadlay,"Hamilton, Ontario",1984-09-08,1898-03-07
P. Parratt,Ohio,1959-01-03,1883-03-21
P. Mahrer,Los Angeles,1985-12-18,1900-05-23
P. Young,"Cambridge, Nebraska",1978-10-19,1908-12-07
P. White,"Duluth, Georgia",1974-06-03,1921-11-13
P. Walker,"West Hartford, Connecticut",1972-10-20,1925-07-09
P. Smith,"Aurora, Colorado",2000-03-14,1945-08-13
P. Scull,"Charlotte, North Carolina",1997-12-11,1907-09-04
P. Schwegler,"Newport Beach, California",1980-12-07,1907-05-22
P. Rowe,"Calgary, Alberta",1990-08-28,1917-01-25
P. Robeson,Pennsylvania,1976-01-23,1898-04-09
P. Riblett,"Cherry Hill, New Jersey",1976-03-01,1908-05-23
P. Rebsamen,"Hot Springs, Arkansas",1905-01-29,1905-01-29
P. Page,"Tom Green County, Texas",1997-02-15,1927-09-16
P. Oliver,"Marietta, Georgia",2013-09-24,1984-03-30
P. Moss,"Terre Haute, Indiana",1999-05-05,1908-10-02
P. Minick,"Springfield, Missouri",1978-12-22,1899-12-17
P. Miller,"Tucson, Arizona",1992-06-02,1913-01-23
P. McNulty,"Chicago, Illinois",1985-09-27,1902-08-09
P. Liston,"Summerville, Pennsylvania",1979-05-04,1903-07-03
P. Lipscomb,"Elm Grove, Wisconsin",1964-08-20,1923-01-13
P. Kromer,"Largo, Florida",2008-02-08,1917-09-24
P. Kitteredge,"Groton, Connecticut",1947-03-02,1904-09-04
P. Jetton,"Wimberley, Texas",2016-05-13,1964-10-06
P. Jappe,"Daytona Beach, Florida",1989-04-01,1898-01-16
P. Hogan,Las Vegas,1976-8-13,1898-9-5
P. Halleck,"Fairfax, Virginia",1974-03-24,1913-07-11
P. Governali,"San Diego, California",1978-02-14,1921-01-05
P. Gipson,"Houston, Texas",1985-01-16,1946-03-21
P. Gibson,Texas,1975-05-23,1948-06-20
P. G. Goebel,"Grand Rapids, Michigan",1988-01-26,1901-05-28
P. Franklin,"Mount Prospect, Illinois",1959-08-26,1906-01-02
P. Fitzgibbon,Los Angeles,1975-03-12,1903-03-21
P. Engebretsen,"Chariton, Iowa",1979-03-31,1910-07-27
P. Duke,"Austell, Georgia",2009-03-24,1924-09-24
P. Duhart,"Huntington Beach, California",2006-01-18,1920-12-30
P. Dudley,"Las Vegas, Nevada",1987-01-16,1939-01-16
P. Dojack,"Regina, Saskatchewan",2007-11-07,1914-04-24
