col0,col1,col2,col3
P. Dickson,"Minneapolis, Minnesota",2011-06-07,1937-02-26
P. D. Jardien,"Monrovia, California",1956-03-07,1893-08-24
P. Davis,"Loxahatchee, Florida",1989-02-21,1925-03-21
P. Cuba,"New Castle, Pennsylvania",1990-08-12,1908-06-12
P. Costa,"Grapevine, Texas",2015-10-12,1941-12-07
P. Brown,Cincinnati,1991-8-5,1908-9-7
P. Briggs,"Santa Ana, California",2011-02-14,1920-04-18
P. Blair,"Latrobe, Pennsylvania",1904-12-11,1882-05-30
P. Berezney,"Toms River, New Jersey",1990-03-29,1915-09-25
"P. "". Younger","Inglewood, California",2001-09-15,1928-06-25
P. Dorismond,New York City,2000-03-16,1974-02-28
P. Cain,"Superior, Colorado",2016-03-14,1962-04-01
P. Trammell,"Birmingham, Alabama",1968-12-10,1940-07-11
P. Summerall,Dallas,2013-4-16,1930-5-10
P. Shea,"Encinitas, California",2013-05-22,1939-06-28
P. Santucci,"Burlington, Ontario",1992-10-0,1924-1-1
P. Preston,"Mount Airy, North Carolina",2002-06-23,1921-06-15
P. McHugh,"Chattanooga, Tennessee",2004-09-19,1919-12-21
P. Harder,"Waukesha, Wisconsin",1992-09-06,1922-05-06
P. Filley,"Winter Garden, Florida",2000-04-13,1923-0-0
P. Dunnigan,Minnesota,1937-03-30,1894-01-24
P. Claridge,"Victoria, British Columbia",2012-03-08,1938-07-12
P. Cannamela,"Los Angeles, California",1973-01-28,1929-04-27
P. Brady,"Reno, Nevada",2009-07-14,1926-09-07
P. Bisceglia,"Shrewsbury, Massachusetts",2009-02-07,1930-06-23
P. Abbruzzi,"Boston, Massachusetts",1998-06-03,1932-08-29
P. Hall,"Vicksburg, Mississippi",2005-02-08,1916-12-10
P. Driscoll,Chicago,1968-6-29,1896-1-11
O. Parry,"Henrietta, Texas",1976-03-02,1914-11-14
O. Emerson,"Austin, Texas",1998-11-26,1907-12-18
O. Wagonhurst,"Jackson, Michigan",1932-06-15,1871-04-25
O. Schnellbacher,"Topeka, Kansas",2008-03-10,1923-04-15
O. Pommerening,"West Bloomfield Township, Michigan",1992-3-1,1904-01-26
O. Graham,"Sarasota, Florida",2003-12-17,1921-12-6
O. Carpell,"West Point, Mississippi",1918-10-11,1889-11-12
O. Brown,"Dallas, Texas",2006-12-05,1947-01-12
O. Lamson,Seattle,1956-12-11,1876-09-13
O. Grant,"Roswell, Georgia",2011-05-29,1961-08-13
O. Kuka,Vranjina,1862-0-0,1820-0-0
O. Lambert,Cleveland,1970-05-27,1890-10-25
O. Kruger,Alberta,2010-07-04,1932-12-24
O. Knop,Chicago,1952-11-05,1896-09-05
O. Helveston,"Zachary, Louisiana",1961-09-02,1913-12-05
O. Trask,"Houston, Texas",2008-11-12,1934-12-03
O. Beach,Ontario,1938-09-21,1910-10-23
O. Thomas,"Crowley, Louisiana",2014-11-09,1972-10-21
O. Brown,Baltimore,2011-09-23,1970-12-12
O. Bobo,"Dallas, Texas",2007-05-14,1974-02-09
O. Smith,"Providence, Rhode Island",1977-08-14,1905-11-05
O. Pape,"Davenport, Iowa",1936-4-30,1904-3-10
O. Miller,Chicago,2002-08-07,1909-11-11
O. Spencer,"Danville, California",1991-04-28,1931-04-17
O. Matson,Los Angeles,2011-2-19,1930-5-1
O. Cline,"Springfield, Ohio",2001-05-12,1925-12-31
O. Kuhn,"Tampa, Florida",1968-10-8,1898-08-14
O. Fletcher,"Bullhead City, Arizona",1994-05-10,1923-02-05
O. Smith,"Columbus, Ohio",1966-05-04,1900-03-25
O. Burrell,"Bay St. Louis, Mississippi",2009-02-28,1939-09-15
O. Anderson,"Buffalo, New York",1962-01-25,1894-10-15
O. Logan,"Luling, Texas",2003-01-21,1941-12-06
O. D. Thompson,Pennsylvania,1925-06-10,1855-09-24
N. McFarlane,"Salt Lake City, Utah",1986-01-15,1935-11-25
N. Stevenson,"St. Louis, Missouri",2012-03-03,1939-10-27
N. Hand,"Walterboro, South Carolina",2010-05-14,1972-09-04
N. Barry,Chicago,1988-10-13,1897-12-25
N. Verry,"Los Angeles County, California",1961-10-12,1922-09-18
N. V. Brocklin,Georgia,1983-05-02,1926-03-15
N. Standlee,"Mountain View, California",1981-01-05,1919-07-19
N. Perry,Ontario,1957-11-17,1904-06-01
N. Masters,"Detroit, Michigan",2011-04-19,1933-09-19
N. Harvey,"Detroit, Michigan",1941-12-14,1899-05-19
N. Greeney,"Kelleys Island, Ohio",1985-10-20,1910-05-07
N. Hecker,"Los Altos, California",2004-03-14,1927-05-26
N. Luhn,"Coffeyville, Kansas",2011-11-27,1921-07-27
N. Doss,"Austin, Texas",2009-02-15,1920-05-22
N. Wirkowski,Canada,2014-10-15,1926-08-20
N. Mullins,"Versailles, Kentucky",1998-10-31,1918-05-23
N. Caton,"Birmingham, Alabama",1922-4-12,1897-02-17
N. Kinnick,Caribbean,1943-06-02,1918-07-09
N. T. Lane,"Austin, Texas",2002-1-29,1927-4-16
N. Susoeff,"Palo Alto, California",1967-01-31,1921-04-15
N. Skorich,"Philadelphia, Pennsylvania",2004-10-02,1921-06-26
N. Sebek,"Buffalo, New York",2007-11-27,1927-10-11
