col0,col1,col2,col3,col4,col5
Journal of Bioactive and Compatible Polymers,Sage Publications,1986,2,2013,0883-9115
Journal of Behavioral Medicine,Springer Science+Business Media,1978,2,2008,0160-7715
Journal of Behavioral Finance,Routledge,2000,0,2010,1542-7560
Journal of Basic Microbiology,Wiley-VCH,1960,1,2010,0233-111X
Journal of Banking and Finance,Elsevier,1977,2,2010,0378-4266
Journal of Bacteriology,American Society for Microbiology,1916,2,2013,0021-9193
Journal of Avian Biology,Wiley-Blackwell,1970,2,2015,0908-8857
Journal of Automated Reasoning,Springer Science+Business Media,1983,0,2011,0168-7433
Journal of Autoimmunity,Elsevier,1988,8,2014,0896-8411
Journal of Autism and Developmental Disorders,Springer Science+Business Media,1971,3,2011,0162-3257
Journal of Attention Disorders,SAGE Publications,1996,3,2015,1087-0547
Journal of Atmospheric and Solar-Terrestrial Physics,Elsevier,1950,1,2013,1364-6826
Journal of Asthma,Informa,1963,1,2014,0277-0903
Journal of Artificial Intelligence Research,Association for the Advancement of Artificial Intelligence,1993,1,2010,1076-9757
Journal of Archaeological Science,Elsevier,1974,2,2015,0305-4403
Journal of Applied Toxicology,John Wiley & Sons,1981,2,2014,0260-437X
Journal of Applied Social Psychology,Wiley-Blackwell,1971,0,2011,0021-9029
Journal of Applied Remote Sensing,SPIE,2007,0,2012,1931-3195
Journal of Applied Psychology,American Psychological Association,1917,3,2015,0021-9010
Journal of Applied Polymer Science,John Wiley & Sons,1959,1,2014,0021-8995
Journal of Applied Physiology,American Physiological Society,1948,3,2014,1522-1601
Journal of Applied Physics,American Institute of Physics,1931,2,2014,0021-8979
Journal of Applied Microbiology,Wiley-Blackwell,1939,2,2013,0021-8847
Journal of Applied Gerontology,SAGE Publications,1982,0,2012,0733-4648
Journal of Applied Economics,Elsevier,1998,0,2013,1514-0326
Journal of Applied Econometrics,John Wiley & Sons,1986,1,2011,0883-7252
Journal of Applied Ecology,Wiley-Blackwell,1964,4,2012,0021-8901
Journal of Applied Crystallography,Wiley-Blackwell,1968,3,2013,0021-8898
Journal of Applied Communication Research,Routledge,1973,0,2010,0090-9882
Journal of Applied Biomedicine,University of South Bohemia,2003,1,2014,1214-021X
Journal of Applied Behavior Analysis,Wiley-Blackwell,1968,1,2014,0021-8855
Journal of Antimicrobial Chemotherapy,Oxford University Press,1975,5,2014,0305-7453
Journal of Anthropological Archaeology,Elsevier,1982,1,2014,0278-4165
Journal of Animal Science,American Society of Animal Science,1910,2,2009,0021-8812
Journal of Animal Ecology,Wiley-Blackwell,1932,4,2012,0021-8790
Journal of Analytical Toxicology,Oxford University Press,1977,2,2014,0146-4760
Journal of Analytical Atomic Spectrometry,Royal Society of Chemistry,1986,3,2014,0267-9477
Journal of American College Health,Routledge,1952,1,2014,0744-8481
Journal of Alzheimer's Disease,IOS Press,1998,4,2014,1387-2877
Journal of Alternative and Complementary Medicine,"Mary Ann Liebert, Inc.",1995,1,2013,1075-5535
