col0,col1,col2,col3,col4,col5
Journal of Agricultural and Food Chemistry,American Chemical Society,1953,2,2015,0021-8561
Journal of Agricultural and Environmental Ethics,Springer Science+Business Media,1988,0,2014,1187-7863
Journal of Agricultural Economics,Wiley-Blackwell,1928,1,2016,0021-857X
Journal of Agrarian Change,Wiley-Blackwell,2001,2,2012,1471-0358
Journal of Aging and Health,SAGE Publications,1989,1,2012,0898-2643
Journal of Aging & Social Policy,Routledge,1989,0,2014,0895-9420
Journal of African Economies,Oxford University Press,1992,0,2008,0963-8024
Journal of Affective Disorders,Elsevier,1979,3,2012,0165-0327
Journal of Advertising,Routledge,1972,1,2014,0091-3367
Journal of Advanced Nursing,John Wiley & Sons,1976,1,2014,1365-2648
Journal of Adolescent Research,SAGE Publications,1986,1,2015,0743-5584
Journal of Adolescent Health,Elsevier,1980,3,2014,1054-139X
Journal of Adolescent & Adult Literacy,Wiley-Blackwell,1957,0,2011,1081-3004
Journal of Adolescence,Elsevier,1978,1,2014,0140-1971
Journal of Addictions Nursing,Lippincott Williams & Wilkins,1989,0,2009,1088-4602
Journal of Addiction Medicine,Lippincott Williams & Wilkins,2007,1,2013,1932-0620
Journal of Acquired Immune Deficiency Syndromes,Lippincott Williams & Wilkins,1988,4,2014,1077-9450
Journal of Accounting and Public Policy,Elsevier,1982,0,2014,0278-4254
Journal of Accounting and Economics,Elsevier,1979,2,2010,0165-4101
Journal of Accounting Research,Wiley-Blackwell,1963,2,2013,0021-8456
Journal of Abnormal Child Psychology,Springer Science+Business Media,1973,3,2012,0091-0627
Journal of AOAC International,AOAC International,1915,1,2014,1060-3271
Journal for the Scientific Study of Religion,Wiley-Blackwell,1961,1,2011,0021-8294
Journal for the History of Astronomy,SAGE Publications,1970,0,2012,0021-8286
Journal de Mathématiques Pures et Appliquées,Elsevier,1836,1,2011,0021-7824
Japanese Journal of Clinical Oncology,Oxford University Press,1971,2,2014,0368-2811
Japanese Journal of Applied Physics,IOP Publishing,1962,1,2015,0021-4922
Japan and the World Economy,Elsevier,1988,0,2011,0922-1425
JCDA,Canadian Dental Association,1879,0,2012,0709-8936
JAMA Psychiatry,American Medical Association,1959,14,2015,1538-3636
JAMA Pediatrics,American Medical Association,1911,9,2015,1072-4710
JAMA Neurology,American Medical Association,1960,8,2015,2168-6149
JAMA Facial Plastic Surgery,American Medical Association,1999,1,2015,2168-6076
JAMA Dermatology,American Medical Association,1960,5,2015,2168-6068
JAMA,American Medical Association,1883,37,2015,0098-7484
Izvestiya Vysshikh Uchebnykh Zavedenii. Radioelektronika,Springer Science+Business Media,1958,0,2013,0021-3470
Izvestiya: Mathematics,Russian Academy of Sciences,1937,0,2013,1064-5632
Israel Journal of Mathematics,Hebrew University of Jerusalem,1963,0,2009,0021-2172
Isis,University of Chicago Press,1912,0,2011,0021-1753
Irish Journal of Medical Science,Springer Science+Business Media,1832,0,2013,0021-1265
Iranian Journal of Fuzzy Systems,University of Sistan and Baluchestan,2004,1,2011,1735-0654
Investigative Radiology,Lippincott Williams & Wilkins,1966,4,2015,0020-9996
Investigative Ophthalmology & Visual Science,Cadmus,1976,3,2015,0146-0404
Inventiones Mathematicae,Springer Verlag,1966,2,2011,0020-9910
Intervirology,Karger Publishers,1973,1,2013,0300-5526
Interventional Neuroradiology,Sage Publications,1995,0,2013,1591-0199
Intervention In School And Clinic,SAGE Publications,1965,0,2014,1053-4512
International Transactions in Operational Research,Wiley-Blackwell,1994,0,2011,0969-6016
International Theory,Cambridge University Press,2009,1,2014,1752-9719
International Studies Review,Oxford University Press,1957,0,2014,1468-2486
International Studies Quarterly,Wiley-Blackwell,1959,1,2014,0020-8833
International Studies Perspectives,Wiley-Blackwell,2000,0,2014,1528-3577
International Sociology,Sage Publications,1986,0,2010,0268-5809
International Social Work,SAGE Publications,1959,0,2010,0020-8728
International Small Business Journal,SAGE Publications,1982,1,2013,0266-2426
International Security,MIT Press,1976,4,2014,0162-2889
International Reviews of Immunology,Informa,1986,4,2008,1563-5244
International Review of Psychiatry,Taylor & Francis,1989,1,2014,0954-0261
International Review of Administrative Sciences,SAGE Publications,1957,0,2010,0020-8523
International Review for the Sociology of Sport,SAGE Publications,1966,1,2015,1012-6902
International Relations of the Asia-Pacific,Oxford University Press,2001,0,2014,1470-482X
International Relations,SAGE Publications,1960,1,2014,0047-1178
International Regional Science Review,Sage Publications,1975,1,2013,0160-0176
International Political Sociology,Wiley-Blackwell,2007,0,2014,1749-5679
International Political Science Review,Sage Publications,1980,0,2014,0192-5121
International Organization,University of Cambridge,1947,3,2014,0020-8183
International Migration Review,Wiley-Blackwell,1964,1,2015,0197-9183
International Migration,Wiley-Blackwell,1961,0,2011,0020-7985
International Mathematics Research Notices,Oxford University Press,1991,1,2014,1073-7928
International Marketing Review,Emerald Group Publishing,1983,1,2009,0265-1335
International Labour Review,Wiley-Blackwell,1921,0,2011,0020-7780
International Journal on Artificial Intelligence Tools,World Scientific,1992,0,2008,0218-2130
"International Journal of Wavelets, Multiresolution and Information Processing",World Scientific,2003,0,2008,0219-6913
International Journal of Urban and Regional Research,Wiley-Blackwell,1977,1,2015,0309-1317
"International Journal of Uncertainty, Fuzziness and Knowledge-Based Systems",World Scientific,1993,1,2008,0218-4885
International Journal of Toxicology,SAGE Publications,1982,1,2014,1091-5818
International Journal of Thermophysics,Springer Science+Business Media,1980,0,2011,0195-928X
International Journal of Theoretical Physics,Springer Science+Business Media,1968,1,2012,0020-7748
International Journal of Systematic and Evolutionary Microbiology,Society for General Microbiology,1951,2,2013,1466-5026
International Journal of Surgical Pathology,SAGE Publications,1993,1,2010,1066-8969
International Journal of Surgery,Elsevier,2003,1,2014,1743-9191
International Journal of Structural Stability and Dynamics,World Scientific,2001,0,2008,0219-4554
International Journal of Stress Management,American Psychological Association,2003,0,2014,1072-5245
International Journal of Software Engineering and Knowledge Engineering,World Scientific,1991,0,2008,0218-1940
International Journal of Social Psychiatry,SAGE Publications,1955,1,2011,0020-7640
International Journal of Sexual Health,Routledge,1988,0,2010,1931-7611
International Journal of Science and Mathematics Education,Springer Science+Business Media,2004,0,2012,1571-0068
International Journal of STD & AIDS,Sage Publications,1990,1,2012,0956-4624
International Journal of Rock Mechanics and Mining Sciences,Elsevier,1997,1,2011,1365-1609
International Journal of Research in Marketing,Elsevier,1984,1,2014,0167-8116
International Journal of Radiation Biology,Informa,1988,1,2014,0955-3002
International Journal of Quantum Information,World Scientific,2003,0,2013,0219-7499
International Journal of Quantum Chemistry,John Wiley & Sons,1967,2,2015,0020-7608
International Journal of Public Opinion Research,Oxford University Press,1989,0,2009,0954-2892
International Journal of Psychophysiology,Elsevier,1983,2,2014,0167-8760
International Journal of Psychology,Wiley-Blackwell,1966,1,2014,0020-7594
International Journal of Primatology,Springer Science+Business Media,1980,1,2008,0164-0291
International Journal of Pharmaceutics,Elsevier,1978,3,2014,0378-5173
International Journal of Pattern Recognition and Artificial Intelligence,World Scientific,1987,0,2008,0218-0014
International Journal of Paediatric Dentistry,John Wiley & Sons,1991,0,2012,0960-7439
International Journal of Oral and Maxillofacial Surgery,Elsevier,1972,1,2012,0901-5027
International Journal of Operations & Production Management,Emerald Group Publishing,1980,1,2012,0144-3577
International Journal of Oncology,Spandidos Publications,1992,3,2014,1019-6439
International Journal of Offender Therapy and Comparative Criminology,SAGE Publications,1972,0,2011,0306-624X
International Journal of Obesity,Nature Publishing Group,1977,5,2014,0307-0565
International Journal of Number Theory,World Scientific,2005,0,2014,1793-0421
International Journal of Neuroscience,Informa,1978,1,2012,0020-7454
International Journal of Neural Systems,World Scientific,1989,6,2014,0129-0657
International Journal of Nanomedicine,Dove Medical Press,2006,4,2014,1176-9114
International Journal of Multiphase Flow,Elsevier,1973,2,2014,0301-9322
International Journal of Molecular Sciences,MDPI,2000,3,2015,1422-0067
International Journal of Modern Physics,World Scientific,1987,0,2013,0217-751X
International Journal of Middle East Studies,Cambridge University Press,1970,0,2014,0020-7438
International Journal of Medical Sciences,Ivyspring International Publisher,2004,2,2011,1449-1907
International Journal of Medical Microbiology,Urban and Fischer,1887,4,2011,1438-4221
International Journal of Management Reviews,Wiley-Blackwell,1999,3,2012,1460-8545
International Journal of Lexicography,Oxford University Press,1988,1,2011,0950-3846
International Journal of Law and Psychiatry,Elsevier,1978,0,2014,0160-2527
International Journal of Language & Communication Disorders,Wiley-Blackwell,1966,1,2011,1368-2822
International Journal of Injury Control and Safety Promotion,Taylor & Francis,1994,1,2010,1745-7300
International Journal of Impotence Research,Nature Publishing Group,1989,1,2014,0955-9930
International Journal of Hyperthermia,Informa,1979,2,2014,0265-6736
International Journal of Hydrogen Energy,Elsevier,1976,3,2014,0360-3199
International Journal of High Performance Computing Applications,Sage Publications,1987,1,2013,1094-3420
International Journal of Hematology,Springer Science+Business Media,1937,1,2009,0925-5710
International Journal of Health Services,SAGE Publications,1971,0,2014,0020-7314
International Journal of Gynecology & Obstetrics,Elsevier,1963,1,2014,0020-7292
International Journal of Geriatric Psychiatry,John Wiley & Sons,1986,2,2011,0885-6230
International Journal of Geometric Methods in Modern Physics,World Scientific,2004,0,2012,0219-8878
International Journal of Geographical Information Science,Taylor & Francis,1997,1,2012,1362-3087
International Journal of General Systems,Taylor and Francis,1974,1,2014,0308-1079
International Journal of Forecasting,Elsevier,1985,1,2010,0169-2070
International Journal of Food Sciences and Nutrition,Informa,1947,1,2013,0963-7486
International Journal of Food Microbiology,Elsevier,1984,3,2014,0168-1605
International Journal of Feminist Approaches to Bioethics,University of Toronto Press,2008,0,2014,1937-4577
International Journal of Epidemiology,Oxford University Press,1972,9,2013,0300-5771
International Journal of Environmental Research and Public Health,Multidisciplinary Digital Publishing Institute,2004,2,2015,1660-4601
International Journal of Environmental Research,University of Tehran,2008,1,2012,1735-6865
International Journal of Energy Research,John Wiley & Sons,1977,2,2013,0363-907X
International Journal of Drug Policy,Elsevier,1987,3,2014,0955-3959
International Journal of Developmental Neuroscience,Elsevier,1983,2,2010,0736-5748
International Journal of Dermatology,Wiley-Blackwell,1963,1,2014,1365-4632
International Journal of Damage Mechanics,Sage Publications,1992,1,2013,1056-7895
International Journal of Cultural Studies,Sage Publications,1998,0,2013,1367-8779
International Journal of Corpus Linguistics,John Benjamins Publishing Company,1995,0,2011,1569-9811
International Journal of Conflict and Violence,Public Knowledge Project,1998,0,2014,1864-1385
International Journal of Computer Vision,Springer Science+Business Media,1987,3,2012,0920-5691
International Journal of Comparative Sociology,SAGE Publications,1960,1,2010,0020-7152
International Journal of Clinical Practice,John Wiley & Sons,1947,2,2014,1368-5031
International Journal of Climatology,Wiley-Blackwell,1981,2,2012,1097-0088
International Journal of Civil Engineering,Iran University of Science and Technology,2003,0,2012,1735-0522
International Journal of Cardiology,Elsevier,1981,4,2014,0167-5273
International Journal of Cancer,John Wiley & Sons,1966,5,2015,0020-7136
International Journal of Biological Sciences,Ivyspring International Publisher,2005,2,2011,1449-2288
International Journal of Biological Macromolecules,Elsevier,1979,3,2013,0141-8130
International Journal of Bilingualism,SAGE Publications,1997,0,2010,1367-0069
International Journal of Bifurcation and Chaos,World Scientific,1991,1,2015,0218-1274
International Journal of Behavioral Nutrition and Physical Activity,BioMed Central,2004,4,2014,1479-5868
International Journal of Behavioral Medicine,Springer Science+Business Media,1994,2,2014,1070-5503
International Journal of Behavioral Development,SAGE Publications,1978,1,2010,0165-0254
International Journal of Audiology,Informa,1962,1,2011,1499-2027
International Journal of Astrobiology,Cambridge University Press,2002,1,2011,1473-5504
International Journal of Art and Design Education,Design,1982,0,2011,1476-8062
International Journal of Applied Mathematics and Computer Science,University of Zielona Góra,1991,1,2014,1641-876X
International Journal of American Linguistics,University of Chicago Press,1917,0,2012,0020-7071
International Journal of Algebra and Computation,World Scientific,1991,0,2008,0218-1967
International Journal of Acarology,Taylor & Francis,1975,0,2015,0168-8162
