col0,col1,col2,col3
Zhigansk Airport,Russia,Asphalt,ZIX
Zhengzhou Xinzheng International Airport,Zhengzhou,Concrete,CGO
Zhanjiang Airport,Guangdong,Asphalt,ZHA
Zephyrhills Municipal Airport,"Zephyrhills, Florida",Asphalt,ZPH
Zenata – Messali El Hadj Airport,Tlemcen,Asphalt,TLM
Zemio Airport,Central African Republic,Laterite,IMO
Zaysan Airport,Zaysan,Concrete,SZI
Zaria Airport,Nigeria,Asphalt,ZAR
Zaranj Airport,Nimruz Province,Gravel,ZAJ
Zaqatala International Airport,Azerbaijan,Asphalt,ZTU
Zaporizhia International Airport,Ukraine,Concrete,OZH
Zanesville Municipal Airport,"Zanesville, Ohio",Asphalt/Concrete,ZZV
Zamboanga International Airport,Zamboanga City,Asphalt,ZAM
Zambezi Airport,Zambezi,Unpaved,BBZ
Zakouma Airport,Chad,Clay,AKM
Zahedan Airport,Zahedan,Asphalt,ZAH
Zagreb Airport,Croatia,Concrete/Asphalt,ZAG
Zafer Airport,Afyonkarahisar,Concrete,KZR
Zadar Airport,Zadar,Asphalt,ZAD
Zachar Bay Seaplane Base,Alaska,Water,KZB
Zabré Airport,Zabré,Dirt,XZA
Zabrat Airport,Baku,Asphalt,ZXT
Zabré Airport,Burkina Faso,Dirt,XZA
Z. M. Jack Stell Field,"Crossett, Arkansas",Asphalt,CRT
Zürich Airport,Zürich,Concrete,ZRH
Yélimané Airport,Yélimané,Unpaved,EYL
Yuzhno-Sakhalinsk Airport,Russia,Concrete,UUS
Yulin Yuyang Airport,China,Asphalt,UYN
Yuba County Airport,"Marysville, California",Asphalt,MYV
Youngstown–Warren Regional Airport,"Warren, Ohio",Asphalt,YNG
Young Airport,Australia,Asphalt,NGA
Yoshkar-Ola Airport,Russia,Asphalt,JOK
Yoro Airport,Yoro,Grass,ORO
York Airport,"York, Pennsylvania",Asphalt,THV
Yongphulla Airport,Bhutan,Asphalt,YON
Yonaguni Airport,Japan,Asphalt concrete,OGN
Yola Airport,Nigeria,Asphalt,YOL
Yokangassi Airport,Republic of the Congo,Dirt,NKY
Yiwu Airport,Yiwu,Concrete,YIW
Yirol Airport,South Sudan,Unpaved,n/a
Yinchuan Hedong International Airport,Yinchuan,Concrete,INC
Yevlakh Airport,Azerbaijan,Asphalt,YLV
Yerington Municipal Airport,"Yerington, Nevada",Asphalt,EYR
Yeouido Airport,Seoul,Concrete,none
Yeosu Airport,Yeosu,Asphalt,RSU
Yenişehir Airport,Turkey,Concrete,YEI
Yengema Airport,Yengema,Unpaved,WYE
Yemelyanovo International Airport,Krasnoyarsk,Concrete,KJA
Yellowstone Regional Airport,"Cody, Wyoming",Asphalt,COD
Yellowstone Airport,"West Yellowstone, Montana",Asphalt,WYS
Yei Airport,South Sudan,Unpaved,n/a
Yeager Airport,"Charleston, West Virginia",Asphalt,CRW
Yaviza Airport,Yaviza,Grass,PYV
Yasawa Island Airport,Fiji,Dirt,YAS
Yaoundé Nsimalen International Airport,Yaoundé,Asphalt,NSI
Yantai Penglai International Airport,China,Concrete,YNT
Yantai Laishan Airport,Shandong,Concrete,YNT
Yanji Chaoyangchuan Airport,Yanji,Concrete,YNJ
Yangzhou Taizhou Airport,Yangzhou,concrete,YTY
Yangyang International Airport,Gangneung,Concrete,YNY
Yangon International Airport,Yangon,Asphalt,RGN
Yanbu Airport,Yanbu,Asphalt,YNB
Yampa Valley Airport,"Hayden, Colorado",Asphalt,HDN
Yamoussoukro Airport,Yamoussoukro,Asphalt,ASK
Yambio Airport,Yambio,Unpaved,n/a
Yamaguchi Ube Airport,"Ube, Yamaguchi",Asphalt concrete,UBJ
Yamagata Airport,"Yamagata, Yamagata",Asphalt concrete,GAJ
Yalinga Airport,Yalinga,Grass,AIG
Yakutsk Airport,Yakutsk,Asphalt,YKS
Yakutat Airport,"Yakutat, Alaska",Asphalt,YAK
Yakushima Airport,Japan,Asphalt,KUM
Yakubu Gowon Airport,Nigeria,Asphalt,JOS
Yakima Air Terminal,"Yakima, Washington",Asphalt,YKM
Yakataga Airport,Alaska,Turf,CYT
Yagoua Airport,Yagoua,Grass,GXX
Yacuiba Airport,Yacuíba,Asphalt,BYC
Yélimané Airport,Yélimané,Unpaved,EYL
Xuzhou Guanyin Airport,Jiangsu,Concrete,XUZ
Xishuangbanna Gasa Airport,Jinghong,Concrete,JHG
Xining Caojiabao Airport,China,Asphalt,XNN
Xinguara Municipal Airport,Pará,Dirt,XIG
Xilinhot Airport,Inner Mongolia,Concrete,XIL
Xichang Qingshan Airport,Xichang,Concrete,XIC
Xiamen Gaoqi International Airport,Xiamen,Asphalt,XMN
Xi'an Xiguan Airport,Xi'an,Concrete,SIA
Xi'an Xianyang International Airport,Xi'an,Concrete,XIY
Xangongo Airport,Xangongo,Asphalt,XGN
Wycombe Air Park,High Wycombe,Asphalt,HYC
Wuzhou Changzhoudao Airport,China,Concrete,WUZ
Wuyishan Airport,Nanping,Cement,WUS
Wuhan Tianhe International Airport,Wuhan,Concrete,WUH
Wrangell Airport,"Wrangell, Alaska",Asphalt,WRG
Wotje Airport,Marshall Islands,Turf,WTE
Wotho Airport,Marshall Islands,Turf,WTO
Worland Municipal Airport,"Worland, Wyoming",Asphalt,WRL
Worcester Regional Airport,"Worcester, Massachusetts",Asphalt/grooved,ORH
Woodward Field,"Camden, South Carolina",Asphalt,CDN
Woodbourne Airport,"Blenheim, New Zealand",Bitumen,BHE
Wonsan Kalma International Airport,Wonsan,Asphalt,WOS
Wonopito Airport,Dutch East Indies,Asphalt,LWE
Wonju Airport,Wonju,Concrete,WJU
Woensdrecht Air Base,Netherlands,Concrete/Asphalt,WOE
Wittman Regional Airport,"Oshkosh, Wisconsin",Asphalt,OSH
Witham Field,"Stuart, Florida",Asphalt,SUA
Wirasaba Airport,Dutch East Indies,Grass,PWL
Winton Airport,Australia,Asphalt,WIN
Winter Haven's Gilbert Airport,"Winter Haven, Florida",Asphalt,GIF
Winslow–Lindbergh Regional Airport,"Winslow, Arizona",Asphalt,INW
Winnipeg James Armstrong Richardson International Airport,Manitoba,Asphalt,YWG
Winnemucca Municipal Airport,"Winnemucca, Nevada",Asphalt,WMC
Winkler County Airport,"Wink, Texas",Asphalt,INK
Wings Field,"Philadelphia, Pennsylvania",Asphalt,BBX
Windsor International Airport,"Windsor, Ontario",Asphalt,YQG
Windorah Airport,Australia,Asphalt,WNR
Winchester Regional Airport,"Winchester, Virginia",Asphalt,WGO
Wilson Airport,Nairobi,Asphalt,WIL
Wilmington International Airport,"Wilmington, North Carolina",Asphalt,ILM
Wilmington Airport,"Wilmington, Delaware",Asphalt,ILG
Willows-Glenn County Airport,"Willows, California",Asphalt,WLW
Willow Airport,"Willow, Alaska",Gravel,WOW
Willmar Municipal Airport,"Willmar, Minnesota",Asphalt,ILL
Williston Basin International Airport,North Dakota,Bituminous,XWA
Williamsport Regional Airport,"Williamsport, Pennsylvania",Asphalt,IPT
Williamson County Regional Airport,"Marion, Illinois",Asphalt,MWA
William T. Piper Memorial Airport,"Lock Haven, Pennsylvania",Asphalt,LHV
William R. Fairchild International Airport,"Port Angeles, Washington",Asphalt,CLM
William P. Hobby Airport,Greater Houston,Asphalt,HOU
Will Rogers World Airport,Oklahoma City,Asphalt,OKC
Wilkes County Airport,"North Wilkesboro, North Carolina",Asphalt,IKB
Wilkes-Barre Wyoming Valley Airport,Scranton/Wilkes-Barre metropolitan area,Asphalt,WBW
Wilkes-Barre/Scranton International Airport,"Wilkes-Barre, Pennsylvania",Asphalt,AVP
Wilgrove Air Park,"Charlotte, North Carolina",Asphalt,QWG
Wiley Post Airport,"Oklahoma City, Oklahoma",Asphalt/Concrete,PWA
Wilbarger County Airport,"Vernon, Texas",Asphalt,WIB
Wick Airport,"Wick, Highland",GroovedAsphalt,WIC
Whyalla Airport,Whyalla,Concrete,WYA
Whiteriver Airport,"Whiteriver, Arizona",Asphalt,WTR
Whitegrass Airport,Vanuatu,Asphalt,TAH
Whitecourt Airport,Whitecourt,Asphalt,YZU
White Mountain Airport,"White Mountain, Alaska",Gravel,WMO
Whistler/Green Lake Water Aerodrome,"Whistler, British Columbia",Water,YWS
Wheeling Ohio County Airport,"Wheeling, West Virginia",Asphalt,HLG
Wharton Regional Airport,"Wharton, Texas",Asphalt,WHT
Westsound/WSX Seaplane Base,"West Sound, Washington",Water,WSX
Westover Metropolitan Airport,"Springfield, Massachusetts",Asphalt,CEF
Westfield-Barnes Regional Airport,"Springfield, Massachusetts",Asphalt,BAF
Western Sydney Airport,Western Sydney,Asphalt,SWZ
Western Nebraska Regional Airport,"Scottsbluff, Nebraska",Asphalt,BFF
Westerly State Airport,"Westerly, Rhode Island",Asphalt,WST
Westchester County Airport,"Westchester County, New York",Asphalt,HPN
West Woodward Airport,"Woodward, Oklahoma",Asphalt,WWR
West Point Village Seaplane Base,Alaska,Water,KWP
West Memphis Municipal Airport,"West Memphis, Arkansas",Concrete,AWM
West Houston Airport,"Houston, Texas",Asphalt,IWS
West End Airport,Grand Bahama,n/a,WTD
West Bend Municipal Airport,"West Bend, Wisconsin",Asphalt,ETB
Wenshan Puzhehei Airport,China,Concrete,WNH
Wendover Airport,"Wendover, Utah",Asphalt,ENV
Wellsville Municipal Airport,Wellsville,Asphalt,ELZ
