col0,col1,col2,col3
Wells Municipal Airport,"Wells, Nevada",Asphalt,LWL
Wellington International Airport,New Zealand,Grooved bitumen,WLG
Wekweètì Airport,Canada,Gravel,YFJ
Weihai Dashuibo Airport,Weihai,Concrete,WEH
Weifang Airport,Weifang,Concrete,WEF
Weeze Airport,Duisburg,Concrete/Asphalt,NRN
Weerawila Airport,Hambantota,Asphalt,WRZ
Weedon Field,"Eufaula, Alabama",Asphalt,EUF
Webster City Municipal Airport,"Webster City, Iowa",Concrete,EBS
Waynesville-St. Robert Regional Airport,Missouri,Asphalt,TBN
Wayne County Airport,"Wayne County, Ohio",Asphalt,BJJ
Waycross–Ware County Airport,"Waycross, Georgia",Asphalt,AYS
Wausau Downtown Airport,"Wausau, Wisconsin",Asphalt,AUW
Waukegan National Airport,"Chicago, Illinois",Asphalt,UGN
Wau Airport,South Sudan,Paved,WUU
Watertown Regional Airport,"Watertown, South Dakota",Asphalt,ATY
Watertown International Airport,Watertown,Asphalt,ART
Waterloo Regional Airport,"Waterloo, Iowa",Asphalt,ALO
Waterford Airport,Ireland,Asphalt,WAT
Waterfall Seaplane Base,"Waterfall, Alaska",Water,KWF
Wasilla Airport,"Wasilla, Alaska",Asphalt,WWA
Washington Dulles International Airport,Washington metropolitan area,Concrete,IAD
Warsaw Modlin Airport,Poland,Asphalt,WMI
Warsaw Chopin Airport,Poland,Asphalt,WAW
Warroad International Memorial Airport,"Warroad, Minnesota",Asphalt,RRT
Warri Airport,Warri,Asphalt,QRW
Warren County Memorial Airport,"Warren County, Tennessee",Asphalt,RNC
Wamena Airport,Wamena,Asphalt,WMX
Walvis Bay Airport,Namibia,Asphalt,WVB
Walnut Ridge Regional Airport,"Walnut Ridge, Arkansas",Asphalt,ARG
Walla Walla Regional Airport,"Walla Walla, Washington",Asphalt,ALW
Walker's Cay Airport,Walker's Cay,Gravel,WKR
Wales Airport,"Wales, Alaska",Gravel,WAA
Wajir Airport,Wajir,Asphalt,WJR
Wainwright Airport,"Wainwright, Alaska",Gravel,AIN
Waimea-Kohala Airport,"Kamuela, Hawaii",Asphalt,MUE
Wagga Wagga Airport,New South Wales,Asphalt,WGA
Wadi al-Dawasir Domestic Airport,Wadi al-Dawasir,Asphalt,WAE
Wadi Halfa Airport,Wadi Halfa,Gravel,WHF
Waco Regional Airport,"Waco, Texas",Asphalt,ACT
Waco Kungo Airport,Waku-Kungo,Asphalt,CEO
W. K. Kellogg Airport,"Battle Creek, Michigan",Asphalt,BTL
W. H. 'Bud' Barron Airport,"Dublin, Georgia",Asphalt,DBN
Víctor Lafón Airport,"San Felipe, Chile",Grass,SSD
Værøy Airport,Norway,Asphalt,VRY
Växjö Småland Airport,Växjö,Asphalt,VXO
Václav Havel Airport Prague,Czech Republic,Asphaltic concrete,PRG
Vršac International Airport,Vršac,Asphalt,none
Vryburg Airport,South Africa,Asphalt,VRU
Vršac International Airport,Serbia,Asphalt,none
Voronezh International Airport,Tambov,Concrete,VOZ
Vopnafjörður Airport,Iceland,Asphalt,VPN
Volgograd International Airport,Volgograd,Asphalt,VOG
Voinjama Airport,Voinjama,Unpaved,VOI
Voi Airport,Kenya,Unpaved,n/a
Vohemar Airport,Vohemar,Asphalt,VOH
Vodochody Airport,Prague,Asphaltic concrete,VOD
Vnukovo International Airport,Moscow,Concrete,VKO
Vladivostok International Airport,Vladivostok,Asphalt,VVO
Viñamar Airport,"Casablanca, Chile",Dirt,VAP
Vitória da Conquista Airport,Vitória da Conquista,Asphalt,VDC
Vitebsk Vostochny Airport,Belarus,Concrete,VTB
Vitória da Conquista Airport,Vitória da Conquista,Asphalt,VDC
Vista Field,"Kennewick, Washington",Asphalt,VSK
Visby Airport,Visby,Asphalt,VBY
Visalia Municipal Airport,"Visalia, California",Asphalt,VIS
Visakhapatnam Airport,Visakhapatnam,Asphalt,VTZ
Virginia Tech Montgomery Executive Airport,"Blacksburg, Virginia",Asphalt,BCB
Virginia Highlands Airport,"Abingdon, Virginia",Asphalt,VJI
Virginia Airport,South Africa,Asphalt,VIR
Virgin Gorda Airport,Virgin Gorda,Dirt,VIJ
Virgil I. Grissom Municipal Airport,"Bedford, Indiana",Concrete,BFR
Viracopos International Airport,Campinas,Asphalt,VCP
Virac Airport,"Virac, Catanduanes",Concrete,VRC
Vincenzo Florio Airport Trapani–Birgi,Trapani,Bitumen,TPS
Vilyuysk Airport,Russia,Concrete,VYI
Vilo Acuña Airport,Cuba,Asphalt,CYO
Vilnius Airport,"Vilnius, Lithuania",Asphalt/Concrete,VNO
Albenga Airport,Italy,Asphalt,ALL
Villamor Air Base,Manila,Concrete,MNL
Villa Reynolds Airport,San Luis Province,Asphalt,VME
Villa International Airport,Maldives,Asphalt,VAM
Villa Dolores Airport,Villa Dolores,Asphalt,VDR
Vilhena Airport,Vilhena,Asphalt,BVH
Vilankulo Airport,Vilankulo,Asphalt,VNX
Vijayawada Airport,Vijayawada,Asphalt,VGA
Vigo–Peinador Airport,Spain,Asphalt,VGO
Vienna International Airport,Austria,Asphalt,VIE
Videira Airport,Videira,Asphalt,VIA
Vidalia Regional Airport,"Vidalia, Georgia",Concrete,VDI
Victoria Regional Airport,"Victoria, Texas",Asphalt,VCT
Victoria International Airport,"Victoria, British Columbia",Asphalt,YYJ
Victoria Inner Harbour Airport,"Victoria, British Columbia",Water,YWH
Victoria Falls Airport,"Victoria Falls, Zimbabwe",Asphalt,VFA
Vichy — Charmeil Airport,France,Asphalt,VHY
Vichadero Airport,Vichadero,Asphalt,VCH
Vicenza Airport,Vicenza,Asphalt,VIC
Vicecomodoro Ángel de la Paz Aragonés Airport,Argentina,Asphalt,SDE
Viñamar Airport,"Casablanca, Chile",Dirt,VAP
Vestmannaeyjar Airport,Iceland,Asphalt,VEY
Verona Villafranca Airport,Verona,Bituminous,VRN
Vero Beach Municipal Airport,"Vero Beach, Florida",Asphalt,VRB
Vernal Regional Airport,"Vernal, Utah",Asphalt,VEL
Vermilion Regional Airport,"Danville, Illinois",Asphalt,DNV
Verkhnevilyuysk Airport,Russia,Asphalt,VHV
Venice Municipal Airport,"Venice, Florida",Asphalt,VNC
Venice Marco Polo Airport,Italy,Asphalt,VCE
Venetie Airport,"Venetie, Alaska",Gravel,VEE
Venango Regional Airport,"Franklin, Pennsylvania",Asphalt,FKL
Veer Savarkar International Airport,India,Asphalt,IXZ
Varna Airport,Bulgaria,Asphalt,VAR
Varkaus Airport,Varkaus,Asphalt,VRK
Varginha Airport,Varginha,Asphalt,VAG
"Vardø Airport, Svartnes",Norway,Asphalt,VAW
Vancouver International Airport,Metro Vancouver,Asphalt/Concrete,YVR
Vancouver Harbour Flight Centre,British Columbia,Water,CXH
Van Nuys Airport,California,Asphalt,VNY
Van Ferit Melen Airport,"Van, Turkey",Asphalt,VAN
Valley International Airport,"Harlingen, Texas",Asphalt,HRL
Vallenar Airport,Vallenar,Asphalt,VLR
Valle del Conlara Airport,Santa Rosa de Conlara,CONCRETE,RLO
Valle de la Pascua Airport,Venezuela,Asphalt,VDP
Valle Airport,"Valle, Arizona",Asphalt,VLE
Valjevo Airport,Serbia,Grass,QWV
Valença Airport,"Valença, Bahia",Asphalt,VAL
Valencia Airport,Spain,Asphalt,VLC
Valence-Chabeuil Airport,France,Asphalt,VAF
Valença Airport,"Valença, Bahia",Asphalt,VAL
Valdosta Regional Airport,"Valdosta, Georgia",Asphalt,VLD
Valdez Airport,"Valdez, Alaska",Asphalt,VDZ
Valcheta Airport,Valcheta,GRASS,VCF
Val de Cans International Airport,Belém,Asphalt,BEL
Vahitahi Airport,Tuamotu,Paved,VHZ
Vadsø Airport,Vadsø,Asphalt,VDS
Víctor Lafón Airport,"San Felipe, Chile",Grass,SSD
Værøy Airport,Norway,Asphalt,VRY
Växjö Småland Airport,Växjö,Asphalt,VXO
Václav Havel Airport Prague,Czech Republic,Asphaltic concrete,PRG
Uşak Airport,Uşak,Concrete,USQ
Uzhhorod International Airport,Ukraine,Asphalt,UDJ
Uyuni Airport,Bolivia,Asphalt,UYU
Uytash Airport,Makhachkala,Concrete,МСХ
Utirik Airport,Marshall Islands,Coral gravel,UTK
Utarom Airport,Dutch East Indies,Asphalt,KNG
Ustupu-Ogobsucum Airport,Ustupo,concrete,OGM
Ustupo Airport,Ustupo,concrete,UTU
Ust-Tsilma Airport,Ust-Tsilma,Concrete,UTS
Ust-Nera Airport,Russia,Asphalt,USR
Ust-Maya Airport,Russia,Asphalt,UMS
Ust-Kuyga Airport,Russia,Asphalt,UKG
Ust-Kut Airport,Ust-Kut,Concrete,UKX
Usinsk Airport,Usinsk,Asphalt,USK
Usiminas Airport,Ipatinga,Asphalt,IPN
Urmia Airport,Iran,Asphalt,OMH
Urgench International Airport,Urgench,Asphalt,UGC
Uray Airport,Uray,Concrete,URJ
Upolu Airport,"Hawi, Hawaii",Asphalt,UPP
Upernavik Airport,Greenland,Asphalt,JUV
Upala Airport,Upala,Asphalt,UPL
University of Oklahoma Westheimer Airport,"Norman, Oklahoma",Asphalt,OUN
University of Illinois Willard Airport,"Champaign-Urbana, Illinois",Asphalt,CMI
University Park Airport,"State College, Pennsylvania",Asphalt,SCE
University-Oxford Airport,"Oxford, Mississippi",Asphalt,UOX
Union Island Airport,Union Island,Paved,UNI
Union Glacier Blue-Ice Runway,Union Glacier Camp,Blue Ice,none
Unalaska Airport,"Unalaska, Alaska",Asphalt,DUT
Unalakleet Airport,"Unalakleet, Alaska",Asphalt,UNK
Una-Comandatuba Airport,"Una, Bahia",Asphalt,UNA
