col0,col1,col2,col3
Tanacross Airport,"Tanacross, Alaska",Asphalt,TSG
Tan Tan Airport,Morocco,Asphalt,TTA
Tan Son Nhat International Airport,Vietnam,Concrete,SGN
Tamworth Airport,Australia,Asphalt,TMW
Tampere–Pirkkala Airport,Tampere,Asphalt,TMP
Tampa Padang Airport,Mamuju Regency,Asphalt,MJU
Tampa International Airport,Tampa Bay Area,Asphalt/Concrete,TPA
Tamga Airport,Jeti-Oguz District,Asphalt,none (ТМГ)
Tambov Donskoye Airport,Russia,Concrete,TBW
Tambolaka Airport,Waikabubak,Asphalt,TMC
Tambao Airport,Burkina Faso,Sand,TMQ
Tambacounda Airport,Senegal,Asphalt,TUD
Tallinn Airport,Estonia,Asphalt/Concrete,TLL
Tallahassee International Airport,"Tallahassee, Florida",Asphalt,TLH
Talladega Municipal Airport,"Talladega, Alabama",Asphalt,ASN
Talkeetna Airport,"Talkeetna, Alaska",Asphalt,TKA
Taldykorgan Airport,Taldykorgan,Concrete,TDK
Talas Airport,"Talas, Kyrgyzstan",Asphalt,none (ТЛС)
Talagi Airport,Arkhangelsk,Concrete,ARH
Takotna Airport,"Takotna, Alaska",Gravel,TCT
Takhamalt Airport,Algeria,Asphalt,VVZ
Takengon Rembele Airport,Takengon,Asphalt,TXE
Takaroa Airport,Takaroa,Paved,TKX
Taitung Airport,Taiwan,Asphalt,TTT
Taiping Airport,Malaysia,Tarmac/Grass,TPG
Taipei Songshan Airport,Taipei,Paved,TSA
Taichung Airport,Taichung-Changhua metropolitan area,Concrete,RMQ
Tahoua Airport,Tahoua,Asphalt,THZ
Tagbilaran Airport,Tagbilaran,Asphalt,TAG
Taetan Airport,North Korea,Concrete,N/A
Taechon Airport,North Korea,Asphalt,N/A
Tacuarembó Airport,Tacuarembó,Asphalt,TAW
Tacoma Narrows Airport,"Tacoma, Washington",Asphalt,TIW
Tachilek Airport,Myanmar,Bitumin,THL
Tabuk Regional Airport,"Tabuk, Saudi Arabia",Asphalt,TUU
Tabou Airport,Tabou,Unpaved,TXU
Tabatinga International Airport,Tabatinga,Asphalt,TBT
Tabarka–Aïn Draham International Airport,Tunisia,Asphalt,TBJ
Taba International Airport,Egypt,Asphalt,TCP
Ta’if Regional Airport,Ta’if,Asphalt,TIF
TSTC Waco Airport,"Waco, Texas",Asphalt,CNW
T. F. Green Airport,"Providence, Rhode Island",Asphalt,PVD
Tôlanaro Airport,Tôlanaro,Asphalt,FTU
Târgu Mureș International Airport,Târgu Mureș,Concrete,TGM
Słupsk-Redzikowo Airport,Słupsk,Concrete,OSP
Sélibaby Airport,Mauritania,Macadam,SEY
São Tomé International Airport,São Tomé,Asphalt,TMS
São Raimundo Nonato Airport,São Raimundo Nonato,Asphalt,SRN
São Paulo–Guarulhos International Airport,São Paulo,Asphalt,GRU
São Paulo–Congonhas Airport,São Paulo,Asphalt,CGH
São Paulo de Olivença Airport,São Paulo de Olivença,Concrete,OLC
São Miguel do Oeste Airport,São Miguel do Oeste,Asphalt,SQX
São João del-Rei Airport,São João del Rei,Asphalt,JDR
São José dos Campos Airport,São José dos Campos,Asphalt,SJK
São José do Rio Preto Airport,São José do Rio Preto,Asphalt,SJP
São Jorge Airport,Azores,Asphalt,SJZ
São Gabriel da Cachoeira Airport,São Gabriel da Cachoeira,Asphalt,SJL
São Félix do Xingu Airport,São Félix do Xingu,Asphalt,SXX
São Félix do Araguaia Airport,São Félix do Araguaia,Soil,SXO
São Filipe Airport,"São Filipe, Cape Verde",Asphalt,SFL
São Carlos Airport,São Carlos,Asphalt,QSC
Sywell Aerodrome,Kettering,Concrete,ORM
Syukuran Aminuddin Amir Airport,Luwuk,Asphalt,LUW
Syros Island National Airport,Greece,Asphalt,JSY
Syracuse Hancock International Airport,"Syracuse, New York",Asphalt,SYR
Sylt Airport,Germany,Asphalt,GWT
Syktyvkar Airport,Syktyvkar,Asphalt,SCW
Sydney Airport,Sydney,Asphalt,SYD
Sydney/J.A. Douglas McCurdy Airport,Nova Scotia,Asphalt,YQY
Syangboche Airport,Nepal,unpaved,SYH
Syamsudin Noor Airport,Banjarmasin,Asphalt,BDJ
Swami Vivekananda Airport,Chhattisgarh,Asphalt,RPR
"Svolvær Airport, Helle",Svolvær,Asphalt,SVJ
"Svalbard Airport, Longyear",Norway,Asphalt,LYR
Suzhou Guangfu Airport,Jiangsu,Concrete,SZV
Suvarnabhumi Airport,Bangkok,Asphalt,BKK
Susanville Municipal Airport,"Susanville, California",Asphalt,SVE
Surkhet Airport,Nepal,Asphalt,SKH
Surigao Airport,Surigao City,Concrete,SUG
Surgut International Airport,Surgut,Asphalt,SGC
Surat Airport,Surat,Asphalt,STV
Sur Airport,"Sur, Oman",Dirt,SUH
