col0,col1,col2,col3
Sunshine Coast Airport,"Sunshine Coast, Queensland",Asphalt,MCY
Sunriver Airport,"Sunriver, Oregon",Asphalt,SUO
Sungam Ni Airport,North Korea,Asphalt,N/A
Sunan Shuofang International Airport,Wuxi,Asphalt,WUX
Sumter Airport,"Sumter, South Carolina",Asphalt,SUM
Summit Airport,Alaska,Gravel,UMM
Sumburgh Airport,Shetland,Asphalt,LSI
Sumbe Airport,Sumbe,Asphalt,NDD
Sultan Thaha Airport,Jambi,Asphalt,DJB
Sultan Syarif Kasim II International Airport,Pekanbaru,Asphalt,PKU
Sultan Muhammad Salahudin Airport,Dutch East Indies,Asphalt,BMU
Sultan Muhammad Kaharuddin III Airport,Sumbawa Besar,Asphalt,SWQ
Sultan Mahmud Badaruddin II International Airport,Palembang,Asphalt,PLM
Sultan Mahmud Airport,Malaysia,Asphalt,TGG
Sultan Ismail Petra Airport,Malaysia,Asphalt,KBR
Sultan Iskandar Muda International Airport,Banda Aceh,Asphalt,BTJ
Sultan Hasanuddin International Airport,Makassar,Asphalt,UPG
Sultan Haji Ahmad Shah Airport,Pahang,Asphalt,KUA
Sultan Bantilan Airport,Central Sulawesi,Asphalt,TLI
Sultan Babullah Airport,Ternate,Asphalt,TTE
Sultan Azlan Shah Airport,Malaysia,Asphalt,IPH
Sultan Aji Muhammad Sulaiman Airport,Balikpapan,Asphalt,BPN
Sultan Abdul Halim Airport,Malaysia,Asphalt,AOR
Sultan Abdul Aziz Shah Airport,West Malaysia,Asphalt,SZB
Sulphur Springs Municipal Airport,"Sulphur Springs, Texas",Concrete,SLR
Sullivan County International Airport,"Monticello, New York",Asphalt,MSV
Sullivan County Airport,"Sullivan, Indiana",Asphalt,SIV
Sulaimaniyah International Airport,Iraq,Concrete,ISU
Sukhumi Babushara Airport,Sukhumi,Concrete,SUI
Sukhothai Airport,Thailand,Asphalt,THS
Sugimanuru Airport,"Raha, Indonesia",Asphalt,RAQ
Sugar Land Regional Airport,Greater Houston,Concrete,SGR
Sudbury Airport,Ontario,Asphalt,YSB
Sucúa Airport,Sucúa,Asphalt/Gravel,SUQ
Suceava International Airport,Romania,Asphalt,SCV
Sucúa Airport,Sucúa,Asphalt/Gravel,SUQ
Subic Bay International Airport,Pangasinan,Asphalt,SFS
Suai Airport,East Timor,Bitumen,UAI
Sua Pan Airport,Botswana,Asphalt,SXN
Stykkishólmur Airport,Stykkishólmur,Asphalt,SYK
Stuttgart Municipal Airport,"Stuttgart, Arkansas",Asphalt,SGT
Stuttgart Airport,Germany,Concrete,STR
Stroudsburg–Pocono Airport,"East Stroudsburg, Pennsylvania",Asphalt,ESP
Stroud Municipal Airport,"Stroud, Oklahoma",Asphalt,SUD
Strother Field,"Arkansas City, Kansas",Asphalt,WLD
Stronsay Airport,Stronsay,Graded hardcore,SOY
Strigino International Airport,Nizhny Novgorod,Asphalt,GOJ
Strasbourg Airport,France,Asphalt,SXB
Stralsund–Barth Airport,Germany,Asphalt,BBH
Strahan Airport,"West Coast, Tasmania",Asphalt,SRN
Stornoway Airport,Stornoway,Asphalt,SYY
"Stord Airport, Sørstokken",Norway,Asphalt,SRP
Stony River Airport,"Stony River, Alaska",Gravel/Dirt,SRV
"Stokmarknes Airport, Skagen",Sortland,Asphalt,SKN
Stockton Metropolitan Airport,"Stockton, California",Asphalt,SCK
Stockholm Västerås Airport,Sweden,Asphalt,VST
Stockholm Skavsta Airport,Stockholm,Asphalt,NYO
Stockholm Bromma Airport,Stockholm,Asphalt,BMA
Stockholm Arlanda Airport,Stockholm,Asphalt,ARN
Stinson Municipal Airport,Texas,Asphalt,SSF
Stillwater Regional Airport,Oklahoma,Asphalt,SWO
Stewart International Airport,Hudson Valley,Asphalt,SWF
Stevens Village Airport,"Stevens Village, Alaska",Gravel,SVS
Steung Treng Airport,Cambodia,Asphalt,TNX
Stephenville International Airport,Corner Brook,Asphalt,YJT
Stella Maris Airport,Bahamas,Asphalt,SML
Stebbins Airport,"Stebbins, Alaska",Gravel,WBB
Steamboat Springs Airport,"Steamboat Springs, Colorado",Asphalt,SBS
Stavropol Shpakovskoye Airport,Stavropol,Asphalt,STW
"Stavanger Airport, Sola",Norway,Asphalt,SVG
Statesboro–Bulloch County Airport,"Statesboro, Georgia",Asphalt,TBR
Stara Zagora Airport,Stara Zagora,Asphalt,SZR
Stapleton International Airport,Colorado,Concrete,DEN
Stanton Airfield,"Stanton, Minnesota",Turf,SYN
Staniel Cay Airport,Bahamas,Asphalt,TYM
Stan Stamper Municipal Airport,"Hugo, Oklahoma",Asphalt,HUJ
"St Mary's Airport, Isles of Scilly",Isles of Scilly,Asphalt,ISC
St. Pete–Clearwater International Airport,Tampa Bay Area,Asphalt,PIE
St. Paul Island Airport,"St. Paul Island, Alaska",Asphalt,SNP
St. Paul Downtown Airport,"St. Paul, Minnesota",Asphalt,STP
St. Michael Airport,"St. Michael, Alaska",Gravel,SMK
