col0,col1,col2,col3
A. J. Abdullah,Iraq,1911-1-1,1963-1-1
A. Hafeez,Lahore,1882-1-1,1964-1-1
A. L. Marlatt,United States,1869-03-07,1943-06-23
A. V. Balakrishnan,United States,1922-12-04,2015-03-17
A. T. Hill,Nebraska,1871-11-29,1953-03-21
A. K. Narain,Bihar,1925-5-28,2013-7-10
Ș. Procopiu,Iași,1890-01-19,1972-02-22
Ø. Ore,Norway,1899-10-07,1968-08-13
É. Léger,"Montmorency, Val-d'Oise",1795-08-15,1838-12-15
É. Amagat,France,1841-01-02,1915-02-15
É. Claparède,Geneva,1873-03-24,1940-9-29
