col0,col1,col2,col3,col4,col5
Roman Catholic Diocese of Valparaíso,Roman Catholic Archdiocese of Santiago de Chile,Roman Catholic Archdiocese of Santiago de Chile,Roman Catholic Archdiocese of Santiago de Chile,4600000000,4600000000
Roman Catholic Diocese of Vallo della Lucania,Roman Catholic Archdiocese of Salerno-Campagna-Acerno,Roman Catholic Archdiocese of Salerno-Campagna-Acerno,Roman Catholic Archdiocese of Salerno-Campagna-Acerno,1562000000,1562000000
Roman Catholic Diocese of Valledupar,Roman Catholic Archdiocese of Barranquilla,Roman Catholic Archdiocese of Barranquilla,Roman Catholic Archdiocese of Barranquilla,28780000000,28780000000
Roman Catholic Diocese of Valle de Chalco,Roman Catholic Archdiocese of Tlalnepantla,Roman Catholic Archdiocese of Tlalnepantla,Roman Catholic Archdiocese of Tlalnepantla,1235424328,1235424328
Roman Catholic Diocese of Valença,Roman Catholic Archdiocese of São Sebastião do Rio de Janeiro,Roman Catholic Archdiocese of São Sebastião do Rio de Janeiro,Roman Catholic Archdiocese of São Sebastião do Rio de Janeiro,3996000000,3996000000
Roman Catholic Diocese of Valence,Roman Catholic Archdiocese of Lyon,Roman Catholic Archdiocese of Lyon,Roman Catholic Archdiocese of Lyon,6522000000,6522000000
Roman Catholic Diocese of Valença,Roman Catholic Archdiocese of São Sebastião do Rio de Janeiro,Roman Catholic Archdiocese of São Sebastião do Rio de Janeiro,Roman Catholic Archdiocese of São Sebastião do Rio de Janeiro,3996000000,3996000000
Roman Catholic Diocese of Valdivia,Roman Catholic Archdiocese of Concepción,Roman Catholic Archdiocese of Concepción,Roman Catholic Archdiocese of Concepción,13679000000,13679000000
Roman Catholic Diocese of Vacaria,Roman Catholic Archdiocese of Passo Fundo,Roman Catholic Archdiocese of Passo Fundo,Roman Catholic Archdiocese of Passo Fundo,15932000000,15932000000
Roman Catholic Diocese of Vĩnh Long,Roman Catholic Archdiocese of Ho Chi Minh city,Roman Catholic Archdiocese of Ho Chi Minh city,Roman Catholic Archdiocese of Ho Chi Minh city,6772000000,6772000000
Roman Catholic Diocese of Vélez,Roman Catholic Archdiocese of Bucaramanga,Roman Catholic Archdiocese of Bucaramanga,Roman Catholic Archdiocese of Bucaramanga,4958000000,4958000000
Roman Catholic Diocese of Vác,Roman Catholic Archdiocese of Eger,Roman Catholic Archdiocese of Eger,Roman Catholic Archdiocese of Eger,8800000000,8800000000
Roman Catholic Diocese of Uyo,Roman Catholic Archdiocese of Calabar,Roman Catholic Archdiocese of Calabar,Roman Catholic Archdiocese of Calabar,5969000000,5969000000
Roman Catholic Diocese of Uruguaiana,Roman Catholic Archdiocese of Santa Maria,Roman Catholic Archdiocese of Santa Maria,Roman Catholic Archdiocese of Santa Maria,38795000000,38795000000
Roman Catholic Diocese of Uruaçu,Roman Catholic Archdiocese of Brasília,Roman Catholic Archdiocese of Brasília,Roman Catholic Archdiocese of Brasília,43000000000,43000000000
Roman Catholic Diocese of Uromi,Roman Catholic Archdiocese of Benin City,Roman Catholic Archdiocese of Benin City,Roman Catholic Archdiocese of Benin City,2800000000,2800000000
Roman Catholic Diocese of Urgell,Roman Catholic Archdiocese of Tarragona,Roman Catholic Archdiocese of Tarragona,Roman Catholic Archdiocese of Tarragona,7630000000,7630000000
Roman Catholic Diocese of Urdaneta,Roman Catholic Archdiocese of Lingayen-Dagupan,Roman Catholic Archdiocese of Lingayen-Dagupan,Roman Catholic Archdiocese of Lingayen-Dagupan,1616000000,1616000000
Roman Catholic Diocese of União da Vitória,Roman Catholic Archdiocese of Curitiba,Roman Catholic Archdiocese of Curitiba,Roman Catholic Archdiocese of Curitiba,10009000000,10009000000
Roman Catholic Diocese of Umuarama,Roman Catholic Archdiocese of Maringá,Roman Catholic Archdiocese of Maringá,Roman Catholic Archdiocese of Maringá,13200000000,13200000000
Roman Catholic Diocese of Uijeongbu,Roman Catholic Archdiocese of Seoul,Roman Catholic Archdiocese of Seoul,Roman Catholic Archdiocese of Seoul,2626000000,2626000000
Roman Catholic Diocese of Ugento-Santa Maria di Leuca,Roman Catholic Archdiocese of Lecce,Roman Catholic Archdiocese of Lecce,Roman Catholic Archdiocese of Lecce,475000000,475000000
Roman Catholic Diocese of Udupi,Roman Catholic Archdiocese of Bangalore,Roman Catholic Archdiocese of Bangalore,Roman Catholic Archdiocese of Bangalore,3501000000,3501000000
Roman Catholic Diocese of Udon Thani,Archdiocese of Thare and Nonseng,Archdiocese of Thare and Nonseng,Archdiocese of Thare and Nonseng,50046000000,50046000000
Roman Catholic Diocese of Udaipur,Roman Catholic Archdiocese of Agra,Roman Catholic Archdiocese of Agra,Roman Catholic Archdiocese of Agra,47000000000,47000000000
Roman Catholic Diocese of Ubon Ratchathani,Archdiocese of Thare and Nonseng,Archdiocese of Thare and Nonseng,Archdiocese of Thare and Nonseng,53917000000,53917000000
Roman Catholic Diocese of Uberlândia,Roman Catholic Archdiocese of Uberaba,Roman Catholic Archdiocese of Uberaba,Roman Catholic Archdiocese of Uberaba,13853000000,13853000000
Roman Catholic Diocese of Tuxpan,Roman Catholic Archdiocese of Jalapa,Roman Catholic Archdiocese of Jalapa,Roman Catholic Archdiocese of Jalapa,19005332753,19005332753
Roman Catholic Diocese of Tuticorin,Roman Catholic Archdiocese of Madurai,Roman Catholic Archdiocese of Madurai,Roman Catholic Archdiocese of Madurai,6440000000,6440000000
Roman Catholic Diocese of Tursi-Lagonegro,Roman Catholic Archdiocese of Potenza-Muro Lucano-Marsico Nuovo,Roman Catholic Archdiocese of Potenza-Muro Lucano-Marsico Nuovo,Roman Catholic Archdiocese of Potenza-Muro Lucano-Marsico Nuovo,2509000000,2509000000
Roman Catholic Diocese of Tura,Roman Catholic Archdiocese of Shillong,Roman Catholic Archdiocese of Shillong,Roman Catholic Archdiocese of Shillong,8500000000,8500000000
