col0,col1,col2,col3
Ferrari Pinin,Ferrari 400,Leonardo Fioravanti,1980
Ferrari 348,Ferrari Mondial,Pininfarina,1989
Ferrari 328,Ferrari Mondial,Leonardo Fioravanti,1989
Chrysler Pacifica,Chrysler Voyager,Freeman Thomas,2008
Chrysler PT Cruiser,Dodge Neon,Bryan Nesbitt,2010
Chrysler Crossfire,Mercedes-Benz SLK-Class,Eric Stoddard,2008
Chevrolet Vega,Buick Skyhawk,Bill Mitchell,1977
Chevrolet HHR,Chevrolet Cobalt,Bryan Nesbitt,2011
Chevrolet Adra,Ford Escape,General Motors India Private Limited,2015
Cadillac Series 65,Buick Roadmaster,Harley Earl,1938
Cadillac Series 355,Cadillac V-16,Harley Earl,1935
Cadillac Fleetwood Brougham,Buick Electra,Bill Mitchell,1986
BMW 3 Series,BMW M3,Pinky Lai,1999
Aston Martin DB7,Jaguar XK8,Ian Callum,1998
Apollo,Intermeccanica,Franco Scaglione,1965
Alfa Romeo Spider,Alfa Romeo Giulia,Pininfarina,1994
AMC Hornet,AMC Gremlin,Richard A. Teague,1977
AMC Concord,AMC Gremlin,Richard A. Teague,1983
