col0,col1,col2,col3
Worldspreads,Dublin,66,Special administration
Western National Bank,"Midland, Texas",170,Merged withFrost Bank
Sparisjóður Reykjavíkur og nágrennis,Reykjavík,190,"Government custodianship, assets moved to other state-owned banks"
Snoras,Vilnius,1225,Bankruptcy
PerkStreet,Boston,25,Defunct
Northern Rock,Newcastle upon Tyne,6000,Sold toVirgin Money
MF Global,"New York, New York",3271,Filed forChapter 11 bankruptcy. The brokerage unit is undergoingSIPCliquidation.
Latvijas Krājbanka,Riga,941,In liquidation
Hunter Mutual,New South Wales,29,Merged withNew England Credit Unionon 1/1/2010
Egg Banking,Derby,1100,Assets acquired byBarclaysandYorkshire Building Society
Colonial Bank,"Montgomery, Alabama",10000,"The Alabama State Banking Department declared Colonial Bank insolvent, seized it, and appointed theFDICto become the failed bank's receiver. The FDIC sold Colonial Bank toBB&T."
Citizens Republic Bancorp,Michigan,1977,Merged withFirstMerit Corporation
Caja de Ahorros del Mediterráneo,Alicante,7171,"Acquired byBanco Sabadell, S.A."
Bradford & Bingley,West Yorkshire,2862,"Nationalised due to insolvency. Its deposits were sold toAbbey Nationalplc, which was eventually renamedSantander UKplc. Its mortgages are still held by Bradford & Bingley."
Banka Baltija,Riga,1300,Bankrupt
Bank of Moscow,Moscow,10504,merged
Banco Etcheverría,A Coruña,150,Merged
