col0,col1,col2,col3,col4
Cobra,Shueisha,B. Terasawa,1984-11-12,1978-11-06
Clear,Kadokawa Shoten,Moonstone,2008-05-26,2007-06-26
Clannad,Fujimi Shobo,J. Maeda,2008-08-20,2007-06-21
Chocolate Cosmos,Shueisha,N. Haruta,2008-10-03,2007-08-03
Chihayafuru,Kodansha,Y. Suetsugu,2013-12-13,2007-12-28
Chibisan Date,Gentosha,H. Himaruya,2013-04-26,2009-02-28
Chibi Vampire,Kadokawa Shoten,Y. Kagesaki,2007-05-10,2003-12-10
Chi's Sweet Home,Kodansha,K. Konami,2015-06-23,2004-11-22
Chain of Pearls,Shogakukan,K. Minami,2002-09-26,2002-07-26
Chaika - The Coffin Princess,Kadokawa Shoten,I. Sakaki,2014-12-11,2010-12-18
Cat's Eye,Shueisha,T. Hojo,2014-01-25,2010-10-25
Captain Tsubasa,Shueisha,Y. Takahashi,1988-05-09,1981-04-13
Captain Ken,Shogakukan,O. Tezuka,1961-08-20,1960-12-18
Cactus's Secret,Shueisha,N. Haruta,2005-04-30,2003-12-29
Buso Renkin,Shueisha,N. Watsuki,2005-04-25,2003-06-23
Brave Story,Kadokawa Shoten,M. Miyabe,2001-02-13,1999-11-11
Brave Dan,Shogakukan,O. Tezuka,1962-12-23,1962-07-15
Boys on the Run,Shogakukan,K. Hanazawa,2008-06-30,2005-11-30
Boyfriend,Shogakukan,F. Soryo,1988-04-23,1985-11-26
Book Girl,Kadokawa Shoten,M. Nomura,2011-04-30,2006-04-28
Bokurano: Ours,Shogakukan,M. Kitoh,2008-06-18,2003-11-25
Boku wa Imōto ni Koi o Suru,Shogakukan,K. Aoki,2005-08-26,2003-05-26
Bodacious Space Pirates,Media Factory,T. Satō,2012-12-03,2012-06-02
Bobobo-bo Bo-bobo,Shueisha,Y. Sawai,2005-11-14,2005-12-19
Blue Spring Ride,Shueisha,I. Sakisaka,2015-02-13,2011-01-13
Blue Drop,Akita Shoten,A. Yoshitomi,2005-12-27,2004-06-27
Bleach,Shueisha,T. Kubo,2016-08-22,2001-08-20
Blazer Drive,Kodansha,S. Kishimoto,2010-12-29,2008-04-04
Blank Slate,Hakusensha,A. Kanno,2006-06-19,2005-09-16
Blade of the Immortal,Kodansha,H. Samura,2012-12-25,1993-06-25
Black Lagoon,Shogakukan,G. Urobuchi,2014-01-19,2002-04-19
Black Jack,Akita Shoten,O. Tezuka,1983-10-14,1973-11-19
Black Gate,Enterbrain,Y. Sumiyoshi,2008-05-01,2007-03-01
Black Cat,Shueisha,K. Yabuki,2004-06-14,2000-07-10
Black Bird,Shogakukan,K. Sakurakoji,2013-03-26,2007-01-26
Billy Bat,Kodansha,N. Urasawa,2016-08-18,2008-10-16
Berry Dynamite,Shueisha,A. Nakahara,2010-03-15,2009-05-13
Beelzebub,Shueisha,R. Tamura,2015-03-13,2008-08-11
Beauty is the Beast,Hakusensha,T. Matsumoto,2005-03-05,2003-01-06
Battle Royale,Akita Shoten,K. Takami,2004-05-27,2003-12-21
Battle Club,Shōnen Gahōsha,Y. Shiozaki,2006-03-07,2004-04-28
Battle Angel Alita: Last Order,Shueisha,Y. Kishiro,2014-01-28,2000-11-18
Battle Angel Alita,Shueisha,Y. Kishiro,1995-04-01,1990-12-15
Batman: Child of Dreams,Kodansha,K. Asamiya,2001-11-22,2000-11-22
Barrage,Shueisha,K. Horikoshi,2012-09-10,2012-05-21
Barairo no Ashita,Shueisha,R. Ikuemi,1999-08-15,1997-09-13
Barabanba,Kodansha,G. Nagai,1984-08-09,1983-10-13
Baoh,Shueisha,H. Araki,1985-02-12,1984-10-09
Ballad of a Shinigami,ASCII Media Works,K. Hasegawa,2007-02-10,2003-06-10
