col0,col1,col2,col3
Osgood Gamekeeper's Lodge,T. Boal,1901,24281
Oscar Foss Memorial Library,William M. Butterfield Company,1916,809
Osborne House,A. &. Warner,1855,5260
Orpheum Theater,G. A. Lansburgh,1918,1214
Ormonde,F. Furness,1885,9712
Orleans County Courthouse Historic District,A. J. Warner,1830,60702
Oriental Mills,C. R. Makepeace & Company,1860,13516
Oregon State Forester's Office Building,L. A. Forrest,1938,9307
Oquirrh School,R. K. Kletting,1894,6474
Opus 40,H. Fite,1939,57060
Opa-locka Seaboard Air Line Railway Station,B. E. Muller,1927,6070
Olympus Guard Station,Architects of the U.S. Forest Service,1935,8093
Oliver Wolcott House,O. Wolcott,1753,48562
"Olds, Wortman & King",D. &. Patterson,1910,3723
Oldfields,O. Brothers,1913,129499
Old Wilson Historic District,S. B. Moore,1853,663684
Old Westbury Gardens,G. A. Crawley,1906,404685
Old Westbrook High School,F. A. Tompson,1886,2023
Old Watertown High School,C. Brigham,1913,5099
Old Scripps Building,I. Gill,1909,364
Old Scottish Rite Hospital,N. Reid,1919,19424
Old Post Office,J. K. Taylor,1914,1618
