col0,col1,col2,col3
Edwin M. and Emily S. Johnston House,D. Lyman,1934,1618
Edwin A. Stevens Hall,R. Upjohn,1870,4046
Edwardsville Chapter House,"Helfensteller, Hirsch and Watson",1909,4451
Edward R. Stearns House,A. O. Elzner,1902,33993
Edward King House,R. Upjohn,1845,16187
Edward J. DeHart House,A. E. Doyle,1907,14163
Edward H. Bennett House and Studio,E. H. Bennett,1916,8093
Edward Fenns Whitman House,W. L. Welton,1924,2023
Edward D. Kingsley House,J. K. Parker,1927,809
Edsel and Eleanor Ford House,A. Kahn,1927,354099
Ednam House,D. W. Anderson,1905,10117
Edgar and Lucy Henriques House,T. Gill,1904,2023
Edenton Cotton Mill Historic District,C. R. Makepeace & Company,1899,197891
Eden Park Station No. 7,S. Hannaford,1889,4046
Edemar,C. W. Bates,1910,11331
Eastward,A. Norris,1902,4046
Eastside Park,F. W. Wentworth,1888,1214056
Eastport City Hall,Gridley James Fox Bryant,1847,1214
Eastern State Penitentiary,J. Haviland,1829,44515
Eastern Promenade,O. Brothers,1828,130713
East River Road–North Hickory Canal Bridge,Wayne County Road Commission,1945,3642
East Hill House and Carriage House,Howard Van Doren Shaw,1926,12140
East High Street Historic District,R. H. Robertson,1856,20234
East Clarendon Railroad Station,R. Railroad,1916,2023
East Avenue Tabernacle Associate Reformed Presbyterian Church,J. M. McMichael,1914,2023
Early Winters Ranger Station Work Center,USDA Forest Svce. Architecture Group,1936,40063
Eagle Ranger Station,C. C. Corps,1936,16187
E.O. Grosvenor House,E. E. Myers,1874,10117
Dunbar Apartments,A. J. Thomas,1926,16996
Dumbarton Oaks Park,B. Farrand,1932,109265
Duluth Civic Center Historic District,D. Burnham,1909,42491
Duke Memorial United Methodist Church,G. W. Kramer,1907,12140
Dudley Spencer House,F. L. Wright,1956,27113
Druim Moir Historic District,G. W. & W. D. Hewitt,1886,192225
Druid Hills Historic District,F. L. Olmsted,1893,1011714
Dresden Island Lock and Dam,W. M. Smith,1933,94696
Dred and Ellen Yelverton House,B. &. Klutz,1913,33993
Drayton Mill,"Lockwood, Greene & Co.",1902,64749
Dr. Richard Davis House,F. L. Wright,1955,8093
Dr. Luke A. Port House,W. C. Knighton,1894,16187
Dr. James Rosenfeld House,J. Jacobberger,1929,809
Dr. Herbert S. Nichols House,A. E. Doyle,1908,1214
Dr. Frank B. Kistner House,W. H. Pipes,1930,4046
Doyle Hardware Building,F. H. Gouge,1881,2023
Downtown Wilkesboro Historic District,W. &. Runge,1835,149733
Downtown Paterson,J. M. Carrère,1851,165921
Downtown Main Street Historic District,B. &. Benton,1891,12140
Downtown Grand Forks,B. &. Orth,1872,325367
Downtown Bismarck Historic District,Arthur W. Van Horn,1872,161874
Downtown Athens Historic District,A. Ten Eyck Brown,1833,97124
Dover Church,W. &. Price,1922,1214
Dorothea Dix Psychiatric Center,J. C. Stevens,1896,60702
Dorland Memorial Presbyterian Church,R. S. Smith,1900,1214
Doris,H. M. Co.,1905,4046
Dorchester Park,O. Brothers,1734,115335
Dorchester-Milton Lower Mills Industrial District,"Bradlee, Winslow & Wetherell",1868,20234
Donald and Ruth McGraw House,J. Parker,1932,14163
Dodge Mansion,D. B. Moon,1855,36421
Dock Bridge,J. Waddell,1935,4046
Digman–Zidell House,C. L. Linde,1930,1214
Dickinson State Normal School Campus District,W. F. Kurke,1922,64749
Dey Road Bridge,M. B. Company,1906,4046
Dexter Universalist Church,T. Silloway,1867,4046
Dewey House,D. Adler,1914,3237
Devereaux House,W. Paul,1857,10117
Department Store Historic District,H. H. Richardson,1876,20234
Denkmann-Hauberg House,J. Jensen,1909,40468
Deming School,F. H. Porter,1945,4046
Deke House,W. H. Miller,1893,1618
Deering Oaks,O. Brothers,1879,172841
Deering Memorial United Methodist Church,W. H. Nicklas,1911,809
Decatur House,B. H. Latrobe,1818,4046
Deborah Cook Sayles Public Library,"Cram, Goodhue & Ferguson",1899,4046
Dayton Daily News Building,Pretzinger,1910,1214
Dayton Art Institute,E. B. Green,1930,24281
Day House,F. H. Kimball,1884,8093
Dawson County Courthouse,W. F. Gernandt,1913,8093
Dawes County Courthouse,"John W. Latenser & Sons, Inc.",1935,10117
David S. Creigh House,J. W. Dunn,1834,4046
David Lyman II House,R. G. Russell,1859,8093
David Davis Mansion,A. H. Piquenard,1870,18210
David Adler Estate,D. Adler,1918,44515
Darlington Schoolhouse,D. Newton,1891,13759
Daniel J. Malarkey House,J. Jacobberger,1909,1335
Danforth Memorial Library,H. Bacon,1905,6070
Danes Hall,W. Waters,1894,404
Dalgain,H. R. Warne,1916,8093
D. Wheeler Swift House,S. C. Earle,1879,809
Cylburn Arboretum,G. A. Frederick,1863,837699
Customhouse and Post Office,A. B. Young,1857,1214
Curtis Hall Arboretum,F. L. Olmsted,1937,182108
Cummins School,S. Hannaford,1871,4046
Culpeper National Cemetery,M. C. Meigs,1866,69605
Cuero Commercial Historic District,J. Leffland,1873,84983
Crown King Ranger Station,C. C. Corps,1934,6070
Crown Hill Cemetery,D. Bohlen,1875,1513524
Crotona Park,A. E. II,1934,37716
Croton North Railroad Station,New York Central Railroad,1890,8093
Crocker Art Museum,C. Gwathmey,1871,10117
Crescent Warehouse Historic District,C. &. Kruse,1902,42491
Cragsmoor Historic District,F. Dellenbaugh,19,1464962
Covington County Courthouse and Jail,F. Lockwood,1914,8093
County and City Hall,A. J. Warner & Company,1871,12140
County Road 557–West Branch Escanaba River Bridge,Michigan State Highway Department,1928,4046
Couchwood,D. Rodriguez,1927,68796
Cottrill Opera House,H. &. Lafferty,1902,1214
Cottonwood County Courthouse,O. a. Thori,1904,4046
Cottage Home Historic District,V. &. Bohn,1865,8093
Cos Cob Power Station,W. Electric,1907,24281
Corning Armory,W. Haugaard,1934,25495
Cora F. Cressey,Percy and Small Shipyard,1902,404
Cora Bryant Wheeler House,A. E. Doyle,1923,3318
Copper Creek Guard Station,C. C. Corps,1935,16187
Cooper Avenue Row Historic District,Louis Berger & Co.,1915,2023
Cook County Courthouse,W. J. Chase,1939,8093
Conyers Residential Historic District,N. Reid,1840,343982
Converse Memorial Library,H. Richardson,1885,4046
Conover Building,F. M. Andrews,1900,4046
Connellsville Armory,W. W. Co.,1907,1214
Congressional Cemetery,B. Latrobe,1807,121405
Congregational Church,B. G. Goodhue,1920,4046
Congregation Adath Israel Brith Sholom,M. Brothers,1905,4046
Concrete-Central Elevator,M. E. Co.,1915,12140
Concord Building,W. &. Lewis,1891,404
Community Memorial Hospital,H. &. Mason,1929,7486
Commercial Historic District,C. F. White,1906,4046
Commercial Building,Pretzinger,1908,404
Columbus City Hall,T. Allen,1892,404
Columbia Hotel,F. C. Clark,1910,3642
Colorado Springs City Auditorium,T. MacLaren,1923,4451
Colorado County Courthouse,E. T. Heiner,1890,4046
Colorado Building,W. N. Bowman,1925,4046
Colony's Block,E. Boyden & Son,1870,809
Colonial Theater,B. &. Benton,1932,3237
College Hill West Historic District,J. V. Bennes,1905,287326
College Hill Town Hall,S. Hannaford,1886,10117
College Creek Ranger Station,Architects of the U.S. Forest Service,1935,4856
