col0,col1,col2,col3,col4
Caniapiscau Reservoir,"Caniapiscau, Quebec",4318000000,4850000,535
Candlewood Lake,"Danbury, Connecticut",21933961,96560,130
Canandaigua Lake,Canandaigua,43503706,57936,209
Byglandsfjorden,Byglandsfjord,32790000,87570,203
Budi Lake,"Puerto Saavedra, Chile",56200000,105000,2
Buck Lake,"Buck Lake, Alberta",25400000,32800,881
Brooks Pond,"Spencer, Massachusetts",9064958,6437,202
Brandy Pond,"Naples, Maine",2994673,9977,81
Brabrand Lake,Aarhus,1000000,8000,0
Blue River Reservoir,Unincorporated area,3783810,27358,411
Blue Mountain Lake,"Blue Mountain Lake, New York",5179976,13679,545
Beaver Lake,"Eureka Springs, Arkansas",128285348,777313,341
Bear Lake,"Garden City, Utah",282308704,77248,1805
Bayles Lake,"Loda, Illinois",959104,15996,227
Baskatong Reservoir,"Grand-Remous, Quebec",413000000,2800000,207
Balch Pond,"Acton, Maine",2335036,16254,168
Arcadia Lake,Oklahoma,7365278,41842,296
Antholzer See,Rasen-Antholz,433000,2700,1642
Antelope Reservoir,"Jordan Valley, Oregon",13293923,27358,1316
Albysjön,Botkyrka,1180000,6470,0
Åraksfjorden,Åraksbø,11960000,45220,203
Ältasjön,Nacka,730000,5350,23
