col0,col1,col2,col3
Gödöllő,317,28,58360000
Montreal,233,514 and 438,365130000
"Gros-Mécatina, Quebec",59,418 and 581,804800000
Perth-Andover,183,506,8890000
"Beresford, New Brunswick",10,506,19200000
"Yarmouth, Nova Scotia",43,902&782,10560000
Wolfville,92,902,6450000
"Springhill, Nova Scotia",183,902,11150000
Sherbrooke,378,819,353490000
"Shelburne, Nova Scotia",6,902&782,9000000
"Saint John, New Brunswick",80,506,315820000
"Rama, Saskatchewan",563,306 / 639,652677
Montreal,233,514 and 438,365130000
"Miramichi, New Brunswick",31,506,179840000
Inuvik,68,867,62480000
Ulukhaktok,36,867,124450000
"Hamilton, Ontario",324,"226,289,519and905",1117110000
"Halifax, Nova Scotia",241,"902,782",5490180000
"Gros-Mécatina, Quebec",59,418 and 581,804800000
"Durham, Ontario",400,519 and 226,4620000
"Cow Bay, Nova Scotia",42,902,5780000
Cape Dorset,243,867,9740000
"Caledon, Ontario",485,"905,519",688150000
Seattle,158,206,217200000
"Portland, Oregon",362,503 and 971,344468418
Montana,3903,406Entire State,376977949435
"Siskiyou County, California",4316,530,16259945356
"Humboldt County, California",2121,"707,530",9241077577
"Del Norte County, California",1955,"707,541",2605528038
New Mexico,4013,"505,575",314590000000
"Colorado Springs, Colorado",4300,719,503900000
"Yolo County, California",951,"530,916",2628837931
"Ventura County, California",2692,"805,747/818",4773348087
"Vacaville, California",91,707,73485000
"Tulare County, California",4419,559,12494102644
"Stanislaus County, California",1160,209,3872032224
"Sonoma County, California",1366,707,4081821261
"Solano County, California",860,707,2128970226
"Santa Cruz County, California",985,831,1152544709
"Santa Clara County, California",1285,"408/669,650",3341084662
"Santa Barbara County, California",2073,805,7083617481
"San Mateo County, California",793,"415/628,650",1160314673
"San Jose, California",647,408/669,457200241
San Francisco,284,415/628,121392742
San Francisco,284,415/628,121392742
"San Diego County, California",1992,"442/760,619,858, and949",10896079980
San Diego,484,"619,858",842230000
"San Bernardino County, California",3506,"442/760,909",51947391529
"San Benito County, California",1598,831,3597493485
"Placer County, California",2756,"530,916",3644113271
"Orange County, California",1734,"562,657/714,949",2069400500
"Newbury Park, California",861,805,53094756
"Nevada County, California",2789,530,2481208609
"Napa County, California",1281,707,1937311106
"Monterey County, California",1787,"805,831",8497750990
"Mono County, California",4344,442 and 760,7896873748
"Merced County, California",1158,209,5011626993
"Mendocino County, California",2120,707,9080498314
"Marin County, California",784,"415,707(TomalesandDillon Beachonly)",1346793817
"Los Angeles County, California",3068,"213,310/424,323,562,626,661,747/818,909",10510171751
Los Angeles,1546,"213,310/424,562,323,661,747/818",1214000000
"Lake County, California",2151,707,3253025066
"Kern County, California",2668,661,21061783313
"Inyo County, California",4421,442/760,26368668951
"Imperial County, California",1387,442/760,10818380336
"Glenn County, California",2271,530,3403244376
"Fresno County, California",4342,559,15431149161
"El Dorado County, California",3318,530,4423699692
"Contra Costa County, California",1174,"510,925",1854431487
"Colusa County, California",2151,530,2981076314
California,4421,209 213 310 323 408 415 510 530 559 562 619 626 650 661 707 714 760 805 818 831 858 909 916 925 949,403932000000
"Butte County, California",2171,530,4237220548
"Amador County, California",2869,209,1541042925
"Alpine County, California",3494,"209,530",1911411225
"Alameda County, California",1171,"510,925",1914001213
Pittsburgh,417,"412,724,878",143744340
"Allentown, Pennsylvania",134,"610,484",45900000
The Bronx,85,"347, 718, 929,917",108779500
"Quincy, Massachusetts",157,617 and 857,43500000
"Provincetown, Massachusetts",30,508Exchange: 487,25122884
"Lake County, Indiana",244,219,1292145068
"Cook County, Illinois",289,"224/847,312/872,773/872,708",2447538764
Chicago,204,312/872and773/872,588704297
"Waterbury, Connecticut",249,203,73900000
"Auburn, Alabama",258,334,139100000
"Mayagüez, Puerto Rico",480,"787,939",201070000
"Mayagüez, Puerto Rico",480,"787,939",201070000
St. Louis,187,314,160320264
"Mount Airy, Maryland",259,240 and 301,10670000
"Port St. Joe, Florida",2,850,8546960
"North Miami, Florida",12,"305,786",21900000
Miami,12,"305,786",92410775
"Washington, D.C.",124,202,158118774
"Washington, D.C.",124,202,158118774
"El Dorado, Arkansas",81,870,42100000
Galápagos Province,1710,(0)5,8010000000
Brno,425,(+420) 542,225730000
Gödöllő,317,28,58360000
Anshan,1141,412,8563000000
Changdao County,202,535,56000000
"Taizhou, Zhejiang",1382,576,9411000000
Ko Lan,180,38,5600000
Bakrani,51,74,3000000
"Yolo County, California",951,"530,916",2628837931
"Yarmouth, Nova Scotia",43,902&782,10560000
Wolfville,92,902,6450000
"Waterbury, Connecticut",249,203,73900000
"Washington, D.C.",124,202,158118774
"Ventura County, California",2692,"805,747/818",4773348087
"Vacaville, California",91,707,73485000
Ulukhaktok,36,867,124450000
"Tulare County, California",4419,559,12494102644
Thunder Bay District,640,807,103719510000
The Bronx,85,"347, 718, 929,917",108779500
"Taizhou, Zhejiang",1382,576,9411000000
"Stanislaus County, California",1160,209,3872032224
St. Louis,187,314,160320264
"Springhill, Nova Scotia",183,902,11150000
"Sonoma County, California",1366,707,4081821261
"Solano County, California",860,707,2128970226
"Siskiyou County, California",4316,530,16259945356
Sherbrooke,378,819,353490000
"Shelburne, Nova Scotia",6,902&782,9000000
Seattle,158,206,217200000
"Santa Cruz County, California",985,831,1152544709
"Santa Clara County, California",1285,"408/669,650",3341084662
"Santa Barbara County, California",2073,805,7083617481
"San Mateo County, California",793,"415/628,650",1160314673
"San Jose, California",647,408/669,457200241
San Francisco,284,415/628,121392742
"San Diego County, California",1992,"442/760,619,858, and949",10896079980
San Diego,484,"619,858",842230000
"San Bernardino County, California",3506,"442/760,909",51947391529
"San Benito County, California",1598,831,3597493485
"Saint John, New Brunswick",80,506,315820000
"Rama, Saskatchewan",563,306 / 639,652677
"Quincy, Massachusetts",157,617 and 857,43500000
"Provincetown, Massachusetts",30,508Exchange: 487,25122884
"Portland, Oregon",362,503 and 971,344468418
"Port St. Joe, Florida",2,850,8546960
