"Event","2007â\u0080\u009308","2008â\u0080\u009309","2009â\u0080\u009310","2010â\u0080\u009311","2011â\u0080\u009312","2012â\u0080\u009313","2013â\u0080\u009314","2014â\u0080\u009315"
"Autumn Gold","Q","DNP","DNP","Q","DNP","DNP","DNP","DNP"
"Masters","N\/A","N\/A","N\/A","N\/A","N\/A","Q","DNP","Q"
"Colonial Square","N\/A","N\/A","N\/A","N\/A","N\/A","DNP","SF","Q"
"Canadian Open","N\/A","N\/A","N\/A","N\/A","N\/A","N\/A","N\/A","Q"
"Players'","DNP","DNP","DNP","DNP","DNP","DNP","DNP",""

