"Year","Program","Role","Notes"
"1974","Marcus Welby, M.D.","Chris Bakewell","Season 5 Episode 17: \"Each Day a Miracle\""
"1974","Ironside","David Cutter","Season 7 Episode 21: \"Come Eleven, Come Twelve\""
"1974","The Family Kovack","Butch Kovack","TV movie"
"1975","Kojak","Leon","Season 2 Episode 24: \"I Want To Report A Dream\""
"1975","The Streets of San Francisco","Archie Kimbro","Season 4 Episode 13: \"Spooks For Sale\""
"1976","S.W.A.T.","Edward Stillman","Season 2 Episode 22: \"Any Second Now\""
"1976","Once an Eagle","Reb Rayburne","TV miniseries"
"1976â\u0080\u00931978","Ryan's Hope","Frank Ryan #2","Daytime Emmy nomination"
"1976â\u0080\u00931980","Barnaby Jones","(Various)","Recurring"
"1977","The Streets of San Francisco","Ron Maguire","Season 5 Episode 13: \"The Cannibals\""
"1978","The Eddie Capra Mysteries","Greg Chandler","Season 1 Episode 4: \"Murder on the Flip Side\""
"1979","From Here to Eternity","Sergeant Maylon Stark","TV miniseries"
"1980","Vega$","Derek Razzio","Recurring"
"1985","Not My Kid","Doctor Royce","TV movie"
"1985","The Atlanta Child Murders","Jack Mallard","Television miniseries"
"1986","The New Twilight Zone","John F. Kennedy","Episode #20-1 \"Profile in Silver\""
"1987","The New Twilight Zone","Mr. Williams","Episode #33-3 \"Private Channel\""
"1988","Liberace","Liberace","Made-for-television film"
"1991","Matlock","Frank Hayes","Season 6 Episode 9 \"The Defense\""
"1992","Law & Order","Phillip Mariietta","Season 3 Episode 10 \"Consultation\""
"1993","Murder, She Wrote","Ambrosse","Season 10 Episode 205 \"A Killing in Cork\""
"1993","Walker, Texas Ranger","Leo Cabe","Season 1 Episode 3 \"A Shadow in the Night\"[16]"
"1993â\u0080\u00931999","Star Trek: Deep Space Nine","Garak","Recurring"
"1994","M.A.N.T.I.S.","Solomon Box","Recurring"
"1994","Wings","Michael Foster","Season 7, Episode 4 \"The Person Formerly Known as Lowell Mather\""
"1999, 2004","JAG","Admiral Thomas Kly","Recurring"
"1997â\u0080\u00931998","Star Trek: Voyager","","Directed two episodes"
"1999","The X-Files","Dr. Ian Detweiler","Season 6, Episode 16 \"Alpha\""
"1999â\u0080\u00932005","Judging Amy","Daniel McGill","Directed seven episodes"
"2002","Presidio Med","Jesse","Recurring"
"2004","Without a Trace","Carl Monroe","Season 3, Episode 4 \"Upstairs Downstairs\""

