"Year","Song","Peak chart positions","Album"
"Year","Song","Christian","Album","US Gospel","R&B"
"1984","Up Where We Belong","27","â\u0080\u0094","â\u0080\u0094","Lord Lift Us Up"
"1987","I.O.U. Me","2","â\u0080\u0094","â\u0080\u0094","BeBe & CeCe Winans"
"1987","Love Said Not So","11","â\u0080\u0094","â\u0080\u0094","BeBe & CeCe Winans"
"1988","Change Your Nature","8","â\u0080\u0094","â\u0080\u0094","BeBe & CeCe Winans"
"1989","Heaven","3","â\u0080\u0094","12","Heaven"
"1989","Celebrate New Life","4","â\u0080\u0094","â\u0080\u0094","Heaven"
"1989","Lost Without You","1","â\u0080\u0094","8","Heaven"
"1990","Meantime","15","â\u0080\u0094","â\u0080\u0094","Heaven"
"1990","You","24","â\u0080\u0094","â\u0080\u0094","Heaven"
"1991","Addictive Love","1","â\u0080\u0094","1","Different Lifestyles"
"1991","I'll Take You There (feat. Mavis Staples)","1","â\u0080\u0094","1","Different Lifestyles"
"1991","It's O.K.","7","â\u0080\u0094","6","Different Lifestyles"
"1992","The Blood (with MC Hammer)","8","â\u0080\u0094","â\u0080\u0094","Different Lifestyles"
"1992","Depend On You","2","â\u0080\u0094","â\u0080\u0094","Different Lifestyles"
"1993","Canâ\u0080\u0099t Take This Away","13","â\u0080\u0094","â\u0080\u0094","Different Lifestyles"
"1993","Jingle Bells","â\u0080\u0094","â\u0080\u0094","â\u0080\u0094","First Christmas"
"1994","If Anything Ever Happened To You","16","â\u0080\u0094","â\u0080\u0094","Relationships"
"1994","Love Of My Life","â\u0080\u0094","â\u0080\u0094","35","Relationships"
"1995","Count It All Joy","7","â\u0080\u0094","â\u0080\u0094","Relationships"
"1995","Stay With Me","â\u0080\u0094","â\u0080\u0094","62","Relationships"
"2009","Close To You","â\u0080\u0094","1","21","Still"
"2009","Grace","â\u0080\u0094","5","â\u0080\u0094","Still"
"2010","Found Love (Cindy's Song)","â\u0080\u0094","11","â\u0080\u0094","Still"

