"Name","Location","Opened","Closed","Notes"
"Gates Avenue","Broadway and Gates Avenue","May 13, 1885[1]","present","connection to Broadway Elevated trains and Broadway Line, Greene and Gates Avenues Line, and Ralph Avenue Line streetcars"
"Halsey Street","Broadway and Halsey Street","August 19, 1885[2]","present","connection to Broadway Line and Putnam Avenue Line streetcars"
"Chauncey Street","Broadway and Chauncey Street","July 18, 1885[3]","present","connection to Broadway Line and Wilson Avenue Line streetcars"
"Manhattan Beach Crossing","Broadway and LIRR Manhattan Beach Division","June 14, 1885[4]","present","connection to the BMT Canarsie Line and IND Fulton Street Line (present day A C L trains)."
"Alabama Avenue","Broadway, Fulton Street, and Alabama Avenue","September 5, 1885[5]","present",""
"Van Siclen Avenue","Fulton Street and Van Siclen Avenue","December 3, 1885[8]","present",""
"Cleveland Street","Fulton Street and Cleveland Street","May 30, 1893[30]","present",""
"Norwood Avenue","Fulton Street and Norwood Avenue","May 30, 1893[30]","present",""
"Crescent Street","Fulton Street and Crescent Street","May 30, 1893[30]","present",""
"Cypress Hills","Crescent Street and Jamaica Avenue","May 30, 1893[30]","present",""

