"National variant","Board size (in squares)","Pieces per side","Double-corner or light square on player's near-right?","First move","Capture constraints","Notes"
"International draughts (or Polish draughts)","10Ã\u009710","20","yes","White","A sequence must capture the maximum possible number of pieces.","Pieces only promote when they land on the final rank, not when they pass through it. It is mainly played in the Netherlands, Suriname, France, Belgium, some eastern European countries, some parts of Africa, some parts of the former USSR, and other European countries"
"Ghanaian draughts (damii)","10Ã\u009710","20","no[5]","White","Any sequence may be chosen, as long as all possible captures are made. Accidentally passing up a king's capture opportunity leads to forfeiture of the king.","Played in Ghana. You lose if you are left with a single piece (man or king)."
"Frisian draughts","10Ã\u009710","20","yes","White","A sequence of capture must give the maximum \"value\" to the capture, and a king (called a wolf) has a value of less than two men but more than one man. If a sequence with a capturing wolf and a sequence with a capturing man have the same value, the wolf must capture. The main difference with the other games is that the captures can be made diagonally, but also straight forward and sideways.","Played in Friesland (Dutch province)."
"Canadian checkers","12Ã\u009712","30","yes","White","A sequence must capture the maximum possible number of pieces.","International rules on a 12Ã\u009712 board. Played mainly in Canada."
"Brazilian draughts or derecha","8Ã\u00978","12","yes","White","A sequence must capture the maximum possible number of pieces.","Played in Brazil. The rules come from international draughts, but board size and number of pieces come from English draughts. In the Philippines, it is known as \"derecha\" and is played on a mirrored board, often replaced by a crossed lined board (only diagonals are represented)."
"Pool checkers","8Ã\u00978","12","yes","Black","Any sequence may be chosen, as long as all possible captures are made.","Also called Spanish Pool Checkers. It is mainly played in the southeastern United States; traditional among African American players. A man reaching the kings row is promoted only if he does not have additional backwards jumps (as in international draughts).[2][3] In many games at the end one adversary has three kings while the other one has just one king. In such a case the first adversary must win in thirteen moves or the game is declared a draw."
"Jamaican Draught\/checkers","8Ã\u00978","12","yes","Black","Any sequence may be chosen, as long as all possible captures are made.","similarly to Pool Checkers with the exception of the main dioginal on the right instead of the left. A man reaching the kings row is promoted only if he does not have additional backwards jumps (as in international draughts). In many games at the end one adversary has three kings while the other one has just one king. In such a case the first adversary must win in thirteen moves or the game is declared a draw."
"Russian draughts","8Ã\u00978","12","yes","White","Any sequence may be chosen, as long as all possible captures are made.","Also called shashki or Russian shashki checkers. It is mainly played in countries the former USSR and in Israel. Rules of the game are similar to international draught. Differences: If a man touches the kings row during a jump, and it can continue to jump backwards, it jumps backwards as a king, not as a man. Not necessarily to beat the maximum possible number of pieces. Also exist the 10Ã\u00978 board variant (2 additional columns, labelled 'i' and 'k') and the give-away variant poddavki. There are official championships for shashki and its variants."

