"Game","Description"
"Goaltimate","a half-court flying disc game derived from ultimate, similar to Hot Box"
"Hot box","a non-contact team sport which is similar to Ultimate, but played on a smaller field and with fewer players"
"Mini ultimate","a high energy, predominantly urban sport played on a smaller field than ultimate"
"Schtick disc","an Ultimate variant played with two discs where running with the disc is allowed[9]"
"Kan-jam","is a flying disc game, played with a flying disc and two cans in which you deflect the disc into the can."

