"Season","Clubs"
"2004â\u0080\u009305","Torquay United, Wrexham, Peterborough United, Stockport County"
"2005â\u0080\u009306","Hartlepool United, Milton Keynes Dons, Swindon Town, Walsall"
"2006â\u0080\u009307","Chesterfield, Bradford City, Rotherham United, Brentford"
"2007â\u0080\u009308","Bournemouth, Gillingham, Port Vale, Luton Town"
"2008â\u0080\u009309","Northampton Town, Crewe Alexandra, Cheltenham Town, Hereford United"
"2009â\u0080\u009310","Gillingham, Wycombe Wanderers, Southend United, Stockport County"
"2010â\u0080\u009311","Dagenham and Redbridge, Bristol Rovers, Plymouth Argyle, Swindon Town"
"2011â\u0080\u009312","Wycombe Wanderers, Chesterfield, Exeter City, Rochdale"
"2012â\u0080\u009313","Scunthorpe United, Bury, Hartlepool United, Portsmouth"
"2013â\u0080\u009314","Stevenage, Shrewsbury Town, Carlisle United, Tranmere Rovers"
"2014â\u0080\u009315","Crawley Town, Leyton Orient, Yeovil Town, Notts County"

