"Year","Title","Copyright holder","Cast","Genre","Reference"
"2015","The Producers","KBS","Kim Soo-hyun, Cha Tae-hyun, Gong Hyo-jin, IU","Romance, Comedy","[25]"
"2016","My Secret Hotel","tvN","Yoo In-na, Jin Yi-han, Namgung Min","Romance, Comedy, Mystery","[26]"
"2016","Healer","KBS","Ji Chang-wook, Park Min-young, Yoo Ji-tae","Thriller, Drama, Romance","[27]"
"2016","Temptation","SBS","Kwon Sang-woo, Choi Ji-woo, Lee Jung-jin, Park Ha-sun","Romance, Melodrama","[28]"
"2016","You're The Best","KBS","IU, Jo Jung-suk, Yoo In-na","Romance, Drama, Comedy","[29]"
"TBA","Medical Top Team","MBC","Kwon Sang-woo, Jung Ryeo-won, Ju Ji-hoon","Medical drama, Romance","[30]"

