"International appearances and goals"
"#","Date","Venue","Opponent","Result","Goal","Competition"
"2003"
"","October 11","Paju NFC, Paju","Hong Kong","10â\u0080\u00930","0","2004 AFC U-17 Championship qualification"
"","October 15","Paju NFC, Paju","Guam","18â\u0080\u00930","0","2004 AFC U-17 Championship qualification"
"2004"
"","July 25","Luneng Football Academy, Weifang","China PR","0â\u0080\u00931","0","Friendly"
"","July 27","Luneng Football Academy, Weifang","China PR","2â\u0080\u00933","0","Friendly"
"","September 6","J-Village, Fukushima","Laos","8â\u0080\u00930","0","2004 AFC U-17 Championship"
"","September 8","J-Village, Fukushima","Vietnam","1â\u0080\u00930","0","2004 AFC U-17 Championship"
"","September 12","Fujieda Football Stadium, Shizuoka","North Korea","0â\u0080\u00931","0","2004 AFC U-17 Championship"
"2009"
"1","October 14","Seoul World Cup Stadium, Seoul","Senegal","2â\u0080\u00930","0","Friendly"

