"Year","Album details"
"1995","Box Released: 28 February 1995 Label: Scat Records (#40) Format: 6 LPs, 5 CDs"
"2000","Suitcase: Failed Experiments and Trashed Aircraft Released: 17 October 2000 Label: Fading Captain Series (#6) Format: 4 CDs"
"2003","Hardcore UFOs: Revelations, Epiphanies and Fast Food in the Western Hemisphere Released: 4 November 2003 Label: Matador Records (OLE 550) Format: 5 CDs + 1 DVD"
"2005","Suitcase 2: American Superdream Wow Released: 4 October 2005 Label: Fading Captain Series (#37) Format: 4 CDs"
"2009","Suitcase 3: Up We Go Now Released November 3, 2009 Label: Guided By Voices Inc. (GBVI-8) Format: 4 CDs"
"2015","Suitcase 4: Captain Kangaroo Won the War Released November 20, 2015 Label: Guided By Voices Inc. (GBVI-65) Format: 4 CDs"

