"Ward","Communities (Parishes)","Other geographic areas"
"Aberdovey","Aberdovey* Pennal*",""
"Barmouth","Barmouth (Town)*",""
"Bala","Bala (Town)*",""
"Bowydd and Rhiw","Ffestiniog* (Bowydd and Rhiw and Tanygrisiau wards)",""
"Brithdir and Llanfachreth\/Y Ganllwyd\/Llanelltyd","Brithdir and Llanfachreth Ganllwyd* Llanelltyd",""
"Corris\/Mawddwy","Corris* Mawddwy*",""
"Diffwys and Maenofferen","Ffestiniog* (Diffwys and Maenofferen ward)",""
"Dolgellau (North)","Dolgellau (town)* (Northern and Rural wards)",""
"Dolgellau (South)","Dolgellau (town)* (Southern ward)",""
"Dyffryn Ardudwy","Dyffryn Ardudwy*",""
"Harlech and Talsarnau","Harlech* Talsarnau*",""
"Llanbedr","Llanbedr* Llanfair*",""
"Llandderfel","Llandderfel* Llanycil*",""
"Llangelynnin","Arthog* Llanegryn Llangelynin",""
"Llanuwchllyn","Llanuwchllyn* Llangywer",""
"Bryncrug \/ Llanfihangel","Bryn-crug* Llanfihangel-y-Pennant",""
"Penrhyndeudraeth","Llanfrothen* Penrhyndeudraeth*",""
"Teigl","Ffestiniog* (Conglywal and Cynfal and Teigl wards)",""
"Trawsfynydd","Maentwrog* Trawsfynydd*",""
"Tywyn","Tywyn*",""

