"Year","Host city","","","","Total"
"1951","Buenos Aires","did not participate"
"1955","Mexico City","did not participate"
"1959","Chicago","did not participate"
"1963","SÃ£o Paulo","did not participate"
"1967","Winnipeg","did not participate"
"1971","Cali","did not participate"
"1975","Mexico City","0","0","0","0"
"1979","San Juan","0","0","0","0"
"1983","Caracas","0","0","0","0"
"1987","Indianapolis","0","0","0","0"
"1991","Havana","0","0","0","0"
"1995","Mar del Plata","0","0","2","2"
"1999","Winnipeg","0","1","0","1"
"2003","Santo Domingo","0","0","1","1"
"2007","Rio de Janeiro","0","0","1","1"
"2011","Guadalajara","0","0","0","0"
"2015","Toronto","0","1","0","1"
"Total","0","2","4","6"

