"Year","Winner","Jockey","Trainer","Owner","Time"
"2015","Spanish Queen","Brice Blanc","Richard Baltas","Nakkashian\/Bederian\/Kamberian","1:47.24"
"2014","Nashoba's Gold","Joe Talamo","Carla Gaines","Warren B. Williamson","1:48.61"
"2013","Sarach","Martin Garcia","Richard E. Mandella","Wertheimer & Frere","1:48.73"
"2012","My Gi Gi","Rafael Bejarano","Peter Eurton","Conner\/DeBruycker\/Jacobsen","1:49.22"
"2011","Sarah's Secret","Rafael Bejarano","Kathy Walsh","Joan Hadley Thoroughbreds\/Kirkwoods","1:50.04"
"2010","Evening Jewel","Victor Espinoza","James M. Cassidy","Braly Family Trust","1:48.87"
"2009","Well Monied","Joel Rosario","Howard L. Zucker","Carl T. Grether","1:48.35"
"2008","Misty Ocean","Joel Rosario","Jerry Hollendorfer","Jim Plemmons","1:47.56"
"2007","Valbenny","Alex Solis","Paddy Gallagher","A racing partnership","1:48.17"
"2006","Attima","Victor Espinoza","Julio C. Canani","Fanticola\/Scardino","1:47.36"
"2005","Three Degrees","Gary Stevens","Paddy Gallagher","Harlequin Ranches et al.","1:46.84"
"2004","Lovely Rafaela","Victor Espinoza","Paulo Lobo","TNT Stud","1:49.96"
"2003","Quero Quero","Tyler Baze","Paulo Lobo","Old Friends Inc.","1:49.34"
"2002","Megahertz","Pat Valenzuela","Robert J. Frankel","Michael Bello","1:51.97"
"2001","Innit","Chris McCarron","Ron McAnally","Richard Duchossois","2:01.28"
"2000","Clasy Cara","Iggy Puglisi","Douglas F. O'Neill","D. Stathatos\/J. Zamora","1:48.05"
"1999","Sweet Ludy","Gary Stevens","Jenine Sahadi","Team Valor","1:48.05"
"1998","Country Garden","Kent Desormeaux","Walter Greenman","Ed McGrath","1:48.74"
"1997","Famous Digger","Brice Blanc","Barry Abrams","Let It Ride Stable","1:47.68"

