"Year","Coach of the Year","Sport","President of the Year","Sport"
"1985","GyÃ¶rgy Mezey","football","-","-"
"1986","TamÃ¡s SzÃ©chy","swimming","-","-"
"1987","TamÃ¡s SzÃ©chy","swimming","-","-"
"1988","TamÃ¡s SzÃ©chy","swimming","-","-"
"1989","Ferenc TÃ¶rÃ¶k","modern pentathlon","-","-"
"1990","TamÃ¡s SzÃ©chy","swimming","-","-"
"1991","LÃ¡szlÃ³ Kiss","swimming","-","-"
"1992","LÃ¡szlÃ³ Kiss","swimming","-","-"
"1993","LÃ¡szlÃ³ Kiss","swimming","-","-"
"1994","TamÃ¡s SzÃ©chy","swimming","-","-"
"1995","RÃ³bert Ludasi","canoe racing","Vilmos Vajda","canoe racing (MKKSZ)"
"1996","LÃ¡szlÃ³ Kiss","swimming","TamÃ¡s SzÃ©chy","swimming (MÃ\u009ASZ)"
"1997","LÃ¡szlÃ³ Kiss","swimming","Imre SzÃ¡ntÃ³","boxing (MÃ\u0096SZ)"
"1998","PÃ¡l NÃ©meth","athletics","ZoltÃ¡n Angyal","canoe racing"
"1999","LÃ¡szlÃ³ Kiss","swimming","DÃ©nes KemÃ©ny","Men's water polo"
"2000","NÃ¡ndor SÃ¡ri","kayak racing","DÃ©nes KemÃ©ny","Men's water polo"
"2001","Katalin RozsnyÃ³i","canoe racing","ZoltÃ¡n Angyal","canoe racing (MKKSZ)"
"2002","Katalin RozsnyÃ³i","canoe racing","ZoltÃ¡n Angyal","canoe racing (MKKSZ)"
"2003","Katalin RozsnyÃ³i","canoe racing","DÃ©nes KemÃ©ny","Men's water polo"
"2004","Katalin RozsnyÃ³i","canoe racing","DÃ©nes KemÃ©ny","Men's water polo"
"2005","Katalin RozsnyÃ³i","canoe racing","TamÃ¡s FaragÃ³","Women's water polo"
"2006","Katalin RozsnyÃ³i","canoe racing","ZoltÃ¡n Angyal","canoe racing (MKKSZ)"
"2007","ZoltÃ¡n KuhÃ¡rszky","tennis","ZoltÃ¡n Angyal","canoe racing (MKKSZ)"
"2008","GyÃ¶rgy Turi","swimming","DÃ©nes KemÃ©ny","Men's water polo"
"2009","Lajos Mocsai","handball","SÃ¡ndor EgervÃ¡ri","Men's U-20 football"
"2010","IstvÃ¡n KovÃ¡cs","artistic gymnastics","LÃ¡szlÃ³ Kiss","swimming (MÃ\u009ASZ)"
"2011","Ferenc Csipes","canoe racing","Botond Storcz","canoe racing (MKKSZ)"
"2012","SÃ¡ndor SzÃ©les","swimming","Lajos Mocsai","Men's handball"
"2013","Shane Tusup","swimming","Tibor Benedek","Men's water polo"
"2014","Shane Tusup","swimming","Botond Storcz","canoe racing (MKKSZ)"
"2015","DÃ¡rdai PÃ¡l","football","-","-"

