"Election","Member[5]","Party"
"","1918","John Ganzoni","Coalition Conservative"
"","1922","John Ganzoni","Conservative"
"","1923","Robert Jackson","Labour"
"","1924","Sir John Ganzoni, Bt","Conservative"
"","1938 by-election","Richard Stokes","Labour"
"","1957 by-election","Dingle Foot","Labour"
"","1970","Ernle Money","Conservative"
"","Oct. 1974","Kenneth Weetch","Labour"
"","1987","Michael Irvine","Conservative"
"","1992","Jamie Cann","Labour"
"","2001 by-election","Chris Mole","Labour"
"","2010","Ben Gummer","Conservative"

