"Year of ceremony","Award","Category","Recipient(s)","Result"
"2011","National Board of Review Awards[31]","Spotlight Award","Michael Fassbender (Also for Shame, A Dangerous Method, and X-Men: First Class)","Won"
"2011","Satellite Awards","Best Costume Design","Michael O'Connor","Nominated"
"2011","British Independent Film Awards[32]","Best Actress","Mia Wasikowska","Nominated"
"2011","Los Angeles Film Critics Association Awards","Best Actor","Michael Fassbender (Also for Shame, A Dangerous Method, and X-Men: First Class)","Won"
"2012","Central Ohio Film Critics Association Awards[33]","Actor of the Year","Michael Fassbender (Also for Shame, A Dangerous Method, and X-Men: First Class)","Nominated"
"2012","Goya Awards[34]","Best European Film","","Nominated"
"2012","Australian Academy of Cinema and Television Arts Award[35]","Best Actress - International","Mia Wasikowska","Nominated"
"2012","Evening Standard British Film Awards[36]","Best Actor","Michael Fassbender (Also for Shame)","Won"
"2012","Evening Standard British Film Awards[36]","London Film Museum Award for Technical Achievement","Michael O'Connor","Nominated"
"2012","BAFTA Awards[37]","Costume Design","Michael O'Connor","Nominated"
"2012","Academy Award[38]","Best Costume Design","Michael O'Connor","Nominated"
"2012","Sant Jordi Award","Best Foreign Actor","Michael Fassbender (Also for A Dangerous Method and X-Men: First Class)","Won"

