"Year","Film","Role","Language","Notes"
"2002","Five Star","Eashwari","Tamil",""
"2003","Ottesi Chepputanna","Divya","Telugu",""
"2003","Annavaru","Subbulakshmi","Kannada",""
"2004","Aethiree","Gayathri Natarajan","Tamil","shock - as manju in 2004 film (cameo appearance) Tamil"
"2004","Autograph","Thenmozhi Senthil","Tamil","Cameo"
"2005","Dancer","Divya","Tamil",""
"2006","Naa Autograph","Sandhya","Telugu",""
"2006","Sye","Divya","Kannada",""
"2006","Ennittum","Sneha","Malayalam",""
"2006","Varalaru","Gayathri","Tamil",""
"2009","Bhagyadevatha","Daisy Benny","Malayalam","Nominated, Filmfare Award for Best Actress â\u0080\u0093 Malayalam"
"2009","Rajakumari","Rajakumari","Kannada",""
"2009","Pazhassi Raja","Kaitheri Maakam","Malayalam",""
"2009","My Big Father","Ancy","Malayalam",""
"2010","Drona 2010","Tulasimani","Malayalam",""
"2011","Christian Brothers","Stella","Malayalam",""
"2012","Cobra","Annie","Malayalam",""
"2012","Spirit","Meera","Malayalam",""
"2012","Bavuttiyude Namathil","Mariam","Malayalam","Vanitha Film Award For Best Supporting Actress"
"2013","Orissa","Chandrabhaga","Malayalam",""
"2014","To Noora with Love","Sainaba","Malayalam","[22]"
"2014","How Old Are You","Susan David","Malayalam",""
"2014","Mylanchi Monchulla Veedu","Waheeda","Malayalam",""
"2015","Green Apple","Abhirami","Malayalam","Filming[23]"
"2015","Rudrasimhasanam","Mohinichitta","Malayalam",""
"2015","O Kadhal Kanmani","Woman at the clinic","Tamil","Cameo"

