"#","Station name[142]","Chainage (km)","Distance from previous station (km)","Platform type","Alignment description[143]"
"#","English","Chainage (km)","Distance from previous station (km)","Platform type","Alignment description[143]","Malayalam"
"1","Aluva","à´\u0086à´²àµ\u0081à´µ","-0.090","0","Side","On 1000 metres curve"
"2","Pulinchodu","à´ªàµ\u0081à´³à´¿à´\u009Eàµ\u008Dà´\u009Aàµ\u008Bà´\u009Fàµ\u008D","1.814","1.904","Side","Curved"
"3","Companypady","à´\u0095à´®àµ\u008Dà´ªà´¨à´¿à´ªàµ\u008Dà´ªà´\u009Fà´¿","2.756","0.942","Side","Straight"
"4","Ambattukavu","à´ à´®àµ\u008Dà´ªà´¾à´\u009Fàµ\u008Dà´\u009Fàµ\u0081à´\u0095à´¾à´µàµ\u008D","3.764","1.008","Side","Straight"
"5","Muttom","à´®àµ\u0081à´\u009Fàµ\u008Dà´\u009Fà´\u0082","4.723","0.959","Side & Island","Straight Curved"
"6","Kalamassery","à´\u0095à´³à´®à´¶àµ\u008Dà´¶àµ\u0087à´°à´¿","8.144","","Side","Straight"
"7","Cochin University","à´\u0095àµ\u008Aà´\u009Aàµ\u008Dà´\u009Aà´¿àµ» à´¯àµ\u0082à´£à´¿à´µàµ\u0087à´´àµ\u008Dâ\u0080\u008Cà´¸à´¿à´±àµ\u008Dà´±à´¿","Unknown","","Side","Straight"
"8","Pathadipalam","à´ªà´¤àµ\u008Dà´¤à´\u009Fà´¿à´ªàµ\u008Dà´ªà´¾à´²à´\u0082","9.146","","Side","Straight"
"9","Edappally","à´\u0087à´\u009Fà´ªàµ\u008Dà´ªà´³àµ\u008Dà´³à´¿","12.023","","Side","Straight"
"10","Changampuzha Park","à´\u009Aà´\u0099àµ\u008Dà´\u0099à´®àµ\u008Dà´ªàµ\u0081à´´à´ªà´¾àµ¼à´\u0095àµ\u008Dà´\u0095àµ\u008D","Unknown","","Side","Straight"
"11","Palarivatom","à´ªà´¾à´²à´¾à´°à´¿à´µà´\u009Fàµ\u008Dà´\u009Fà´\u0082","13.071","","Side","Straight"
"12","JLN Stadium","à´\u009Càµ\u0086 à´\u008Eàµ½ à´\u008Eàµ» à´¸àµ\u008Dà´±àµ\u008Dà´±àµ\u0087à´¡à´¿à´¯à´\u0082","14.126","1.055","Side","Straight"
"13","Kaloor","à´\u0095à´²àµ\u0082àµ¼","15.221","1.095","Side","Straight"
"14","Lissie","à´²à´¿à´¸àµ\u008Dà´¸à´¿","15.711","0.490","Side","Straight"
"15","M.G. Road","à´\u008Eà´\u0082 à´\u009Cà´¿ à´±àµ\u008Bà´¡àµ\u008Dâ\u0080\u008C","Unknown","","Side","Straight"
"16","Maharaja's College","à´®à´¹à´¾à´°à´¾à´\u009Cà´¾à´¸àµ\u008D à´\u0095àµ\u008Bà´³àµ\u0087à´\u009Càµ\u008D","16.899","","Side","Straight"
"17","Ernakulam South","à´\u008Eà´±à´£à´¾à´\u0095àµ\u0081à´³à´\u0082 à´¸àµ\u008Cà´¤àµ\u008Dà´¤àµ\u008D","19.332","1.229","Side","Straight"
"18","Kadavanthra","à´\u0095à´\u009Fà´µà´¨àµ\u008Dà´¤àµ\u008Dà´°","Unknown","","Side","Straight"
"19","Elamkulam","à´\u008Eà´³à´\u0082à´\u0095àµ\u0081à´³à´\u0082","21.341","","Side","Straight"
"20","Vyttila","à´µàµ\u0088à´±àµ\u008Dà´±à´¿à´²","22.447","1.106","Side","Straight"
"21","Thaikoodam","à´¤àµ\u0088à´\u0095àµ\u008Dà´\u0095àµ\u0082à´\u009Fà´\u0082","23.703","1.256","Side","Straight"
"22","Petta","à´ªàµ\u0087à´\u009Fàµ\u008Dà´\u009F","24.822","1.119","Side","Straight"
"23","Alliance Junction","à´ à´²à´¯àµ»à´¸àµ\u008D à´\u009Cà´\u0082à´\u0097àµ\u008Dà´·àµ»","","","Side","Straight"
"24","SN Junction","à´\u008Eà´¸àµ\u008D.à´\u008Eàµ» à´\u009Cà´\u0082à´\u0097àµ\u008Dà´·àµ»","","","Side","Straight"
"25","Tripunithura","à´¤àµ\u0083à´ªàµ\u008Dà´ªàµ\u0082à´£à´¿à´¤àµ\u008Dà´¤àµ\u0081à´±","","","Side","Straight"

