"Election","Member","Party"
"1708","Hon. George Douglas",""
"1713","Sir James Carmichael, Bt",""
"1715","Hon. George Douglas",""
"1722","Daniel Weir",""
"1725 by-election","John Murray",""
"1734","James Carmichael",""
"1742","John Mackye",""
"1747","Lawrence Dundas",""
"1748","James Carmichael",""
"1754","John Murray",""
"1761","John Lockhart-Ross",""
"1768 by-election","James Dickson",""
"1772 by-election","Sir James Cockburn, Bt",""
"1784","Sir John Moore",""
"1790","William Grieve",""
"1796","Viscount Stopford",""
"1802","William Dickson",""
"1806","Sir Charles Lockhart-Ross, Bt",""
"1807","William Maxwell",""
"1812","Sir John Buchanan Riddell, Bt",""
"1819 by-election","John Pringle",""
"1820","Henry Monteith","Tory"
"1826","Adam Hay","Tory"
"1830","Henry Monteith","Tory"
"1831","William Downe Gillon","Whig"
"1832","constituency abolished"

