"#","Lt. Governor","Image","Took Office","Left Office","Party","Governor(s) served under","Notes"
"1","William W. J. Kelly","","20 December 1865","4 July 1868","Republican","David S. Walker",""
"2","William Henry Gleason","","7 July 1868","14 December 1868","Republican","Harrison Reed",""
"3","Edmund C. Weeks","","24 January 1870","27 December 1870","Republican","Harrison Reed",""
"4","Samuel T. Day","","3 January 1871","3 June 1872","Republican[4]","Harrison Reed",""
"5","Marcellus Stearns","","7 January 1873","18 March 1874","Republican","Ossian B. Hart","Became governor upon the death of O. B. Hart"
"6","Noble A. Hull","","2 January 1877","3 March 1879","Democratic","George Franklin Drew","Resigned to become a U.S. Representative"
"7","Livingston W. Bethel","","4 January 1881","7 January 1885","Democratic","William D. Bloxham",""
"8","Milton H. Mabry","","7 January 1885","8 January 1889","Democratic","Edward A. Perry","Position abolished"
"9","Ray C. Osborne","","7 January 1969","5 January 1971","Republican","Claude R. Kirk, Jr.","Position recreated"
"10","Tom Adams","","5 January 1971","7 January 1975","Democratic","Reubin O'Donovan Askew",""
"11","Jim Williams","","7 January 1975","2 January 1979","Democratic","Reubin O'Donovan Askew",""
"12","Wayne Mixson","","2 January 1979","3 January 1987","Democratic","Bob Graham","Became governor upon the resignation of Bob Graham"
"13","Bobby Brantley","","6 January 1987","8 January 1991","Republican","Bob Martinez",""
"14","Buddy MacKay","","8 January 1991","12 December 1998","Democratic","Lawton Chiles","Became governor upon the death of Lawton Chiles"
"15","Frank Brogan","","5 January 1999","3 March 2003","Republican","Jeb Bush","Resigned to become President of Florida Atlantic University"
"16","Toni Jennings","","3 March 2003","2 January 2007","Republican","Jeb Bush","First female Appointed to replace Brogan"
"17","Jeff Kottkamp","","2 January 2007","4 January 2011","Republican","Charlie Crist",""
"18","Jennifer Carroll","","4 January 2011","12 March 2013","Republican","Rick Scott","First black American Resigned"
"19","Carlos LÃ³pez-Cantera","","3 February 2014","Incumbent","Republican","Rick Scott","First Hispanic Appointed to replace Carroll"

