"Number","Title","Release date","Notes"
"10VS\/10BS","Pete's Dragon","March 4, 1980","The first issue was 105 minutes, but it was later reissued in a 128-minute version under the same stock number, and every US video release since then has been of that version."
"11VS\/11BS","The Black Hole","March 4, 1980",""
"12VS\/12BS","The Love Bug","March 4, 1980",""
"13VS\/13BS","Escape to Witch Mountain","March 4, 1980",""
"14VS\/14BS","Davy Crockett, King of the Wild Frontier","March 4, 1980","On the first version of the cover, it is simply titled Davy Crockett"
"15VS\/15BS","20,000 Leagues Under the Sea","March 4, 1980",""
"16VS\/16BS","Bedknobs and Broomsticks","March 4, 1980",""
"17VS\/17BS","The North Avenue Irregulars","March 4, 1980",""
"18VS\/18BS","The Apple Dumpling Gang","March 4, 1980",""
"19VS\/19BS","Hot Lead and Cold Feet","March 4, 1980",""
"20VS\/20BS","On Vacation with Mickey Mouse and Friends","March 4, 1980",""
"21VS\/21BS","Kids Is Kids","March 4, 1980",""
"22VS\/22BS","The Adventures of Chip 'n' Dale","March 4, 1980",""

