"Character","Actor","Episodes"
"Description","Episodes"
"Kahless","Robert Herron Kevin Conway","The Savage Curtain (TOS), Rightful Heir (TNG)"
"Legendary Klingon warrior and first emperor of the Klingon Empire; also known as \"the Unforgettable\" among his people. A clone created in 2369 was made ceremonial emperor by Gowron.","The Savage Curtain (TOS), Rightful Heir (TNG)"
"Lenara Kahn","Susanna Thompson","Rejoined (DS9)"
"Trill woman hosting the Kahn symbiont, which, as Nilani Kahn in a former life, was married to Torias Dax.","Rejoined (DS9)"
"Kamala","Famke Janssen","The Perfect Mate (TNG)"
"An empathic metamorph from Krios Prime. Since her birth, she was intended to be Valtese Chancellor Alrik's Kriosian peace bride in an effort to reunite the two planets.","The Perfect Mate (TNG)"
"Kang","Michael Ansara","Day of the Dove (TOS), Blood Oath (DS9), Flashback (VOY)"
"Legendary Klingon warrior and Dahar Master whose exploits assured him a place in the Hall of Heroes, as told in G'Trok's poem \"The Fall of Kang\", an epic so important it is required reading at Starfleet Academy. Commander Kang once faced James Kirk in 2269, but later joined him to defeat their true enemy, an energy life form living off their shared hatred when trapped aboard the Enterprise as undying fodder. Captain Kang later squared off against Captain Sulu's USS Excelsior during the tensions preceding the Khitomer Conference in 2293. Kang had already met Curzon Dax by then on the Klingon colony Korvat, when Dax intentionally angered Kang to foster a bondâ\u0080\u0094a calculated risk as he walked out during a long diatribe by the shocked Klingon. The Trill envoy became such a trusted family friend that Kang's firstborn, a boy, was made his godson and named \"Dax\" in his honor. The boy, of course, was among those later killed in revenge by the marauding Albino and fostered a blood oath of revenge in turn among Kor, Koloth, and Dax that was finally carried out in 2370 and led to Dahar Master Kang's death as he struck the death blow on his enemy. He also had defeated T'nag and his army with only colleagues Kor and Koloth, according to Kor's tale in 2372, and later feasted on the leader's heart.","Day of the Dove (TOS), Blood Oath (DS9), Flashback (VOY)"
"Rayna Kapec","Louise Sorel","Requiem for Methuselah (TOS)"
"Android created in the perfect likeness of a young human woman","Requiem for Methuselah (TOS)"
"Kargan","Christopher Collins","A Matter of Honor (TNG)"
"Klingon captain of the IKS Pagh in 2365. He was short, heavyset, and demanded strict adherence to his authority. When he learned of the space organism eating away at a small section of the Pagh's hull, and that the Enterprise-D had directed an intense scanning beam at that specific area for two minutes, Kargan believed the Federation starship had landed a first strike against his vessel, so he vowed to attack and destroy the Enterprise-D. He suspected that Commander William Riker, his acting first officer, was complicit in the Enterprise-D's attack, so, to test his loyalty, Kargan demanded to know the surest method of attack against the Federation starship. When Riker refused to break his oath to Starfleet, Kargan relented, knowing at least that Riker wasn't a traitor or a coward. When Riker activated an emergency transponder given to him by Worf, Kargan, believing it was a weapon, demanded that Riker give it to him. Kargan was then beamed aboard the Enterprise-D, and Riker was able to assume command of the Pagh and defuse the brewing battle. Later, when Kargan was returned to the Pagh, Riker refused to resume his station, so Kargan slugged him and ordered him removed from the ship. That action allowed Kargan to save face and regain honor in the eyes of his officers, and likely averted an assassination attempt by Lieutenant Klag.","A Matter of Honor (TNG)"
"Anton Karidian","Arnold Moss","The Conscience of the King (TOS)"
"A Shakespearian actor (and father of Lenore Karidian) once known as Kodos the Executioner, Governor of Tarsus IV","The Conscience of the King (TOS)"
"Lenore Karidian","Barbara Anderson","The Conscience of the King (TOS)"
"A Shakespearian actor (and daughter of Anton Karidian).","The Conscience of the King (TOS)"
"Karina","Annette Helde","Visionary (DS9)"
"Romulan officer who, in 2371, was part of a delegation to Starbase Deep Space 9 to study Starfleet Intelligence reports on the Dominion. The Romulans regarded the Dominion as the greatest threat to the Alpha Quadrant, and intended to destroy Deep Space 9 before collapsing the Bajoran Wormhole to prevent any Dominion incursion from the Gamma Quadrant.","Visionary (DS9)"
"Walker Keel","Jonathan Farwell","Conspiracy (TNG)"
"Starfleet captain and commanding officer of the USS Horatio who warned Picard about an alien invasion.","Conspiracy (TNG)"
"Edith Keeler","Joan Collins","The City on the Edge of Forever (TOS)"
"In 1930, during the first part of Earth's 20th Century, Keeler was a social worker who died in a street accident. Centuries later, during a survey of the Guardian of Forever by the USS Enterprise, the ship's Chief Medical Officer, Dr. Leonard McCoy, during a temporary bout of mental illness brought on by an accidental injection of cordrazine, escaped into Earth's past. While there, he saved Keeler from dying, which sparked a chain of events throughout the timeline, essentially changing history. In the altered timeline, Keeler, a passionate believer in peace, spearheaded a movement which delayed the entry of the United States into World War II, thus paving the way for an Axis victory. Subsequently, Starfleet, the Federation, and the USS Enterprise were no longer in existence, but the proximity to the Guardian of Forever by the landing party allowed Captain James T. Kirk and First Officer Spock to follow McCoy into the past. Kirk and Spock were able to prevent McCoy from saving Keeler's life, thus restoring the timeline. These events were particularly stressful for Kirk, as he had fallen in love with Keeler.","The City on the Edge of Forever (TOS)"
"Keevan","Christopher Shea","Rocks and Shoals (DS9), The Magnificent Ferengi (DS9)"
"A Vorta field commander who sacrificed his Jem'Hadar troops to save his own life. He was later killed by Gaila when Quark and his team tried to trade him back to the Dominion for Quark's mother.","Rocks and Shoals (DS9), The Magnificent Ferengi (DS9)"
"K'Ehleyr","Suzie Plakson","The Emissary (TNG), Reunion (TNG)"
"Worf's mate and Alexander Rozhenko's mother. Killed by Duras.","The Emissary (TNG), Reunion (TNG)"
"Keldar","None","The House of Quark (DS9)"
"A Ferengi, deceased husband of Ishka and father of Quark and Rom. (Only discussed, never seen.)","The House of Quark (DS9)"
"Kell","Larry Dobkin","The Mind's Eye (TNG)"
"Klingon ambassador who accompanied the Enterprise-D to the planet Krios in 2367 to investigate Klingon Governor Vagh's claim that Starfleet was supplying weapons to Kriosian rebels. Kell was colluding with the Romulans to disrupt the alliance between the Federation and the Klingon Empire. The Romulans had \"conditioned\" Geordi La Forge to receive E-band transmissions through his VISOR. Kell carried the transmitter that instructed La Forge to kill Governor Vagh, but the attempt failed. Kell was taken into custody by Vagh.","The Mind's Eye (TNG)"
"Captain Keogh","Alan Oppenheimer","The Jem'Hadar (DS9)"
"Commanding officer of the ill-fated USS Odyssey.","The Jem'Hadar (DS9)"
"Kes","Jennifer Lien","VOY"
"Ocampa woman, partner of Neelix who joins the USS Voyager crew for several years before evolving into a different state and so being forced to leave.","VOY"
"Kessick","Richard Lineback","The Xindi (ENT)"
"Xindi Primate, slave in a Trellium-D mine","The Xindi (ENT)"
"Harry Kim","Garrett Wang","VOY"
"Ensign and operations officer aboard the USS Voyager during its seven years in the Delta Quadrant. Despite his rank of Ensign he sits on the senior staff meetings and occasionally takes over command for \"night\" shifts.","VOY"
"Kira Meru","Leslie Hope","Wrongs Darker Than Death or Night (DS9)"
"Mother of Kira Nerys and was a comfort woman for Gul Dukat for seven years.","Wrongs Darker Than Death or Night (DS9)"
"Kira Nerys","Nana Visitor Unknown child actress","DS9"
"Former resistance fighter against Cardassian occupation, a Bajoran Militia officer (Major, later Colonel) assigned as Benjamin Sisko's first officer on Starbase Deep Space 9. She has a Starfleet field commission of Commander when she serves as advisor for Damar's rebellion against the Dominion. At the end of the series she takes over command of Deep Space Nine.","DS9"
"Kira Taban","Thomas Kopache","Wrongs Darker Than Death or Night (DS9), Ties of Blood and Water (DS9)"
"Father of Kira Nerys","Wrongs Darker Than Death or Night (DS9), Ties of Blood and Water (DS9)"
"Kira Pohl","","Wrongs Darker Than Death or Night (DS9)"
"Brother of Kira Nerys","Wrongs Darker Than Death or Night (DS9)"
"Kira Reon","","Wrongs Darker Than Death or Night (DS9)"
"Brother of Kira Nerys","Wrongs Darker Than Death or Night (DS9)"
"Aurelan Kirk","Joan Swift","Operation: Annihilate! (TOS)"
"Wife of George Samuel Kirk, mother of Peter Kirk, sister-in-law of James T. Kirk","Operation: Annihilate! (TOS)"
"George Samuel Kirk, Sr.","Chris Hemsworth","ST"
"Father of James T. Kirk and George Samuel Kirk, Jr. Served as first officer on the Starfleet vessel USS Kelvin.","ST"
"George Samuel Kirk, Jr.","William Shatner","Operation: Annihilate! (TOS)"
"Brother of James T. Kirk. James usually referred to his brother by his middle name, \"Sam\".","Operation: Annihilate! (TOS)"
"James T. Kirk","William Shatner Chris Pine","TOS, TAS, TMP, WOK, SFS, TVH, TFF, TUC, GEN, ST, ID, BEY"
"Captain of the USS Enterprise, major character in the original Star Trek and ten Star Trek movies.","TOS, TAS, TMP, WOK, SFS, TVH, TFF, TUC, GEN, ST, ID, BEY"
"Peter Kirk","Craig Hundley","Operation: Annihilate! (TOS)"
"Son of George Samuel and Aurelan Kirk, nephew of James T. Kirk","Operation: Annihilate! (TOS)"
"Winona Kirk","Jennifer Morrison","ST"
"James T. Kirk's mother","ST"
"K'Kath","Chad Haywood","Real Life (VOY)"
"Klingon friend of Jeffrey in the holographic family program modified by Torres.","Real Life (VOY)"
"Klaa","Todd Bryant","TFF"
"Young Klingon captain of a Bird-of-Prey. He is also the gunner, as the tactical scope is mounted above his command chair and lowers like a periscope when he wants to fire the ship's disruptors. He is bored with shooting space garbage, such as Earth's Pioneer 10 probe, and longs for a bigger challenge to make a name for himself. When he learns that the Enterprise-A and Captain James T. Kirk are headed to Nimbus III, he arranges to intercept them. Klaa shoots at but misses the Enterprise, which suddenly engages warp speed. He follows her to Sha Ka Ree and this time scores a hit. He orders the Enterprise to surrender, but General Koord calls him off and forces him to rescue Kirk from the surface of Sha Ka Ree. At a \"cocktail party\" aboard the Enterprise, he salutes Kirk as a fellow warrior. One of Klaa's more memorable features, besides his muscles, is his wild \"shock rock\" hair.[original research?] Noncanon: In the movie novelization, Klaa's Bird-of-Prey is called Okrona.","TFF"
"Klag","Brian Thompson","A Matter of Honor (TNG)"
"Klingon lieutenant and second officer of the IKS Pagh in 2365. He challenged Commander William Riker's authority over him as first officer of the Pagh during an officer-exchange program. After Riker beat him up, Klag agreed to take his orders and even respected the commander for his strength. Klag's father had once been captured in battle by Romulans, but not allowed to die. He eventually escaped, and now lives on Qo'noS, honorless, waiting for death by natural causes. For that reason, Klag refuses to see him. When Captain Kargan suspected that Riker was complicit in the Enterprise-D's \"attack\" on the Pagh, Klag disagreed and defended the commander.[4]","A Matter of Honor (TNG)"
"Klingon Captain","K.L. Smith","Elaan of Troyius (TOS)"
"He commanded the Klingon warship that stalked the Enterprise through the Tellun Star System. After Kryton had sabotaged the Enterprise's warp engines, the Klingon demanded that Kirk surrender unconditionally and immediately.","Elaan of Troyius (TOS)"
"Klingon Amar Captain","Mark Lenard","TMP"
"He commanded three K't'inga-class battle cruisers in an attack against V'ger in Quad L-14. His flagship, the Imperial Klingon Cruiser Amar, was the last to be destroyed.","TMP"
"K'mpec","Charles Cooper","Sins of the Father (TNG), Reunion (TNG)"
"Klingon chancellor and supreme commander who oversaw Worf's discommendation. Later poisoned by Duras and succeeded by Gowron. In his time, K'mpec served as leader of the Klingon Empire longer than anyone previously.","Sins of the Father (TNG), Reunion (TNG)"
"K'mtar","James Sloyan","Firstborn (TNG)"
"The adult Alexander Rozhenko from a possible future.","Firstborn (TNG)"
"K'nera","David Froman","Heart of Glory (TNG)"
"Klingon commander of a K't'inga-class battle cruiser that was patrolling the area of the Romulan Neutral Zone in 2364, seeking the whereabouts of the IKS T'Acog. When he learned that the criminals Korris, Konmel, and Kunivas had been rescued by the Enterprise-D, he plotted an intercept course and demanded that Captain Jean-Luc Picard turn them over when he arrived. By that time, however, all three Klingons had died from injuries or during escape attempts. (Script Note: Picard mistakenly called K'near \"captain\" in one instance.)[5]","Heart of Glory (TNG)"
"Kodos","Arnold Moss","The Conscience of the King (TOS)"
"Governor of Tarsus IV, also known as \"the Executioner\", who engaged in a large-scale eugenics program to counter the impending threat of starvation to the colony; later assumed the role of actor Anton Karidian leading a traveling Shakespeare company called the \"Karidian Players\".","The Conscience of the King (TOS)"
"Kohlar","Wren T. Brown","Prophecy (VOY)"
"Klingon commander of a generational starship of the D7 class, leader of a group of Klingons who were searching for the kuva'magh, or \"savior\" of Klingon culture. Kohlar and his followers are found to be infected with the Klingon nehret retrovirus disease by Voyager's holographic Doctor, which is cured with DNA from B'Elanna Torres's unborn daughter Miral Paris.","Prophecy (VOY)"
"Kol","J.R. Quinonez Leslie Jordan","The Price (TNG), False Profits (VOY)"
"One of two Ferengi stranded in the Delta Quadrant after attempting to secure the Barzan wormhole for themselves. Crash-landing on the Takaran homeworld, they insinuated themselves to be the Holy Sages prophesied by the Takaran \"Song of the Sages\" to exploit the Takarans for profit.","The Price (TNG), False Profits (VOY)"
"Kolopak","Henry Darrow","Tattoo (VOY) Basics, Part 1 (VOY)"
"Father of Chakotay","Tattoo (VOY) Basics, Part 1 (VOY)"
"Koloth","William Campbell James Doohan (Voice)","The Trouble with Tribbles (TOS), More Tribbles, More Troubles (TAS), Blood Oath (DS9)"
"Klingon captain who faced Kirk twice over tribbles; later, as Dahar Master, he swore a blood oath with Kor, Kang, and Curzon Dax to kill the Albino. Koloth was killed during the assault on the Albino's fortress. James Doohan voiced the character in the animated episode.","The Trouble with Tribbles (TOS), More Tribbles, More Troubles (TAS), Blood Oath (DS9)"
"Sirna Kolrami","Roy Brocksmith","Peak Performance (TNG)"
"Zakdorn master strategist and consultant for war games between the Enterprise-D and the USS Hathaway.","Peak Performance (TNG)"
"Komack","Byron Morrow","Amok Time (TOS)"
"Starfleet admiral who orders Captain Kirk to Altair VI rather than Vulcan until pressured by T'Pau","Amok Time (TOS)"
"Anastasia Komononov","Nana Visitor","Our Man Bashir (DS9)"
"A Russian KGB colonel in Bashir's secret agent program. Due to a transporter malfunction, Komononov's physical parameters were temporarily modelled on Kira.","Our Man Bashir (DS9)"
"Konmel","Charles H. Hyman","Heart of Glory (TNG)"
"Klingon lieutenant who, with Korris and Kunivas, left the Klingon Defense Force to pursue a life in which he could live like a \"true Klingon\". In 2364, the trio stole the Talarian freighter Batris and subsequently destroyed the IKS T'Acog, which had been sent to retrieve them. After being rescued by the Enterprise-D, Korris and Konmel lied to Captain Jean-Luc Picard about the battle, but later revealed their true intentions to Lieutenant (j.g.) Worf. By then, Klingon commander K'near had apprised Picard of the Klingons' criminal status, so Picard detained them in the brig. They escaped, but Konmel was killed in a firefight with Enterprise-D security. To his credit, though, it took three phaser shots to bring him down.","Heart of Glory (TNG)"
"Konsab","None","Face of the Enemy (TNG)"
"Romulan commander and former instructor of military history at the Romulan Intelligence Academy. His main theme consisted of theories on the differences between the military and the Tal Shiar. He believed that military officers must trust one another to function. (The dialogue was unclear, but Konsab may have been Commander Toreth's father. She described him as an \"idealistic old man\" and a \"devoted citizen who only tried to speak his mind\". The Tal Shiar dragged him from his home in the middle of the night, and Toreth never saw him again.)","Face of the Enemy (TNG)"
"Kor","John Colicos James Doohan (Voice)","Errand of Mercy (TOS), The Time Trap (TAS), Blood Oath (DS9) recurring thereafter"
"The first Klingon to appear in Star Trek, as an antagonist to Kirk. Commander Kor briefly ruled the planet Organia as its military governor. A few years later, Captain Kor's ship, the IKS Klothos, was lost in the Delta Triangle, but later escaped with help from the Enterprise. John Colicos reprised the role in three Deep Space Nine episodes, as an ally and friend of Jadzia and Ezri Dax. Dahar Master Kor was killed in glorious battle by acting as a decoy to hold off the Jem'Hadar while the rest of the Klingon fleet escapes (\"Once More Unto the Breach\"). James Doohan voiced the character in the animated episode.","Errand of Mercy (TOS), The Time Trap (TAS), Blood Oath (DS9) recurring thereafter"
"Korax","Michael Pataki","The Trouble with Tribbles (TOS)"
"Klingon first officer of the IKS Gro'th under Captain Koloth. He instigates the bar fight on Deep Space Station K-7 by taunting Montgomery Scott, first calling Captain Kirk a \"tin-plated dictator with delusions of godhood\", then calling the Enterprise a \"sagging old rust bucket that's designed like a garbage scow\". However, when he says that the Enterprise should be hauled away as garbage, Scotty throws the first punch.","The Trouble with Tribbles (TOS)"
"Roger Korby","Michael Strong","What Are Little Girls Made Of? (TOS)"
"Deceased fiancee of Enterprise nurse Christine Chapel whose android replica contended with Captain Kirk on Exo III.","What Are Little Girls Made Of? (TOS)"
"Korrd","Charles Cooper","TFF"
"A fat Klingon general who fell out of favor with the High Command and ended up serving in the dishonorable role of Klingon consul to the \"Planet of Galactic Peace\", Nimbus III. In his younger, leaner days, Korrd was such a notable soldier that his military strategies were required reading at Starfleet Academy. On Nimbus III, he and his Federation and Romulan counterparts, St. John Talbot and Caithlin Dar, were taken hostage by Sybok's \"Galactic Army of Light.\" Later, Spock convinced Korrd to use his authority and order Captain Klaa to destroy the alien creature on Sha Ka Ree and transport Captain Kirk to safety.","TFF"
"Korris","Vaughn Armstrong","Heart of Glory (TNG)"
"Klingon captain who, with Konmel and Kunivas, left the Klingon Defense Force to pursue a life in which he could live like a \"true Klingon\". In 2364, the trio stole the Talarian freighter Batris and subsequently destroyed the IKS T'Acog, which had been sent to retrieve them. After being rescued by the Enterprise-D, Korris and Konmel lied to Captain Jean-Luc Picard about the battle, but later revealed their true intentions to Lieutenant (j.g.) Worf. By then, Klingon commander K'near had apprised Picard of the Klingons' criminal status, so Picard detained them in the brig. They escaped, but Konmel was killed in the process. Korris fled to Main Engineering and held a makeshift phaser to the warp core, demanding to speak to Worf. His attempt to sway Worf to his cause failed, however, and Worf shot him dead.[6]","Heart of Glory (TNG)"
"Kortar","Eric Pierpoint","Barge of the Dead (VOY)"
"Reportedly the first Klingon who ever lived. Kortar and his mate destroyed the gods who created them; Kortar was condemned to be the pilot of the Barge of the Dead farrying dishonored Klingons to Gre'thor, the Klingon hell.","Barge of the Dead (VOY)"
"Koss","Michael Reilly Burke","Breaking the Ice (ENT) recurring thereafter"
"Vulcan architect. T'Pol deferred her long-arranged marriage to Koss to continue her assignment aboard Enterprise. They finally wed three years later, but Koss later dissolved the marriage.","Breaking the Ice (ENT) recurring thereafter"
"Amal Kotay","Robert Beltran","Workforce (VOY)"
"Alias used by Chakotay when infiltrating an industrial plant employing Voyager personnel living under implanted fabricated identities.","Workforce (VOY)"
"Koval","John Fleck","Inter Arma Enim Silent Leges (DS9)"
"Romulan chairman of the Tal Shiar in 2375. He had not been elevated to the Continuing Committee of the Romulan People, which is normally accorded to a person in his position, because of his opposition to the Romulan alliance with the Federation, which was supported by a majority on the committee. He was rumored to be ill with Tuvan syndrome, which may have been another reason why he had not been elevated to the Continuing Committee. Secretly, Koval had been providing critical military intelligence to the Federation for more than a year. He was Vice Admiral William J. Ross's guarantee that the Romulans would not make a deal with the Dominion.","Inter Arma Enim Silent Leges (DS9)"
"Kozak","John Lendale Bennett","The House of Quark (DS9)"
"Klingon who accidentally died at Quark's bar. The financial assets of his House were being siphoned off by the Duras family by using Ferengi-like tactics.","The House of Quark (DS9)"
"Kras","Tige Andrews","Friday's Child (TOS)"
"A Klingon agent who was sent to negotiate mining rights to the rare mineral topaline on Capella IV. He threw in his lot with Maab, a Capellan warrior who soon led a coup against the High Teer, Akaar, and became the new leader of the Ten Tribes of Capella. After following Maab's war party into the mountains in pursuit of Kirk, Spock, McCoy, and Eleen, the widow of Akaar, Kras captured Eleen with a Starfleet hand phaser to force her to prove that she had killed the Enterprise landing party. Maab drew out Kras by making himself a target. When Kras vaporized Maab, another Capellan warrior, Keel, killed Kras with a kligat.[7]","Friday's Child (TOS)"
"Krelik","None","Prophecy (VOY)"
"A Klingon, mother of L'Naan, grandmother of Miral, great-grandmother of B'Elanna Torres.","Prophecy (VOY)"
"Krell","Ned Romero","A Private Little War (TOS)"
"A Klingon agent who was sent to the planet Neural to upset the balance of power between the Villagers and the Hill People. He did this by supplying the Villagers with flintlocks, and every so often, he would return to provide \"improvements\" to Apella, leader of the Villagers. Krell also dispensed advice to Apella on how to deal with special situations, such as which Villager should be given a captured woman of the Hill People. With such teachings, Krell promised Apella a governorship in the Klingon Empire. When Kirk and McCoy discovered the flintlock \"factory\", Krell got himself punched out by the Enterprise captain and was heard from no more.","A Private Little War (TOS)"
"Kruge","Christopher Lloyd","SFS"
"Klingon commander of a Bird-of-Prey. His crew address him as \"my lord\", as do his ill-fated lover, Valkris, and Lt. Saavik. He receives a stolen summary of Project Genesis from Valkris and decides to act for the preservation of his race. He goes to the Genesis planet to learn the secret of the Genesis torpedo and secure for himself the \"ultimate power\". His gunner accidentally destroys the Federation science Starship Grissom, but Torg finds survivors on the surface. When the Enterprise arrives and scores a successful hit on Kruge's ship, he accepts Admiral Kirk's hail and threatens to execute one of the \"hostages\" on Genesis. That hostage ends up being Kirk's son, David Marcus, and in retribution, Kirk destroys the Enterprise while the bulk of Kruge's crew is aboard, intending to commandeer the starship. Later, Kirk and Kruge fight to the death on Genesis while the planet burns around them. Kruge loses.","SFS"
"K'Temoc","Lance LeGault","The Emissary (TNG)"
"Klingon captain of the IKS T'Ong, a K't'inga-class battle cruiser that was dispatched before 2290, when the Federation and the Klingon Empire were still exchanging hostilities. K'Temoc's mission was so crucial to the Klingon High Command that he and his crew were placed in cryogenic sleep for more than 75 years. In 2365, the Klingon High Command received an automated message from the T'Ong stating that it was returning home and was about to reach its \"awakening point\". K'Temoc had been given standing orders to fire on all Federation ships, which he carried out on encountering the Enterprise-D. However, he was tricked into lowering his shields and yielding command of the T'Ong to \"Captain\" Worf and \"Commander\" K'Ehleyr, who convinced K'Temoc that the \"war\" was over.","The Emissary (TNG)"
"Kurn","Tony Todd","Sins of the Father (TNG) recurring thereafter, Sons of Mogh (DS9)"
"Younger brother of Worf and also a son of Mogh who was not on Khitomer when the Klingon colony was destroyed by the Romulans. Years later, as a member of the Klingon Defense Force, Commander Kurn participated in an officer-exchange program with Starfleet that landed him aboard the USS Enterprise-D and reunited him with Worf (\"Sins of the Father\"). More than a year later, Captain Kurn commands his own K'Vort-class bird-of-prey and sides with Gowron during the Klingon Civil War (\"Redemption II\"). More than four years later, a ruined Kurn appears on Starbase Deep Space 9 (\"The Sons of Mogh\") and asks Worf to kill him to restore his honor, which, along with his seat on the Klingon High Council and the House of Mogh's most valuable possessions, were stripped from him because Worf fought against Gowron during the chancellor's takeover of Cardassia Prime (\"The Way of the Warrior\").","Sins of the Father (TNG) recurring thereafter, Sons of Mogh (DS9)"
"Kunivas","Robert Bauer","Heart of Glory (TNG)"
"Klingon officer who, with Korris and Konmel, left the Klingon Defense Force to pursue a life in which he could live like a \"true Klingon.\" In 2364, the trio stole the Talarian freighter Batris and subsequently destroyed the IKS T'Acog, which had been sent to retrieve them. Kunivas was critically injured in the battle and later died in the Enterprise-D sickbay.","Heart of Glory (TNG)"
"Darlene Kursky","Terry Farrell","Far Beyond the Stars (DS9)"
"Secretary at a 1950s era science fiction magazine in a vision experienced by Benjamin Sisko","Far Beyond the Stars (DS9)"
"Kuvak","John Rubinstein","Awakening (ENT), Kir'Shara (ENT)"
"Vulcan minister on the Vulcan High Command in 2154. He opposed the radicalism of Administrator V'Las and eventually shot (stunned) him to stop a space battle between the Vulcan and Andorian militaries.","Awakening (ENT), Kir'Shara (ENT)"
"Kyle","John Winston","Tomorrow Is Yesterday (TOS) recurring thereafter, Beyond the Farthest Star (TAS) recurring thereafter, WOK"
"In TOS, Kyle commonly appeared at the transporter controls. He was also seen as a helmsman (in a gold tunic) in \"The Immunity Syndrome\" and as a science specialist in \"Who Mourns for Adonais?\". In Star Trek II: The Wrath of Khan, Commander Kyle served as communications officer aboard the USS Reliant under Captain Terrell.","Tomorrow Is Yesterday (TOS) recurring thereafter, Beyond the Farthest Star (TAS) recurring thereafter, WOK"

