"Player","Grand Slam tournament","# of titles"
"Martina Navratilova","Wimbledon","9"
"Martina Navratilova","US Open","4"
"Steffi Graf","Wimbledon","7"
"Steffi Graf","French Open","6"
"Steffi Graf","US Open","5"
"Steffi Graf","Australian Open","4"
"Chris Evert","French Open","7"
"Chris Evert","US Open","6"
"Serena Williams","Australian Open","6"
"Serena Williams","US Open","6"
"Serena Williams","Wimbledon","6"
"Venus Williams","Wimbledon","5"
"Margaret Court","Australian Open","4"
"Billie Jean King","Wimbledon","4"
"Evonne Goolagong Cawley","Australian Open","4"
"Monica Seles","Australian Open","4"
"Justine Henin","French Open","4"

