"Actor\/actress","Character","Appearances"
"Actor\/actress","Character","S1","S2","S3","S4","S5","S6","Total"
"Various","Judith Grimes","-","-","10","7","12","4","32"
"IronE Singleton","Theodore \"T-Dog\" Douglas","5","12","3","-","-","-","20"
"Jose Pablo Cantillo","Caesar Martinez","-","-","11","2","-","-","13"
"Melissa Ponzio","Karen","-","-","4","6","1","-","11"
"Jane McNeill","Patricia","-","11","-","-","-","-","11"
"Travis Love","Shumpert","-","-","10","1","-","-","11"
"Dallas Roberts","Milton Mamet","-","-","10","-","-","-","10"
"Tyler James Williams","Noah","-","-","-","-","10","-","10"
"James Allen McCune","Jimmy","-","10","-","-","-","-","10"
"Brighton Sharbino","Lizzie Samuels","-","-","-","8","1","-","9"
"Major Dodson","Sam Anderson","-","-","-","-","4","5","9"
"Madison Lintz","Sophia Peletier","4","4","-","-","-","-","8"
"Lew Temple","Axel","-","-","8","-","-","-","8"
"Jason Douglas","Tobin","-","-","-","-","4","4","8"
"Austin Abrams","Ron Anderson","-","-","-","-","3","5","8"
"Vincent M. Ward","Oscar","-","-","7","-","-","-","7"
"Daniel Thomas May","Allen","-","-","6","1","-","-","7"
"Jordan Woods-Robinson","Eric","-","-","-","-","4","3","7"
"Michael Traynor","Nicholas","-","-","-","-","4","3","7"
"Emma Bell","Amy","5","-","1","-","-","-","6"
"Kyla Kenedy","Mika Samuels","-","-","-","5","1","-","6"
"Ann Mahoney","Olivia","-","-","-","-","2","4*","6"
"Stacy Payne","Stacy","-","-","-","-","4","2","6"
"Katelyn Nacon","Enid","-","-","-","-","2","4","6"
"Jeryl Prescott Sales","Jacqui","5","-","1","-","-","-","6"
"Andrew Rothenberg","Jim","4","-","1","-","-","-","5"
"Tyler Chase","Ben","-","-","5","-","-","-","5"
"Corey Brill","Pete Anderson","-","-","-","-","5","-","5"
"Juan Pareja","Morales","4","-","-","-","-","-","4"
"Michael Zegen","Randall Culver","-","4","-","-","-","-","4"
"Sunkrish Bala","Dr. Caleb Subramanian","-","-","-","4","-","-","4"
"Jeff Kober","Joe","-","-","-","4","-","-","4"
"Chris Coy","Martin","-","-","-","-","4","-","4"
"Steve Coulter","Reg Monroe","-","-","-","-","4*","-","4"
"Benedict Samuel","Wolf #1","-","-","-","-","1","3","4"
"Merritt Wever","Dr. Denise Cloyd","-","-","-","-","-","4","4"
"Kenric Green","Scott","-","-","-","-","-","4*","4"
"Adam Minarovich","Ed Peletier","3","1","-","-","-","-","4"
"Lucie O'Ferrall","Ms. McLeond","-","-","4","-","-","-","4"
"Sherry Richards","Jeannete","-","-","-","4","-","-","4"
"Luke Donaldson","Luke","-","-","-","4","-","-","4"
"Davi Jay","Tony","-","-","-","4","-","-","4"
"Juliana Harkavy","Alisha","-","-","-","4","-","-","4"
"Brandon Carrol","David","-","-","-","3","1","-","4"
"Ricky Wayne","O'Donnell","-","-","-","-","4","-","4"
"Ted Huckabee","Bruce","-","-","-","-","2","2","4"
"Dahlia Legault","Francine","-","-","-","-","2","2","4"
"David Silverman","Kent","-","-","-","-","2","2","4"
"Mandi Christine Kerr","Barbara","-","-","-","-","2","2","4"
"Pruitt Taylor Vince","Otis","-","3","-","-","-","-","3"
"Donzaleigh Abernathy","Dr. Stevens","-","-","3","-","-","-","3"
"Alexa Nikolas","Haley","-","-","3","-","-","-","3"
"Vincent Martella","Patrick","-","-","-","3","-","-","3"
"Audrey Marie Anderson","Lilly Chambler","-","-","-","3","-","-","3"
"Meyrick Murphy","Meghan Chambler","-","-","-","3","-","-","3"
"Denise Crosby","Mary","-","-","-","2","1","-","3"
"Christine Woods","Dawn Lerner","-","-","-","-","3","-","3"
"Erik Jensen","Dr. Steve Edwards","-","-","-","-","3","-","3"
"Vviana Chavez","Miranda Morales","3","-","-","-","-","-","3"
"Maddie Lomax","Eliza Morales","3","-","-","-","-","-","3"
"Noah Lomax","Louis Morales","3","-","-","-","-","-","3"
"Markice Moore","Andrew","-","-","3","-","-","-","3"
"Lawrence Kao","Tim","-","-","3","-","-","-","3"
"Marcus Hester","Len","-","-","-","3","-","-","3"
"J.D. Evermore","Harley","-","-","-","3","-","-","3"
"Eric Mendenhall","Billy","-","-","-","3","-","-","3"
"Kennedy Brice","Molly","-","-","-","3","-","-","3"
"Keith Brooks","Dan","-","-","-","3","-","-","3"
"Teri Wyble","Shepherd","-","-","-","-","3","-","3"
"April Billingsley","Theresa","-","-","-","-","3","-","3"
"Tiffany Morgan","Erin","-","-","-","-","2","1","3"
"Jesse C. Boyd","Wolf #2","-","-","-","-","1","2","3"
"Jay Huguley","David","-","-","-","-","-","3","3"
"Noah Emmerich","Edwin Jenner","2","-","-","-","-","-","2"
"Michael Raymond-James","Dave","-","2","-","-","-","-","2"
"Julio Cesar Cedillo","Lieutenant Welles","-","-","2","-","-","-","2"
"Kirk Acevedo","Mitch Dolgen","-","-","-","2","-","-","2"
"Kerry Condon","Clara","-","-","-","2","-","-","2"
"Daniel Bonjour","Aiden Monroe","-","-","-","-","2","-","2"
"Maximiliano HernÃ¡ndez","Bob Lamson","-","-","-","-","2","-","2"
"Corey Hawkins","Heath","-","-","-","-","-","2","2"
"Justin Miles","Barnes","-","-","-","-","-","2*","2"
"Aaron Munoz","Tony","-","2","-","-","-","-","2"
"Theodus Crane","Big Tiny","-","-","2","-","-","-","2"
"Nick Gomez","Tomas","-","-","2","-","-","-","2"
"Lindsay Albernathy","Rowan","-","-","2","-","-","-","2"
"Arther Bridgers","Crowley","-","-","2","-","-","-","2"
"E. Roger Mitchell","Paul","-","-","2","-","-","-","2"
"Kylie Szymanski","Penny Blake","-","-","2","-","-","-","2"
"Victor McCay","Ryan Samuels","-","-","-","2","-","-","2"
"Santiago Cirilo","Julio","-","-","-","2","-","-","2"
"Elijah Marcano","Mikey","-","-","-","-","2","-","2"
"Marc Gowan","Percy","-","-","-","-","2","-","2"
"Christopher Matthew Cook","Licari","-","-","-","-","2","-","2"
"Benjamin Papac","Albert","-","-","-","-","2","-","2"
"Travis Young","Greg","-","-","-","-","2","-","2"
"Chris Burns","Mike","-","-","-","-","2","-","2"
"Beth Keener","Annie","-","-","-","-","-","2","2"
"Jonathan Kreitman","Sturgess","-","-","-","-","-","2","2"
"Tate Ellington","Alex","-","-","-","1","1","-","2"
"Robin Lord Taylor","Sam","-","-","-","1","1","-","2"
"Linds Edwards","Leon Basset","1","-","-","-","-","-","1"
"Noel G.","Felipe","1","-","-","-","-","-","1"
"Neil Brown, Jr.","Guillermo","1","-","-","-","-","-","1"
"Adrian Kali Turner","Duane Jones","1","-","-","-","-","-","1"
"Dave Davis","Gargulio","-","-","1","-","-","-","1"
"Cherie Dvorak","Donna","-","-","1","-","-","-","1"
"Tanner Holland","Jody","-","-","1","-","-","-","1"
"Parker Wierling","Noah","-","-","1","-","-","-","1"
"Kyle Gallner","Zach","-","-","-","1","-","-","1"
"Enver Gjokaj","Pete Dolgen","-","-","-","1","-","-","1"
"Brina Palencia","Ana","-","-","-","1","-","-","1"
"Danny Vinson","David Chambler","-","-","-","1","-","-","1"
"Scott Dale","Lou","-","-","-","1","-","-","1"
"Rico Ball","Franco","-","-","-","-","1","-","1"
"Keisha Castle-Hughes","Joan","-","-","-","-","1","-","1"
"Kyle Clements","McGinley","-","-","-","-","1","-","1"
"Cullen Moss","Gorman","-","-","-","-","1","-","1"
"Ethan Embry","Carter","-","-","-","-","-","1","1"
"John Carroll Lynch","Eastman","-","-","-","-","-","1","1"
"Vanessa Cloke","Anna","-","-","-","-","-","1","1"
"Austin Emilio","Dwight","-","-","-","-","-","1","1"
"Christine Evangelista","Sherry","-","-","-","-","-","1","1"
"Liz E. Morgan","Tina","-","-","-","-","-","1","1"
"Darin Cooper","Wade","-","-","-","-","-","1","1"
"Matt Lowe","Cam","-","-","-","-","-","1","1"
"Tom Payne","Paul Monroe","-","-","-","-","-","",""
"Xander Berkeley","Gregory","-","-","-","-","-","",""
"Jeffrey Dean Morgan","Negan","-","-","-","-","-","",""

