"Location","Size","Material","Date","Notes","References"
"National Gallery of Victoria","Original","Bronze","1884","Earliest bronze casting, has Florentine cap","[3]"
"MusÃ©e d'Art et d'Histoire (Geneva)","Original","Bronze","1896","","[4]"
"National Gallery of Art, Washington D.C.","Original","Bronze","1901","","[5]"
"Destroyed","Monumental","Plaster, bronze-tinted","1904","Earliest monumental, displayed outside Paris Pantheon, destroyed January 1905 by madman","[6]"
"University of Louisville","Monumental","Bronze","1903","First casting by A. A. HÃ©brard, lost wax technique, displayed at Louisiana Purchase Exposition","[6][7]"
"Detroit Institute of Arts","Monumental","Bronze","1903","First casting by Alexis Rudier, sand casting, four days younger than Louisville copy, publicly displayed at Leipzig and Berlin","[8]"
"Metropolitan Museum, New York","Monumental","Plaster, bronze-tinted","1904","Sent to Louisiana Purchase Exhibition to replace the bronze version","[6]"
"MusÃ©e Rodin","Monumental","Bronze","1904","Installed outside Paris PanthÃ©on in 1906, moved to MusÃ©e Rodin garden in 1922","[9]"
"Ny Carlsberg Glyptotek","Monumental","Bronze","1904","the \"third HÃ©brard copy\"","[1][6]"
"Staatliche Kunstsammlungen Dresden","Monumental","Plaster","1904","acquired by museum in October 1904","[6]"
"National Museum, PoznaÅ\u0084","Monumental","Plaster","1904","acquired in January 1905","[6][10]"
"Legion of Honor, San Francisco","Monumental","Bronze","1904","Alexis Rudier cast, purchased in 1915, donated to San Francisco in 1922","[11]"
"Private collection","Original","Bronze","1906","made for Ralph Pulitzer, sold for $15.3 million in 2013","[12]"
"Strasbourg Museum of Modern and Contemporary Art","Monumental","Plaster","1907","exhibited in Strasbourg in 1907 before museum's purchase","[13]"
"Ca' Pesaro, Venice","Monumental","Plaster, bronze-tinted","1907","purchased at the 1907 Biennale","[14]"
"Congressional Plaza, Buenos Aires","Monumental","Bronze","1907","Purchased by the museum director to Auguste Rodin, one of the three sculptures cast in the original mold and signed by him","[15][16][17]"
"Waldemarsudde, Sweden","Monumental","Bronze","1908","Alexis Rudier cast, for Prince Eugen of Norway and Sweden","[18]"
"Private collection","Original","Bronze","1916","sold for $11.8 million in 2010","[19][20]"
"Rodin's tomb, Meudon","Monumental","Bronze","1916","Alexis Rudier cast, placed at the grave when his wife died","[6]"
"Cleveland Museum of Art","Monumental","Bronze","1916","Alexis Rudier cast, purchased 1916, badly damaged by vandalism in 1970, displayed in an unrepaired state","[1][2][21]"
"MusÃ©e Rodin at Meudon","Monumental","Plaster, bronze-tinted","1916","the museum has several plaster casts in different sizes and of different ages","[22]"

