"","Entry","Driver","Race"
"1","1st race","Nino Farina","1950 British Grand Prix"
"1","1st race","Johnnie Parsons[N 1]","1950 Indianapolis 500[N 1]"
"1","1st race","Giancarlo Baghetti","1961 French Grand Prix"
"4","2nd race","Juan Manuel Fangio","1950 Monaco Grand Prix"
"4","2nd race","Lee Wallard[N 1]","1951 Indianapolis 500[N 1]"
"6","3rd race","Troy Ruttman[N 1]","1952 Indianapolis 500[N 1]"
"6","3rd race","Bill Vukovich[N 1]","1953 Indianapolis 500[N 1]"
"6","3rd race","Tony Brooks[N 7]","1957 British Grand Prix"
"9","4th race","Bob Sweikert[N 1]","1955 Indianapolis 500[N 1]"
"9","4th race","Jacques Villeneuve","1996 European Grand Prix"

