"#","Film","Year","Blu-ray release date","Blu-ray 3D release date","DVD release date","Digital distribution release date","Moratorium"
"1","Snow White and the Seven Dwarfs","1937","October 6, 2009","N\/A","November 24, 2009","N\/A","April 30, 2011"
"2","Beauty and the Beast","1991","October 5, 2010","October 4, 2011","November 23, 2010","October 5, 2010","April 30, 2012"
"3","Bambi","1942","March 1, 2011","N\/A","April 19, 2011","March 1, 2011","April 30, 2012"
"4","The Lion King","1994","October 4, 2011","October 4, 2011","November 15, 2011","October 4, 2011","April 30, 2013"
"5","Lady and the Tramp","1955","February 7, 2012","N\/A","March 20, 2012","February 7, 2012","April 30, 2013"
"6","Cinderella","1950","October 2, 2012","N\/A","November 20, 2012","October 2, 2012","April 30, 2016"
"7","Peter Pan","1953","February 5, 2013","N\/A","August 20, 2013","February 5, 2013","April 30, 2014"
"8","The Little Mermaid","1989","October 1, 2013","October 1, 2013","December 3, 2013","October 1, 2013","April 30, 2016"
"9","The Jungle Book","1967","February 11, 2014","N\/A","February 11, 2014","February 11, 2014","April 30, 2016"
"10","Sleeping Beauty","1959","October 7, 2014","N\/A","October 7, 2014","October 7, 2014","April 30, 2016"
"11","101 Dalmatians","1961","February 10, 2015","N\/A","N\/A","February 10, 2015","April 30, 2016"
"12","Aladdin","1992","October 13, 2015","N\/A","N\/A","September 29, 2015","April 30, 2017"

