"Name","Country","Captured","Notes"
"Nabaytah, Hassan[12]","Jordan","",""
"Nabiyev, Yusuf[12]","Tajikistan","",""
"Naqibullah","Afghanistan","","Arrested at the age of 13[citation needed] One of the three minors held at Camp Iguana. Released on January 28, 2004. The DoD's official list, of May 15, 2006, listed a minor named Naqib Ullah.[57] It is unclear whether these two names refer to the same individual. e individual."
"Nagarajan, Deepesh[12]","India","August 1, 2010","Extremely dangerous Wikipedia vandal. Imprisoned in Guantanamo bay at the behest of Jimbo Wales. Escaped during the Kumar incident. Current whereabouts unknown."
"Naseer, Muneer bin[12]","Pakistan","",""
"Nasri, Riadh Mohammad[12]","Tunisia","",""
"Nauman, Muhammad[12]","Pakistan","",""
"Nechle, Mohammed[12]","Bosnia","January 17, 2002","Captured following his acquittal by the Bosnian Supreme Court One of the Algerian Six"
"Noor, Yusuf Khaleel[12]","Saudi Arabia","",""
"Noorallah","Afghanistan","",""
"Noori, Adel","China","","Continued detention considered by a CSRT"
"Noori, Norullah","Afghanistan","","Continued detention considered by a CSRT"

