"1 Trillion USD","2 Trillion USD","3 Trillion USD","5 Trillion USD","10 Trillion USD","20 Trillion USD"
"Year Achieved","Country","Year Achieved","Country","Year Achieved","Country","Year Achieved","Country","Year Achieved","Country","Year Achieved","Country"
"1969","United States","1977","United States","1981","United States","1988","United States","2000","United States","2016 (est.)","China"
"N\/A","Soviet Union","N\/A","Soviet Union","1997","Japan","2003","China","2008","China","2018 (est.)","United States"
"1981","Japan","1989","Japan","1998","China","2010","India","2018 (est.)","India","2022 (est.)","India"
"1983","Germany","1995","China","2005","India","2017 (est.)","Japan","","","",""
"N\/A","Russia","1995","Germany","2006","Germany","","","","","",""
"1989","Italy","2000","India","2008","Russia","","","","","",""
"1989","France","2004","Russia","2012","Brazil","","","","","",""
"1989","China","2005","Brazil","2016 (est.)","Indonesia","","","","","",""
"1990","Brazil","2005","France","2019 (est.)","United Kingdom","","","","","",""
"1991","India","2006","United Kingdom","2019 (est.)","France","","","","","",""
"1992","United Kingdom","2006","Italy","","","","","","","",""
"1997","Mexico","2010","Indonesia","","","","","","","",""
"2001","Spain","2012","Mexico","","","","","","","",""
"2001","Indonesia","2017 (est.)","South Korea","","","","","","","",""
"2003","Canada","2019 (est.)","Saudi Arabia","","","","","","","",""
"2004","South Korea","2020 (est.)","Turkey","","","","","","","",""
"2006","Turkey","","","","","","","","","",""
"2007","Iran","","","","","","","","","",""
"2007","Saudi Arabia","","","","","","","","","",""
"2012","Australia","","","","","","","","","",""
"2013","Thailand","","","","","","","","","",""
"2013","Taiwan","","","","","","","","","",""
"2014","Nigeria","","","","","","","","","",""
"2015 (est.)","Poland","","","","","","","","","",""
"2016 (est.)","Egypt","","","","","","","","","",""
"2017 (est.)","Pakistan","","","","","","","","","",""
"2018 (est.)","Argentina","","","","","","","","","",""
"2019 (est.)","Malaysia","","","","","","","","","",""
"2019 (est.)","Philippines","","","","","","","","","",""
"2020 (est.)","Netherlands","","","","","","","","","",""

