"Name","Other names","Location","Age (Carbon-14 Dating)","Sex","Year discovered","Image","Description"
"Amcotts Moor Woman","","Lincolnshire, England","200â\u0080\u0093400 CE","Female","1747","","The Amcotts Moor Woman was discovered when the discoverer had dug six feet into the bog, his shovel struck a shoe. The man began to uncover a human foot, and he fled the scene. The body was later completely uncovered by George Stovin, who was a doctor, and his assistants.[111] Most of the foot had gone through skeletonization; however the heel had been preserved. Some skin of the lower body and arms were unearthed, along with hair and fingernails. Today, only her left shoe has survived.[112][113]"
"Grewelthorphe remains","","Yorkshire, England","Undetermined","Undetermined","1850","","This bog body was described to have been wearing brightly coloured clothing when it was unearthed. The body was then taken to a church graveyard and was buried. However, fragments of the shoes had been removed from the corpse by a police man and are all that remain of the body.[77]"
"Gunnister Man","","Gunnister, Scotland","18th century","Male","1951","","This bog body was found accompanied by a complete set of garments, containing the earliest examples of knitted fabric in Shetland. The remains are held at National Museum of Scotland in Edinburgh.[114]"
"Lindow Woman","Lindow I","Cheshire, England","250 CE","Female","1983","","The skull fragment was originally thought to be the deceased wife of Peter Reyn-Bardt, who confessed to her murder after the discovery. But after the skull was dated, it was proven to be much older than Mrs. Reyn-Bardt. Peter Reyn-Bardt was convicted for his wife's murder anyway."
"Lindow Man","Lindow II","Cheshire, England","2 BCE-119 CE","Male","1984","","Examination revealed that the man was in his mid twenties. His official name is Lindow II, though he was nicknamed \"Pete Marsh\" by journalists. The man's injuries were a blunt force trauma wound to the head which left a small hole, a stab wound to the chest as well as a possible stab to his neck. There was also a cord found around his neck, thought to be a garrote or a necklace.[115] The skull was reconstructed by Richard Neave, who is also known for his work on Yde Girl. A theory states that the partial remains of Lindow IV found in 1988 are part of Lindow Man.[116]"
"Lindow III","","Cheshire, England","Early Iron Age","Male","1987","","The body was severed into over seventy pieces by the turf cutting machine.[117] The tissue, however, was in good condition.[117]"
"Prestatyn Child","","Clwyd, Wales","90 CE","Undetermined","1984","","The corpse was believed to be that of an infant. Little is published about this find.[118]"
"Worsley Man","","Manchester, England","120 CE","Male","1958","","The Worsley man had been garroted and beheaded. He was around 20â\u0080\u009330 years of age when he was killed, most likely by ritual sacrifice. The garrote was found still around the man's neck.Pain, Stephanie (23 September 2003), \"The Head from Worsley Moss\", New Scientist (2414), ISSN 0262-4079"
"Cladh Hallan Skeletons","","South Uist, Scotland","1600â\u0080\u00931120 BCE[119]","Males and Females","1988â\u0080\u00932002","","Remains of several prehistoric human skeletons are described in Pearson, Michael Parker; Sharples, Niall M.; Symonds, James (2004). South Uist: Archaeology and History of a Hebridean Island. Stroud: Tempus. ISBN 0-7524-2905-1. The image shows a diagram of a skeleton containing the bones of three different people. Some of the skeletons were compiled of six different people.[120]"

