"Title","Years","Channel","Genre","Notes"
"Oi Afthairetoi","1989â\u0080\u00931990","Mega Channel","Comedy","The first television series of private television[5]"
"Oi Treis Harites","1990â\u0080\u00931992","Mega Channel","Comedy",""
"To Retire","1990â\u0080\u00931992","Mega Channel","Comedy",""
"Lampsi","1991â\u0080\u00932005","ANT1","Soap Opera",""
"Oi Aparadektoi","1991â\u0080\u00931993","Mega Channel","Comedy",""
"Oi Mikromesaioi","1992â\u0080\u00931993","Mega Channel","Comedy",""
"Oi frouroi tis Achaias","1992â\u0080\u00931993","Mega Channel","Drama",""
"Tis Ellados ta Paidia","1993â\u0080\u00931995","ANT1","Comedy",""
"I Men... ke I Den","1993â\u0080\u00931996","ANT1","Comedy",""

