"Monarch","Portrait","Relationship with Predecessor(s)","Birth","Marriage","Ruled from","Ruled until","Death"
"Michael I","","First cousin once removed of Feodor I","12 July 1596 Moscow, Tsardom of Muscovy","Maria Vladimirovna Dolgorukova 1624 one stillborn child Eudoxia Lukyanovna Streshneva 5 February 1626 ten children","26 July 1613","12 July 1645","12 July 1645, Moscow, Tsardom of Muscovy"
"Alexis I the Quietest","","Son of Michael I","9 May 1629 Moscow, Tsardom of Muscovy","Maria Ilyinichna Miloslavskaya 17 January 1648 13 children Natalia Kirillovna Naryshkina 1 February 1671 3 children","12 July 1645","29 January 1676","29 January 1676, Moscow, Tsardom of Muscovy"
"Feodor III","","Son of Alexis I","9 June 1661 Moscow, Tsardom of Muscovy","Agaphia Simeonovna Grushevskaya 28 July 1680 one son Marfa Matveievna Apraksina 24 February 1682 no children","29 January 1676","7 May 1682","7 May 1682, Moscow, Tsardom of Muscovy"
"Sophia (regent)","","Daughter of Alexis I","17 September 1657 Moscow, Tsardom of Muscovy","unmarried, no children","17 May 1682","27 August 1689","3 July 1704, Moscow, Tsardom of Muscovy"
"Ivan V jointly with Peter I","","Son of Alexis I","6 September 1666 Moscow, Tsardom of Muscovy","Praskovia Feodorovna Saltykova 1684 5 daughters","2 June 1682","8 February 1696","8 February 1696, Moscow, Tsardom of Muscovy"
"Peter I the Great jointly with Ivan V 1682â\u0080\u00931696","","Son of Alexis I","9 June 1672 Moscow, Tsardom of Muscovy","Eudoxia Feodorovna Lopukhina 1689 3 children Marta Helena SkowroÅ\u0084ska 1707 9 children","2 June 1682","2 November 1721","8 February 1725, St. Petersburg, Russian Empire"

