"Year","Title","Role","Notes"
"2004","Catch That Kid","Gus",""
"2005","The Pacifier","Seth Plummer",""
"2007","The Astronaut Farmer","Shepard Farmer",""
"2007","Nancy Drew","Ned Nickerson",""
"2008","Jumper","Young David Rice",""
"2008","Kit Kittredge: An American Girl","Will Shepherd",""
"2010","My Soul to Take","Adam \"Bug\" Hellerman",""
"2010","Stay Cool","Luke",""
"2010","Chloe","Michael Stewart",""
"2011","The Family Tree","Eric Burnett",""
"2011","Foreverland","William \"Will\" Rankin",""
"2012","Yellow","Young Nowell",""
"2012","Disconnect","Kyle",""
"2012","House at the End of the Street","Ryan Jacobson",""
"2015","Point Break","Jeff",""

