"Code","Vehicle","Year","Displacement","Bore","Stroke","C.R.","Max. Power","Max. Torque","Features"
"CG10DE","K11 March \/ Micra","1992â\u0080\u00931999","1.0 L (998 cc)","71.0mm","63.0mm","9.5:1","55 PS; 54 bhp; 40 kW @ 6000 rpm","79 Nm; 58 lb.ft @ 4000 rpm","DOHC, Multi Point Injection[5]"
"CG10DE","K11 March \/ Micra","2000â\u0080\u00932003","1.0 L (998 cc)","71.0mm","63.0mm","9.5:1","60 PS; 59 bhp; 44 kW @ 6000 rpm","80 Nm; 59 lb.ft @ 4000 rpm","DOHC, Multi Point Injection, Direct Ignition[6]"
"CG13DE","K11 March \/ Micra Z10 Nissan Cube","1992â\u0080\u00932003 1998â\u0080\u00932000","1.3 L (1275 cc)","71.0mm","80.5mm","9.5:1","75 PS; 74 bhp; 55 kW @ 6000 rpm","103 Nm; 75 lb.ft @ 4000 rpm","DOHC, Multi Point Injection[7]"
"CGA3DE","K11 March \/ Micra Z10 Nissan Cube","2000â\u0080\u00932003","1.4 L (1348 cc)","71.0mm","82.0mm","9.5:1","82 PS; 81 bhp; 60 kW @ 6000 rpm","108 Nm; 79 lb.ft @ 2800rpm","DOHC, Multi Point Injection, Direct Ignition[8]"

