"Men's medalists"
"Year","Gold","Silver","Bronze","Details"
"1989","Sergei Dudakov","Alexander Orset","Jan Erik Digernes","[1]"
"1990","Sergei Dudakov","Shepherd Clark","Sergei Artemov","[1]"
"1991","Scott Davis","David Liu","FrÃ©dÃ©ric Lebihan","[1]"
"1992","Michael Chack","Oula JÃ¤Ã¤skelÃ¤inen","Clive Shorten","[1]"
"1993","Elvis Stojko","Philippe Candeloro","Scott Davis",""
"1994","","","",""
"1995","Thierry Cerez","Igor Sinyutin","Robert Grzegorczyk",""
"1996","Michael Tyllesen","Johnny RÃ¸nne Jensen","Trifun Å½ivanoviÄ\u0087",""
"1997","Michael Chack","Margus Hernits","Jere Michael","[2]"
"1998","Michael Tyllesen","Michael Amentas","Alexei Kozlov",""

