"Airlines","Destinations"
"Adria Airways","Seasonal charter: Ljubljana"
"Aegean Airlines","Seasonal charter: Brest, Paris-Charles de Gaulle"
"Air Berlin","Seasonal: Berlin-Tegel, DÃ¼sseldorf, Hamburg, Munich, Nuremberg, ZÃ¼rich"
"Albastar","Seasonal charter: Milan-Malpensa, Verona"
"Astra Airlines","Thessaloniki (PSO), Athens[4][5]"
"Austrian Airlines","Seasonal: Vienna"
"Danish Air Transport","Seasonal charter: Billund, Copenhagen"
"Jetairfly","Seasonal: Brussels[6]"
"Jet Time","Seasonal charter: Billund, Copenhagen"
"Niki","Seasonal: Vienna"
"Olympic Air","Athens[7]"
"Sky Express","Chios (PSO), Rhodes (PSO)"
"SmartWings operated by Travel Service[8]","Seasonal: Prague"
"Thomson Airways","Seasonal charter: London-Gatwick"
"Transavia","Seasonal: Amsterdam"
"TUI Airlines Netherlands","Seasonal charter: Amsterdam"
"TUIfly Nordic","Seasonal charter: Gothenburg-Landvetter, Helsinki, Oslo-Gardermoen, Stockholm-Arlanda"
"Volotea","Seasonal: Venice"

