"Club","Sport","League","Venue"
"Cangrejeros de Santurce","Basketball","Baloncesto Superior Nacional","Roberto Clemente Coliseum"
"Cangrejeros de Santurce","Baseball","Puerto Rico Baseball League","Hiram Bithorn Stadium[86][87]"
"AtlÃ©ticos de San Juan","Football\/BalompiÃ© (Soccer)","Puerto Rico Soccer League","Hiram Bithorn Stadium[86][87]"
"Academia Quintana","Football\/BalompiÃ© (Soccer)","Puerto Rico Soccer League","Hiram Bithorn Stadium[86][87]"
"San Juan United","Football\/BalompiÃ© (Soccer)","Puerto Rico Soccer League Second Division","Sixto Escobar Stadium[88]"

