"Point","Location","Elevation"
"CSX Transportation railroad","39Â°48â\u0080²30â\u0080³N 78Â°57â\u0080²27â\u0080³Wï»¿ \/ ï»¿39.80833Â°N 78.95750Â°W","2,430 feet (741 m)"
"Big Savage Mountain","39Â°47â\u0080²40â\u0080³N 78Â°49â\u0080²47â\u0080³Wï»¿ \/ ï»¿39.79444Â°N 78.82972Â°W","2,566 feet (782 m)"
"Big Savage Tunnel","39Â°44â\u0080²27â\u0080³N 78Â°53â\u0080²37â\u0080³Wï»¿ \/ ï»¿39.74083Â°N 78.89361Â°W","2,400 feet (732 m) (above tunnel)"
"Little Savage Mountain","39Â°43â\u0080²49â\u0080³N 78Â°55â\u0080²11â\u0080³Wï»¿ \/ ï»¿39.73028Â°N 78.91972Â°W","2,820 feet (860 m)"
"Maryland\/Pennsylvania state line (Masonâ\u0080\u0093Dixon line)","39Â°43â\u0080²21â\u0080³N 78Â°54â\u0080²51â\u0080³Wï»¿ \/ ï»¿39.72250Â°N 78.91417Â°W","2,840 feet (866 m)"
"U.S. Route 40 Alternate","39Â°40â\u0080²56â\u0080³N 78Â°58â\u0080²01â\u0080³Wï»¿ \/ ï»¿39.68222Â°N 78.96694Â°W","2,847 feet (868 m)"
"Interstate 68\/U.S. Route 40","39Â°40â\u0080²23â\u0080³N 78Â°57â\u0080²46â\u0080³Wï»¿ \/ ï»¿39.67306Â°N 78.96278Â°W","2,830 feet (863 m)"
"Elbow Mountain","39Â°34â\u0080²06â\u0080³N 79Â°05â\u0080²10â\u0080³Wï»¿ \/ ï»¿39.56833Â°N 79.08611Â°W","2,740 feet (835 m)"

