"Name","Party","Sector"
"Danilo Astori - President","Frente Amplio","Uruguay Assembly"
"Sergio Abreu","National Party","National Alliance"
"Ernesto Agazzi","Frente Amplio","MPP"
"JosÃ© AmorÃ­n","Colorado Party","ProBa"
"Carlos BarÃ¡ibar","Frente Amplio","Uruguay Assembly"
"Pedro Bordaberry","Colorado Party","Vamos Uruguay"
"Juan Chiruchi","National Party","UNA"
"GermÃ¡n Coutinho","Colorado Party","Vamos Uruguay"
"Eber Da Rosa","National Party","National Alliance"
"Susana DalmÃ¡s","Frente Amplio","Uruguay Assembly"
"Eleuterio FernÃ¡ndez Huidobro","Frente Amplio","CAP-L"
"RamÃ³n Fonticiella","Frente Amplio","Uruguay Assembly"
"Francisco Gallinal","National Party","UNA"
"Luis Alberto Heber","National Party","UNA"
"Luis Alberto Lacalle","National Party","UNA"
"Jorge LarraÃ±aga","National Party","National Alliance"
"Eduardo Lorier","Frente Amplio","Communist Party of Uruguay"
"Daniel MartÃ­nez","Frente Amplio","Socialist Party of Uruguay"
"Rafael Michelini","Frente Amplio","New Space"
"Daniel Montiel","Frente Amplio","MPP"
"Carlos Moreira","National Party","National Alliance"
"Constanza Moreira","Frente Amplio","MPP"
"Rodolfo Nin Novoa","Frente Amplio","Progressive Alliance"
"Ope Pasquet","Colorado Party","Vamos Uruguay"
"Gustavo PenadÃ©s","National Party","UNA"
"Enrique Rubio","Frente Amplio","Vertiente Artiguista"
"Jorge Saravia","Frente Amplio","MPP"
"HÃ©ctor TajÃ¡m","Frente Amplio","MPP"
"LucÃ­a Topolansky","Frente Amplio","MPP"
"TabarÃ© Viera","Colorado Party","ProBa"
"MÃ³nica Xavier","Frente Amplio","Socialist Party of Uruguay"

