"Season","Opponent","Series","GF-GA","Result","Round"
"1997","Guelph Regals","4-2","67-59","Win","Division SF"
"--","St. Catharines Spartans","4-3","74-69","Win","Division Final"
"--","Orillia Kings","0-3","20-54","Loss","OLA Final"
"--","Founders Cup","6-1","?-?","1st","Won Tournament"
"1998","Milton Mavericks","4-3","74-50","Win","Division SF"
"--","Owen Sound Flying Dutchmen","4-2","60-55","Win","Division Final"
"--","Clarington Green Gaels","4-2","57-50","Win","OLA Final"
"--","Founders Cup","3-1","46-36","3rd","Won Bronze Medal"
"1999","Elora Mohawks","0-3","28-37","Loss","Conference QF"
"2000","Elora Mohawks","1-4","54-56","Loss","Division SF"
"2001","St. Catharines Spartans","3-0","27-20","Win","Conference QF"
"--","Wallaceburg Red Devils","1-4","57-67","Loss","Conference SF"
"2002","Sarnia Pacers","0-3","25-31","Loss","Conference QF"
"2003","Orangeville Northmen","3-0","40-22","Win","Conference QF"
"--","Elora Mohawks","3-1","30-27","Win","Conference SF"
"--","St. Catharines Spartans","3-1","35-37","Win","Conference Final"
"--","Barrie Tornado","2-3","51-47","Loss","OLA Final"
"2004","Owen Sound Flying Dutchmen","1-3","30-34","Loss","Conference QF"
"2005","Windsor AKO Fratmen","3-1","35-30","Win","Conference QF"
"--","Orangeville Northmen","0-3","15-29","Loss","Conference SF"
"2007","Hamilton Bengals","3-0","30-18","Win","Conference QF"
"--","Owen Sound Rams","3-1","45-26","Win","Conference SF"
"--","Windsor AKO Fratmen","3-0","21-12","Win","Conference Final"
"--","Clarington Green Gaels","3-0","27-19","Win","OLA Final"
"--","Founders Cup","7-0","86-25","1st","Tournament Champions"
"2008","Wallaceburg Red Devils","3-0","42-7","Win","Conference QF"
"--","Windsor AKO Fratmen","3-1","35-22","Win","Conference SF"
"--","Elora Mohawks","3-2","45-37","Win","Conference Final"
"--","Halton Hills Bulldogs","3-1","34-19","Win","OLA Final"
"--","Founders Cup","7-0","86-24","1st","Tournament Champions"
"2009","Oakville Buzz","3-2","25-23","Win","Conference QF"
"--","Welland Warlords","3-2","30-28","Win","Conference SF"
"--","Elora Mohawks","2-3","41-43","Loss","Conference Final"
"2010","St. Catharines Spartans","3-0","32-18","Win","Conference QF"
"--","Orangeville Northmen","3-0","28-10","Win","Conference SF"
"--","Elora Mohawks","2-3","35-36","Loss","Conference Final"
"2011","Wallaceburg Red Devils","3-0","48-23","Win","Conference QF"
"--","Orangeville Northmen","3-0","28-10","Win","Conference SF"
"--","Elora Mohawks","3-1","41-35","Win","Conference Final"
"--","Halton Hills Bulldogs","3-2","48-44","Win","OLA Final"
"--","Founders Cup","5-0","94-28","1st","Tournament Champions"
"2012","Niagara Thunderhawks","3-0","36-19","Win","Conference QF"
"--","Orangeville Northmen","3-0","38-28","Win","Conference SF"
"--","Wallaceburg Red Devils","3-2","47-50","Win","Conference Final"
"--","Akwesasne Lightning","3-0","34-23","Win","OLA Final"
"--","Founders Cup","5-0-1","83-38","1st","Tournament Champions"
"2013","Brampton Excelsiors","2-0","32-10","Win","Conference QF"
"--","Niagara Thunderhawks","3-0","35-10","Win","Conference SF"
"--","Orangeville Northmen","3-0","41-15","Win","Conference Final"
"--","Clarington Green Gaels","3-1","42-32","Win","OLA Final"
"--","Founders Cup","6-0","117-35","1st","Tournament Champions"
"2014","Welland Generals","3-0","55-19","Win","Conference QF"
"--","Niagara Thunderhawks","3-0","34-12","Win","Conference SF"
"--","Orangeville Northmen","3-1","45-27","Win","Conference Final"
"--","Halton Hills Bulldogs","3-0","43-20","Win","OLA Final"
"--","Founders Cup","7-0","132-27","1st","Tournament Champions"
"2015","Wallaceburg Red Devils","3-0","48-11","Win","Conference QF"
"--","Windsor Clippers","3-0","40-21","Win","Conference SF"
"--","Orangeville Northmen","3-2","30-29","Win","Conference Final"
"--","Akwesasne Indians","1-3","33-43","Loss","OLA Final"

