"Election","Political result","Candidate","Party","Votes","%","Â±%"
"General Election 2015 Turnout: 57.8%","","Labour hold Majority: 10,614 (29.3%) Swing: +0.7% from Con to Lab","","Emma Lewell-Buck","Labour","18,589","51.3","-0.8"
"General Election 2015 Turnout: 57.8%","","Labour hold Majority: 10,614 (29.3%) Swing: +0.7% from Con to Lab","","Norman Dennis","UKIP","7,975","22.0","N\/A"
"General Election 2015 Turnout: 57.8%","","Labour hold Majority: 10,614 (29.3%) Swing: +0.7% from Con to Lab","","Robert Oliver","Conservative","6,021","16.6","-5.0"
"General Election 2015 Turnout: 57.8%","","Labour hold Majority: 10,614 (29.3%) Swing: +0.7% from Con to Lab","","Shirley Ford","Green","1,614","4.5","+2.4"
"General Election 2015 Turnout: 57.8%","","Labour hold Majority: 10,614 (29.3%) Swing: +0.7% from Con to Lab","","Lisa Nightingale","Independent","1,427","3.9","+3.9"
"General Election 2015 Turnout: 57.8%","","Labour hold Majority: 10,614 (29.3%) Swing: +0.7% from Con to Lab","","Gitanjalil (Gita) Gordon","Liberal Democrat","639","1.8","-12.4"
"By-election, May 2013 [5][6][7] Resignation of David Miliband Electorate: 62,979 Turnout: 24,780 (39.3%) â\u0088\u009218.4","","Labour hold Majority: 6,505 (26.3%) â\u0088\u00924.1","","Emma Lewell-Buck","Labour","12,493","50.4","â\u0088\u00921.6"
"By-election, May 2013 [5][6][7] Resignation of David Miliband Electorate: 62,979 Turnout: 24,780 (39.3%) â\u0088\u009218.4","","Labour hold Majority: 6,505 (26.3%) â\u0088\u00924.1","","Richard Elvin","UKIP","5,988","24.2","N\/A"
"By-election, May 2013 [5][6][7] Resignation of David Miliband Electorate: 62,979 Turnout: 24,780 (39.3%) â\u0088\u009218.4","","Labour hold Majority: 6,505 (26.3%) â\u0088\u00924.1","","Karen Allen","Conservative","2,857","11.5","â\u0088\u009210.1"
"By-election, May 2013 [5][6][7] Resignation of David Miliband Electorate: 62,979 Turnout: 24,780 (39.3%) â\u0088\u009218.4","","Labour hold Majority: 6,505 (26.3%) â\u0088\u00924.1","","Ahmed Khan","Independent","1,331","5.4","N\/A"
"By-election, May 2013 [5][6][7] Resignation of David Miliband Electorate: 62,979 Turnout: 24,780 (39.3%) â\u0088\u009218.4","","Labour hold Majority: 6,505 (26.3%) â\u0088\u00924.1","","Phil Brown","Independent Socialist Party","750","3.0","N\/A"
"By-election, May 2013 [5][6][7] Resignation of David Miliband Electorate: 62,979 Turnout: 24,780 (39.3%) â\u0088\u009218.4","","Labour hold Majority: 6,505 (26.3%) â\u0088\u00924.1","","Lady Dorothy MacBeth Brookes","BNP","711","2.9","â\u0088\u00923.6"
"By-election, May 2013 [5][6][7] Resignation of David Miliband Electorate: 62,979 Turnout: 24,780 (39.3%) â\u0088\u009218.4","","Labour hold Majority: 6,505 (26.3%) â\u0088\u00924.1","","Hugh Annand","Liberal Democrat","352","1.4","â\u0088\u009212.8"
"By-election, May 2013 [5][6][7] Resignation of David Miliband Electorate: 62,979 Turnout: 24,780 (39.3%) â\u0088\u009218.4","","Labour hold Majority: 6,505 (26.3%) â\u0088\u00924.1","","Alan \"Howling Laud\" Hope","Monster Raving Loony","197","0.8","N\/A"
"By-election, May 2013 [5][6][7] Resignation of David Miliband Electorate: 62,979 Turnout: 24,780 (39.3%) â\u0088\u009218.4","","Labour hold Majority: 6,505 (26.3%) â\u0088\u00924.1","","Thomas Darwood","Independent","57","0.2","N\/A"
"General Election 2010 [8] Electorate: 64,084 Turnout: 36,518 (57.7%) +7.0","","Labour hold Majority: 11,109 (30.4%) â\u0088\u009210.4 Swing: -6.4% from Lab to Con","","David Miliband","Labour","18,995","52.0","-8.8"
"General Election 2010 [8] Electorate: 64,084 Turnout: 36,518 (57.7%) +7.0","","Labour hold Majority: 11,109 (30.4%) â\u0088\u009210.4 Swing: -6.4% from Lab to Con","","Karen Allen","Conservative","7,886","21.6","+4.0"
"General Election 2010 [8] Electorate: 64,084 Turnout: 36,518 (57.7%) +7.0","","Labour hold Majority: 11,109 (30.4%) â\u0088\u009210.4 Swing: -6.4% from Lab to Con","","Stephen Psallidas","Liberal Democrat","5,189","14.2","-5.0"
"General Election 2010 [8] Electorate: 64,084 Turnout: 36,518 (57.7%) +7.0","","Labour hold Majority: 11,109 (30.4%) â\u0088\u009210.4 Swing: -6.4% from Lab to Con","","Donna Watson","BNP","2,382","6.5","N\/A"
"General Election 2010 [8] Electorate: 64,084 Turnout: 36,518 (57.7%) +7.0","","Labour hold Majority: 11,109 (30.4%) â\u0088\u009210.4 Swing: -6.4% from Lab to Con","","Shirley Ford","Green","762","2.1","N\/A"
"General Election 2010 [8] Electorate: 64,084 Turnout: 36,518 (57.7%) +7.0","","Labour hold Majority: 11,109 (30.4%) â\u0088\u009210.4 Swing: -6.4% from Lab to Con","","Siamak Kaikavoosi","Independent","729","2.0","N\/A"
"General Election 2010 [8] Electorate: 64,084 Turnout: 36,518 (57.7%) +7.0","","Labour hold Majority: 11,109 (30.4%) â\u0088\u009210.4 Swing: -6.4% from Lab to Con","","Victor Thompson","Independent","316","0.9","N\/A"
"General Election 2010 [8] Electorate: 64,084 Turnout: 36,518 (57.7%) +7.0","","Labour hold Majority: 11,109 (30.4%) â\u0088\u009210.4 Swing: -6.4% from Lab to Con","","Sam Navabi","Independent","168","0.5","N\/A"
"General Election 2010 [8] Electorate: 64,084 Turnout: 36,518 (57.7%) +7.0","","Labour hold Majority: 11,109 (30.4%) â\u0088\u009210.4 Swing: -6.4% from Lab to Con","","Roger Nettleship","Fight for an Anti-War Government","91","0.2","N\/A"
"General Election 2005 [9] Electorate: 59,330 Turnout: 30,206 (42.2%) â\u0088\u00927.5","","Labour hold Majority: 12,312 (40.8%) â\u0088\u00925.5","","David Miliband","Labour","18,269","60.5","â\u0088\u00922.7"
"General Election 2005 [9] Electorate: 59,330 Turnout: 30,206 (42.2%) â\u0088\u00927.5","","Labour hold Majority: 12,312 (40.8%) â\u0088\u00925.5","","Stephen Psallidas","Liberal Democrat","5,957","19.7","+2.9"
"General Election 2005 [9] Electorate: 59,330 Turnout: 30,206 (42.2%) â\u0088\u00927.5","","Labour hold Majority: 12,312 (40.8%) â\u0088\u00925.5","","Richard Lewis","Conservative","5,207","17.2","+0.3"
"General Election 2005 [9] Electorate: 59,330 Turnout: 30,206 (42.2%) â\u0088\u00927.5","","Labour hold Majority: 12,312 (40.8%) â\u0088\u00925.5","","Nader Afshari-Naderi","Independent","773","2.6","N\/A"
"General Election 2001 [10] Electorate: 61,285 Turnout: 30,448 (49.7%) â\u0088\u009212.9","","Labour hold Majority: 14,090 (46.3%) â\u0088\u009210.5 Swing: 5.3% from Con to Lab","","David Miliband","Labour","19,230","63.2","â\u0088\u00928.3"
"General Election 2001 [10] Electorate: 61,285 Turnout: 30,448 (49.7%) â\u0088\u009212.9","","Labour hold Majority: 14,090 (46.3%) â\u0088\u009210.5 Swing: 5.3% from Con to Lab","","Joanna Gardner","Conservative","5,140","16.9","+2.3"
"General Election 2001 [10] Electorate: 61,285 Turnout: 30,448 (49.7%) â\u0088\u009212.9","","Labour hold Majority: 14,090 (46.3%) â\u0088\u009210.5 Swing: 5.3% from Con to Lab","","Marshall Grainger","Liberal Democrat","5,127","16.8","+8.0"
"General Election 2001 [10] Electorate: 61,285 Turnout: 30,448 (49.7%) â\u0088\u009212.9","","Labour hold Majority: 14,090 (46.3%) â\u0088\u009210.5 Swing: 5.3% from Con to Lab","","Alan Hardy","UKIP","689","2.3","N\/A"
"General Election 2001 [10] Electorate: 61,285 Turnout: 30,448 (49.7%) â\u0088\u009212.9","","Labour hold Majority: 14,090 (46.3%) â\u0088\u009210.5 Swing: 5.3% from Con to Lab","","Roger Nettleship","Independent","262","0.9","â\u0088\u00920.1"

