"Title","Major credits","Release date","Notes"
"Fight, Fish, Fight","Bob Edge (director); music: Rex Dunn; narrator: Wendell Niles","March 1","Hunting marlin in New Zealand"
"Sky Sailing","music: William Lava; narrator: Knox Manning","April 19","Covers sport of gliding"
"Big Bill Tilden","producer: Gordon Hollingshead; director: Del Frazier; music: William Lava; narrator: John Deering","May 24","Tennis reel with Bill Tilden"
"Sail Ho","co-produced by Cinesound Productions; director: Del Frazier; music: Rex Dunn; narrator: Knox Manning","June 14","Following a sailor in Australia"
"It Happens on Rollers","director: Del Frazier; music: William Lava; narrator: Knox Manning","July 12","Features Gloria Nordskog"
"Lions for Sale","producer: Gordon Hollingshead; director: Del Frazier; music: Rex Dunn; narrator: Knox Manning","August 9","Sometimes billed as a â\u0080\u009CColor Paradeâ\u0080\u009D, filmed in a two-color process. Covers lions trained for circuses. On DVD for Sergeant York."
"Kings of the Turf","producer: Gordon Hollingshead; director: Del Frazier; writer: Harold Medford; music: Rex Dunn; narrator: Knox Manning","September 27","Covers Mortimer, a horse, being trained for harness racing. Nominee for Academy Award for Best Live Action Short Film. Included on DVD of The Great Lie."
"Water Sports","director: Del Frazier; music: William Lava; narrator: Knox Manning","November 1","Shot mostly at Beverly Hills pool"
"King Salmon","director: Del Frazier; music: Rex Dunn; narrator: Knox Manning","December 20","Profiles the fish life cycle."

