"Celebrity","Professional","Result (week voted out)"
"Tony Jacklin","Aliona Vilani","Week 2"
"Vanessa Feltz","James Jordan","Week 3"
"Julien Macdonald","Janette Manrara","Week 4"
"Deborah Meaden","Robin Windsor","Week 5"
"Rachel Riley","Pasha Kovalev","Week 6"
"Dave Myers","Karen Hauer","Week 7"
"Fiona Fullerton","Anton du Beke","Week 8"
"Ben Cohen","Kristina Rihanoff","Week 9"
"Mark Benton","Iveta Lukosiute","Week 10"
"Ashley Taylor Dawson","Ola Jordan","Week 11"
"Patrick Robinson","Anya Garnis","Week 12"
"Sophie Ellis-Bextor","Brendan Cole","Finalists"
"Susanna Reid","Kevin Clifton","Runners-up"
"Natalie Gumede","Artem Chigvintsev","Runners-up"
"Abbey Clancy","AljaÅ¾ Skorjanec","Series winners"

