"","Total","Male","Female"
"Population","102","56","46"
"Children aged below 6 years","8","7","1"
"Scheduled caste","0","0","0"
"Scheduled tribe","101","55","46"
"Literates","54","29","25"
"Workers (all)","57","30","27"
"Main workers (total)","35","29","6"
"Main workers: Cultivators","24","21","3"
"Main workers: Agricultural labourers","1","1","0"
"Main workers: Household industry workers","0","0","0"
"Main workers: Other","10","7","3"
"Marginal workers (total)","22","1","21"
"Marginal workers: Cultivators","22","1","21"
"Marginal workers: Agricultural labourers","0","0","0"
"Marginal workers: Household industry workers","0","0","0"
"Marginal workers: Others","0","0","0"
"Non-workers","45","26","19"

