"Preceding station","National Rail","Following station"
"High Brooms","","Southeastern Hastings Line semi-fast","","Wadhurst"
"High Brooms","","Southeastern Hastings Line slow","","Frant"
"High Brooms","","Southeastern Cannon Street to Tunbridge Wells","","Terminus"
"","Disused railways",""
"High Brooms Line and station open","","British Rail Southern Region Cuckoo Line","","Tunbridge Wells West Line and station closed"
"Terminus","","British Rail Southern Region Tunbridge Wells Central to Three Bridges line","","Tunbridge Wells West Line and station closed"

