"District","Incumbent","Party","Elected","Status","Opponent"
"California 1","John All Barham","Republican","1894","Re-elected","John All Barham (R) 61.1% Emmet Seawell (D) 38.9%"
"California 2","Marion De Vries","Democratic","1896","Re-elected","Marion De Vries (D) 55.3% Frank D. Ryan (R) 44.7%"
"California 3","Samuel G. Hilborn","Republican","1894","Defeated in primary Republican hold","Victor H. Metcalf (R) 57.3% John Aubrey Jones (D) 39.1% Thomas F. Burns (SL) 3.6%"
"California 4","James G. Maguire","Democratic","1892","Ran for governor Republican gain","Julius Kahn (R) 50% James H. Barry (D) 44.1% W. J. Martin (SL) 3.7% Joseph P. Kelly (I) (D) 2.2%"
"California 5","Eugene F. Loud","Republican","1890","Re-elected","Eugene F. Loud (R) 51.8% William Craig (D) 44.3% E. T. Kingsley (SL) 3.9%"
"California 6","Charles A. Barlow","Populist","1900","Lost re-election Republican gain","Russell J. Waters (R) 52.6% Charles A. Barlow (Pop) 44.9% James T. Van Ransselear (SL) 2.5%"
"California 7","Curtis H. Castle","Populist","1896","Lost re-election Republican gain","James C. Needham (R) 50.1% Curtis H. Castle (Pop) 49.9%"

