"District","Incumbent","Party","First elected","Result","Candidates"
"Arkansas 1","Marion Berry","Democratic","1996","Re-elected","Marion Berry (D) 66.84% Tommy F. Robinson (R) 33.16%"
"Arkansas 2","Vic Snyder","Democratic","1996","Re-elected","Vic Snyder (D) 92.92 Ed Garner (Independent) 7.08%"
"Arkansas 3","John Boozman","Republican","2001","Re-elected","John Boozman (R) 98.90 George \"Ozone\" Lyne (Independent) 1.10%"
"Arkansas 4","Mike Ross","Democratic","2000","Re-elected","Mike Ross (D) 60.56% Jay Dickey (R) 39.44%"

