"District","Incumbent","Party","First elected","Result","Candidates"
"North Carolina 1","Herbert Covington Bonner","Democratic","1940","Re-elected","Herbert Covington Bonner (D) 86.5% Zeno O. Ratcliff (R) 13.5%"
"North Carolina 2","Lawrence H. Fountain","Democratic","1952","Re-elected","Lawrence H. Fountain (D) 87.8% L. Paul Goodling (R) 12.2%"
"North Carolina 3","Graham Arthur Barden","Democratic","1934","Retired Democratic hold","David N. Henderson (D) 71.2% Jack D. Brinson (R) 28.8%"
"North Carolina 4","Harold D. Cooley","Democratic","1934","Re-elected","Harold D. Cooley (D) 66.6% Elam Reaumuel Temple, Jr. (R) 33.4%"
"North Carolina 5","Ralph James Scott","Democratic","1956","Re-elected","Ralph James Scott (D) 57.6% Russell F. Biggam (R) 42.4%"
"North Carolina 6","Carl T. Durham","Democratic","1938","Retired Democratic hold","Horace R. Kornegay (D) 59.6% Holland L. Robb (R) 40.4%"
"North Carolina 7","Alton Lennon","Democratic","1956","Re-elected","Alton Lennon (D) 76.5% Joel C. Clifton (R) 23.5%"
"North Carolina 8","Alvin Paul Kitchin","Democratic","1956","Re-elected","Alvin Paul Kitchin (D) 56.3% A. M. Snipes (R) 43.7%"
"North Carolina 9","Hugh Quincy Alexander","Democratic","1952","Re-elected","Hugh Quincy Alexander (D) 53.1% W. S. Bogle (R) 46.9%"
"North Carolina 10","Charles R. Jonas","Republican","1952","Re-elected","Charles R. Jonas (R) 58.6% David Clark (D) 41.4%"
"North Carolina 11","Basil Lee Whitener","Democratic","1956","Re-elected","Basil Lee Whitener (D) 61.1% Kelly Dixon (R) 38.9%"
"North Carolina 12","Roy A. Taylor","Democratic","June 25, 1960 (Special)","Re-elected","Roy A. Taylor (D) 52.0% Heinz Rollman (R) 48.0%"

