"Outcome","No.","Date","Tournament","Surface","Opponent","Score"
"Winner","1.","23 July 1973","Bretton Woods, New Hampshire, USA","Clay","Jimmy Connors","7â\u0080\u00935, 2â\u0080\u00936, 7â\u0080\u00935"
"Runner-up","1.","20 August 1973","South Orange, New Jersey, USA","Grass","Colin Dibley","4â\u0080\u00936, 7â\u0080\u00936, 4â\u0080\u00936"
"Winner","2.","21 October 1973","New Delhi, India","","Mal Anderson","6â\u0080\u00934, 5â\u0080\u00937, 8â\u0080\u00939, 6â\u0080\u00933, 11â\u0080\u00939"
"Runner-up","2.","27 March 1974","Tempe, Arizona, USA","Hard","Jimmy Connors","1â\u0080\u00936, 2â\u0080\u00936"
"Winner","3.","7 April 1974","Washington DC, USA","","Karl Meiler","6â\u0080\u00934, 6â\u0080\u00933"
"Winner","4.","10 June 1974","Beckenham, England","Grass","Tom Gorman","6â\u0080\u00937, 6â\u0080\u00932, 6â\u0080\u00934"
"Winner","5.","18 August 1975","Columbus, Ohio, USA","Hard","Robert Lutz","6â\u0080\u00934, 7â\u0080\u00935"
"Winner","6.","17 November 1975","Calcutta, India","Clay","Manuel Orantes","7â\u0080\u00935, 6â\u0080\u00933"
"Winner","7.","9 March 1976","Memphis, Tennessee, USA","Carpet (i)","Stan Smith","6â\u0080\u00932, 0â\u0080\u00936, 6â\u0080\u00930"
"Winner","8.","16 September 1976","Newport, Rhode Island, USA","Grass","Brian Teacher","6â\u0080\u00933, 4â\u0080\u00936, 6â\u0080\u00933, 6â\u0080\u00931"
"Winner","9.","10 January 1977","Auckland, New Zealand","Grass","Tim Wilkison","7â\u0080\u00936, 5â\u0080\u00937, 6â\u0080\u00931, 6â\u0080\u00932"
"Winner","10.","28 November 1977","Bombay, India","Clay","Terry Moor","7â\u0080\u00936, 6â\u0080\u00934"
"Winner","11.","25 September 1978","Mexico City, Mexico","Clay","RaÃºl RamÃ­rez","6â\u0080\u00934, 6â\u0080\u00934"
"Runner-up","3.","30 October 1978","Cologne, Germany","Hard (i)","Wojtek Fibak","2â\u0080\u00936, 1â\u0080\u00930 ret."
"Winner","12.","19 November 1979","Bombay, India","Clay","Peter Elter","6â\u0080\u00931, 7â\u0080\u00935"
"Runner-up","4.","19 February 1980","WCT Invitational, Maryland, USA","Carpet (i)","BjÃ¶rn Borg","5â\u0080\u00937, 1â\u0080\u00936, 3â\u0080\u00936"
"Runner-up","5.","24 March 1980","Milan, Italy","Carpet (i)","John McEnroe","2â\u0080\u00936, 4â\u0080\u00936"
"Winner","13.","7 July 1980","Newport, Rhode Island, USA","Grass","Andrew Pattison","6â\u0080\u00931, 5â\u0080\u00937, 6â\u0080\u00933"
"Winner","14.","17 November 1980","Bangkok, Thailand","Carpet (i)","Brian Teacher","6â\u0080\u00933, 7â\u0080\u00935"
"Runner-up","6.","9 December 1980","WCT Challenge Cup, Canada","Carpet (i)","John McEnroe","1â\u0080\u00936, 6â\u0080\u00932, 1â\u0080\u00936"
"Runner-up","7.","15 August 1983","Stowe, Vermont, USA","Hard","John Fitzgerald","6â\u0080\u00933, 2â\u0080\u00936, 5â\u0080\u00937"
"Winner","15.","14 May 1984","Spring, Texas, USA","Hard (i)","Leif Shiras","7â\u0080\u00935, 4â\u0080\u00936 7â\u0080\u00936"
"Winner","16.","9 July 1984","Newport, Rhode Island, USA","Grass","Tim Mayotte","3â\u0080\u00936, 6â\u0080\u00934, 6â\u0080\u00934"
"Winner","17.","16 June 1986","Bristol, England","Grass","Henri Leconte","7â\u0080\u00936, 1â\u0080\u00936, 8â\u0080\u00936"
"Winner","18.","15 August 1988","New Haven, Connecticut, USA","Hard","Zeeshan Ali","6â\u0080\u00933, 6â\u0080\u00931"

