"Year","English title","Korean title","Romanization","Role","Director"
"1993","The Avatamska Sutra","í\u0099\u0094ì\u0097\u0084ê²½","Hwa-eomgyeong","",""
"1990","Only Because You Are a Woman","ë\u008B¨ì§\u0080 ê·¸ë\u008C\u0080ê°\u0080 ì\u0097¬ì\u009E\u0090ë\u009D¼ë\u008A\u0094 ì\u009D´ì\u009C ë§\u008Cì\u009C¼ë¡\u009C","Danji geudaega yeojalaneun i-yuman-eulo","",""
"1990","Shinsa-dong Gigolo","ì\u008B ì\u0082¬ë\u008F\u0099 ì \u009Cë¹\u0084","Sinsa-dong Jaebi","",""
"1988","Chairman, Our Chairman","í\u009A\u008Cì\u009E¥ë\u008B\u0098 ì\u009A°ë¦¬ í\u009A\u008Cì\u009E¥ë\u008B\u0098","hoejangnim, uri hoejangnim","",""
"1987","Byun Gang-soi Sequel","ë³\u0080ê°\u0095ì\u0087 (ì\u0086\u008D)","Byeon Gangsoe sok","",""
"1987","Slaves","ì\u0082¬ë ¸","Sano","",""
"1986","Byun Kang-swoi","ë³\u0080ê°\u0095ì\u0087","Byeon Gangsoe","",""
"1985","Human Market 2, Burning Desire","ì\u009D¸ê°\u0084ì\u008B\u009Cì\u009E¥2, ë¶\u0088í\u0083\u0080ë\u008A\u0094 ì\u009A\u0095ë§\u009D","Ingansijang 2, bultaneun yogmang","",""
"1985","Miss Kim","ë¯¸ì\u008A¤ê¹\u0080","MiseuGim","",""
"1985","Cabbage in a Pepper Field","ê³ ì¶\u0094ë°­ì\u009D\u0098 ì\u0096\u0091ë°°ì¶\u0094","Gochubat-ui yangbaechu","",""
"1984","Day and Night","ë\u0082®ê³¼ ë°¤","Najgwa bam","",""
"1984","Hanging Tree","ì\u009E\u0090ë \u0080ëª©","Janyeomog","",""
"1984","The Miss and the Cadet","ì\u0095\u0084ê°\u0080ì\u0094¨ì\u0099\u0080 ì\u0082¬ê´\u0080","Agassi-wa sagwan","",""
"1984","A Bird Flying At Dawn","ë\u009C¸ë¶\u0080ê¸° ì\u0083\u0088ë²½ì\u0097\u0090 ë\u0082 ë\u008B¤","Tteumbugi saebyeog-e nalda","",""
"1984","Divorce Court","ì\u009D´í\u0098¼ë²\u0095ì \u0095","Ihonbeobjeong","",""
"1984","North and South","ë\u0082¨ê³¼ ë¶\u0081","Namgwa buk","",""
"1983","Kalmae-gi's Burning Passion","ì \u0095ë \u0090ì\u009D\u0098 ê°\u0088ë§¤ê¸°","Jeongyeom-ui galmaegi","",""
"1983","My Pounding Heart","ì\u008B¬ì\u009E¥ì\u009D´ ë\u009B°ë\u0084¤","Simjang-i ttwine","",""
"1983","Theater of Life","ì\u009D¸ì\u0083\u009Dê·¹ì\u009E¥","Insaenggeukjang","",""
"1983","Spinning the Tales of Cruelty Towards Women","ì\u0097¬ì\u009D¸ì\u009E\u0094í\u0098¹ì\u0082¬ ë¬¼ë \u0088ì\u0095¼ ë¬¼ë \u0088ì\u0095¼","Yeoinjanhoksa mulreya mulreya","",""
"1983","Human Market, Small Devil - An Autobiography of a Twenty-two-year-old","ì\u009D¸ê°\u0084ì\u008B\u009Cì\u009E¥, ì\u009E\u0091ì\u009D\u0080 ì\u0095 ë§\u0088 ì\u008A¤ë¬¼ ë\u0091\u0090 ì\u0082´ì\u009D\u0098 ì\u009E\u0090ì\u0084\u009Cì \u0084","Ingansijang, jakeun-akma-seumeul du sal-ui jaseojeon","",""
"1983","Not Looks But The Heart","ì\u0096¼êµ´ì\u009D´ ì\u0095\u0084ë\u008B\u0088ê³ ë§\u0088ì\u009D\u008Cì\u009E ë\u008B\u0088ë\u008B¤","Eolgul-i anigo maeum-ibnida","",""
"1983","You Are A Bad Person","","Dangsineun nappeun saram","",""
"1983","The Woman Without A Name","","I-reum-eopneun yeoja","",""
"1982","Dancing Snail","","Chumchuneun dalpaeng-i","",""
"1982","Rebellion","","Banno","",""
"1982","Slave of Love","","Salang-ui no-ye","",""
"1982","The Sesame Salt and the Ugly","","Kkaesogeumgwa ogtteolme","",""
"1982","The Blues of Jong-ro","","Jonglobuleuseu","",""
"1982","Iron Men","","Cheolindeul","",""
"1982","Applause","","Galchae","",""
"1981","Dear Friend, Please Leave Quietly","","Chingu-yeo jo-yonghi gada-o","",""
"1981","Geniuses With the Grade F","","Epeu hagjeom-ui cheonjaedeul","",""
"1981","Brother Kim Du-han and Brother Sirasoni","","Gim Duhanhyeong silasonihyeong","",""
"1981","Subzero Point '81","","Bingjeom '81","",""
"1981","The Invited Ones","","Chodaebad-eun salamdeul","",""
"1980","Outsiders","","Oe-indeul","",""
"1980","Colorful Woman","","Saegkkal-issneun yeoja","",""
"1980","Wild Woman","","Yaseong-ui cheonyeo","",""
"1980","The Long Winter of the Idiots","","Meojeolideul-ui gin gyeo-ul","",""
"1979","Admiration of Nights","","Bam-ui changa","",""
"1979","The Trappings of Youth","","Cheongchun-ui deoch","",""
"1979","The Third Han-gang Bridge","","Je3 hanganggyo","",""
"1979","You Are My Destiny","","Neo-neun nae unmyeong","",""

